Year,Articles,Country,Cancer
2009,1,Belgium,Anal cancer
2015,1,Belgium,Anal cancer
2017,3,Belgium,Anal cancer
2020,1,Belgium,Anal cancer
2021,1,Belgium,Anal cancer
2023,2,Belgium,Anal cancer
2022,1,Belgium,Anal cancer
1995,1,Belgium,Anal cancer
1998,1,Belgium,Anal cancer
1984,0,Belgium,Anal cancer
1985,0,Belgium,Anal cancer
1986,0,Belgium,Anal cancer
1987,0,Belgium,Anal cancer
1988,0,Belgium,Anal cancer
1989,0,Belgium,Anal cancer
1990,0,Belgium,Anal cancer
1991,0,Belgium,Anal cancer
1992,0,Belgium,Anal cancer
1993,0,Belgium,Anal cancer
1994,0,Belgium,Anal cancer
1996,0,Belgium,Anal cancer
1997,0,Belgium,Anal cancer
1999,0,Belgium,Anal cancer
2000,0,Belgium,Anal cancer
2001,0,Belgium,Anal cancer
2002,0,Belgium,Anal cancer
2003,0,Belgium,Anal cancer
2004,0,Belgium,Anal cancer
2005,0,Belgium,Anal cancer
2006,0,Belgium,Anal cancer
2007,0,Belgium,Anal cancer
2008,0,Belgium,Anal cancer
2010,0,Belgium,Anal cancer
2011,0,Belgium,Anal cancer
2012,0,Belgium,Anal cancer
2013,0,Belgium,Anal cancer
2014,0,Belgium,Anal cancer
2016,0,Belgium,Anal cancer
2018,0,Belgium,Anal cancer
2019,0,Belgium,Anal cancer
2024,0,Belgium,Anal cancer
2025,0,Belgium,Anal cancer
1992,4,Belgium,Bladder cancer
1991,1,Belgium,Bladder cancer
2001,6,Belgium,Bladder cancer
2002,3,Belgium,Bladder cancer
2003,6,Belgium,Bladder cancer
2004,4,Belgium,Bladder cancer
2005,8,Belgium,Bladder cancer
2006,5,Belgium,Bladder cancer
2007,5,Belgium,Bladder cancer
2008,5,Belgium,Bladder cancer
2009,2,Belgium,Bladder cancer
2010,4,Belgium,Bladder cancer
2011,8,Belgium,Bladder cancer
1990,1,Belgium,Bladder cancer
2012,5,Belgium,Bladder cancer
2013,2,Belgium,Bladder cancer
2014,4,Belgium,Bladder cancer
2015,11,Belgium,Bladder cancer
2016,15,Belgium,Bladder cancer
2017,10,Belgium,Bladder cancer
1987,2,Belgium,Bladder cancer
1988,2,Belgium,Bladder cancer
2018,14,Belgium,Bladder cancer
2019,13,Belgium,Bladder cancer
2021,12,Belgium,Bladder cancer
2020,8,Belgium,Bladder cancer
2022,12,Belgium,Bladder cancer
2023,16,Belgium,Bladder cancer
2024,4,Belgium,Bladder cancer
1994,3,Belgium,Bladder cancer
1995,2,Belgium,Bladder cancer
1993,1,Belgium,Bladder cancer
1996,3,Belgium,Bladder cancer
1997,7,Belgium,Bladder cancer
1998,5,Belgium,Bladder cancer
1999,3,Belgium,Bladder cancer
2000,9,Belgium,Bladder cancer
1984,0,Belgium,Bladder cancer
1985,0,Belgium,Bladder cancer
1986,0,Belgium,Bladder cancer
1989,0,Belgium,Bladder cancer
2025,0,Belgium,Bladder cancer
1992,15,Belgium,Brain cancer
1990,10,Belgium,Brain cancer
1991,8,Belgium,Brain cancer
2000,12,Belgium,Brain cancer
2001,13,Belgium,Brain cancer
2002,17,Belgium,Brain cancer
2003,11,Belgium,Brain cancer
2004,15,Belgium,Brain cancer
2005,15,Belgium,Brain cancer
2006,14,Belgium,Brain cancer
2008,19,Belgium,Brain cancer
2007,16,Belgium,Brain cancer
2009,20,Belgium,Brain cancer
2010,14,Belgium,Brain cancer
2011,16,Belgium,Brain cancer
2012,19,Belgium,Brain cancer
2013,26,Belgium,Brain cancer
2014,21,Belgium,Brain cancer
2015,25,Belgium,Brain cancer
2016,22,Belgium,Brain cancer
2017,26,Belgium,Brain cancer
1988,8,Belgium,Brain cancer
1989,4,Belgium,Brain cancer
2018,16,Belgium,Brain cancer
2019,24,Belgium,Brain cancer
2020,22,Belgium,Brain cancer
2021,33,Belgium,Brain cancer
2022,26,Belgium,Brain cancer
2023,24,Belgium,Brain cancer
2024,18,Belgium,Brain cancer
1994,12,Belgium,Brain cancer
1995,9,Belgium,Brain cancer
1993,11,Belgium,Brain cancer
1996,17,Belgium,Brain cancer
1997,12,Belgium,Brain cancer
1998,14,Belgium,Brain cancer
1999,8,Belgium,Brain cancer
1984,0,Belgium,Brain cancer
1985,0,Belgium,Brain cancer
1986,0,Belgium,Brain cancer
1987,0,Belgium,Brain cancer
2025,0,Belgium,Brain cancer
1992,20,Belgium,Breast cancer
1990,19,Belgium,Breast cancer
1991,14,Belgium,Breast cancer
2000,66,Belgium,Breast cancer
2001,50,Belgium,Breast cancer
1994,19,Belgium,Breast cancer
2002,68,Belgium,Breast cancer
2003,66,Belgium,Breast cancer
1999,46,Belgium,Breast cancer
2004,65,Belgium,Breast cancer
2005,51,Belgium,Breast cancer
2006,80,Belgium,Breast cancer
2007,80,Belgium,Breast cancer
2008,88,Belgium,Breast cancer
2009,67,Belgium,Breast cancer
2010,73,Belgium,Breast cancer
2011,92,Belgium,Breast cancer
1995,50,Belgium,Breast cancer
2012,81,Belgium,Breast cancer
1988,14,Belgium,Breast cancer
1989,17,Belgium,Breast cancer
2013,97,Belgium,Breast cancer
2014,104,Belgium,Breast cancer
2017,112,Belgium,Breast cancer
2015,98,Belgium,Breast cancer
2016,127,Belgium,Breast cancer
2018,111,Belgium,Breast cancer
1987,5,Belgium,Breast cancer
2019,109,Belgium,Breast cancer
2020,142,Belgium,Breast cancer
2021,146,Belgium,Breast cancer
2022,141,Belgium,Breast cancer
2023,135,Belgium,Breast cancer
2024,83,Belgium,Breast cancer
2025,1,Belgium,Breast cancer
1993,29,Belgium,Breast cancer
1996,23,Belgium,Breast cancer
1997,41,Belgium,Breast cancer
1998,43,Belgium,Breast cancer
1984,0,Belgium,Breast cancer
1985,0,Belgium,Breast cancer
1986,0,Belgium,Breast cancer
1992,5,Belgium,Cervical cancer
1991,2,Belgium,Cervical cancer
2001,5,Belgium,Cervical cancer
2002,7,Belgium,Cervical cancer
2003,9,Belgium,Cervical cancer
2004,7,Belgium,Cervical cancer
2005,8,Belgium,Cervical cancer
2006,8,Belgium,Cervical cancer
2008,11,Belgium,Cervical cancer
2007,12,Belgium,Cervical cancer
2009,19,Belgium,Cervical cancer
2010,13,Belgium,Cervical cancer
2011,17,Belgium,Cervical cancer
2012,17,Belgium,Cervical cancer
2013,20,Belgium,Cervical cancer
2014,27,Belgium,Cervical cancer
2015,17,Belgium,Cervical cancer
2016,31,Belgium,Cervical cancer
2018,36,Belgium,Cervical cancer
2017,19,Belgium,Cervical cancer
1989,2,Belgium,Cervical cancer
2019,29,Belgium,Cervical cancer
2020,23,Belgium,Cervical cancer
2021,33,Belgium,Cervical cancer
2022,32,Belgium,Cervical cancer
2023,32,Belgium,Cervical cancer
2024,18,Belgium,Cervical cancer
1994,4,Belgium,Cervical cancer
1995,2,Belgium,Cervical cancer
1993,3,Belgium,Cervical cancer
1996,1,Belgium,Cervical cancer
1997,1,Belgium,Cervical cancer
1998,6,Belgium,Cervical cancer
1999,2,Belgium,Cervical cancer
2000,3,Belgium,Cervical cancer
1984,0,Belgium,Cervical cancer
1985,0,Belgium,Cervical cancer
1986,0,Belgium,Cervical cancer
1987,0,Belgium,Cervical cancer
1988,0,Belgium,Cervical cancer
1990,0,Belgium,Cervical cancer
2025,0,Belgium,Cervical cancer
1992,5,Belgium,Colon cancer
1991,2,Belgium,Colon cancer
2001,7,Belgium,Colon cancer
2002,6,Belgium,Colon cancer
2003,13,Belgium,Colon cancer
2004,7,Belgium,Colon cancer
2005,10,Belgium,Colon cancer
2006,4,Belgium,Colon cancer
2008,10,Belgium,Colon cancer
2007,5,Belgium,Colon cancer
2009,7,Belgium,Colon cancer
2010,13,Belgium,Colon cancer
2011,3,Belgium,Colon cancer
1989,1,Belgium,Colon cancer
1990,2,Belgium,Colon cancer
2012,5,Belgium,Colon cancer
2013,4,Belgium,Colon cancer
2014,9,Belgium,Colon cancer
2015,13,Belgium,Colon cancer
2016,9,Belgium,Colon cancer
2017,7,Belgium,Colon cancer
2018,8,Belgium,Colon cancer
1988,1,Belgium,Colon cancer
2019,7,Belgium,Colon cancer
2020,3,Belgium,Colon cancer
2021,5,Belgium,Colon cancer
2022,5,Belgium,Colon cancer
2023,11,Belgium,Colon cancer
2024,5,Belgium,Colon cancer
1994,1,Belgium,Colon cancer
1995,5,Belgium,Colon cancer
1993,2,Belgium,Colon cancer
1996,4,Belgium,Colon cancer
1997,3,Belgium,Colon cancer
1998,4,Belgium,Colon cancer
1999,15,Belgium,Colon cancer
2000,6,Belgium,Colon cancer
1984,0,Belgium,Colon cancer
1985,0,Belgium,Colon cancer
1986,0,Belgium,Colon cancer
1987,0,Belgium,Colon cancer
2025,0,Belgium,Colon cancer
1992,1,Belgium,Colorectal cancer
1990,2,Belgium,Colorectal cancer
1991,2,Belgium,Colorectal cancer
2001,18,Belgium,Colorectal cancer
2002,18,Belgium,Colorectal cancer
1999,19,Belgium,Colorectal cancer
2003,14,Belgium,Colorectal cancer
2004,11,Belgium,Colorectal cancer
2006,16,Belgium,Colorectal cancer
2005,26,Belgium,Colorectal cancer
1998,15,Belgium,Colorectal cancer
2007,13,Belgium,Colorectal cancer
2008,30,Belgium,Colorectal cancer
2009,20,Belgium,Colorectal cancer
2010,27,Belgium,Colorectal cancer
2011,19,Belgium,Colorectal cancer
1989,5,Belgium,Colorectal cancer
2012,30,Belgium,Colorectal cancer
2013,27,Belgium,Colorectal cancer
2014,35,Belgium,Colorectal cancer
2015,44,Belgium,Colorectal cancer
2016,35,Belgium,Colorectal cancer
2017,40,Belgium,Colorectal cancer
2018,44,Belgium,Colorectal cancer
1988,2,Belgium,Colorectal cancer
2019,30,Belgium,Colorectal cancer
2020,50,Belgium,Colorectal cancer
2021,42,Belgium,Colorectal cancer
2022,33,Belgium,Colorectal cancer
2025,1,Belgium,Colorectal cancer
1987,1,Belgium,Colorectal cancer
2023,33,Belgium,Colorectal cancer
2024,20,Belgium,Colorectal cancer
1993,3,Belgium,Colorectal cancer
1994,5,Belgium,Colorectal cancer
1995,7,Belgium,Colorectal cancer
1996,12,Belgium,Colorectal cancer
1997,12,Belgium,Colorectal cancer
2000,14,Belgium,Colorectal cancer
1984,0,Belgium,Colorectal cancer
1985,0,Belgium,Colorectal cancer
1986,0,Belgium,Colorectal cancer
1992,2,Belgium,Esophageal cancer
1991,6,Belgium,Esophageal cancer
2001,1,Belgium,Esophageal cancer
2004,4,Belgium,Esophageal cancer
2006,1,Belgium,Esophageal cancer
1999,2,Belgium,Esophageal cancer
2008,2,Belgium,Esophageal cancer
2010,1,Belgium,Esophageal cancer
2011,2,Belgium,Esophageal cancer
2012,3,Belgium,Esophageal cancer
2014,3,Belgium,Esophageal cancer
2015,3,Belgium,Esophageal cancer
2016,6,Belgium,Esophageal cancer
2017,4,Belgium,Esophageal cancer
2018,7,Belgium,Esophageal cancer
2019,4,Belgium,Esophageal cancer
2020,2,Belgium,Esophageal cancer
2021,10,Belgium,Esophageal cancer
2022,8,Belgium,Esophageal cancer
2023,8,Belgium,Esophageal cancer
2024,2,Belgium,Esophageal cancer
1993,1,Belgium,Esophageal cancer
1995,1,Belgium,Esophageal cancer
1998,4,Belgium,Esophageal cancer
2000,3,Belgium,Esophageal cancer
1984,0,Belgium,Esophageal cancer
1985,0,Belgium,Esophageal cancer
1986,0,Belgium,Esophageal cancer
1987,0,Belgium,Esophageal cancer
1988,0,Belgium,Esophageal cancer
1989,0,Belgium,Esophageal cancer
1990,0,Belgium,Esophageal cancer
1994,0,Belgium,Esophageal cancer
1996,0,Belgium,Esophageal cancer
1997,0,Belgium,Esophageal cancer
2002,0,Belgium,Esophageal cancer
2003,0,Belgium,Esophageal cancer
2005,0,Belgium,Esophageal cancer
2007,0,Belgium,Esophageal cancer
2009,0,Belgium,Esophageal cancer
2013,0,Belgium,Esophageal cancer
2025,0,Belgium,Esophageal cancer
2008,1,Belgium,Gallbladder cancer
2007,1,Belgium,Gallbladder cancer
2011,1,Belgium,Gallbladder cancer
2016,1,Belgium,Gallbladder cancer
2019,2,Belgium,Gallbladder cancer
2020,1,Belgium,Gallbladder cancer
2021,2,Belgium,Gallbladder cancer
2023,1,Belgium,Gallbladder cancer
2024,1,Belgium,Gallbladder cancer
1997,1,Belgium,Gallbladder cancer
1984,0,Belgium,Gallbladder cancer
1985,0,Belgium,Gallbladder cancer
1986,0,Belgium,Gallbladder cancer
1987,0,Belgium,Gallbladder cancer
1988,0,Belgium,Gallbladder cancer
1989,0,Belgium,Gallbladder cancer
1990,0,Belgium,Gallbladder cancer
1991,0,Belgium,Gallbladder cancer
1992,0,Belgium,Gallbladder cancer
1993,0,Belgium,Gallbladder cancer
1994,0,Belgium,Gallbladder cancer
1995,0,Belgium,Gallbladder cancer
1996,0,Belgium,Gallbladder cancer
1998,0,Belgium,Gallbladder cancer
1999,0,Belgium,Gallbladder cancer
2000,0,Belgium,Gallbladder cancer
2001,0,Belgium,Gallbladder cancer
2002,0,Belgium,Gallbladder cancer
2003,0,Belgium,Gallbladder cancer
2004,0,Belgium,Gallbladder cancer
2005,0,Belgium,Gallbladder cancer
2006,0,Belgium,Gallbladder cancer
2009,0,Belgium,Gallbladder cancer
2010,0,Belgium,Gallbladder cancer
2012,0,Belgium,Gallbladder cancer
2013,0,Belgium,Gallbladder cancer
2014,0,Belgium,Gallbladder cancer
2015,0,Belgium,Gallbladder cancer
2017,0,Belgium,Gallbladder cancer
2018,0,Belgium,Gallbladder cancer
2022,0,Belgium,Gallbladder cancer
2025,0,Belgium,Gallbladder cancer
1992,3,Belgium,Hodgkin lymphoma
1991,1,Belgium,Hodgkin lymphoma
2001,4,Belgium,Hodgkin lymphoma
2002,4,Belgium,Hodgkin lymphoma
2003,3,Belgium,Hodgkin lymphoma
2004,3,Belgium,Hodgkin lymphoma
2005,4,Belgium,Hodgkin lymphoma
2006,4,Belgium,Hodgkin lymphoma
2007,2,Belgium,Hodgkin lymphoma
2008,6,Belgium,Hodgkin lymphoma
2009,3,Belgium,Hodgkin lymphoma
2010,3,Belgium,Hodgkin lymphoma
2011,5,Belgium,Hodgkin lymphoma
1990,1,Belgium,Hodgkin lymphoma
2013,6,Belgium,Hodgkin lymphoma
2014,4,Belgium,Hodgkin lymphoma
2016,3,Belgium,Hodgkin lymphoma
2015,2,Belgium,Hodgkin lymphoma
2017,4,Belgium,Hodgkin lymphoma
2018,9,Belgium,Hodgkin lymphoma
2019,8,Belgium,Hodgkin lymphoma
2020,6,Belgium,Hodgkin lymphoma
2021,10,Belgium,Hodgkin lymphoma
2022,5,Belgium,Hodgkin lymphoma
2023,4,Belgium,Hodgkin lymphoma
2024,1,Belgium,Hodgkin lymphoma
1994,4,Belgium,Hodgkin lymphoma
1995,4,Belgium,Hodgkin lymphoma
1993,1,Belgium,Hodgkin lymphoma
1996,1,Belgium,Hodgkin lymphoma
1997,1,Belgium,Hodgkin lymphoma
1998,1,Belgium,Hodgkin lymphoma
1999,4,Belgium,Hodgkin lymphoma
2000,3,Belgium,Hodgkin lymphoma
1984,0,Belgium,Hodgkin lymphoma
1985,0,Belgium,Hodgkin lymphoma
1986,0,Belgium,Hodgkin lymphoma
1987,0,Belgium,Hodgkin lymphoma
1988,0,Belgium,Hodgkin lymphoma
1989,0,Belgium,Hodgkin lymphoma
2012,0,Belgium,Hodgkin lymphoma
2025,0,Belgium,Hodgkin lymphoma
2001,1,Belgium,Kaposi sarcoma
2006,2,Belgium,Kaposi sarcoma
2010,1,Belgium,Kaposi sarcoma
2015,1,Belgium,Kaposi sarcoma
2017,1,Belgium,Kaposi sarcoma
2019,2,Belgium,Kaposi sarcoma
2021,1,Belgium,Kaposi sarcoma
1999,1,Belgium,Kaposi sarcoma
1984,0,Belgium,Kaposi sarcoma
1985,0,Belgium,Kaposi sarcoma
1986,0,Belgium,Kaposi sarcoma
1987,0,Belgium,Kaposi sarcoma
1988,0,Belgium,Kaposi sarcoma
1989,0,Belgium,Kaposi sarcoma
1990,0,Belgium,Kaposi sarcoma
1991,0,Belgium,Kaposi sarcoma
1992,0,Belgium,Kaposi sarcoma
1993,0,Belgium,Kaposi sarcoma
1994,0,Belgium,Kaposi sarcoma
1995,0,Belgium,Kaposi sarcoma
1996,0,Belgium,Kaposi sarcoma
1997,0,Belgium,Kaposi sarcoma
1998,0,Belgium,Kaposi sarcoma
2000,0,Belgium,Kaposi sarcoma
2002,0,Belgium,Kaposi sarcoma
2003,0,Belgium,Kaposi sarcoma
2004,0,Belgium,Kaposi sarcoma
2005,0,Belgium,Kaposi sarcoma
2007,0,Belgium,Kaposi sarcoma
2008,0,Belgium,Kaposi sarcoma
2009,0,Belgium,Kaposi sarcoma
2011,0,Belgium,Kaposi sarcoma
2012,0,Belgium,Kaposi sarcoma
2013,0,Belgium,Kaposi sarcoma
2014,0,Belgium,Kaposi sarcoma
2016,0,Belgium,Kaposi sarcoma
2018,0,Belgium,Kaposi sarcoma
2020,0,Belgium,Kaposi sarcoma
2022,0,Belgium,Kaposi sarcoma
2023,0,Belgium,Kaposi sarcoma
2024,0,Belgium,Kaposi sarcoma
2025,0,Belgium,Kaposi sarcoma
1992,8,Belgium,Kidney cancer
1991,2,Belgium,Kidney cancer
2001,6,Belgium,Kidney cancer
2002,4,Belgium,Kidney cancer
2003,3,Belgium,Kidney cancer
2004,2,Belgium,Kidney cancer
2005,4,Belgium,Kidney cancer
2006,6,Belgium,Kidney cancer
2007,9,Belgium,Kidney cancer
2008,7,Belgium,Kidney cancer
2009,10,Belgium,Kidney cancer
2010,3,Belgium,Kidney cancer
2011,6,Belgium,Kidney cancer
1990,3,Belgium,Kidney cancer
2012,6,Belgium,Kidney cancer
2013,6,Belgium,Kidney cancer
2014,7,Belgium,Kidney cancer
2015,6,Belgium,Kidney cancer
2016,6,Belgium,Kidney cancer
2017,11,Belgium,Kidney cancer
1988,1,Belgium,Kidney cancer
2018,8,Belgium,Kidney cancer
2019,14,Belgium,Kidney cancer
2020,11,Belgium,Kidney cancer
2021,14,Belgium,Kidney cancer
2022,13,Belgium,Kidney cancer
2024,9,Belgium,Kidney cancer
2023,8,Belgium,Kidney cancer
1994,2,Belgium,Kidney cancer
1995,4,Belgium,Kidney cancer
1993,2,Belgium,Kidney cancer
1996,9,Belgium,Kidney cancer
1997,11,Belgium,Kidney cancer
1998,3,Belgium,Kidney cancer
1999,8,Belgium,Kidney cancer
2000,5,Belgium,Kidney cancer
1984,0,Belgium,Kidney cancer
1985,0,Belgium,Kidney cancer
1986,0,Belgium,Kidney cancer
1987,0,Belgium,Kidney cancer
1989,0,Belgium,Kidney cancer
2025,0,Belgium,Kidney cancer
1992,4,Belgium,Laryngeal cancer
2002,1,Belgium,Laryngeal cancer
2003,1,Belgium,Laryngeal cancer
2005,1,Belgium,Laryngeal cancer
2008,1,Belgium,Laryngeal cancer
2009,3,Belgium,Laryngeal cancer
2010,2,Belgium,Laryngeal cancer
2011,1,Belgium,Laryngeal cancer
2012,1,Belgium,Laryngeal cancer
2013,2,Belgium,Laryngeal cancer
2016,1,Belgium,Laryngeal cancer
2017,1,Belgium,Laryngeal cancer
2018,2,Belgium,Laryngeal cancer
2020,2,Belgium,Laryngeal cancer
2021,2,Belgium,Laryngeal cancer
2022,1,Belgium,Laryngeal cancer
2023,1,Belgium,Laryngeal cancer
2024,1,Belgium,Laryngeal cancer
1994,1,Belgium,Laryngeal cancer
1995,1,Belgium,Laryngeal cancer
1997,1,Belgium,Laryngeal cancer
1998,1,Belgium,Laryngeal cancer
2000,1,Belgium,Laryngeal cancer
1999,3,Belgium,Laryngeal cancer
1984,0,Belgium,Laryngeal cancer
1985,0,Belgium,Laryngeal cancer
1986,0,Belgium,Laryngeal cancer
1987,0,Belgium,Laryngeal cancer
1988,0,Belgium,Laryngeal cancer
1989,0,Belgium,Laryngeal cancer
1990,0,Belgium,Laryngeal cancer
1991,0,Belgium,Laryngeal cancer
1993,0,Belgium,Laryngeal cancer
1996,0,Belgium,Laryngeal cancer
2001,0,Belgium,Laryngeal cancer
2004,0,Belgium,Laryngeal cancer
2006,0,Belgium,Laryngeal cancer
2007,0,Belgium,Laryngeal cancer
2014,0,Belgium,Laryngeal cancer
2015,0,Belgium,Laryngeal cancer
2019,0,Belgium,Laryngeal cancer
2025,0,Belgium,Laryngeal cancer
1992,29,Belgium,Leukemia
1990,29,Belgium,Leukemia
1991,23,Belgium,Leukemia
2001,24,Belgium,Leukemia
2002,41,Belgium,Leukemia
2003,29,Belgium,Leukemia
2004,34,Belgium,Leukemia
2005,37,Belgium,Leukemia
2006,30,Belgium,Leukemia
2007,36,Belgium,Leukemia
2008,34,Belgium,Leukemia
2009,38,Belgium,Leukemia
2010,28,Belgium,Leukemia
2011,49,Belgium,Leukemia
2012,42,Belgium,Leukemia
2013,26,Belgium,Leukemia
1989,30,Belgium,Leukemia
2014,36,Belgium,Leukemia
2015,36,Belgium,Leukemia
2016,40,Belgium,Leukemia
2017,39,Belgium,Leukemia
2018,41,Belgium,Leukemia
1987,12,Belgium,Leukemia
1988,28,Belgium,Leukemia
2019,47,Belgium,Leukemia
2020,44,Belgium,Leukemia
2021,58,Belgium,Leukemia
2022,29,Belgium,Leukemia
2023,39,Belgium,Leukemia
2024,21,Belgium,Leukemia
2025,1,Belgium,Leukemia
1993,30,Belgium,Leukemia
1994,25,Belgium,Leukemia
1995,50,Belgium,Leukemia
1996,46,Belgium,Leukemia
1997,48,Belgium,Leukemia
1998,36,Belgium,Leukemia
1999,38,Belgium,Leukemia
2000,26,Belgium,Leukemia
1984,0,Belgium,Leukemia
1985,0,Belgium,Leukemia
1986,0,Belgium,Leukemia
1992,4,Belgium,Liver cancer
1990,3,Belgium,Liver cancer
1991,3,Belgium,Liver cancer
2001,5,Belgium,Liver cancer
2002,7,Belgium,Liver cancer
2003,7,Belgium,Liver cancer
2004,7,Belgium,Liver cancer
2005,12,Belgium,Liver cancer
2006,7,Belgium,Liver cancer
2007,10,Belgium,Liver cancer
2008,8,Belgium,Liver cancer
2009,13,Belgium,Liver cancer
2010,20,Belgium,Liver cancer
2011,12,Belgium,Liver cancer
1988,3,Belgium,Liver cancer
1989,1,Belgium,Liver cancer
2012,14,Belgium,Liver cancer
2013,10,Belgium,Liver cancer
2014,12,Belgium,Liver cancer
2016,18,Belgium,Liver cancer
2015,21,Belgium,Liver cancer
2017,18,Belgium,Liver cancer
2018,14,Belgium,Liver cancer
2019,10,Belgium,Liver cancer
2020,22,Belgium,Liver cancer
2022,14,Belgium,Liver cancer
2021,21,Belgium,Liver cancer
2023,20,Belgium,Liver cancer
2024,11,Belgium,Liver cancer
1993,10,Belgium,Liver cancer
1994,5,Belgium,Liver cancer
1995,4,Belgium,Liver cancer
1996,4,Belgium,Liver cancer
1997,6,Belgium,Liver cancer
1998,2,Belgium,Liver cancer
1999,2,Belgium,Liver cancer
2000,12,Belgium,Liver cancer
1984,0,Belgium,Liver cancer
1985,0,Belgium,Liver cancer
1986,0,Belgium,Liver cancer
1987,0,Belgium,Liver cancer
2025,0,Belgium,Liver cancer
1992,6,Belgium,Lung cancer
1990,10,Belgium,Lung cancer
1991,4,Belgium,Lung cancer
2001,12,Belgium,Lung cancer
2002,13,Belgium,Lung cancer
2003,19,Belgium,Lung cancer
2004,16,Belgium,Lung cancer
1999,12,Belgium,Lung cancer
2005,23,Belgium,Lung cancer
2006,17,Belgium,Lung cancer
2007,24,Belgium,Lung cancer
2008,31,Belgium,Lung cancer
2009,29,Belgium,Lung cancer
2010,31,Belgium,Lung cancer
1995,14,Belgium,Lung cancer
2011,21,Belgium,Lung cancer
2012,23,Belgium,Lung cancer
1988,12,Belgium,Lung cancer
1989,5,Belgium,Lung cancer
2013,25,Belgium,Lung cancer
2014,27,Belgium,Lung cancer
2015,42,Belgium,Lung cancer
2016,40,Belgium,Lung cancer
2017,47,Belgium,Lung cancer
2018,40,Belgium,Lung cancer
1987,1,Belgium,Lung cancer
2019,33,Belgium,Lung cancer
2020,39,Belgium,Lung cancer
2021,56,Belgium,Lung cancer
2022,39,Belgium,Lung cancer
2023,47,Belgium,Lung cancer
2024,19,Belgium,Lung cancer
1993,11,Belgium,Lung cancer
1994,12,Belgium,Lung cancer
1996,13,Belgium,Lung cancer
1997,18,Belgium,Lung cancer
1998,15,Belgium,Lung cancer
2000,18,Belgium,Lung cancer
1984,0,Belgium,Lung cancer
1985,0,Belgium,Lung cancer
1986,0,Belgium,Lung cancer
2025,0,Belgium,Lung cancer
1992,5,Belgium,Mesothelioma
1991,4,Belgium,Mesothelioma
2001,2,Belgium,Mesothelioma
2002,5,Belgium,Mesothelioma
2003,2,Belgium,Mesothelioma
2004,3,Belgium,Mesothelioma
2005,5,Belgium,Mesothelioma
2006,6,Belgium,Mesothelioma
2008,7,Belgium,Mesothelioma
2009,9,Belgium,Mesothelioma
2007,2,Belgium,Mesothelioma
2010,9,Belgium,Mesothelioma
2011,10,Belgium,Mesothelioma
2012,4,Belgium,Mesothelioma
2013,7,Belgium,Mesothelioma
2014,4,Belgium,Mesothelioma
2015,7,Belgium,Mesothelioma
2016,6,Belgium,Mesothelioma
2017,10,Belgium,Mesothelioma
1988,2,Belgium,Mesothelioma
2018,18,Belgium,Mesothelioma
2019,9,Belgium,Mesothelioma
2020,7,Belgium,Mesothelioma
2021,9,Belgium,Mesothelioma
2025,1,Belgium,Mesothelioma
2022,12,Belgium,Mesothelioma
2023,6,Belgium,Mesothelioma
2024,10,Belgium,Mesothelioma
1994,5,Belgium,Mesothelioma
1995,6,Belgium,Mesothelioma
1993,2,Belgium,Mesothelioma
1996,7,Belgium,Mesothelioma
1997,6,Belgium,Mesothelioma
1998,8,Belgium,Mesothelioma
1999,9,Belgium,Mesothelioma
2000,3,Belgium,Mesothelioma
1984,0,Belgium,Mesothelioma
1985,0,Belgium,Mesothelioma
1986,0,Belgium,Mesothelioma
1987,0,Belgium,Mesothelioma
1989,0,Belgium,Mesothelioma
1990,0,Belgium,Mesothelioma
1994,1,Belgium,Mouth cancer
1984,0,Belgium,Mouth cancer
1985,0,Belgium,Mouth cancer
1986,0,Belgium,Mouth cancer
1987,0,Belgium,Mouth cancer
1988,0,Belgium,Mouth cancer
1989,0,Belgium,Mouth cancer
1990,0,Belgium,Mouth cancer
1991,0,Belgium,Mouth cancer
1992,0,Belgium,Mouth cancer
1993,0,Belgium,Mouth cancer
1995,0,Belgium,Mouth cancer
1996,0,Belgium,Mouth cancer
1997,0,Belgium,Mouth cancer
1998,0,Belgium,Mouth cancer
1999,0,Belgium,Mouth cancer
2000,0,Belgium,Mouth cancer
2001,0,Belgium,Mouth cancer
2002,0,Belgium,Mouth cancer
2003,0,Belgium,Mouth cancer
2004,0,Belgium,Mouth cancer
2005,0,Belgium,Mouth cancer
2006,0,Belgium,Mouth cancer
2007,0,Belgium,Mouth cancer
2008,0,Belgium,Mouth cancer
2009,0,Belgium,Mouth cancer
2010,0,Belgium,Mouth cancer
2011,0,Belgium,Mouth cancer
2012,0,Belgium,Mouth cancer
2013,0,Belgium,Mouth cancer
2014,0,Belgium,Mouth cancer
2015,0,Belgium,Mouth cancer
2016,0,Belgium,Mouth cancer
2017,0,Belgium,Mouth cancer
2018,0,Belgium,Mouth cancer
2019,0,Belgium,Mouth cancer
2020,0,Belgium,Mouth cancer
2021,0,Belgium,Mouth cancer
2022,0,Belgium,Mouth cancer
2023,0,Belgium,Mouth cancer
2024,0,Belgium,Mouth cancer
2025,0,Belgium,Mouth cancer
1992,6,Belgium,Multiple myeloma
1990,3,Belgium,Multiple myeloma
1991,5,Belgium,Multiple myeloma
2000,13,Belgium,Multiple myeloma
2001,8,Belgium,Multiple myeloma
2002,14,Belgium,Multiple myeloma
2003,15,Belgium,Multiple myeloma
2004,17,Belgium,Multiple myeloma
2005,8,Belgium,Multiple myeloma
2006,19,Belgium,Multiple myeloma
2008,10,Belgium,Multiple myeloma
2007,4,Belgium,Multiple myeloma
2009,6,Belgium,Multiple myeloma
2010,14,Belgium,Multiple myeloma
2011,9,Belgium,Multiple myeloma
1989,5,Belgium,Multiple myeloma
2012,6,Belgium,Multiple myeloma
2013,16,Belgium,Multiple myeloma
2014,15,Belgium,Multiple myeloma
2015,11,Belgium,Multiple myeloma
2016,16,Belgium,Multiple myeloma
2017,13,Belgium,Multiple myeloma
2018,23,Belgium,Multiple myeloma
2019,10,Belgium,Multiple myeloma
2020,13,Belgium,Multiple myeloma
2022,24,Belgium,Multiple myeloma
2021,16,Belgium,Multiple myeloma
1986,1,Belgium,Multiple myeloma
2023,16,Belgium,Multiple myeloma
2024,12,Belgium,Multiple myeloma
1993,7,Belgium,Multiple myeloma
1994,3,Belgium,Multiple myeloma
1995,8,Belgium,Multiple myeloma
1996,7,Belgium,Multiple myeloma
1997,12,Belgium,Multiple myeloma
1998,17,Belgium,Multiple myeloma
1999,10,Belgium,Multiple myeloma
1984,0,Belgium,Multiple myeloma
1985,0,Belgium,Multiple myeloma
1987,0,Belgium,Multiple myeloma
1988,0,Belgium,Multiple myeloma
2025,0,Belgium,Multiple myeloma
1992,3,Belgium,Non-Hodgkin lymphoma
2001,6,Belgium,Non-Hodgkin lymphoma
2002,7,Belgium,Non-Hodgkin lymphoma
2003,3,Belgium,Non-Hodgkin lymphoma
2004,5,Belgium,Non-Hodgkin lymphoma
2005,8,Belgium,Non-Hodgkin lymphoma
2006,10,Belgium,Non-Hodgkin lymphoma
2007,7,Belgium,Non-Hodgkin lymphoma
2008,10,Belgium,Non-Hodgkin lymphoma
2009,4,Belgium,Non-Hodgkin lymphoma
2010,4,Belgium,Non-Hodgkin lymphoma
2011,4,Belgium,Non-Hodgkin lymphoma
1990,3,Belgium,Non-Hodgkin lymphoma
2013,10,Belgium,Non-Hodgkin lymphoma
2014,8,Belgium,Non-Hodgkin lymphoma
2015,4,Belgium,Non-Hodgkin lymphoma
2016,5,Belgium,Non-Hodgkin lymphoma
2017,7,Belgium,Non-Hodgkin lymphoma
2018,11,Belgium,Non-Hodgkin lymphoma
2019,10,Belgium,Non-Hodgkin lymphoma
2020,11,Belgium,Non-Hodgkin lymphoma
2021,11,Belgium,Non-Hodgkin lymphoma
2022,9,Belgium,Non-Hodgkin lymphoma
2023,11,Belgium,Non-Hodgkin lymphoma
2024,3,Belgium,Non-Hodgkin lymphoma
1993,3,Belgium,Non-Hodgkin lymphoma
1994,6,Belgium,Non-Hodgkin lymphoma
1995,8,Belgium,Non-Hodgkin lymphoma
1996,2,Belgium,Non-Hodgkin lymphoma
1997,3,Belgium,Non-Hodgkin lymphoma
1998,2,Belgium,Non-Hodgkin lymphoma
1999,6,Belgium,Non-Hodgkin lymphoma
2000,5,Belgium,Non-Hodgkin lymphoma
1984,0,Belgium,Non-Hodgkin lymphoma
1985,0,Belgium,Non-Hodgkin lymphoma
1986,0,Belgium,Non-Hodgkin lymphoma
1987,0,Belgium,Non-Hodgkin lymphoma
1988,0,Belgium,Non-Hodgkin lymphoma
1989,0,Belgium,Non-Hodgkin lymphoma
1991,0,Belgium,Non-Hodgkin lymphoma
2012,0,Belgium,Non-Hodgkin lymphoma
2025,0,Belgium,Non-Hodgkin lymphoma
1992,108,Belgium,Other cancer
1990,79,Belgium,Other cancer
1991,113,Belgium,Other cancer
2000,142,Belgium,Other cancer
2001,140,Belgium,Other cancer
2002,165,Belgium,Other cancer
1993,126,Belgium,Other cancer
2003,143,Belgium,Other cancer
2004,155,Belgium,Other cancer
2005,162,Belgium,Other cancer
2006,157,Belgium,Other cancer
2007,137,Belgium,Other cancer
1999,157,Belgium,Other cancer
2008,132,Belgium,Other cancer
2009,139,Belgium,Other cancer
2010,144,Belgium,Other cancer
2011,150,Belgium,Other cancer
2012,136,Belgium,Other cancer
2013,143,Belgium,Other cancer
1987,20,Belgium,Other cancer
1988,61,Belgium,Other cancer
1989,68,Belgium,Other cancer
2015,187,Belgium,Other cancer
2014,131,Belgium,Other cancer
2016,165,Belgium,Other cancer
2017,163,Belgium,Other cancer
2022,173,Belgium,Other cancer
2018,173,Belgium,Other cancer
2019,185,Belgium,Other cancer
2020,173,Belgium,Other cancer
2021,230,Belgium,Other cancer
2023,175,Belgium,Other cancer
2024,111,Belgium,Other cancer
2025,1,Belgium,Other cancer
1994,112,Belgium,Other cancer
1995,157,Belgium,Other cancer
1996,161,Belgium,Other cancer
1997,141,Belgium,Other cancer
1998,162,Belgium,Other cancer
1984,0,Belgium,Other cancer
1985,0,Belgium,Other cancer
1986,0,Belgium,Other cancer
1992,3,Belgium,Ovarian cancer
1991,4,Belgium,Ovarian cancer
2001,8,Belgium,Ovarian cancer
2002,5,Belgium,Ovarian cancer
2000,12,Belgium,Ovarian cancer
2003,15,Belgium,Ovarian cancer
2004,8,Belgium,Ovarian cancer
2005,6,Belgium,Ovarian cancer
2006,7,Belgium,Ovarian cancer
2008,16,Belgium,Ovarian cancer
2007,10,Belgium,Ovarian cancer
2009,18,Belgium,Ovarian cancer
2010,15,Belgium,Ovarian cancer
2011,12,Belgium,Ovarian cancer
2012,12,Belgium,Ovarian cancer
1989,1,Belgium,Ovarian cancer
1990,2,Belgium,Ovarian cancer
2013,10,Belgium,Ovarian cancer
2014,14,Belgium,Ovarian cancer
2015,11,Belgium,Ovarian cancer
2016,18,Belgium,Ovarian cancer
2017,18,Belgium,Ovarian cancer
2018,9,Belgium,Ovarian cancer
1988,2,Belgium,Ovarian cancer
2019,19,Belgium,Ovarian cancer
2020,17,Belgium,Ovarian cancer
2021,17,Belgium,Ovarian cancer
2025,1,Belgium,Ovarian cancer
2022,22,Belgium,Ovarian cancer
1987,1,Belgium,Ovarian cancer
2023,20,Belgium,Ovarian cancer
2024,20,Belgium,Ovarian cancer
1993,4,Belgium,Ovarian cancer
1994,2,Belgium,Ovarian cancer
1995,4,Belgium,Ovarian cancer
1996,6,Belgium,Ovarian cancer
1997,4,Belgium,Ovarian cancer
1998,6,Belgium,Ovarian cancer
1999,15,Belgium,Ovarian cancer
1984,0,Belgium,Ovarian cancer
1985,0,Belgium,Ovarian cancer
1986,0,Belgium,Ovarian cancer
1992,1,Belgium,Pancreatic cancer
1990,1,Belgium,Pancreatic cancer
2001,1,Belgium,Pancreatic cancer
2002,1,Belgium,Pancreatic cancer
2003,2,Belgium,Pancreatic cancer
2004,6,Belgium,Pancreatic cancer
2005,1,Belgium,Pancreatic cancer
2006,2,Belgium,Pancreatic cancer
2008,6,Belgium,Pancreatic cancer
2007,5,Belgium,Pancreatic cancer
2009,7,Belgium,Pancreatic cancer
2010,4,Belgium,Pancreatic cancer
2011,6,Belgium,Pancreatic cancer
1991,1,Belgium,Pancreatic cancer
2012,10,Belgium,Pancreatic cancer
2013,6,Belgium,Pancreatic cancer
2014,4,Belgium,Pancreatic cancer
2015,7,Belgium,Pancreatic cancer
2016,12,Belgium,Pancreatic cancer
2017,15,Belgium,Pancreatic cancer
2018,8,Belgium,Pancreatic cancer
2019,10,Belgium,Pancreatic cancer
2020,14,Belgium,Pancreatic cancer
2021,15,Belgium,Pancreatic cancer
2023,20,Belgium,Pancreatic cancer
2022,17,Belgium,Pancreatic cancer
2024,10,Belgium,Pancreatic cancer
1995,3,Belgium,Pancreatic cancer
1996,1,Belgium,Pancreatic cancer
1997,3,Belgium,Pancreatic cancer
1998,3,Belgium,Pancreatic cancer
1999,2,Belgium,Pancreatic cancer
2000,8,Belgium,Pancreatic cancer
1984,0,Belgium,Pancreatic cancer
1985,0,Belgium,Pancreatic cancer
1986,0,Belgium,Pancreatic cancer
1987,0,Belgium,Pancreatic cancer
1988,0,Belgium,Pancreatic cancer
1989,0,Belgium,Pancreatic cancer
1993,0,Belgium,Pancreatic cancer
1994,0,Belgium,Pancreatic cancer
2025,0,Belgium,Pancreatic cancer
2010,1,Belgium,Penile cancer
2013,1,Belgium,Penile cancer
2014,1,Belgium,Penile cancer
2018,1,Belgium,Penile cancer
2019,1,Belgium,Penile cancer
2020,3,Belgium,Penile cancer
2021,4,Belgium,Penile cancer
2022,3,Belgium,Penile cancer
2023,3,Belgium,Penile cancer
2024,5,Belgium,Penile cancer
1998,1,Belgium,Penile cancer
1984,0,Belgium,Penile cancer
1985,0,Belgium,Penile cancer
1986,0,Belgium,Penile cancer
1987,0,Belgium,Penile cancer
1988,0,Belgium,Penile cancer
1989,0,Belgium,Penile cancer
1990,0,Belgium,Penile cancer
1991,0,Belgium,Penile cancer
1992,0,Belgium,Penile cancer
1993,0,Belgium,Penile cancer
1994,0,Belgium,Penile cancer
1995,0,Belgium,Penile cancer
1996,0,Belgium,Penile cancer
1997,0,Belgium,Penile cancer
1999,0,Belgium,Penile cancer
2000,0,Belgium,Penile cancer
2001,0,Belgium,Penile cancer
2002,0,Belgium,Penile cancer
2003,0,Belgium,Penile cancer
2004,0,Belgium,Penile cancer
2005,0,Belgium,Penile cancer
2006,0,Belgium,Penile cancer
2007,0,Belgium,Penile cancer
2008,0,Belgium,Penile cancer
2009,0,Belgium,Penile cancer
2011,0,Belgium,Penile cancer
2012,0,Belgium,Penile cancer
2015,0,Belgium,Penile cancer
2016,0,Belgium,Penile cancer
2017,0,Belgium,Penile cancer
2025,0,Belgium,Penile cancer
1992,7,Belgium,Prostate cancer
1991,3,Belgium,Prostate cancer
2000,18,Belgium,Prostate cancer
2001,21,Belgium,Prostate cancer
2002,19,Belgium,Prostate cancer
2003,19,Belgium,Prostate cancer
1999,15,Belgium,Prostate cancer
2004,27,Belgium,Prostate cancer
2005,17,Belgium,Prostate cancer
2006,26,Belgium,Prostate cancer
2007,35,Belgium,Prostate cancer
2008,20,Belgium,Prostate cancer
2009,29,Belgium,Prostate cancer
2010,31,Belgium,Prostate cancer
2011,29,Belgium,Prostate cancer
2012,41,Belgium,Prostate cancer
1989,2,Belgium,Prostate cancer
1990,5,Belgium,Prostate cancer
2013,37,Belgium,Prostate cancer
2014,50,Belgium,Prostate cancer
2017,47,Belgium,Prostate cancer
2015,38,Belgium,Prostate cancer
2016,43,Belgium,Prostate cancer
2018,44,Belgium,Prostate cancer
1987,1,Belgium,Prostate cancer
1988,1,Belgium,Prostate cancer
2019,61,Belgium,Prostate cancer
2020,44,Belgium,Prostate cancer
2021,66,Belgium,Prostate cancer
2022,54,Belgium,Prostate cancer
2023,54,Belgium,Prostate cancer
2025,2,Belgium,Prostate cancer
2024,43,Belgium,Prostate cancer
1993,14,Belgium,Prostate cancer
1994,13,Belgium,Prostate cancer
1995,12,Belgium,Prostate cancer
1996,18,Belgium,Prostate cancer
1997,18,Belgium,Prostate cancer
1998,18,Belgium,Prostate cancer
1984,0,Belgium,Prostate cancer
1985,0,Belgium,Prostate cancer
1986,0,Belgium,Prostate cancer
1992,1,Belgium,Rectal cancer
1991,2,Belgium,Rectal cancer
2000,3,Belgium,Rectal cancer
2001,5,Belgium,Rectal cancer
2002,3,Belgium,Rectal cancer
2003,2,Belgium,Rectal cancer
2004,2,Belgium,Rectal cancer
2005,4,Belgium,Rectal cancer
2006,7,Belgium,Rectal cancer
2007,5,Belgium,Rectal cancer
2008,9,Belgium,Rectal cancer
2009,12,Belgium,Rectal cancer
2010,6,Belgium,Rectal cancer
2011,8,Belgium,Rectal cancer
2012,10,Belgium,Rectal cancer
1989,2,Belgium,Rectal cancer
1990,1,Belgium,Rectal cancer
2013,10,Belgium,Rectal cancer
2014,10,Belgium,Rectal cancer
2015,14,Belgium,Rectal cancer
2016,12,Belgium,Rectal cancer
2017,13,Belgium,Rectal cancer
2018,7,Belgium,Rectal cancer
1988,2,Belgium,Rectal cancer
2019,7,Belgium,Rectal cancer
2020,5,Belgium,Rectal cancer
2021,12,Belgium,Rectal cancer
2022,11,Belgium,Rectal cancer
2023,8,Belgium,Rectal cancer
2024,4,Belgium,Rectal cancer
1995,3,Belgium,Rectal cancer
1993,1,Belgium,Rectal cancer
1996,3,Belgium,Rectal cancer
1997,1,Belgium,Rectal cancer
1998,2,Belgium,Rectal cancer
1999,3,Belgium,Rectal cancer
1984,0,Belgium,Rectal cancer
1985,0,Belgium,Rectal cancer
1986,0,Belgium,Rectal cancer
1987,0,Belgium,Rectal cancer
1994,0,Belgium,Rectal cancer
2025,0,Belgium,Rectal cancer
2008,1,Belgium,Salivary gland cancer
2011,1,Belgium,Salivary gland cancer
2012,1,Belgium,Salivary gland cancer
2014,1,Belgium,Salivary gland cancer
2022,1,Belgium,Salivary gland cancer
2023,1,Belgium,Salivary gland cancer
1984,0,Belgium,Salivary gland cancer
1985,0,Belgium,Salivary gland cancer
1986,0,Belgium,Salivary gland cancer
1987,0,Belgium,Salivary gland cancer
1988,0,Belgium,Salivary gland cancer
1989,0,Belgium,Salivary gland cancer
1990,0,Belgium,Salivary gland cancer
1991,0,Belgium,Salivary gland cancer
1992,0,Belgium,Salivary gland cancer
1993,0,Belgium,Salivary gland cancer
1994,0,Belgium,Salivary gland cancer
1995,0,Belgium,Salivary gland cancer
1996,0,Belgium,Salivary gland cancer
1997,0,Belgium,Salivary gland cancer
1998,0,Belgium,Salivary gland cancer
1999,0,Belgium,Salivary gland cancer
2000,0,Belgium,Salivary gland cancer
2001,0,Belgium,Salivary gland cancer
2002,0,Belgium,Salivary gland cancer
2003,0,Belgium,Salivary gland cancer
2004,0,Belgium,Salivary gland cancer
2005,0,Belgium,Salivary gland cancer
2006,0,Belgium,Salivary gland cancer
2007,0,Belgium,Salivary gland cancer
2009,0,Belgium,Salivary gland cancer
2010,0,Belgium,Salivary gland cancer
2013,0,Belgium,Salivary gland cancer
2015,0,Belgium,Salivary gland cancer
2016,0,Belgium,Salivary gland cancer
2017,0,Belgium,Salivary gland cancer
2018,0,Belgium,Salivary gland cancer
2019,0,Belgium,Salivary gland cancer
2020,0,Belgium,Salivary gland cancer
2021,0,Belgium,Salivary gland cancer
2024,0,Belgium,Salivary gland cancer
2025,0,Belgium,Salivary gland cancer
1992,17,Belgium,Skin cancer
1990,11,Belgium,Skin cancer
1991,19,Belgium,Skin cancer
2000,32,Belgium,Skin cancer
2001,39,Belgium,Skin cancer
2002,31,Belgium,Skin cancer
2003,27,Belgium,Skin cancer
2004,34,Belgium,Skin cancer
2005,33,Belgium,Skin cancer
2006,26,Belgium,Skin cancer
2007,26,Belgium,Skin cancer
2008,21,Belgium,Skin cancer
2009,29,Belgium,Skin cancer
2010,24,Belgium,Skin cancer
2011,33,Belgium,Skin cancer
1999,28,Belgium,Skin cancer
2012,46,Belgium,Skin cancer
1995,26,Belgium,Skin cancer
1987,4,Belgium,Skin cancer
1989,11,Belgium,Skin cancer
2013,38,Belgium,Skin cancer
2014,42,Belgium,Skin cancer
2015,37,Belgium,Skin cancer
2016,55,Belgium,Skin cancer
2017,59,Belgium,Skin cancer
1988,16,Belgium,Skin cancer
2018,34,Belgium,Skin cancer
2019,49,Belgium,Skin cancer
2020,42,Belgium,Skin cancer
2021,72,Belgium,Skin cancer
2022,57,Belgium,Skin cancer
1986,1,Belgium,Skin cancer
2023,50,Belgium,Skin cancer
2024,37,Belgium,Skin cancer
2025,1,Belgium,Skin cancer
1993,21,Belgium,Skin cancer
1994,30,Belgium,Skin cancer
1996,24,Belgium,Skin cancer
1997,29,Belgium,Skin cancer
1998,27,Belgium,Skin cancer
1984,0,Belgium,Skin cancer
1985,0,Belgium,Skin cancer
1991,1,Belgium,Stomach cancer
2003,2,Belgium,Stomach cancer
2006,2,Belgium,Stomach cancer
2008,3,Belgium,Stomach cancer
2010,1,Belgium,Stomach cancer
2011,1,Belgium,Stomach cancer
2012,1,Belgium,Stomach cancer
2014,1,Belgium,Stomach cancer
2016,2,Belgium,Stomach cancer
2015,1,Belgium,Stomach cancer
2017,2,Belgium,Stomach cancer
2018,2,Belgium,Stomach cancer
2019,2,Belgium,Stomach cancer
2021,2,Belgium,Stomach cancer
2022,3,Belgium,Stomach cancer
2023,1,Belgium,Stomach cancer
2024,2,Belgium,Stomach cancer
1994,1,Belgium,Stomach cancer
1995,1,Belgium,Stomach cancer
1993,1,Belgium,Stomach cancer
1996,3,Belgium,Stomach cancer
1998,1,Belgium,Stomach cancer
1999,1,Belgium,Stomach cancer
1984,0,Belgium,Stomach cancer
1985,0,Belgium,Stomach cancer
1986,0,Belgium,Stomach cancer
1987,0,Belgium,Stomach cancer
1988,0,Belgium,Stomach cancer
1989,0,Belgium,Stomach cancer
1990,0,Belgium,Stomach cancer
1992,0,Belgium,Stomach cancer
1997,0,Belgium,Stomach cancer
2000,0,Belgium,Stomach cancer
2001,0,Belgium,Stomach cancer
2002,0,Belgium,Stomach cancer
2004,0,Belgium,Stomach cancer
2005,0,Belgium,Stomach cancer
2007,0,Belgium,Stomach cancer
2009,0,Belgium,Stomach cancer
2013,0,Belgium,Stomach cancer
2020,0,Belgium,Stomach cancer
2025,0,Belgium,Stomach cancer
2001,1,Belgium,Testicular cancer
2003,1,Belgium,Testicular cancer
2006,1,Belgium,Testicular cancer
2008,1,Belgium,Testicular cancer
2012,4,Belgium,Testicular cancer
2013,1,Belgium,Testicular cancer
2014,1,Belgium,Testicular cancer
2016,2,Belgium,Testicular cancer
2017,2,Belgium,Testicular cancer
2018,1,Belgium,Testicular cancer
1988,1,Belgium,Testicular cancer
1989,1,Belgium,Testicular cancer
2019,2,Belgium,Testicular cancer
2021,3,Belgium,Testicular cancer
2022,1,Belgium,Testicular cancer
2024,1,Belgium,Testicular cancer
1993,2,Belgium,Testicular cancer
1995,1,Belgium,Testicular cancer
1998,1,Belgium,Testicular cancer
1999,1,Belgium,Testicular cancer
1984,0,Belgium,Testicular cancer
1985,0,Belgium,Testicular cancer
1986,0,Belgium,Testicular cancer
1987,0,Belgium,Testicular cancer
1990,0,Belgium,Testicular cancer
1991,0,Belgium,Testicular cancer
1992,0,Belgium,Testicular cancer
1994,0,Belgium,Testicular cancer
1996,0,Belgium,Testicular cancer
1997,0,Belgium,Testicular cancer
2000,0,Belgium,Testicular cancer
2002,0,Belgium,Testicular cancer
2004,0,Belgium,Testicular cancer
2005,0,Belgium,Testicular cancer
2007,0,Belgium,Testicular cancer
2009,0,Belgium,Testicular cancer
2010,0,Belgium,Testicular cancer
2011,0,Belgium,Testicular cancer
2015,0,Belgium,Testicular cancer
2020,0,Belgium,Testicular cancer
2023,0,Belgium,Testicular cancer
2025,0,Belgium,Testicular cancer
2021,1,Belgium,Throat cancer
1984,0,Belgium,Throat cancer
1985,0,Belgium,Throat cancer
1986,0,Belgium,Throat cancer
1987,0,Belgium,Throat cancer
1988,0,Belgium,Throat cancer
1989,0,Belgium,Throat cancer
1990,0,Belgium,Throat cancer
1991,0,Belgium,Throat cancer
1992,0,Belgium,Throat cancer
1993,0,Belgium,Throat cancer
1994,0,Belgium,Throat cancer
1995,0,Belgium,Throat cancer
1996,0,Belgium,Throat cancer
1997,0,Belgium,Throat cancer
1998,0,Belgium,Throat cancer
1999,0,Belgium,Throat cancer
2000,0,Belgium,Throat cancer
2001,0,Belgium,Throat cancer
2002,0,Belgium,Throat cancer
2003,0,Belgium,Throat cancer
2004,0,Belgium,Throat cancer
2005,0,Belgium,Throat cancer
2006,0,Belgium,Throat cancer
2007,0,Belgium,Throat cancer
2008,0,Belgium,Throat cancer
2009,0,Belgium,Throat cancer
2010,0,Belgium,Throat cancer
2011,0,Belgium,Throat cancer
2012,0,Belgium,Throat cancer
2013,0,Belgium,Throat cancer
2014,0,Belgium,Throat cancer
2015,0,Belgium,Throat cancer
2016,0,Belgium,Throat cancer
2017,0,Belgium,Throat cancer
2018,0,Belgium,Throat cancer
2019,0,Belgium,Throat cancer
2020,0,Belgium,Throat cancer
2022,0,Belgium,Throat cancer
2023,0,Belgium,Throat cancer
2024,0,Belgium,Throat cancer
2025,0,Belgium,Throat cancer
1992,1,Belgium,Thyroid cancer
2001,3,Belgium,Thyroid cancer
2002,1,Belgium,Thyroid cancer
2003,3,Belgium,Thyroid cancer
2004,3,Belgium,Thyroid cancer
2005,3,Belgium,Thyroid cancer
2006,1,Belgium,Thyroid cancer
2007,4,Belgium,Thyroid cancer
2008,1,Belgium,Thyroid cancer
2010,2,Belgium,Thyroid cancer
2011,7,Belgium,Thyroid cancer
2012,12,Belgium,Thyroid cancer
2013,7,Belgium,Thyroid cancer
2014,4,Belgium,Thyroid cancer
2015,6,Belgium,Thyroid cancer
2016,6,Belgium,Thyroid cancer
2017,6,Belgium,Thyroid cancer
1987,2,Belgium,Thyroid cancer
1988,1,Belgium,Thyroid cancer
2018,6,Belgium,Thyroid cancer
2019,4,Belgium,Thyroid cancer
2020,11,Belgium,Thyroid cancer
2021,6,Belgium,Thyroid cancer
2022,11,Belgium,Thyroid cancer
2025,1,Belgium,Thyroid cancer
2023,6,Belgium,Thyroid cancer
2024,7,Belgium,Thyroid cancer
1994,5,Belgium,Thyroid cancer
1995,1,Belgium,Thyroid cancer
1993,1,Belgium,Thyroid cancer
1996,1,Belgium,Thyroid cancer
1997,5,Belgium,Thyroid cancer
1998,5,Belgium,Thyroid cancer
1999,2,Belgium,Thyroid cancer
2000,2,Belgium,Thyroid cancer
1984,0,Belgium,Thyroid cancer
1985,0,Belgium,Thyroid cancer
1986,0,Belgium,Thyroid cancer
1989,0,Belgium,Thyroid cancer
1990,0,Belgium,Thyroid cancer
1991,0,Belgium,Thyroid cancer
2009,0,Belgium,Thyroid cancer
1992,218,Belgium,Undetermined cancer
1990,188,Belgium,Undetermined cancer
1991,229,Belgium,Undetermined cancer
2000,265,Belgium,Undetermined cancer
2001,286,Belgium,Undetermined cancer
2002,276,Belgium,Undetermined cancer
1997,267,Belgium,Undetermined cancer
2003,326,Belgium,Undetermined cancer
1999,285,Belgium,Undetermined cancer
2004,283,Belgium,Undetermined cancer
2005,318,Belgium,Undetermined cancer
2006,310,Belgium,Undetermined cancer
2008,319,Belgium,Undetermined cancer
1985,3,Belgium,Undetermined cancer
1989,150,Belgium,Undetermined cancer
1995,278,Belgium,Undetermined cancer
1998,272,Belgium,Undetermined cancer
2007,323,Belgium,Undetermined cancer
1993,293,Belgium,Undetermined cancer
1994,261,Belgium,Undetermined cancer
1996,287,Belgium,Undetermined cancer
2009,323,Belgium,Undetermined cancer
2010,377,Belgium,Undetermined cancer
2011,358,Belgium,Undetermined cancer
2012,375,Belgium,Undetermined cancer
2013,359,Belgium,Undetermined cancer
1986,4,Belgium,Undetermined cancer
1987,78,Belgium,Undetermined cancer
1988,137,Belgium,Undetermined cancer
2014,425,Belgium,Undetermined cancer
2015,444,Belgium,Undetermined cancer
2016,499,Belgium,Undetermined cancer
2017,527,Belgium,Undetermined cancer
2018,586,Belgium,Undetermined cancer
2020,630,Belgium,Undetermined cancer
2019,604,Belgium,Undetermined cancer
2021,721,Belgium,Undetermined cancer
2022,628,Belgium,Undetermined cancer
2023,547,Belgium,Undetermined cancer
2024,373,Belgium,Undetermined cancer
2025,5,Belgium,Undetermined cancer
1984,0,Belgium,Undetermined cancer
1992,2,Belgium,Uterine cancer
2001,4,Belgium,Uterine cancer
2002,3,Belgium,Uterine cancer
2003,5,Belgium,Uterine cancer
2004,7,Belgium,Uterine cancer
2005,5,Belgium,Uterine cancer
2006,5,Belgium,Uterine cancer
2007,4,Belgium,Uterine cancer
2008,1,Belgium,Uterine cancer
2009,7,Belgium,Uterine cancer
2010,4,Belgium,Uterine cancer
2011,7,Belgium,Uterine cancer
1990,1,Belgium,Uterine cancer
2012,5,Belgium,Uterine cancer
2013,6,Belgium,Uterine cancer
2014,4,Belgium,Uterine cancer
2016,10,Belgium,Uterine cancer
2015,9,Belgium,Uterine cancer
2017,2,Belgium,Uterine cancer
1988,2,Belgium,Uterine cancer
2018,8,Belgium,Uterine cancer
2019,7,Belgium,Uterine cancer
2020,9,Belgium,Uterine cancer
2021,10,Belgium,Uterine cancer
2022,6,Belgium,Uterine cancer
2023,8,Belgium,Uterine cancer
2024,9,Belgium,Uterine cancer
1995,2,Belgium,Uterine cancer
1996,2,Belgium,Uterine cancer
1997,2,Belgium,Uterine cancer
1998,7,Belgium,Uterine cancer
1999,3,Belgium,Uterine cancer
2000,4,Belgium,Uterine cancer
1984,0,Belgium,Uterine cancer
1985,0,Belgium,Uterine cancer
1986,0,Belgium,Uterine cancer
1987,0,Belgium,Uterine cancer
1989,0,Belgium,Uterine cancer
1991,0,Belgium,Uterine cancer
1993,0,Belgium,Uterine cancer
1994,0,Belgium,Uterine cancer
2025,0,Belgium,Uterine cancer
2004,1,Belgium,Vaginal cancer
2011,1,Belgium,Vaginal cancer
2016,1,Belgium,Vaginal cancer
2019,1,Belgium,Vaginal cancer
2020,1,Belgium,Vaginal cancer
2023,1,Belgium,Vaginal cancer
1984,0,Belgium,Vaginal cancer
1985,0,Belgium,Vaginal cancer
1986,0,Belgium,Vaginal cancer
1987,0,Belgium,Vaginal cancer
1988,0,Belgium,Vaginal cancer
1989,0,Belgium,Vaginal cancer
1990,0,Belgium,Vaginal cancer
1991,0,Belgium,Vaginal cancer
1992,0,Belgium,Vaginal cancer
1993,0,Belgium,Vaginal cancer
1994,0,Belgium,Vaginal cancer
1995,0,Belgium,Vaginal cancer
1996,0,Belgium,Vaginal cancer
1997,0,Belgium,Vaginal cancer
1998,0,Belgium,Vaginal cancer
1999,0,Belgium,Vaginal cancer
2000,0,Belgium,Vaginal cancer
2001,0,Belgium,Vaginal cancer
2002,0,Belgium,Vaginal cancer
2003,0,Belgium,Vaginal cancer
2005,0,Belgium,Vaginal cancer
2006,0,Belgium,Vaginal cancer
2007,0,Belgium,Vaginal cancer
2008,0,Belgium,Vaginal cancer
2009,0,Belgium,Vaginal cancer
2010,0,Belgium,Vaginal cancer
2012,0,Belgium,Vaginal cancer
2013,0,Belgium,Vaginal cancer
2014,0,Belgium,Vaginal cancer
2015,0,Belgium,Vaginal cancer
2017,0,Belgium,Vaginal cancer
2018,0,Belgium,Vaginal cancer
2021,0,Belgium,Vaginal cancer
2022,0,Belgium,Vaginal cancer
2024,0,Belgium,Vaginal cancer
2025,0,Belgium,Vaginal cancer
2001,1,Belgium,Vulvar cancer
2003,1,Belgium,Vulvar cancer
2008,1,Belgium,Vulvar cancer
2010,1,Belgium,Vulvar cancer
2012,6,Belgium,Vulvar cancer
2014,2,Belgium,Vulvar cancer
2015,1,Belgium,Vulvar cancer
2017,1,Belgium,Vulvar cancer
2018,1,Belgium,Vulvar cancer
2019,1,Belgium,Vulvar cancer
2020,1,Belgium,Vulvar cancer
1984,0,Belgium,Vulvar cancer
1985,0,Belgium,Vulvar cancer
1986,0,Belgium,Vulvar cancer
1987,0,Belgium,Vulvar cancer
1988,0,Belgium,Vulvar cancer
1989,0,Belgium,Vulvar cancer
1990,0,Belgium,Vulvar cancer
1991,0,Belgium,Vulvar cancer
1992,0,Belgium,Vulvar cancer
1993,0,Belgium,Vulvar cancer
1994,0,Belgium,Vulvar cancer
1995,0,Belgium,Vulvar cancer
1996,0,Belgium,Vulvar cancer
1997,0,Belgium,Vulvar cancer
1998,0,Belgium,Vulvar cancer
1999,0,Belgium,Vulvar cancer
2000,0,Belgium,Vulvar cancer
2002,0,Belgium,Vulvar cancer
2004,0,Belgium,Vulvar cancer
2005,0,Belgium,Vulvar cancer
2006,0,Belgium,Vulvar cancer
2007,0,Belgium,Vulvar cancer
2009,0,Belgium,Vulvar cancer
2011,0,Belgium,Vulvar cancer
2013,0,Belgium,Vulvar cancer
2016,0,Belgium,Vulvar cancer
2021,0,Belgium,Vulvar cancer
2022,0,Belgium,Vulvar cancer
2023,0,Belgium,Vulvar cancer
2024,0,Belgium,Vulvar cancer
2025,0,Belgium,Vulvar cancer
2012,1,Türkiye,Anal cancer
2016,1,Türkiye,Anal cancer
2018,1,Türkiye,Anal cancer
2020,1,Türkiye,Anal cancer
2021,2,Türkiye,Anal cancer
2023,2,Türkiye,Anal cancer
2024,2,Türkiye,Anal cancer
1984,0,Türkiye,Anal cancer
1985,0,Türkiye,Anal cancer
1986,0,Türkiye,Anal cancer
1987,0,Türkiye,Anal cancer
1988,0,Türkiye,Anal cancer
1989,0,Türkiye,Anal cancer
1990,0,Türkiye,Anal cancer
1991,0,Türkiye,Anal cancer
1992,0,Türkiye,Anal cancer
1993,0,Türkiye,Anal cancer
1994,0,Türkiye,Anal cancer
1995,0,Türkiye,Anal cancer
1996,0,Türkiye,Anal cancer
1997,0,Türkiye,Anal cancer
1998,0,Türkiye,Anal cancer
1999,0,Türkiye,Anal cancer
2000,0,Türkiye,Anal cancer
2001,0,Türkiye,Anal cancer
2002,0,Türkiye,Anal cancer
2003,0,Türkiye,Anal cancer
2004,0,Türkiye,Anal cancer
2005,0,Türkiye,Anal cancer
2006,0,Türkiye,Anal cancer
2007,0,Türkiye,Anal cancer
2008,0,Türkiye,Anal cancer
2009,0,Türkiye,Anal cancer
2010,0,Türkiye,Anal cancer
2011,0,Türkiye,Anal cancer
2013,0,Türkiye,Anal cancer
2014,0,Türkiye,Anal cancer
2015,0,Türkiye,Anal cancer
2017,0,Türkiye,Anal cancer
2019,0,Türkiye,Anal cancer
2022,0,Türkiye,Anal cancer
2025,0,Türkiye,Anal cancer
1992,2,Türkiye,Bladder cancer
1991,2,Türkiye,Bladder cancer
2001,15,Türkiye,Bladder cancer
2002,10,Türkiye,Bladder cancer
2003,19,Türkiye,Bladder cancer
2004,13,Türkiye,Bladder cancer
2005,10,Türkiye,Bladder cancer
2006,20,Türkiye,Bladder cancer
2007,12,Türkiye,Bladder cancer
2008,8,Türkiye,Bladder cancer
2009,22,Türkiye,Bladder cancer
2011,22,Türkiye,Bladder cancer
2010,12,Türkiye,Bladder cancer
1990,2,Türkiye,Bladder cancer
2012,14,Türkiye,Bladder cancer
2013,26,Türkiye,Bladder cancer
2014,37,Türkiye,Bladder cancer
2015,43,Türkiye,Bladder cancer
2016,33,Türkiye,Bladder cancer
2017,22,Türkiye,Bladder cancer
2018,34,Türkiye,Bladder cancer
2019,17,Türkiye,Bladder cancer
2020,38,Türkiye,Bladder cancer
2021,55,Türkiye,Bladder cancer
2023,42,Türkiye,Bladder cancer
2022,39,Türkiye,Bladder cancer
2024,36,Türkiye,Bladder cancer
2025,3,Türkiye,Bladder cancer
1994,3,Türkiye,Bladder cancer
1995,3,Türkiye,Bladder cancer
1993,1,Türkiye,Bladder cancer
1996,7,Türkiye,Bladder cancer
1997,6,Türkiye,Bladder cancer
1998,5,Türkiye,Bladder cancer
1999,13,Türkiye,Bladder cancer
2000,6,Türkiye,Bladder cancer
1984,0,Türkiye,Bladder cancer
1985,0,Türkiye,Bladder cancer
1986,0,Türkiye,Bladder cancer
1987,0,Türkiye,Bladder cancer
1988,0,Türkiye,Bladder cancer
1989,0,Türkiye,Bladder cancer
1992,10,Türkiye,Brain cancer
1990,4,Türkiye,Brain cancer
1991,4,Türkiye,Brain cancer
2001,13,Türkiye,Brain cancer
2002,24,Türkiye,Brain cancer
1999,16,Türkiye,Brain cancer
2003,25,Türkiye,Brain cancer
2004,42,Türkiye,Brain cancer
2005,43,Türkiye,Brain cancer
2006,45,Türkiye,Brain cancer
2007,36,Türkiye,Brain cancer
2008,51,Türkiye,Brain cancer
2009,37,Türkiye,Brain cancer
2010,32,Türkiye,Brain cancer
2011,35,Türkiye,Brain cancer
2012,39,Türkiye,Brain cancer
2013,33,Türkiye,Brain cancer
2016,52,Türkiye,Brain cancer
2014,38,Türkiye,Brain cancer
2015,40,Türkiye,Brain cancer
2017,38,Türkiye,Brain cancer
2018,58,Türkiye,Brain cancer
2019,63,Türkiye,Brain cancer
1988,1,Türkiye,Brain cancer
1989,1,Türkiye,Brain cancer
2020,71,Türkiye,Brain cancer
2021,91,Türkiye,Brain cancer
2022,79,Türkiye,Brain cancer
2023,92,Türkiye,Brain cancer
2024,60,Türkiye,Brain cancer
2025,1,Türkiye,Brain cancer
1993,11,Türkiye,Brain cancer
1994,9,Türkiye,Brain cancer
1995,6,Türkiye,Brain cancer
1996,13,Türkiye,Brain cancer
1997,8,Türkiye,Brain cancer
1998,19,Türkiye,Brain cancer
2000,18,Türkiye,Brain cancer
1984,0,Türkiye,Brain cancer
1985,0,Türkiye,Brain cancer
1986,0,Türkiye,Brain cancer
1987,0,Türkiye,Brain cancer
1992,3,Türkiye,Breast cancer
1990,3,Türkiye,Breast cancer
2000,19,Türkiye,Breast cancer
2001,29,Türkiye,Breast cancer
2002,46,Türkiye,Breast cancer
2003,49,Türkiye,Breast cancer
2004,61,Türkiye,Breast cancer
2005,66,Türkiye,Breast cancer
1989,2,Türkiye,Breast cancer
2006,73,Türkiye,Breast cancer
2007,76,Türkiye,Breast cancer
1997,12,Türkiye,Breast cancer
1996,11,Türkiye,Breast cancer
1999,14,Türkiye,Breast cancer
2008,95,Türkiye,Breast cancer
2009,97,Türkiye,Breast cancer
2010,114,Türkiye,Breast cancer
2011,129,Türkiye,Breast cancer
2012,163,Türkiye,Breast cancer
1988,1,Türkiye,Breast cancer
2013,168,Türkiye,Breast cancer
2014,228,Türkiye,Breast cancer
2015,242,Türkiye,Breast cancer
2016,234,Türkiye,Breast cancer
2017,223,Türkiye,Breast cancer
2018,250,Türkiye,Breast cancer
1987,1,Türkiye,Breast cancer
2019,246,Türkiye,Breast cancer
2020,288,Türkiye,Breast cancer
2021,351,Türkiye,Breast cancer
2023,400,Türkiye,Breast cancer
2022,373,Türkiye,Breast cancer
2024,278,Türkiye,Breast cancer
2025,6,Türkiye,Breast cancer
1994,9,Türkiye,Breast cancer
1995,5,Türkiye,Breast cancer
1993,1,Türkiye,Breast cancer
1998,17,Türkiye,Breast cancer
1984,0,Türkiye,Breast cancer
1985,0,Türkiye,Breast cancer
1986,0,Türkiye,Breast cancer
1991,0,Türkiye,Breast cancer
1992,1,Türkiye,Cervical cancer
1991,3,Türkiye,Cervical cancer
2001,3,Türkiye,Cervical cancer
2002,3,Türkiye,Cervical cancer
2003,14,Türkiye,Cervical cancer
2004,7,Türkiye,Cervical cancer
2005,4,Türkiye,Cervical cancer
2006,8,Türkiye,Cervical cancer
2008,13,Türkiye,Cervical cancer
2007,13,Türkiye,Cervical cancer
2009,11,Türkiye,Cervical cancer
2010,14,Türkiye,Cervical cancer
2011,18,Türkiye,Cervical cancer
1990,1,Türkiye,Cervical cancer
2012,27,Türkiye,Cervical cancer
2013,26,Türkiye,Cervical cancer
2014,29,Türkiye,Cervical cancer
2015,32,Türkiye,Cervical cancer
2016,29,Türkiye,Cervical cancer
2017,22,Türkiye,Cervical cancer
2018,29,Türkiye,Cervical cancer
2019,48,Türkiye,Cervical cancer
2020,46,Türkiye,Cervical cancer
2021,49,Türkiye,Cervical cancer
2022,49,Türkiye,Cervical cancer
2023,62,Türkiye,Cervical cancer
2024,32,Türkiye,Cervical cancer
2025,1,Türkiye,Cervical cancer
1997,1,Türkiye,Cervical cancer
1998,2,Türkiye,Cervical cancer
2000,1,Türkiye,Cervical cancer
1984,0,Türkiye,Cervical cancer
1985,0,Türkiye,Cervical cancer
1986,0,Türkiye,Cervical cancer
1987,0,Türkiye,Cervical cancer
1988,0,Türkiye,Cervical cancer
1989,0,Türkiye,Cervical cancer
1993,0,Türkiye,Cervical cancer
1994,0,Türkiye,Cervical cancer
1995,0,Türkiye,Cervical cancer
1996,0,Türkiye,Cervical cancer
1999,0,Türkiye,Cervical cancer
2001,6,Türkiye,Colon cancer
2002,3,Türkiye,Colon cancer
2003,6,Türkiye,Colon cancer
2004,4,Türkiye,Colon cancer
2005,4,Türkiye,Colon cancer
2006,10,Türkiye,Colon cancer
2008,7,Türkiye,Colon cancer
2007,9,Türkiye,Colon cancer
2009,10,Türkiye,Colon cancer
2010,9,Türkiye,Colon cancer
2011,21,Türkiye,Colon cancer
2012,30,Türkiye,Colon cancer
2013,24,Türkiye,Colon cancer
2014,44,Türkiye,Colon cancer
2015,36,Türkiye,Colon cancer
2016,26,Türkiye,Colon cancer
2017,26,Türkiye,Colon cancer
2018,28,Türkiye,Colon cancer
2019,41,Türkiye,Colon cancer
2020,42,Türkiye,Colon cancer
2021,57,Türkiye,Colon cancer
2022,69,Türkiye,Colon cancer
2023,75,Türkiye,Colon cancer
2024,41,Türkiye,Colon cancer
2025,1,Türkiye,Colon cancer
1995,1,Türkiye,Colon cancer
1996,1,Türkiye,Colon cancer
1998,1,Türkiye,Colon cancer
2000,2,Türkiye,Colon cancer
1984,0,Türkiye,Colon cancer
1985,0,Türkiye,Colon cancer
1986,0,Türkiye,Colon cancer
1987,0,Türkiye,Colon cancer
1988,0,Türkiye,Colon cancer
1989,0,Türkiye,Colon cancer
1990,0,Türkiye,Colon cancer
1991,0,Türkiye,Colon cancer
1992,0,Türkiye,Colon cancer
1993,0,Türkiye,Colon cancer
1994,0,Türkiye,Colon cancer
1997,0,Türkiye,Colon cancer
1999,0,Türkiye,Colon cancer
2001,4,Türkiye,Colorectal cancer
2002,8,Türkiye,Colorectal cancer
2003,9,Türkiye,Colorectal cancer
2004,13,Türkiye,Colorectal cancer
2005,15,Türkiye,Colorectal cancer
2006,17,Türkiye,Colorectal cancer
2007,21,Türkiye,Colorectal cancer
2008,14,Türkiye,Colorectal cancer
2009,15,Türkiye,Colorectal cancer
2010,33,Türkiye,Colorectal cancer
2011,19,Türkiye,Colorectal cancer
2012,46,Türkiye,Colorectal cancer
2013,54,Türkiye,Colorectal cancer
2014,80,Türkiye,Colorectal cancer
2015,67,Türkiye,Colorectal cancer
2016,61,Türkiye,Colorectal cancer
2017,34,Türkiye,Colorectal cancer
2018,37,Türkiye,Colorectal cancer
2019,73,Türkiye,Colorectal cancer
2020,57,Türkiye,Colorectal cancer
2021,78,Türkiye,Colorectal cancer
2022,104,Türkiye,Colorectal cancer
2023,103,Türkiye,Colorectal cancer
2024,75,Türkiye,Colorectal cancer
2025,2,Türkiye,Colorectal cancer
1993,1,Türkiye,Colorectal cancer
1995,2,Türkiye,Colorectal cancer
1996,2,Türkiye,Colorectal cancer
1998,5,Türkiye,Colorectal cancer
1999,4,Türkiye,Colorectal cancer
2000,4,Türkiye,Colorectal cancer
1984,0,Türkiye,Colorectal cancer
1985,0,Türkiye,Colorectal cancer
1986,0,Türkiye,Colorectal cancer
1987,0,Türkiye,Colorectal cancer
1988,0,Türkiye,Colorectal cancer
1989,0,Türkiye,Colorectal cancer
1990,0,Türkiye,Colorectal cancer
1991,0,Türkiye,Colorectal cancer
1992,0,Türkiye,Colorectal cancer
1994,0,Türkiye,Colorectal cancer
1997,0,Türkiye,Colorectal cancer
1992,1,Türkiye,Esophageal cancer
2001,1,Türkiye,Esophageal cancer
2002,4,Türkiye,Esophageal cancer
2003,2,Türkiye,Esophageal cancer
2005,1,Türkiye,Esophageal cancer
2006,3,Türkiye,Esophageal cancer
2008,2,Türkiye,Esophageal cancer
2007,1,Türkiye,Esophageal cancer
2009,3,Türkiye,Esophageal cancer
2010,4,Türkiye,Esophageal cancer
2011,2,Türkiye,Esophageal cancer
2012,3,Türkiye,Esophageal cancer
2013,3,Türkiye,Esophageal cancer
2014,9,Türkiye,Esophageal cancer
2015,7,Türkiye,Esophageal cancer
2016,9,Türkiye,Esophageal cancer
2017,2,Türkiye,Esophageal cancer
2018,3,Türkiye,Esophageal cancer
2019,6,Türkiye,Esophageal cancer
2020,3,Türkiye,Esophageal cancer
2022,16,Türkiye,Esophageal cancer
2021,4,Türkiye,Esophageal cancer
2023,5,Türkiye,Esophageal cancer
2024,4,Türkiye,Esophageal cancer
1993,1,Türkiye,Esophageal cancer
1984,0,Türkiye,Esophageal cancer
1985,0,Türkiye,Esophageal cancer
1986,0,Türkiye,Esophageal cancer
1987,0,Türkiye,Esophageal cancer
1988,0,Türkiye,Esophageal cancer
1989,0,Türkiye,Esophageal cancer
1990,0,Türkiye,Esophageal cancer
1991,0,Türkiye,Esophageal cancer
1994,0,Türkiye,Esophageal cancer
1995,0,Türkiye,Esophageal cancer
1996,0,Türkiye,Esophageal cancer
1997,0,Türkiye,Esophageal cancer
1998,0,Türkiye,Esophageal cancer
1999,0,Türkiye,Esophageal cancer
2000,0,Türkiye,Esophageal cancer
2004,0,Türkiye,Esophageal cancer
2025,0,Türkiye,Esophageal cancer
2002,1,Türkiye,Gallbladder cancer
2004,1,Türkiye,Gallbladder cancer
2005,3,Türkiye,Gallbladder cancer
2006,1,Türkiye,Gallbladder cancer
2007,1,Türkiye,Gallbladder cancer
2009,1,Türkiye,Gallbladder cancer
2011,1,Türkiye,Gallbladder cancer
2012,1,Türkiye,Gallbladder cancer
2013,2,Türkiye,Gallbladder cancer
2014,1,Türkiye,Gallbladder cancer
2015,4,Türkiye,Gallbladder cancer
2016,4,Türkiye,Gallbladder cancer
2017,4,Türkiye,Gallbladder cancer
2019,5,Türkiye,Gallbladder cancer
2018,2,Türkiye,Gallbladder cancer
2020,2,Türkiye,Gallbladder cancer
2021,6,Türkiye,Gallbladder cancer
2022,7,Türkiye,Gallbladder cancer
2023,4,Türkiye,Gallbladder cancer
1984,0,Türkiye,Gallbladder cancer
1985,0,Türkiye,Gallbladder cancer
1986,0,Türkiye,Gallbladder cancer
1987,0,Türkiye,Gallbladder cancer
1988,0,Türkiye,Gallbladder cancer
1989,0,Türkiye,Gallbladder cancer
1990,0,Türkiye,Gallbladder cancer
1991,0,Türkiye,Gallbladder cancer
1992,0,Türkiye,Gallbladder cancer
1993,0,Türkiye,Gallbladder cancer
1994,0,Türkiye,Gallbladder cancer
1995,0,Türkiye,Gallbladder cancer
1996,0,Türkiye,Gallbladder cancer
1997,0,Türkiye,Gallbladder cancer
1998,0,Türkiye,Gallbladder cancer
1999,0,Türkiye,Gallbladder cancer
2000,0,Türkiye,Gallbladder cancer
2001,0,Türkiye,Gallbladder cancer
2003,0,Türkiye,Gallbladder cancer
2008,0,Türkiye,Gallbladder cancer
2010,0,Türkiye,Gallbladder cancer
2024,0,Türkiye,Gallbladder cancer
2025,0,Türkiye,Gallbladder cancer
2002,3,Türkiye,Hodgkin lymphoma
2003,8,Türkiye,Hodgkin lymphoma
2004,6,Türkiye,Hodgkin lymphoma
2005,15,Türkiye,Hodgkin lymphoma
2006,13,Türkiye,Hodgkin lymphoma
2008,14,Türkiye,Hodgkin lymphoma
2007,10,Türkiye,Hodgkin lymphoma
2009,12,Türkiye,Hodgkin lymphoma
2010,11,Türkiye,Hodgkin lymphoma
2011,17,Türkiye,Hodgkin lymphoma
2012,5,Türkiye,Hodgkin lymphoma
2013,14,Türkiye,Hodgkin lymphoma
2015,18,Türkiye,Hodgkin lymphoma
2014,19,Türkiye,Hodgkin lymphoma
2016,16,Türkiye,Hodgkin lymphoma
2017,16,Türkiye,Hodgkin lymphoma
2018,11,Türkiye,Hodgkin lymphoma
2019,20,Türkiye,Hodgkin lymphoma
2020,21,Türkiye,Hodgkin lymphoma
2021,25,Türkiye,Hodgkin lymphoma
2022,24,Türkiye,Hodgkin lymphoma
2023,12,Türkiye,Hodgkin lymphoma
2024,13,Türkiye,Hodgkin lymphoma
1994,3,Türkiye,Hodgkin lymphoma
1995,1,Türkiye,Hodgkin lymphoma
1993,1,Türkiye,Hodgkin lymphoma
1997,1,Türkiye,Hodgkin lymphoma
1998,1,Türkiye,Hodgkin lymphoma
1999,2,Türkiye,Hodgkin lymphoma
2000,3,Türkiye,Hodgkin lymphoma
1984,0,Türkiye,Hodgkin lymphoma
1985,0,Türkiye,Hodgkin lymphoma
1986,0,Türkiye,Hodgkin lymphoma
1987,0,Türkiye,Hodgkin lymphoma
1988,0,Türkiye,Hodgkin lymphoma
1989,0,Türkiye,Hodgkin lymphoma
1990,0,Türkiye,Hodgkin lymphoma
1991,0,Türkiye,Hodgkin lymphoma
1992,0,Türkiye,Hodgkin lymphoma
1996,0,Türkiye,Hodgkin lymphoma
2001,0,Türkiye,Hodgkin lymphoma
2025,0,Türkiye,Hodgkin lymphoma
2004,2,Türkiye,Kaposi sarcoma
2005,3,Türkiye,Kaposi sarcoma
2006,1,Türkiye,Kaposi sarcoma
2007,3,Türkiye,Kaposi sarcoma
2008,2,Türkiye,Kaposi sarcoma
2009,2,Türkiye,Kaposi sarcoma
2010,2,Türkiye,Kaposi sarcoma
2011,5,Türkiye,Kaposi sarcoma
2012,3,Türkiye,Kaposi sarcoma
2013,1,Türkiye,Kaposi sarcoma
2014,4,Türkiye,Kaposi sarcoma
2016,5,Türkiye,Kaposi sarcoma
2015,5,Türkiye,Kaposi sarcoma
2017,3,Türkiye,Kaposi sarcoma
2018,3,Türkiye,Kaposi sarcoma
2020,6,Türkiye,Kaposi sarcoma
2019,4,Türkiye,Kaposi sarcoma
2022,4,Türkiye,Kaposi sarcoma
2021,3,Türkiye,Kaposi sarcoma
2023,4,Türkiye,Kaposi sarcoma
2024,1,Türkiye,Kaposi sarcoma
1996,1,Türkiye,Kaposi sarcoma
1997,2,Türkiye,Kaposi sarcoma
1998,1,Türkiye,Kaposi sarcoma
2000,1,Türkiye,Kaposi sarcoma
1984,0,Türkiye,Kaposi sarcoma
1985,0,Türkiye,Kaposi sarcoma
1986,0,Türkiye,Kaposi sarcoma
1987,0,Türkiye,Kaposi sarcoma
1988,0,Türkiye,Kaposi sarcoma
1989,0,Türkiye,Kaposi sarcoma
1990,0,Türkiye,Kaposi sarcoma
1991,0,Türkiye,Kaposi sarcoma
1992,0,Türkiye,Kaposi sarcoma
1993,0,Türkiye,Kaposi sarcoma
1994,0,Türkiye,Kaposi sarcoma
1995,0,Türkiye,Kaposi sarcoma
1999,0,Türkiye,Kaposi sarcoma
2001,0,Türkiye,Kaposi sarcoma
2002,0,Türkiye,Kaposi sarcoma
2003,0,Türkiye,Kaposi sarcoma
2025,0,Türkiye,Kaposi sarcoma
1992,2,Türkiye,Kidney cancer
2001,11,Türkiye,Kidney cancer
2002,7,Türkiye,Kidney cancer
2003,11,Türkiye,Kidney cancer
2004,19,Türkiye,Kidney cancer
2005,19,Türkiye,Kidney cancer
2006,14,Türkiye,Kidney cancer
2007,17,Türkiye,Kidney cancer
2008,19,Türkiye,Kidney cancer
2009,26,Türkiye,Kidney cancer
2010,23,Türkiye,Kidney cancer
2011,20,Türkiye,Kidney cancer
2012,26,Türkiye,Kidney cancer
1989,1,Türkiye,Kidney cancer
1991,1,Türkiye,Kidney cancer
2013,37,Türkiye,Kidney cancer
2014,38,Türkiye,Kidney cancer
2016,40,Türkiye,Kidney cancer
2017,22,Türkiye,Kidney cancer
2015,34,Türkiye,Kidney cancer
2018,29,Türkiye,Kidney cancer
2019,44,Türkiye,Kidney cancer
2020,46,Türkiye,Kidney cancer
2021,51,Türkiye,Kidney cancer
2022,52,Türkiye,Kidney cancer
2023,53,Türkiye,Kidney cancer
1987,1,Türkiye,Kidney cancer
2024,32,Türkiye,Kidney cancer
1994,6,Türkiye,Kidney cancer
1995,5,Türkiye,Kidney cancer
1993,1,Türkiye,Kidney cancer
1996,7,Türkiye,Kidney cancer
1997,7,Türkiye,Kidney cancer
1998,13,Türkiye,Kidney cancer
1999,12,Türkiye,Kidney cancer
2000,10,Türkiye,Kidney cancer
1984,0,Türkiye,Kidney cancer
1985,0,Türkiye,Kidney cancer
1986,0,Türkiye,Kidney cancer
1988,0,Türkiye,Kidney cancer
1990,0,Türkiye,Kidney cancer
2025,0,Türkiye,Kidney cancer
2001,4,Türkiye,Laryngeal cancer
2002,5,Türkiye,Laryngeal cancer
2003,8,Türkiye,Laryngeal cancer
2004,5,Türkiye,Laryngeal cancer
2005,6,Türkiye,Laryngeal cancer
2006,4,Türkiye,Laryngeal cancer
2007,7,Türkiye,Laryngeal cancer
2008,6,Türkiye,Laryngeal cancer
2009,6,Türkiye,Laryngeal cancer
2010,7,Türkiye,Laryngeal cancer
2011,6,Türkiye,Laryngeal cancer
2012,4,Türkiye,Laryngeal cancer
2013,8,Türkiye,Laryngeal cancer
2014,5,Türkiye,Laryngeal cancer
2015,9,Türkiye,Laryngeal cancer
2016,19,Türkiye,Laryngeal cancer
2017,8,Türkiye,Laryngeal cancer
2018,15,Türkiye,Laryngeal cancer
2019,12,Türkiye,Laryngeal cancer
2020,8,Türkiye,Laryngeal cancer
2021,10,Türkiye,Laryngeal cancer
2022,12,Türkiye,Laryngeal cancer
2023,11,Türkiye,Laryngeal cancer
2024,5,Türkiye,Laryngeal cancer
1994,1,Türkiye,Laryngeal cancer
1995,1,Türkiye,Laryngeal cancer
1996,1,Türkiye,Laryngeal cancer
1998,2,Türkiye,Laryngeal cancer
1999,2,Türkiye,Laryngeal cancer
2000,2,Türkiye,Laryngeal cancer
1984,0,Türkiye,Laryngeal cancer
1985,0,Türkiye,Laryngeal cancer
1986,0,Türkiye,Laryngeal cancer
1987,0,Türkiye,Laryngeal cancer
1988,0,Türkiye,Laryngeal cancer
1989,0,Türkiye,Laryngeal cancer
1990,0,Türkiye,Laryngeal cancer
1991,0,Türkiye,Laryngeal cancer
1992,0,Türkiye,Laryngeal cancer
1993,0,Türkiye,Laryngeal cancer
1997,0,Türkiye,Laryngeal cancer
2025,0,Türkiye,Laryngeal cancer
1992,7,Türkiye,Leukemia
1991,5,Türkiye,Leukemia
2000,43,Türkiye,Leukemia
2001,28,Türkiye,Leukemia
2002,45,Türkiye,Leukemia
2003,65,Türkiye,Leukemia
2004,53,Türkiye,Leukemia
1996,15,Türkiye,Leukemia
2005,55,Türkiye,Leukemia
1989,10,Türkiye,Leukemia
2006,73,Türkiye,Leukemia
2008,60,Türkiye,Leukemia
2007,73,Türkiye,Leukemia
2009,72,Türkiye,Leukemia
2010,73,Türkiye,Leukemia
2011,69,Türkiye,Leukemia
2012,81,Türkiye,Leukemia
1988,3,Türkiye,Leukemia
1990,1,Türkiye,Leukemia
2013,78,Türkiye,Leukemia
2014,83,Türkiye,Leukemia
2015,98,Türkiye,Leukemia
2016,92,Türkiye,Leukemia
2017,73,Türkiye,Leukemia
2021,121,Türkiye,Leukemia
2018,68,Türkiye,Leukemia
2019,74,Türkiye,Leukemia
2020,86,Türkiye,Leukemia
2022,111,Türkiye,Leukemia
2023,99,Türkiye,Leukemia
1987,1,Türkiye,Leukemia
2024,71,Türkiye,Leukemia
2025,3,Türkiye,Leukemia
1993,9,Türkiye,Leukemia
1994,13,Türkiye,Leukemia
1995,13,Türkiye,Leukemia
1997,27,Türkiye,Leukemia
1998,40,Türkiye,Leukemia
1999,43,Türkiye,Leukemia
1984,0,Türkiye,Leukemia
1985,0,Türkiye,Leukemia
1986,0,Türkiye,Leukemia
1992,2,Türkiye,Liver cancer
1991,1,Türkiye,Liver cancer
2001,7,Türkiye,Liver cancer
2002,4,Türkiye,Liver cancer
2003,13,Türkiye,Liver cancer
2004,9,Türkiye,Liver cancer
2005,7,Türkiye,Liver cancer
2006,19,Türkiye,Liver cancer
2008,14,Türkiye,Liver cancer
2007,10,Türkiye,Liver cancer
2009,13,Türkiye,Liver cancer
2010,15,Türkiye,Liver cancer
2011,20,Türkiye,Liver cancer
2012,23,Türkiye,Liver cancer
2013,15,Türkiye,Liver cancer
2014,36,Türkiye,Liver cancer
2015,41,Türkiye,Liver cancer
2016,33,Türkiye,Liver cancer
2017,37,Türkiye,Liver cancer
2018,30,Türkiye,Liver cancer
2019,47,Türkiye,Liver cancer
2020,73,Türkiye,Liver cancer
2021,78,Türkiye,Liver cancer
2022,67,Türkiye,Liver cancer
2023,72,Türkiye,Liver cancer
2024,40,Türkiye,Liver cancer
2025,1,Türkiye,Liver cancer
1996,3,Türkiye,Liver cancer
1995,1,Türkiye,Liver cancer
1997,2,Türkiye,Liver cancer
1998,3,Türkiye,Liver cancer
1999,4,Türkiye,Liver cancer
2000,1,Türkiye,Liver cancer
1984,0,Türkiye,Liver cancer
1985,0,Türkiye,Liver cancer
1986,0,Türkiye,Liver cancer
1987,0,Türkiye,Liver cancer
1988,0,Türkiye,Liver cancer
1989,0,Türkiye,Liver cancer
1990,0,Türkiye,Liver cancer
1993,0,Türkiye,Liver cancer
1994,0,Türkiye,Liver cancer
1992,2,Türkiye,Lung cancer
1991,1,Türkiye,Lung cancer
2001,14,Türkiye,Lung cancer
2002,18,Türkiye,Lung cancer
2003,26,Türkiye,Lung cancer
2004,23,Türkiye,Lung cancer
2005,30,Türkiye,Lung cancer
2006,45,Türkiye,Lung cancer
2007,28,Türkiye,Lung cancer
2008,33,Türkiye,Lung cancer
2009,32,Türkiye,Lung cancer
2010,43,Türkiye,Lung cancer
2011,48,Türkiye,Lung cancer
2012,52,Türkiye,Lung cancer
2013,67,Türkiye,Lung cancer
2014,82,Türkiye,Lung cancer
2016,68,Türkiye,Lung cancer
2015,81,Türkiye,Lung cancer
2017,65,Türkiye,Lung cancer
2018,62,Türkiye,Lung cancer
1988,2,Türkiye,Lung cancer
2019,94,Türkiye,Lung cancer
2020,134,Türkiye,Lung cancer
2021,140,Türkiye,Lung cancer
2022,131,Türkiye,Lung cancer
2023,158,Türkiye,Lung cancer
2024,83,Türkiye,Lung cancer
2025,3,Türkiye,Lung cancer
1995,3,Türkiye,Lung cancer
1993,1,Türkiye,Lung cancer
1996,3,Türkiye,Lung cancer
1997,4,Türkiye,Lung cancer
1998,4,Türkiye,Lung cancer
1999,9,Türkiye,Lung cancer
2000,4,Türkiye,Lung cancer
1984,0,Türkiye,Lung cancer
1985,0,Türkiye,Lung cancer
1986,0,Türkiye,Lung cancer
1987,0,Türkiye,Lung cancer
1989,0,Türkiye,Lung cancer
1990,0,Türkiye,Lung cancer
1994,0,Türkiye,Lung cancer
1992,2,Türkiye,Mesothelioma
1991,1,Türkiye,Mesothelioma
2001,9,Türkiye,Mesothelioma
2002,12,Türkiye,Mesothelioma
2003,5,Türkiye,Mesothelioma
2004,12,Türkiye,Mesothelioma
2005,9,Türkiye,Mesothelioma
2006,10,Türkiye,Mesothelioma
2007,9,Türkiye,Mesothelioma
2008,11,Türkiye,Mesothelioma
2009,11,Türkiye,Mesothelioma
2010,13,Türkiye,Mesothelioma
2011,8,Türkiye,Mesothelioma
1989,1,Türkiye,Mesothelioma
1990,1,Türkiye,Mesothelioma
2012,11,Türkiye,Mesothelioma
2013,15,Türkiye,Mesothelioma
2014,18,Türkiye,Mesothelioma
2015,7,Türkiye,Mesothelioma
2016,15,Türkiye,Mesothelioma
2017,8,Türkiye,Mesothelioma
2018,9,Türkiye,Mesothelioma
1988,2,Türkiye,Mesothelioma
2019,10,Türkiye,Mesothelioma
2020,11,Türkiye,Mesothelioma
2021,4,Türkiye,Mesothelioma
2023,21,Türkiye,Mesothelioma
2022,10,Türkiye,Mesothelioma
2024,10,Türkiye,Mesothelioma
1994,2,Türkiye,Mesothelioma
1995,1,Türkiye,Mesothelioma
1996,8,Türkiye,Mesothelioma
1993,2,Türkiye,Mesothelioma
1997,3,Türkiye,Mesothelioma
1998,5,Türkiye,Mesothelioma
1999,5,Türkiye,Mesothelioma
2000,10,Türkiye,Mesothelioma
1984,0,Türkiye,Mesothelioma
1985,0,Türkiye,Mesothelioma
1986,0,Türkiye,Mesothelioma
1987,0,Türkiye,Mesothelioma
2025,0,Türkiye,Mesothelioma
2015,1,Türkiye,Mouth cancer
2021,1,Türkiye,Mouth cancer
1984,0,Türkiye,Mouth cancer
1985,0,Türkiye,Mouth cancer
1986,0,Türkiye,Mouth cancer
1987,0,Türkiye,Mouth cancer
1988,0,Türkiye,Mouth cancer
1989,0,Türkiye,Mouth cancer
1990,0,Türkiye,Mouth cancer
1991,0,Türkiye,Mouth cancer
1992,0,Türkiye,Mouth cancer
1993,0,Türkiye,Mouth cancer
1994,0,Türkiye,Mouth cancer
1995,0,Türkiye,Mouth cancer
1996,0,Türkiye,Mouth cancer
1997,0,Türkiye,Mouth cancer
1998,0,Türkiye,Mouth cancer
1999,0,Türkiye,Mouth cancer
2000,0,Türkiye,Mouth cancer
2001,0,Türkiye,Mouth cancer
2002,0,Türkiye,Mouth cancer
2003,0,Türkiye,Mouth cancer
2004,0,Türkiye,Mouth cancer
2005,0,Türkiye,Mouth cancer
2006,0,Türkiye,Mouth cancer
2007,0,Türkiye,Mouth cancer
2008,0,Türkiye,Mouth cancer
2009,0,Türkiye,Mouth cancer
2010,0,Türkiye,Mouth cancer
2011,0,Türkiye,Mouth cancer
2012,0,Türkiye,Mouth cancer
2013,0,Türkiye,Mouth cancer
2014,0,Türkiye,Mouth cancer
2016,0,Türkiye,Mouth cancer
2017,0,Türkiye,Mouth cancer
2018,0,Türkiye,Mouth cancer
2019,0,Türkiye,Mouth cancer
2020,0,Türkiye,Mouth cancer
2022,0,Türkiye,Mouth cancer
2023,0,Türkiye,Mouth cancer
2024,0,Türkiye,Mouth cancer
2025,0,Türkiye,Mouth cancer
1992,1,Türkiye,Multiple myeloma
2001,7,Türkiye,Multiple myeloma
2002,13,Türkiye,Multiple myeloma
2003,9,Türkiye,Multiple myeloma
2004,10,Türkiye,Multiple myeloma
2005,14,Türkiye,Multiple myeloma
2006,13,Türkiye,Multiple myeloma
2007,17,Türkiye,Multiple myeloma
2008,21,Türkiye,Multiple myeloma
2009,24,Türkiye,Multiple myeloma
2010,18,Türkiye,Multiple myeloma
2011,20,Türkiye,Multiple myeloma
1989,2,Türkiye,Multiple myeloma
1990,1,Türkiye,Multiple myeloma
2012,12,Türkiye,Multiple myeloma
2013,23,Türkiye,Multiple myeloma
2014,20,Türkiye,Multiple myeloma
2015,20,Türkiye,Multiple myeloma
2016,16,Türkiye,Multiple myeloma
2017,22,Türkiye,Multiple myeloma
2018,15,Türkiye,Multiple myeloma
2019,17,Türkiye,Multiple myeloma
2020,26,Türkiye,Multiple myeloma
2021,39,Türkiye,Multiple myeloma
2022,28,Türkiye,Multiple myeloma
2023,37,Türkiye,Multiple myeloma
2024,21,Türkiye,Multiple myeloma
2025,1,Türkiye,Multiple myeloma
1995,1,Türkiye,Multiple myeloma
1994,1,Türkiye,Multiple myeloma
1996,2,Türkiye,Multiple myeloma
1997,3,Türkiye,Multiple myeloma
1998,2,Türkiye,Multiple myeloma
1999,3,Türkiye,Multiple myeloma
2000,2,Türkiye,Multiple myeloma
1984,0,Türkiye,Multiple myeloma
1985,0,Türkiye,Multiple myeloma
1986,0,Türkiye,Multiple myeloma
1987,0,Türkiye,Multiple myeloma
1988,0,Türkiye,Multiple myeloma
1991,0,Türkiye,Multiple myeloma
1993,0,Türkiye,Multiple myeloma
2002,3,Türkiye,Non-Hodgkin lymphoma
2003,9,Türkiye,Non-Hodgkin lymphoma
2004,8,Türkiye,Non-Hodgkin lymphoma
2005,17,Türkiye,Non-Hodgkin lymphoma
2006,17,Türkiye,Non-Hodgkin lymphoma
2008,15,Türkiye,Non-Hodgkin lymphoma
2007,12,Türkiye,Non-Hodgkin lymphoma
2009,13,Türkiye,Non-Hodgkin lymphoma
2010,13,Türkiye,Non-Hodgkin lymphoma
2011,22,Türkiye,Non-Hodgkin lymphoma
2012,6,Türkiye,Non-Hodgkin lymphoma
2013,15,Türkiye,Non-Hodgkin lymphoma
2014,16,Türkiye,Non-Hodgkin lymphoma
2015,18,Türkiye,Non-Hodgkin lymphoma
2016,19,Türkiye,Non-Hodgkin lymphoma
2017,16,Türkiye,Non-Hodgkin lymphoma
2018,13,Türkiye,Non-Hodgkin lymphoma
2019,21,Türkiye,Non-Hodgkin lymphoma
2020,24,Türkiye,Non-Hodgkin lymphoma
2021,29,Türkiye,Non-Hodgkin lymphoma
2022,21,Türkiye,Non-Hodgkin lymphoma
2023,24,Türkiye,Non-Hodgkin lymphoma
2024,11,Türkiye,Non-Hodgkin lymphoma
1994,3,Türkiye,Non-Hodgkin lymphoma
1995,1,Türkiye,Non-Hodgkin lymphoma
1993,1,Türkiye,Non-Hodgkin lymphoma
1997,1,Türkiye,Non-Hodgkin lymphoma
1998,3,Türkiye,Non-Hodgkin lymphoma
1999,3,Türkiye,Non-Hodgkin lymphoma
2000,4,Türkiye,Non-Hodgkin lymphoma
1984,0,Türkiye,Non-Hodgkin lymphoma
1985,0,Türkiye,Non-Hodgkin lymphoma
1986,0,Türkiye,Non-Hodgkin lymphoma
1987,0,Türkiye,Non-Hodgkin lymphoma
1988,0,Türkiye,Non-Hodgkin lymphoma
1989,0,Türkiye,Non-Hodgkin lymphoma
1990,0,Türkiye,Non-Hodgkin lymphoma
1991,0,Türkiye,Non-Hodgkin lymphoma
1992,0,Türkiye,Non-Hodgkin lymphoma
1996,0,Türkiye,Non-Hodgkin lymphoma
2001,0,Türkiye,Non-Hodgkin lymphoma
2025,0,Türkiye,Non-Hodgkin lymphoma
1992,26,Türkiye,Other cancer
1990,16,Türkiye,Other cancer
1991,31,Türkiye,Other cancer
2000,165,Türkiye,Other cancer
2001,173,Türkiye,Other cancer
2002,227,Türkiye,Other cancer
2003,282,Türkiye,Other cancer
2004,316,Türkiye,Other cancer
2005,331,Türkiye,Other cancer
1989,12,Türkiye,Other cancer
2006,334,Türkiye,Other cancer
2008,342,Türkiye,Other cancer
2007,337,Türkiye,Other cancer
2009,315,Türkiye,Other cancer
1997,92,Türkiye,Other cancer
2010,323,Türkiye,Other cancer
2011,367,Türkiye,Other cancer
2013,393,Türkiye,Other cancer
2012,421,Türkiye,Other cancer
2014,474,Türkiye,Other cancer
2015,463,Türkiye,Other cancer
2016,441,Türkiye,Other cancer
1996,84,Türkiye,Other cancer
2017,341,Türkiye,Other cancer
2018,324,Türkiye,Other cancer
2019,361,Türkiye,Other cancer
2021,504,Türkiye,Other cancer
2020,425,Türkiye,Other cancer
1988,5,Türkiye,Other cancer
2025,9,Türkiye,Other cancer
2023,502,Türkiye,Other cancer
2022,516,Türkiye,Other cancer
2024,353,Türkiye,Other cancer
1987,4,Türkiye,Other cancer
1993,46,Türkiye,Other cancer
1994,43,Türkiye,Other cancer
1995,61,Türkiye,Other cancer
1998,97,Türkiye,Other cancer
1999,123,Türkiye,Other cancer
1984,0,Türkiye,Other cancer
1985,0,Türkiye,Other cancer
1986,0,Türkiye,Other cancer
1992,1,Türkiye,Ovarian cancer
2001,11,Türkiye,Ovarian cancer
2002,17,Türkiye,Ovarian cancer
2003,16,Türkiye,Ovarian cancer
1997,3,Türkiye,Ovarian cancer
2004,13,Türkiye,Ovarian cancer
2005,22,Türkiye,Ovarian cancer
2006,21,Türkiye,Ovarian cancer
2007,14,Türkiye,Ovarian cancer
2008,17,Türkiye,Ovarian cancer
2009,20,Türkiye,Ovarian cancer
2010,19,Türkiye,Ovarian cancer
2011,22,Türkiye,Ovarian cancer
2012,30,Türkiye,Ovarian cancer
1990,1,Türkiye,Ovarian cancer
1991,1,Türkiye,Ovarian cancer
2016,37,Türkiye,Ovarian cancer
2013,19,Türkiye,Ovarian cancer
2014,35,Türkiye,Ovarian cancer
2015,20,Türkiye,Ovarian cancer
2017,28,Türkiye,Ovarian cancer
2018,29,Türkiye,Ovarian cancer
2019,25,Türkiye,Ovarian cancer
2020,36,Türkiye,Ovarian cancer
2021,55,Türkiye,Ovarian cancer
2022,51,Türkiye,Ovarian cancer
2023,56,Türkiye,Ovarian cancer
2024,40,Türkiye,Ovarian cancer
2025,1,Türkiye,Ovarian cancer
1994,2,Türkiye,Ovarian cancer
1993,1,Türkiye,Ovarian cancer
1996,2,Türkiye,Ovarian cancer
1998,2,Türkiye,Ovarian cancer
1999,6,Türkiye,Ovarian cancer
2000,12,Türkiye,Ovarian cancer
1984,0,Türkiye,Ovarian cancer
1985,0,Türkiye,Ovarian cancer
1986,0,Türkiye,Ovarian cancer
1987,0,Türkiye,Ovarian cancer
1988,0,Türkiye,Ovarian cancer
1989,0,Türkiye,Ovarian cancer
1995,0,Türkiye,Ovarian cancer
2001,3,Türkiye,Pancreatic cancer
2002,2,Türkiye,Pancreatic cancer
2003,6,Türkiye,Pancreatic cancer
2004,4,Türkiye,Pancreatic cancer
2005,4,Türkiye,Pancreatic cancer
2006,3,Türkiye,Pancreatic cancer
2008,4,Türkiye,Pancreatic cancer
2007,8,Türkiye,Pancreatic cancer
2009,2,Türkiye,Pancreatic cancer
2010,6,Türkiye,Pancreatic cancer
2011,6,Türkiye,Pancreatic cancer
2012,13,Türkiye,Pancreatic cancer
2013,7,Türkiye,Pancreatic cancer
2014,13,Türkiye,Pancreatic cancer
2015,12,Türkiye,Pancreatic cancer
2016,21,Türkiye,Pancreatic cancer
2017,11,Türkiye,Pancreatic cancer
2018,13,Türkiye,Pancreatic cancer
2019,11,Türkiye,Pancreatic cancer
2020,31,Türkiye,Pancreatic cancer
2021,21,Türkiye,Pancreatic cancer
2022,32,Türkiye,Pancreatic cancer
2023,30,Türkiye,Pancreatic cancer
2024,25,Türkiye,Pancreatic cancer
1999,1,Türkiye,Pancreatic cancer
2000,2,Türkiye,Pancreatic cancer
1984,0,Türkiye,Pancreatic cancer
1985,0,Türkiye,Pancreatic cancer
1986,0,Türkiye,Pancreatic cancer
1987,0,Türkiye,Pancreatic cancer
1988,0,Türkiye,Pancreatic cancer
1989,0,Türkiye,Pancreatic cancer
1990,0,Türkiye,Pancreatic cancer
1991,0,Türkiye,Pancreatic cancer
1992,0,Türkiye,Pancreatic cancer
1993,0,Türkiye,Pancreatic cancer
1994,0,Türkiye,Pancreatic cancer
1995,0,Türkiye,Pancreatic cancer
1996,0,Türkiye,Pancreatic cancer
1997,0,Türkiye,Pancreatic cancer
1998,0,Türkiye,Pancreatic cancer
2025,0,Türkiye,Pancreatic cancer
1992,1,Türkiye,Penile cancer
2007,1,Türkiye,Penile cancer
2010,1,Türkiye,Penile cancer
2013,1,Türkiye,Penile cancer
2012,1,Türkiye,Penile cancer
2015,3,Türkiye,Penile cancer
2016,1,Türkiye,Penile cancer
2019,3,Türkiye,Penile cancer
2023,1,Türkiye,Penile cancer
2024,1,Türkiye,Penile cancer
1984,0,Türkiye,Penile cancer
1985,0,Türkiye,Penile cancer
1986,0,Türkiye,Penile cancer
1987,0,Türkiye,Penile cancer
1988,0,Türkiye,Penile cancer
1989,0,Türkiye,Penile cancer
1990,0,Türkiye,Penile cancer
1991,0,Türkiye,Penile cancer
1993,0,Türkiye,Penile cancer
1994,0,Türkiye,Penile cancer
1995,0,Türkiye,Penile cancer
1996,0,Türkiye,Penile cancer
1997,0,Türkiye,Penile cancer
1998,0,Türkiye,Penile cancer
1999,0,Türkiye,Penile cancer
2000,0,Türkiye,Penile cancer
2001,0,Türkiye,Penile cancer
2002,0,Türkiye,Penile cancer
2003,0,Türkiye,Penile cancer
2004,0,Türkiye,Penile cancer
2005,0,Türkiye,Penile cancer
2006,0,Türkiye,Penile cancer
2008,0,Türkiye,Penile cancer
2009,0,Türkiye,Penile cancer
2011,0,Türkiye,Penile cancer
2014,0,Türkiye,Penile cancer
2017,0,Türkiye,Penile cancer
2018,0,Türkiye,Penile cancer
2020,0,Türkiye,Penile cancer
2021,0,Türkiye,Penile cancer
2022,0,Türkiye,Penile cancer
2025,0,Türkiye,Penile cancer
2001,9,Türkiye,Prostate cancer
2002,12,Türkiye,Prostate cancer
1999,9,Türkiye,Prostate cancer
2000,12,Türkiye,Prostate cancer
2003,17,Türkiye,Prostate cancer
2004,16,Türkiye,Prostate cancer
2005,20,Türkiye,Prostate cancer
2006,17,Türkiye,Prostate cancer
2007,30,Türkiye,Prostate cancer
2008,26,Türkiye,Prostate cancer
2009,31,Türkiye,Prostate cancer
2010,29,Türkiye,Prostate cancer
2011,40,Türkiye,Prostate cancer
2013,45,Türkiye,Prostate cancer
2012,41,Türkiye,Prostate cancer
2014,77,Türkiye,Prostate cancer
2016,84,Türkiye,Prostate cancer
2015,96,Türkiye,Prostate cancer
2017,80,Türkiye,Prostate cancer
2018,64,Türkiye,Prostate cancer
2019,117,Türkiye,Prostate cancer
2020,129,Türkiye,Prostate cancer
2021,157,Türkiye,Prostate cancer
2022,142,Türkiye,Prostate cancer
2023,151,Türkiye,Prostate cancer
2024,112,Türkiye,Prostate cancer
2025,5,Türkiye,Prostate cancer
1994,1,Türkiye,Prostate cancer
1995,4,Türkiye,Prostate cancer
1996,5,Türkiye,Prostate cancer
1997,6,Türkiye,Prostate cancer
1998,5,Türkiye,Prostate cancer
1984,0,Türkiye,Prostate cancer
1985,0,Türkiye,Prostate cancer
1986,0,Türkiye,Prostate cancer
1987,0,Türkiye,Prostate cancer
1988,0,Türkiye,Prostate cancer
1989,0,Türkiye,Prostate cancer
1990,0,Türkiye,Prostate cancer
1991,0,Türkiye,Prostate cancer
1992,0,Türkiye,Prostate cancer
1993,0,Türkiye,Prostate cancer
2001,3,Türkiye,Rectal cancer
2003,1,Türkiye,Rectal cancer
2004,4,Türkiye,Rectal cancer
2005,7,Türkiye,Rectal cancer
2006,3,Türkiye,Rectal cancer
2007,9,Türkiye,Rectal cancer
2008,9,Türkiye,Rectal cancer
2009,6,Türkiye,Rectal cancer
2010,6,Türkiye,Rectal cancer
2011,14,Türkiye,Rectal cancer
2012,16,Türkiye,Rectal cancer
2013,14,Türkiye,Rectal cancer
2014,18,Türkiye,Rectal cancer
2015,19,Türkiye,Rectal cancer
2016,12,Türkiye,Rectal cancer
2017,12,Türkiye,Rectal cancer
2018,14,Türkiye,Rectal cancer
2019,19,Türkiye,Rectal cancer
2020,23,Türkiye,Rectal cancer
2021,30,Türkiye,Rectal cancer
2022,39,Türkiye,Rectal cancer
2023,25,Türkiye,Rectal cancer
2024,21,Türkiye,Rectal cancer
1999,3,Türkiye,Rectal cancer
1984,0,Türkiye,Rectal cancer
1985,0,Türkiye,Rectal cancer
1986,0,Türkiye,Rectal cancer
1987,0,Türkiye,Rectal cancer
1988,0,Türkiye,Rectal cancer
1989,0,Türkiye,Rectal cancer
1990,0,Türkiye,Rectal cancer
1991,0,Türkiye,Rectal cancer
1992,0,Türkiye,Rectal cancer
1993,0,Türkiye,Rectal cancer
1994,0,Türkiye,Rectal cancer
1995,0,Türkiye,Rectal cancer
1996,0,Türkiye,Rectal cancer
1997,0,Türkiye,Rectal cancer
1998,0,Türkiye,Rectal cancer
2000,0,Türkiye,Rectal cancer
2002,0,Türkiye,Rectal cancer
2025,0,Türkiye,Rectal cancer
2014,1,Türkiye,Salivary gland cancer
2016,1,Türkiye,Salivary gland cancer
2022,1,Türkiye,Salivary gland cancer
2023,1,Türkiye,Salivary gland cancer
1984,0,Türkiye,Salivary gland cancer
1985,0,Türkiye,Salivary gland cancer
1986,0,Türkiye,Salivary gland cancer
1987,0,Türkiye,Salivary gland cancer
1988,0,Türkiye,Salivary gland cancer
1989,0,Türkiye,Salivary gland cancer
1990,0,Türkiye,Salivary gland cancer
1991,0,Türkiye,Salivary gland cancer
1992,0,Türkiye,Salivary gland cancer
1993,0,Türkiye,Salivary gland cancer
1994,0,Türkiye,Salivary gland cancer
1995,0,Türkiye,Salivary gland cancer
1996,0,Türkiye,Salivary gland cancer
1997,0,Türkiye,Salivary gland cancer
1998,0,Türkiye,Salivary gland cancer
1999,0,Türkiye,Salivary gland cancer
2000,0,Türkiye,Salivary gland cancer
2001,0,Türkiye,Salivary gland cancer
2002,0,Türkiye,Salivary gland cancer
2003,0,Türkiye,Salivary gland cancer
2004,0,Türkiye,Salivary gland cancer
2005,0,Türkiye,Salivary gland cancer
2006,0,Türkiye,Salivary gland cancer
2007,0,Türkiye,Salivary gland cancer
2008,0,Türkiye,Salivary gland cancer
2009,0,Türkiye,Salivary gland cancer
2010,0,Türkiye,Salivary gland cancer
2011,0,Türkiye,Salivary gland cancer
2012,0,Türkiye,Salivary gland cancer
2013,0,Türkiye,Salivary gland cancer
2015,0,Türkiye,Salivary gland cancer
2017,0,Türkiye,Salivary gland cancer
2018,0,Türkiye,Salivary gland cancer
2019,0,Türkiye,Salivary gland cancer
2020,0,Türkiye,Salivary gland cancer
2021,0,Türkiye,Salivary gland cancer
2024,0,Türkiye,Salivary gland cancer
2025,0,Türkiye,Salivary gland cancer
1992,2,Türkiye,Skin cancer
1991,4,Türkiye,Skin cancer
2000,14,Türkiye,Skin cancer
2001,17,Türkiye,Skin cancer
2002,20,Türkiye,Skin cancer
2003,30,Türkiye,Skin cancer
2004,28,Türkiye,Skin cancer
2005,28,Türkiye,Skin cancer
2006,42,Türkiye,Skin cancer
2008,35,Türkiye,Skin cancer
2007,34,Türkiye,Skin cancer
2009,29,Türkiye,Skin cancer
2010,41,Türkiye,Skin cancer
2011,35,Türkiye,Skin cancer
2012,48,Türkiye,Skin cancer
2013,39,Türkiye,Skin cancer
2014,45,Türkiye,Skin cancer
2017,41,Türkiye,Skin cancer
2015,60,Türkiye,Skin cancer
2016,59,Türkiye,Skin cancer
2018,50,Türkiye,Skin cancer
2019,70,Türkiye,Skin cancer
2020,70,Türkiye,Skin cancer
2021,78,Türkiye,Skin cancer
2022,85,Türkiye,Skin cancer
2023,62,Türkiye,Skin cancer
2024,45,Türkiye,Skin cancer
1994,4,Türkiye,Skin cancer
1995,6,Türkiye,Skin cancer
1993,2,Türkiye,Skin cancer
1996,3,Türkiye,Skin cancer
1997,6,Türkiye,Skin cancer
1998,8,Türkiye,Skin cancer
1999,12,Türkiye,Skin cancer
1984,0,Türkiye,Skin cancer
1985,0,Türkiye,Skin cancer
1986,0,Türkiye,Skin cancer
1987,0,Türkiye,Skin cancer
1988,0,Türkiye,Skin cancer
1989,0,Türkiye,Skin cancer
1990,0,Türkiye,Skin cancer
2025,0,Türkiye,Skin cancer
1991,1,Türkiye,Stomach cancer
2001,1,Türkiye,Stomach cancer
2002,4,Türkiye,Stomach cancer
2003,4,Türkiye,Stomach cancer
2004,3,Türkiye,Stomach cancer
2005,4,Türkiye,Stomach cancer
2006,6,Türkiye,Stomach cancer
2007,10,Türkiye,Stomach cancer
2008,2,Türkiye,Stomach cancer
2009,6,Türkiye,Stomach cancer
2010,10,Türkiye,Stomach cancer
2011,9,Türkiye,Stomach cancer
2012,12,Türkiye,Stomach cancer
1990,2,Türkiye,Stomach cancer
2013,16,Türkiye,Stomach cancer
2014,13,Türkiye,Stomach cancer
2015,12,Türkiye,Stomach cancer
2016,10,Türkiye,Stomach cancer
2018,13,Türkiye,Stomach cancer
2017,6,Türkiye,Stomach cancer
2019,3,Türkiye,Stomach cancer
2020,10,Türkiye,Stomach cancer
2021,21,Türkiye,Stomach cancer
2022,15,Türkiye,Stomach cancer
2024,5,Türkiye,Stomach cancer
2023,12,Türkiye,Stomach cancer
1995,3,Türkiye,Stomach cancer
1993,2,Türkiye,Stomach cancer
1997,1,Türkiye,Stomach cancer
1998,1,Türkiye,Stomach cancer
2000,2,Türkiye,Stomach cancer
1984,0,Türkiye,Stomach cancer
1985,0,Türkiye,Stomach cancer
1986,0,Türkiye,Stomach cancer
1987,0,Türkiye,Stomach cancer
1988,0,Türkiye,Stomach cancer
1989,0,Türkiye,Stomach cancer
1992,0,Türkiye,Stomach cancer
1994,0,Türkiye,Stomach cancer
1996,0,Türkiye,Stomach cancer
1999,0,Türkiye,Stomach cancer
2025,0,Türkiye,Stomach cancer
2003,1,Türkiye,Testicular cancer
2004,1,Türkiye,Testicular cancer
2005,2,Türkiye,Testicular cancer
2006,3,Türkiye,Testicular cancer
2007,2,Türkiye,Testicular cancer
2008,6,Türkiye,Testicular cancer
2009,1,Türkiye,Testicular cancer
2010,1,Türkiye,Testicular cancer
2011,4,Türkiye,Testicular cancer
2013,8,Türkiye,Testicular cancer
2012,6,Türkiye,Testicular cancer
2014,10,Türkiye,Testicular cancer
2015,4,Türkiye,Testicular cancer
2016,9,Türkiye,Testicular cancer
2018,6,Türkiye,Testicular cancer
2017,5,Türkiye,Testicular cancer
1988,1,Türkiye,Testicular cancer
2019,5,Türkiye,Testicular cancer
2020,12,Türkiye,Testicular cancer
2021,10,Türkiye,Testicular cancer
2023,12,Türkiye,Testicular cancer
2022,6,Türkiye,Testicular cancer
2024,8,Türkiye,Testicular cancer
1995,1,Türkiye,Testicular cancer
1996,1,Türkiye,Testicular cancer
1998,2,Türkiye,Testicular cancer
2000,2,Türkiye,Testicular cancer
2001,1,Türkiye,Testicular cancer
1999,1,Türkiye,Testicular cancer
1984,0,Türkiye,Testicular cancer
1985,0,Türkiye,Testicular cancer
1986,0,Türkiye,Testicular cancer
1987,0,Türkiye,Testicular cancer
1989,0,Türkiye,Testicular cancer
1990,0,Türkiye,Testicular cancer
1991,0,Türkiye,Testicular cancer
1992,0,Türkiye,Testicular cancer
1993,0,Türkiye,Testicular cancer
1994,0,Türkiye,Testicular cancer
1997,0,Türkiye,Testicular cancer
2002,0,Türkiye,Testicular cancer
2025,0,Türkiye,Testicular cancer
2020,1,Türkiye,Throat cancer
1984,0,Türkiye,Throat cancer
1985,0,Türkiye,Throat cancer
1986,0,Türkiye,Throat cancer
1987,0,Türkiye,Throat cancer
1988,0,Türkiye,Throat cancer
1989,0,Türkiye,Throat cancer
1990,0,Türkiye,Throat cancer
1991,0,Türkiye,Throat cancer
1992,0,Türkiye,Throat cancer
1993,0,Türkiye,Throat cancer
1994,0,Türkiye,Throat cancer
1995,0,Türkiye,Throat cancer
1996,0,Türkiye,Throat cancer
1997,0,Türkiye,Throat cancer
1998,0,Türkiye,Throat cancer
1999,0,Türkiye,Throat cancer
2000,0,Türkiye,Throat cancer
2001,0,Türkiye,Throat cancer
2002,0,Türkiye,Throat cancer
2003,0,Türkiye,Throat cancer
2004,0,Türkiye,Throat cancer
2005,0,Türkiye,Throat cancer
2006,0,Türkiye,Throat cancer
2007,0,Türkiye,Throat cancer
2008,0,Türkiye,Throat cancer
2009,0,Türkiye,Throat cancer
2010,0,Türkiye,Throat cancer
2011,0,Türkiye,Throat cancer
2012,0,Türkiye,Throat cancer
2013,0,Türkiye,Throat cancer
2014,0,Türkiye,Throat cancer
2015,0,Türkiye,Throat cancer
2016,0,Türkiye,Throat cancer
2017,0,Türkiye,Throat cancer
2018,0,Türkiye,Throat cancer
2019,0,Türkiye,Throat cancer
2021,0,Türkiye,Throat cancer
2022,0,Türkiye,Throat cancer
2023,0,Türkiye,Throat cancer
2024,0,Türkiye,Throat cancer
2025,0,Türkiye,Throat cancer
1991,1,Türkiye,Thyroid cancer
2001,4,Türkiye,Thyroid cancer
2002,2,Türkiye,Thyroid cancer
2003,3,Türkiye,Thyroid cancer
2004,9,Türkiye,Thyroid cancer
2005,5,Türkiye,Thyroid cancer
2006,10,Türkiye,Thyroid cancer
2008,14,Türkiye,Thyroid cancer
2007,9,Türkiye,Thyroid cancer
2009,15,Türkiye,Thyroid cancer
2010,16,Türkiye,Thyroid cancer
2011,19,Türkiye,Thyroid cancer
2012,26,Türkiye,Thyroid cancer
2013,34,Türkiye,Thyroid cancer
2014,44,Türkiye,Thyroid cancer
2015,43,Türkiye,Thyroid cancer
2016,45,Türkiye,Thyroid cancer
2017,38,Türkiye,Thyroid cancer
1989,1,Türkiye,Thyroid cancer
2018,34,Türkiye,Thyroid cancer
2019,49,Türkiye,Thyroid cancer
2020,38,Türkiye,Thyroid cancer
2021,69,Türkiye,Thyroid cancer
2022,53,Türkiye,Thyroid cancer
2023,63,Türkiye,Thyroid cancer
2024,45,Türkiye,Thyroid cancer
2025,1,Türkiye,Thyroid cancer
1995,1,Türkiye,Thyroid cancer
1996,3,Türkiye,Thyroid cancer
1997,1,Türkiye,Thyroid cancer
1998,1,Türkiye,Thyroid cancer
1999,3,Türkiye,Thyroid cancer
2000,3,Türkiye,Thyroid cancer
1984,0,Türkiye,Thyroid cancer
1985,0,Türkiye,Thyroid cancer
1986,0,Türkiye,Thyroid cancer
1987,0,Türkiye,Thyroid cancer
1988,0,Türkiye,Thyroid cancer
1990,0,Türkiye,Thyroid cancer
1992,0,Türkiye,Thyroid cancer
1993,0,Türkiye,Thyroid cancer
1994,0,Türkiye,Thyroid cancer
1990,49,Türkiye,Undetermined cancer
1991,55,Türkiye,Undetermined cancer
1992,66,Türkiye,Undetermined cancer
2000,252,Türkiye,Undetermined cancer
2001,291,Türkiye,Undetermined cancer
2002,383,Türkiye,Undetermined cancer
1999,203,Türkiye,Undetermined cancer
2003,497,Türkiye,Undetermined cancer
2004,594,Türkiye,Undetermined cancer
1997,198,Türkiye,Undetermined cancer
2005,639,Türkiye,Undetermined cancer
2006,622,Türkiye,Undetermined cancer
2007,669,Türkiye,Undetermined cancer
2008,667,Türkiye,Undetermined cancer
2009,678,Türkiye,Undetermined cancer
1986,2,Türkiye,Undetermined cancer
2010,647,Türkiye,Undetermined cancer
2011,707,Türkiye,Undetermined cancer
2012,736,Türkiye,Undetermined cancer
2013,815,Türkiye,Undetermined cancer
1987,9,Türkiye,Undetermined cancer
1988,15,Türkiye,Undetermined cancer
1989,29,Türkiye,Undetermined cancer
2014,897,Türkiye,Undetermined cancer
2015,875,Türkiye,Undetermined cancer
2016,899,Türkiye,Undetermined cancer
2017,751,Türkiye,Undetermined cancer
2018,737,Türkiye,Undetermined cancer
2019,873,Türkiye,Undetermined cancer
1995,125,Türkiye,Undetermined cancer
2020,1067,Türkiye,Undetermined cancer
2025,32,Türkiye,Undetermined cancer
2021,1202,Türkiye,Undetermined cancer
2022,1182,Türkiye,Undetermined cancer
2023,1186,Türkiye,Undetermined cancer
2024,858,Türkiye,Undetermined cancer
1993,92,Türkiye,Undetermined cancer
1994,92,Türkiye,Undetermined cancer
1996,156,Türkiye,Undetermined cancer
1998,173,Türkiye,Undetermined cancer
1984,0,Türkiye,Undetermined cancer
1985,0,Türkiye,Undetermined cancer
1992,2,Türkiye,Uterine cancer
1991,1,Türkiye,Uterine cancer
2002,8,Türkiye,Uterine cancer
1994,1,Türkiye,Uterine cancer
2001,2,Türkiye,Uterine cancer
2003,8,Türkiye,Uterine cancer
2004,13,Türkiye,Uterine cancer
2005,11,Türkiye,Uterine cancer
2006,12,Türkiye,Uterine cancer
2008,14,Türkiye,Uterine cancer
2007,7,Türkiye,Uterine cancer
2009,16,Türkiye,Uterine cancer
2010,16,Türkiye,Uterine cancer
2011,17,Türkiye,Uterine cancer
2012,32,Türkiye,Uterine cancer
2013,23,Türkiye,Uterine cancer
2014,22,Türkiye,Uterine cancer
2015,43,Türkiye,Uterine cancer
2016,29,Türkiye,Uterine cancer
2017,37,Türkiye,Uterine cancer
2018,34,Türkiye,Uterine cancer
2019,51,Türkiye,Uterine cancer
2020,37,Türkiye,Uterine cancer
2021,56,Türkiye,Uterine cancer
2022,44,Türkiye,Uterine cancer
2023,47,Türkiye,Uterine cancer
2024,19,Türkiye,Uterine cancer
1995,4,Türkiye,Uterine cancer
1993,1,Türkiye,Uterine cancer
1996,1,Türkiye,Uterine cancer
1997,1,Türkiye,Uterine cancer
1998,2,Türkiye,Uterine cancer
1999,2,Türkiye,Uterine cancer
2000,1,Türkiye,Uterine cancer
1984,0,Türkiye,Uterine cancer
1985,0,Türkiye,Uterine cancer
1986,0,Türkiye,Uterine cancer
1987,0,Türkiye,Uterine cancer
1988,0,Türkiye,Uterine cancer
1989,0,Türkiye,Uterine cancer
1990,0,Türkiye,Uterine cancer
2025,0,Türkiye,Uterine cancer
2006,1,Türkiye,Vaginal cancer
2016,1,Türkiye,Vaginal cancer
2020,1,Türkiye,Vaginal cancer
2021,2,Türkiye,Vaginal cancer
2022,3,Türkiye,Vaginal cancer
1984,0,Türkiye,Vaginal cancer
1985,0,Türkiye,Vaginal cancer
1986,0,Türkiye,Vaginal cancer
1987,0,Türkiye,Vaginal cancer
1988,0,Türkiye,Vaginal cancer
1989,0,Türkiye,Vaginal cancer
1990,0,Türkiye,Vaginal cancer
1991,0,Türkiye,Vaginal cancer
1992,0,Türkiye,Vaginal cancer
1993,0,Türkiye,Vaginal cancer
1994,0,Türkiye,Vaginal cancer
1995,0,Türkiye,Vaginal cancer
1996,0,Türkiye,Vaginal cancer
1997,0,Türkiye,Vaginal cancer
1998,0,Türkiye,Vaginal cancer
1999,0,Türkiye,Vaginal cancer
2000,0,Türkiye,Vaginal cancer
2001,0,Türkiye,Vaginal cancer
2002,0,Türkiye,Vaginal cancer
2003,0,Türkiye,Vaginal cancer
2004,0,Türkiye,Vaginal cancer
2005,0,Türkiye,Vaginal cancer
2007,0,Türkiye,Vaginal cancer
2008,0,Türkiye,Vaginal cancer
2009,0,Türkiye,Vaginal cancer
2010,0,Türkiye,Vaginal cancer
2011,0,Türkiye,Vaginal cancer
2012,0,Türkiye,Vaginal cancer
2013,0,Türkiye,Vaginal cancer
2014,0,Türkiye,Vaginal cancer
2015,0,Türkiye,Vaginal cancer
2017,0,Türkiye,Vaginal cancer
2018,0,Türkiye,Vaginal cancer
2019,0,Türkiye,Vaginal cancer
2023,0,Türkiye,Vaginal cancer
2024,0,Türkiye,Vaginal cancer
2025,0,Türkiye,Vaginal cancer
2001,1,Türkiye,Vulvar cancer
2005,1,Türkiye,Vulvar cancer
2008,2,Türkiye,Vulvar cancer
2009,1,Türkiye,Vulvar cancer
2010,2,Türkiye,Vulvar cancer
2011,1,Türkiye,Vulvar cancer
2012,1,Türkiye,Vulvar cancer
2013,3,Türkiye,Vulvar cancer
2014,2,Türkiye,Vulvar cancer
2016,3,Türkiye,Vulvar cancer
2015,1,Türkiye,Vulvar cancer
2017,1,Türkiye,Vulvar cancer
2018,1,Türkiye,Vulvar cancer
2021,5,Türkiye,Vulvar cancer
2020,4,Türkiye,Vulvar cancer
2022,2,Türkiye,Vulvar cancer
2023,2,Türkiye,Vulvar cancer
2000,2,Türkiye,Vulvar cancer
1984,0,Türkiye,Vulvar cancer
1985,0,Türkiye,Vulvar cancer
1986,0,Türkiye,Vulvar cancer
1987,0,Türkiye,Vulvar cancer
1988,0,Türkiye,Vulvar cancer
1989,0,Türkiye,Vulvar cancer
1990,0,Türkiye,Vulvar cancer
1991,0,Türkiye,Vulvar cancer
1992,0,Türkiye,Vulvar cancer
1993,0,Türkiye,Vulvar cancer
1994,0,Türkiye,Vulvar cancer
1995,0,Türkiye,Vulvar cancer
1996,0,Türkiye,Vulvar cancer
1997,0,Türkiye,Vulvar cancer
1998,0,Türkiye,Vulvar cancer
1999,0,Türkiye,Vulvar cancer
2002,0,Türkiye,Vulvar cancer
2003,0,Türkiye,Vulvar cancer
2004,0,Türkiye,Vulvar cancer
2006,0,Türkiye,Vulvar cancer
2007,0,Türkiye,Vulvar cancer
2019,0,Türkiye,Vulvar cancer
2024,0,Türkiye,Vulvar cancer
2025,0,Türkiye,Vulvar cancer
2013,2,Iran,Anal cancer
2014,1,Iran,Anal cancer
2016,1,Iran,Anal cancer
2018,2,Iran,Anal cancer
2023,2,Iran,Anal cancer
1984,0,Iran,Anal cancer
1985,0,Iran,Anal cancer
1986,0,Iran,Anal cancer
1987,0,Iran,Anal cancer
1988,0,Iran,Anal cancer
1989,0,Iran,Anal cancer
1990,0,Iran,Anal cancer
1991,0,Iran,Anal cancer
1992,0,Iran,Anal cancer
1993,0,Iran,Anal cancer
1994,0,Iran,Anal cancer
1995,0,Iran,Anal cancer
1996,0,Iran,Anal cancer
1997,0,Iran,Anal cancer
1998,0,Iran,Anal cancer
1999,0,Iran,Anal cancer
2000,0,Iran,Anal cancer
2001,0,Iran,Anal cancer
2002,0,Iran,Anal cancer
2003,0,Iran,Anal cancer
2004,0,Iran,Anal cancer
2005,0,Iran,Anal cancer
2006,0,Iran,Anal cancer
2007,0,Iran,Anal cancer
2008,0,Iran,Anal cancer
2009,0,Iran,Anal cancer
2010,0,Iran,Anal cancer
2011,0,Iran,Anal cancer
2012,0,Iran,Anal cancer
2015,0,Iran,Anal cancer
2017,0,Iran,Anal cancer
2019,0,Iran,Anal cancer
2020,0,Iran,Anal cancer
2021,0,Iran,Anal cancer
2022,0,Iran,Anal cancer
2024,0,Iran,Anal cancer
2025,0,Iran,Anal cancer
2002,1,Iran,Bladder cancer
2004,3,Iran,Bladder cancer
2005,3,Iran,Bladder cancer
2006,2,Iran,Bladder cancer
2007,2,Iran,Bladder cancer
2008,3,Iran,Bladder cancer
2009,10,Iran,Bladder cancer
2010,6,Iran,Bladder cancer
2011,6,Iran,Bladder cancer
2012,8,Iran,Bladder cancer
2013,12,Iran,Bladder cancer
2014,17,Iran,Bladder cancer
2015,14,Iran,Bladder cancer
2016,15,Iran,Bladder cancer
2017,20,Iran,Bladder cancer
2018,18,Iran,Bladder cancer
2019,26,Iran,Bladder cancer
2020,38,Iran,Bladder cancer
2021,38,Iran,Bladder cancer
2022,51,Iran,Bladder cancer
2023,38,Iran,Bladder cancer
2024,28,Iran,Bladder cancer
2025,1,Iran,Bladder cancer
1984,0,Iran,Bladder cancer
1985,0,Iran,Bladder cancer
1986,0,Iran,Bladder cancer
1987,0,Iran,Bladder cancer
1988,0,Iran,Bladder cancer
1989,0,Iran,Bladder cancer
1990,0,Iran,Bladder cancer
1991,0,Iran,Bladder cancer
1992,0,Iran,Bladder cancer
1993,0,Iran,Bladder cancer
1994,0,Iran,Bladder cancer
1995,0,Iran,Bladder cancer
1996,0,Iran,Bladder cancer
1997,0,Iran,Bladder cancer
1998,0,Iran,Bladder cancer
1999,0,Iran,Bladder cancer
2000,0,Iran,Bladder cancer
2001,0,Iran,Bladder cancer
2003,0,Iran,Bladder cancer
1991,1,Iran,Brain cancer
2001,1,Iran,Brain cancer
2002,1,Iran,Brain cancer
2003,1,Iran,Brain cancer
2004,2,Iran,Brain cancer
2005,3,Iran,Brain cancer
2006,6,Iran,Brain cancer
2007,5,Iran,Brain cancer
2008,8,Iran,Brain cancer
2009,5,Iran,Brain cancer
2010,13,Iran,Brain cancer
2011,16,Iran,Brain cancer
2012,17,Iran,Brain cancer
2013,17,Iran,Brain cancer
2014,36,Iran,Brain cancer
2015,27,Iran,Brain cancer
2016,29,Iran,Brain cancer
2017,38,Iran,Brain cancer
2018,53,Iran,Brain cancer
2019,56,Iran,Brain cancer
2020,65,Iran,Brain cancer
2021,94,Iran,Brain cancer
2024,79,Iran,Brain cancer
2022,93,Iran,Brain cancer
2023,103,Iran,Brain cancer
1997,1,Iran,Brain cancer
2000,2,Iran,Brain cancer
1984,0,Iran,Brain cancer
1985,0,Iran,Brain cancer
1986,0,Iran,Brain cancer
1987,0,Iran,Brain cancer
1988,0,Iran,Brain cancer
1989,0,Iran,Brain cancer
1990,0,Iran,Brain cancer
1992,0,Iran,Brain cancer
1993,0,Iran,Brain cancer
1994,0,Iran,Brain cancer
1995,0,Iran,Brain cancer
1996,0,Iran,Brain cancer
1998,0,Iran,Brain cancer
1999,0,Iran,Brain cancer
2025,0,Iran,Brain cancer
2001,6,Iran,Breast cancer
2002,5,Iran,Breast cancer
2003,7,Iran,Breast cancer
2004,10,Iran,Breast cancer
2005,17,Iran,Breast cancer
2006,15,Iran,Breast cancer
2007,18,Iran,Breast cancer
2008,24,Iran,Breast cancer
2009,54,Iran,Breast cancer
2010,70,Iran,Breast cancer
2011,102,Iran,Breast cancer
2012,175,Iran,Breast cancer
1990,1,Iran,Breast cancer
2013,186,Iran,Breast cancer
2014,229,Iran,Breast cancer
2015,289,Iran,Breast cancer
2016,370,Iran,Breast cancer
2017,314,Iran,Breast cancer
2018,407,Iran,Breast cancer
2019,481,Iran,Breast cancer
2020,522,Iran,Breast cancer
2022,552,Iran,Breast cancer
2025,10,Iran,Breast cancer
2021,558,Iran,Breast cancer
2023,597,Iran,Breast cancer
2024,393,Iran,Breast cancer
1999,2,Iran,Breast cancer
2000,3,Iran,Breast cancer
1984,0,Iran,Breast cancer
1985,0,Iran,Breast cancer
1986,0,Iran,Breast cancer
1987,0,Iran,Breast cancer
1988,0,Iran,Breast cancer
1989,0,Iran,Breast cancer
1991,0,Iran,Breast cancer
1992,0,Iran,Breast cancer
1993,0,Iran,Breast cancer
1994,0,Iran,Breast cancer
1995,0,Iran,Breast cancer
1996,0,Iran,Breast cancer
1997,0,Iran,Breast cancer
1998,0,Iran,Breast cancer
1991,1,Iran,Cervical cancer
2002,3,Iran,Cervical cancer
2003,4,Iran,Cervical cancer
2004,2,Iran,Cervical cancer
2005,4,Iran,Cervical cancer
2006,4,Iran,Cervical cancer
2007,3,Iran,Cervical cancer
2008,11,Iran,Cervical cancer
2009,6,Iran,Cervical cancer
2010,8,Iran,Cervical cancer
2011,19,Iran,Cervical cancer
2012,25,Iran,Cervical cancer
2013,25,Iran,Cervical cancer
2014,28,Iran,Cervical cancer
2015,38,Iran,Cervical cancer
2016,35,Iran,Cervical cancer
2017,36,Iran,Cervical cancer
2018,38,Iran,Cervical cancer
2019,41,Iran,Cervical cancer
2020,58,Iran,Cervical cancer
2021,68,Iran,Cervical cancer
2022,72,Iran,Cervical cancer
2024,67,Iran,Cervical cancer
2023,63,Iran,Cervical cancer
1984,0,Iran,Cervical cancer
1985,0,Iran,Cervical cancer
1986,0,Iran,Cervical cancer
1987,0,Iran,Cervical cancer
1988,0,Iran,Cervical cancer
1989,0,Iran,Cervical cancer
1990,0,Iran,Cervical cancer
1992,0,Iran,Cervical cancer
1993,0,Iran,Cervical cancer
1994,0,Iran,Cervical cancer
1995,0,Iran,Cervical cancer
1996,0,Iran,Cervical cancer
1997,0,Iran,Cervical cancer
1998,0,Iran,Cervical cancer
1999,0,Iran,Cervical cancer
2000,0,Iran,Cervical cancer
2001,0,Iran,Cervical cancer
2025,0,Iran,Cervical cancer
1992,1,Iran,Colon cancer
2003,2,Iran,Colon cancer
2004,1,Iran,Colon cancer
2005,3,Iran,Colon cancer
2006,2,Iran,Colon cancer
2007,2,Iran,Colon cancer
2008,3,Iran,Colon cancer
2009,6,Iran,Colon cancer
2010,10,Iran,Colon cancer
2011,12,Iran,Colon cancer
2012,17,Iran,Colon cancer
2013,15,Iran,Colon cancer
2014,25,Iran,Colon cancer
2015,24,Iran,Colon cancer
2016,36,Iran,Colon cancer
2017,42,Iran,Colon cancer
2018,48,Iran,Colon cancer
2019,70,Iran,Colon cancer
2020,72,Iran,Colon cancer
2021,66,Iran,Colon cancer
2022,81,Iran,Colon cancer
2023,64,Iran,Colon cancer
2024,60,Iran,Colon cancer
1984,0,Iran,Colon cancer
1985,0,Iran,Colon cancer
1986,0,Iran,Colon cancer
1987,0,Iran,Colon cancer
1988,0,Iran,Colon cancer
1989,0,Iran,Colon cancer
1990,0,Iran,Colon cancer
1991,0,Iran,Colon cancer
1993,0,Iran,Colon cancer
1994,0,Iran,Colon cancer
1995,0,Iran,Colon cancer
1996,0,Iran,Colon cancer
1997,0,Iran,Colon cancer
1998,0,Iran,Colon cancer
1999,0,Iran,Colon cancer
2000,0,Iran,Colon cancer
2001,0,Iran,Colon cancer
2002,0,Iran,Colon cancer
2025,0,Iran,Colon cancer
2001,1,Iran,Colorectal cancer
2002,1,Iran,Colorectal cancer
2003,1,Iran,Colorectal cancer
2004,2,Iran,Colorectal cancer
2005,4,Iran,Colorectal cancer
2006,7,Iran,Colorectal cancer
2007,7,Iran,Colorectal cancer
2008,11,Iran,Colorectal cancer
2009,21,Iran,Colorectal cancer
2010,18,Iran,Colorectal cancer
2011,33,Iran,Colorectal cancer
2012,39,Iran,Colorectal cancer
2013,48,Iran,Colorectal cancer
2014,70,Iran,Colorectal cancer
2015,81,Iran,Colorectal cancer
2016,107,Iran,Colorectal cancer
2017,104,Iran,Colorectal cancer
2018,140,Iran,Colorectal cancer
2019,194,Iran,Colorectal cancer
2020,210,Iran,Colorectal cancer
2021,241,Iran,Colorectal cancer
2022,256,Iran,Colorectal cancer
2023,258,Iran,Colorectal cancer
2024,199,Iran,Colorectal cancer
2025,2,Iran,Colorectal cancer
2000,1,Iran,Colorectal cancer
1984,0,Iran,Colorectal cancer
1985,0,Iran,Colorectal cancer
1986,0,Iran,Colorectal cancer
1987,0,Iran,Colorectal cancer
1988,0,Iran,Colorectal cancer
1989,0,Iran,Colorectal cancer
1990,0,Iran,Colorectal cancer
1991,0,Iran,Colorectal cancer
1992,0,Iran,Colorectal cancer
1993,0,Iran,Colorectal cancer
1994,0,Iran,Colorectal cancer
1995,0,Iran,Colorectal cancer
1996,0,Iran,Colorectal cancer
1997,0,Iran,Colorectal cancer
1998,0,Iran,Colorectal cancer
1999,0,Iran,Colorectal cancer
2001,1,Iran,Esophageal cancer
2002,1,Iran,Esophageal cancer
2003,2,Iran,Esophageal cancer
2004,3,Iran,Esophageal cancer
2005,5,Iran,Esophageal cancer
2006,7,Iran,Esophageal cancer
2007,4,Iran,Esophageal cancer
2008,7,Iran,Esophageal cancer
2009,11,Iran,Esophageal cancer
2010,10,Iran,Esophageal cancer
2011,13,Iran,Esophageal cancer
2012,22,Iran,Esophageal cancer
2013,27,Iran,Esophageal cancer
2014,16,Iran,Esophageal cancer
2015,17,Iran,Esophageal cancer
2016,19,Iran,Esophageal cancer
2017,17,Iran,Esophageal cancer
2018,23,Iran,Esophageal cancer
1988,1,Iran,Esophageal cancer
2019,20,Iran,Esophageal cancer
2020,30,Iran,Esophageal cancer
2021,24,Iran,Esophageal cancer
2022,28,Iran,Esophageal cancer
2023,27,Iran,Esophageal cancer
2024,16,Iran,Esophageal cancer
1998,1,Iran,Esophageal cancer
2000,1,Iran,Esophageal cancer
1984,0,Iran,Esophageal cancer
1985,0,Iran,Esophageal cancer
1986,0,Iran,Esophageal cancer
1987,0,Iran,Esophageal cancer
1989,0,Iran,Esophageal cancer
1990,0,Iran,Esophageal cancer
1991,0,Iran,Esophageal cancer
1992,0,Iran,Esophageal cancer
1993,0,Iran,Esophageal cancer
1994,0,Iran,Esophageal cancer
1995,0,Iran,Esophageal cancer
1996,0,Iran,Esophageal cancer
1997,0,Iran,Esophageal cancer
1999,0,Iran,Esophageal cancer
2025,0,Iran,Esophageal cancer
2013,2,Iran,Gallbladder cancer
2018,1,Iran,Gallbladder cancer
2019,1,Iran,Gallbladder cancer
2021,2,Iran,Gallbladder cancer
2022,1,Iran,Gallbladder cancer
2023,2,Iran,Gallbladder cancer
2024,1,Iran,Gallbladder cancer
1984,0,Iran,Gallbladder cancer
1985,0,Iran,Gallbladder cancer
1986,0,Iran,Gallbladder cancer
1987,0,Iran,Gallbladder cancer
1988,0,Iran,Gallbladder cancer
1989,0,Iran,Gallbladder cancer
1990,0,Iran,Gallbladder cancer
1991,0,Iran,Gallbladder cancer
1992,0,Iran,Gallbladder cancer
1993,0,Iran,Gallbladder cancer
1994,0,Iran,Gallbladder cancer
1995,0,Iran,Gallbladder cancer
1996,0,Iran,Gallbladder cancer
1997,0,Iran,Gallbladder cancer
1998,0,Iran,Gallbladder cancer
1999,0,Iran,Gallbladder cancer
2000,0,Iran,Gallbladder cancer
2001,0,Iran,Gallbladder cancer
2002,0,Iran,Gallbladder cancer
2003,0,Iran,Gallbladder cancer
2004,0,Iran,Gallbladder cancer
2005,0,Iran,Gallbladder cancer
2006,0,Iran,Gallbladder cancer
2007,0,Iran,Gallbladder cancer
2008,0,Iran,Gallbladder cancer
2009,0,Iran,Gallbladder cancer
2010,0,Iran,Gallbladder cancer
2011,0,Iran,Gallbladder cancer
2012,0,Iran,Gallbladder cancer
2014,0,Iran,Gallbladder cancer
2015,0,Iran,Gallbladder cancer
2016,0,Iran,Gallbladder cancer
2017,0,Iran,Gallbladder cancer
2020,0,Iran,Gallbladder cancer
2025,0,Iran,Gallbladder cancer
2005,1,Iran,Hodgkin lymphoma
2006,2,Iran,Hodgkin lymphoma
2007,2,Iran,Hodgkin lymphoma
2008,1,Iran,Hodgkin lymphoma
2009,1,Iran,Hodgkin lymphoma
2010,1,Iran,Hodgkin lymphoma
2011,3,Iran,Hodgkin lymphoma
2012,7,Iran,Hodgkin lymphoma
2013,3,Iran,Hodgkin lymphoma
2014,7,Iran,Hodgkin lymphoma
2015,6,Iran,Hodgkin lymphoma
2016,5,Iran,Hodgkin lymphoma
2017,7,Iran,Hodgkin lymphoma
2018,10,Iran,Hodgkin lymphoma
2019,3,Iran,Hodgkin lymphoma
2020,4,Iran,Hodgkin lymphoma
2021,13,Iran,Hodgkin lymphoma
2022,11,Iran,Hodgkin lymphoma
2023,15,Iran,Hodgkin lymphoma
2024,4,Iran,Hodgkin lymphoma
1984,0,Iran,Hodgkin lymphoma
1985,0,Iran,Hodgkin lymphoma
1986,0,Iran,Hodgkin lymphoma
1987,0,Iran,Hodgkin lymphoma
1988,0,Iran,Hodgkin lymphoma
1989,0,Iran,Hodgkin lymphoma
1990,0,Iran,Hodgkin lymphoma
1991,0,Iran,Hodgkin lymphoma
1992,0,Iran,Hodgkin lymphoma
1993,0,Iran,Hodgkin lymphoma
1994,0,Iran,Hodgkin lymphoma
1995,0,Iran,Hodgkin lymphoma
1996,0,Iran,Hodgkin lymphoma
1997,0,Iran,Hodgkin lymphoma
1998,0,Iran,Hodgkin lymphoma
1999,0,Iran,Hodgkin lymphoma
2000,0,Iran,Hodgkin lymphoma
2001,0,Iran,Hodgkin lymphoma
2002,0,Iran,Hodgkin lymphoma
2003,0,Iran,Hodgkin lymphoma
2004,0,Iran,Hodgkin lymphoma
2025,0,Iran,Hodgkin lymphoma
2009,2,Iran,Kaposi sarcoma
2007,2,Iran,Kaposi sarcoma
2010,1,Iran,Kaposi sarcoma
2012,3,Iran,Kaposi sarcoma
2014,1,Iran,Kaposi sarcoma
2015,1,Iran,Kaposi sarcoma
2017,1,Iran,Kaposi sarcoma
2021,2,Iran,Kaposi sarcoma
2020,2,Iran,Kaposi sarcoma
1984,0,Iran,Kaposi sarcoma
1985,0,Iran,Kaposi sarcoma
1986,0,Iran,Kaposi sarcoma
1987,0,Iran,Kaposi sarcoma
1988,0,Iran,Kaposi sarcoma
1989,0,Iran,Kaposi sarcoma
1990,0,Iran,Kaposi sarcoma
1991,0,Iran,Kaposi sarcoma
1992,0,Iran,Kaposi sarcoma
1993,0,Iran,Kaposi sarcoma
1994,0,Iran,Kaposi sarcoma
1995,0,Iran,Kaposi sarcoma
1996,0,Iran,Kaposi sarcoma
1997,0,Iran,Kaposi sarcoma
1998,0,Iran,Kaposi sarcoma
1999,0,Iran,Kaposi sarcoma
2000,0,Iran,Kaposi sarcoma
2001,0,Iran,Kaposi sarcoma
2002,0,Iran,Kaposi sarcoma
2003,0,Iran,Kaposi sarcoma
2004,0,Iran,Kaposi sarcoma
2005,0,Iran,Kaposi sarcoma
2006,0,Iran,Kaposi sarcoma
2008,0,Iran,Kaposi sarcoma
2011,0,Iran,Kaposi sarcoma
2013,0,Iran,Kaposi sarcoma
2016,0,Iran,Kaposi sarcoma
2018,0,Iran,Kaposi sarcoma
2019,0,Iran,Kaposi sarcoma
2022,0,Iran,Kaposi sarcoma
2023,0,Iran,Kaposi sarcoma
2024,0,Iran,Kaposi sarcoma
2025,0,Iran,Kaposi sarcoma
2003,1,Iran,Kidney cancer
2006,1,Iran,Kidney cancer
2007,3,Iran,Kidney cancer
2008,6,Iran,Kidney cancer
2009,9,Iran,Kidney cancer
2010,4,Iran,Kidney cancer
2011,4,Iran,Kidney cancer
2012,8,Iran,Kidney cancer
2013,9,Iran,Kidney cancer
2014,10,Iran,Kidney cancer
2016,12,Iran,Kidney cancer
2015,7,Iran,Kidney cancer
2017,16,Iran,Kidney cancer
2018,14,Iran,Kidney cancer
2019,8,Iran,Kidney cancer
2020,14,Iran,Kidney cancer
2021,11,Iran,Kidney cancer
2022,29,Iran,Kidney cancer
2023,22,Iran,Kidney cancer
2024,21,Iran,Kidney cancer
2025,1,Iran,Kidney cancer
2000,2,Iran,Kidney cancer
1984,0,Iran,Kidney cancer
1985,0,Iran,Kidney cancer
1986,0,Iran,Kidney cancer
1987,0,Iran,Kidney cancer
1988,0,Iran,Kidney cancer
1989,0,Iran,Kidney cancer
1990,0,Iran,Kidney cancer
1991,0,Iran,Kidney cancer
1992,0,Iran,Kidney cancer
1993,0,Iran,Kidney cancer
1994,0,Iran,Kidney cancer
1995,0,Iran,Kidney cancer
1996,0,Iran,Kidney cancer
1997,0,Iran,Kidney cancer
1998,0,Iran,Kidney cancer
1999,0,Iran,Kidney cancer
2001,0,Iran,Kidney cancer
2002,0,Iran,Kidney cancer
2004,0,Iran,Kidney cancer
2005,0,Iran,Kidney cancer
2003,1,Iran,Laryngeal cancer
2008,1,Iran,Laryngeal cancer
2010,2,Iran,Laryngeal cancer
2011,2,Iran,Laryngeal cancer
2009,1,Iran,Laryngeal cancer
2013,2,Iran,Laryngeal cancer
2014,2,Iran,Laryngeal cancer
2015,3,Iran,Laryngeal cancer
2016,1,Iran,Laryngeal cancer
2017,6,Iran,Laryngeal cancer
2018,2,Iran,Laryngeal cancer
2020,3,Iran,Laryngeal cancer
2021,5,Iran,Laryngeal cancer
2022,4,Iran,Laryngeal cancer
2023,5,Iran,Laryngeal cancer
2024,2,Iran,Laryngeal cancer
1984,0,Iran,Laryngeal cancer
1985,0,Iran,Laryngeal cancer
1986,0,Iran,Laryngeal cancer
1987,0,Iran,Laryngeal cancer
1988,0,Iran,Laryngeal cancer
1989,0,Iran,Laryngeal cancer
1990,0,Iran,Laryngeal cancer
1991,0,Iran,Laryngeal cancer
1992,0,Iran,Laryngeal cancer
1993,0,Iran,Laryngeal cancer
1994,0,Iran,Laryngeal cancer
1995,0,Iran,Laryngeal cancer
1996,0,Iran,Laryngeal cancer
1997,0,Iran,Laryngeal cancer
1998,0,Iran,Laryngeal cancer
1999,0,Iran,Laryngeal cancer
2000,0,Iran,Laryngeal cancer
2001,0,Iran,Laryngeal cancer
2002,0,Iran,Laryngeal cancer
2004,0,Iran,Laryngeal cancer
2005,0,Iran,Laryngeal cancer
2006,0,Iran,Laryngeal cancer
2007,0,Iran,Laryngeal cancer
2012,0,Iran,Laryngeal cancer
2019,0,Iran,Laryngeal cancer
2025,0,Iran,Laryngeal cancer
1992,3,Iran,Leukemia
1991,1,Iran,Leukemia
2001,4,Iran,Leukemia
2002,6,Iran,Leukemia
2003,10,Iran,Leukemia
2004,5,Iran,Leukemia
2005,12,Iran,Leukemia
2006,18,Iran,Leukemia
2007,25,Iran,Leukemia
2008,27,Iran,Leukemia
2009,25,Iran,Leukemia
2010,35,Iran,Leukemia
2011,44,Iran,Leukemia
2012,62,Iran,Leukemia
1990,1,Iran,Leukemia
2013,65,Iran,Leukemia
2014,72,Iran,Leukemia
2016,114,Iran,Leukemia
2015,84,Iran,Leukemia
2017,122,Iran,Leukemia
2018,147,Iran,Leukemia
2019,127,Iran,Leukemia
2021,161,Iran,Leukemia
2020,160,Iran,Leukemia
2025,3,Iran,Leukemia
2022,145,Iran,Leukemia
2023,166,Iran,Leukemia
2024,105,Iran,Leukemia
1993,1,Iran,Leukemia
1994,2,Iran,Leukemia
1995,1,Iran,Leukemia
1997,5,Iran,Leukemia
1998,3,Iran,Leukemia
1999,2,Iran,Leukemia
2000,3,Iran,Leukemia
1984,0,Iran,Leukemia
1985,0,Iran,Leukemia
1986,0,Iran,Leukemia
1987,0,Iran,Leukemia
1988,0,Iran,Leukemia
1989,0,Iran,Leukemia
1996,0,Iran,Leukemia
2003,2,Iran,Liver cancer
2005,2,Iran,Liver cancer
2006,1,Iran,Liver cancer
2007,2,Iran,Liver cancer
2008,5,Iran,Liver cancer
2009,3,Iran,Liver cancer
2010,4,Iran,Liver cancer
2011,4,Iran,Liver cancer
2012,9,Iran,Liver cancer
2013,8,Iran,Liver cancer
2014,19,Iran,Liver cancer
2015,29,Iran,Liver cancer
2016,27,Iran,Liver cancer
2017,33,Iran,Liver cancer
2018,36,Iran,Liver cancer
2019,49,Iran,Liver cancer
2020,58,Iran,Liver cancer
2021,61,Iran,Liver cancer
2022,69,Iran,Liver cancer
2024,67,Iran,Liver cancer
2023,68,Iran,Liver cancer
2000,1,Iran,Liver cancer
1984,0,Iran,Liver cancer
1985,0,Iran,Liver cancer
1986,0,Iran,Liver cancer
1987,0,Iran,Liver cancer
1988,0,Iran,Liver cancer
1989,0,Iran,Liver cancer
1990,0,Iran,Liver cancer
1991,0,Iran,Liver cancer
1992,0,Iran,Liver cancer
1993,0,Iran,Liver cancer
1994,0,Iran,Liver cancer
1995,0,Iran,Liver cancer
1996,0,Iran,Liver cancer
1997,0,Iran,Liver cancer
1998,0,Iran,Liver cancer
1999,0,Iran,Liver cancer
2001,0,Iran,Liver cancer
2002,0,Iran,Liver cancer
2004,0,Iran,Liver cancer
2025,0,Iran,Liver cancer
2001,1,Iran,Lung cancer
2003,2,Iran,Lung cancer
2004,2,Iran,Lung cancer
2005,2,Iran,Lung cancer
2006,1,Iran,Lung cancer
2007,2,Iran,Lung cancer
2008,5,Iran,Lung cancer
2009,3,Iran,Lung cancer
2010,5,Iran,Lung cancer
2011,6,Iran,Lung cancer
2012,14,Iran,Lung cancer
2013,14,Iran,Lung cancer
2014,23,Iran,Lung cancer
2015,35,Iran,Lung cancer
2016,32,Iran,Lung cancer
2017,48,Iran,Lung cancer
2018,47,Iran,Lung cancer
2019,67,Iran,Lung cancer
2020,70,Iran,Lung cancer
2021,80,Iran,Lung cancer
2022,99,Iran,Lung cancer
2024,82,Iran,Lung cancer
2023,88,Iran,Lung cancer
2000,1,Iran,Lung cancer
1984,0,Iran,Lung cancer
1985,0,Iran,Lung cancer
1986,0,Iran,Lung cancer
1987,0,Iran,Lung cancer
1988,0,Iran,Lung cancer
1989,0,Iran,Lung cancer
1990,0,Iran,Lung cancer
1991,0,Iran,Lung cancer
1992,0,Iran,Lung cancer
1993,0,Iran,Lung cancer
1994,0,Iran,Lung cancer
1995,0,Iran,Lung cancer
1996,0,Iran,Lung cancer
1997,0,Iran,Lung cancer
1998,0,Iran,Lung cancer
1999,0,Iran,Lung cancer
2002,0,Iran,Lung cancer
2025,0,Iran,Lung cancer
2008,1,Iran,Mesothelioma
2012,1,Iran,Mesothelioma
2013,2,Iran,Mesothelioma
2016,1,Iran,Mesothelioma
2017,2,Iran,Mesothelioma
2018,2,Iran,Mesothelioma
2019,2,Iran,Mesothelioma
2020,2,Iran,Mesothelioma
2021,2,Iran,Mesothelioma
2022,3,Iran,Mesothelioma
2023,2,Iran,Mesothelioma
2024,1,Iran,Mesothelioma
1994,1,Iran,Mesothelioma
1996,1,Iran,Mesothelioma
1984,0,Iran,Mesothelioma
1985,0,Iran,Mesothelioma
1986,0,Iran,Mesothelioma
1987,0,Iran,Mesothelioma
1988,0,Iran,Mesothelioma
1989,0,Iran,Mesothelioma
1990,0,Iran,Mesothelioma
1991,0,Iran,Mesothelioma
1992,0,Iran,Mesothelioma
1993,0,Iran,Mesothelioma
1995,0,Iran,Mesothelioma
1997,0,Iran,Mesothelioma
1998,0,Iran,Mesothelioma
1999,0,Iran,Mesothelioma
2000,0,Iran,Mesothelioma
2001,0,Iran,Mesothelioma
2002,0,Iran,Mesothelioma
2003,0,Iran,Mesothelioma
2004,0,Iran,Mesothelioma
2005,0,Iran,Mesothelioma
2006,0,Iran,Mesothelioma
2007,0,Iran,Mesothelioma
2009,0,Iran,Mesothelioma
2010,0,Iran,Mesothelioma
2011,0,Iran,Mesothelioma
2014,0,Iran,Mesothelioma
2015,0,Iran,Mesothelioma
2025,0,Iran,Mesothelioma
2015,1,Iran,Mouth cancer
2022,1,Iran,Mouth cancer
2024,2,Iran,Mouth cancer
1984,0,Iran,Mouth cancer
1985,0,Iran,Mouth cancer
1986,0,Iran,Mouth cancer
1987,0,Iran,Mouth cancer
1988,0,Iran,Mouth cancer
1989,0,Iran,Mouth cancer
1990,0,Iran,Mouth cancer
1991,0,Iran,Mouth cancer
1992,0,Iran,Mouth cancer
1993,0,Iran,Mouth cancer
1994,0,Iran,Mouth cancer
1995,0,Iran,Mouth cancer
1996,0,Iran,Mouth cancer
1997,0,Iran,Mouth cancer
1998,0,Iran,Mouth cancer
1999,0,Iran,Mouth cancer
2000,0,Iran,Mouth cancer
2001,0,Iran,Mouth cancer
2002,0,Iran,Mouth cancer
2003,0,Iran,Mouth cancer
2004,0,Iran,Mouth cancer
2005,0,Iran,Mouth cancer
2006,0,Iran,Mouth cancer
2007,0,Iran,Mouth cancer
2008,0,Iran,Mouth cancer
2009,0,Iran,Mouth cancer
2010,0,Iran,Mouth cancer
2011,0,Iran,Mouth cancer
2012,0,Iran,Mouth cancer
2013,0,Iran,Mouth cancer
2014,0,Iran,Mouth cancer
2016,0,Iran,Mouth cancer
2017,0,Iran,Mouth cancer
2018,0,Iran,Mouth cancer
2019,0,Iran,Mouth cancer
2020,0,Iran,Mouth cancer
2021,0,Iran,Mouth cancer
2023,0,Iran,Mouth cancer
2025,0,Iran,Mouth cancer
1992,1,Iran,Multiple myeloma
1991,1,Iran,Multiple myeloma
2001,1,Iran,Multiple myeloma
2003,1,Iran,Multiple myeloma
2004,2,Iran,Multiple myeloma
2005,3,Iran,Multiple myeloma
2007,3,Iran,Multiple myeloma
2008,3,Iran,Multiple myeloma
2009,3,Iran,Multiple myeloma
2010,1,Iran,Multiple myeloma
2011,6,Iran,Multiple myeloma
1990,1,Iran,Multiple myeloma
2012,7,Iran,Multiple myeloma
2013,4,Iran,Multiple myeloma
2014,6,Iran,Multiple myeloma
2015,9,Iran,Multiple myeloma
2016,12,Iran,Multiple myeloma
2017,8,Iran,Multiple myeloma
2018,13,Iran,Multiple myeloma
1989,1,Iran,Multiple myeloma
2019,8,Iran,Multiple myeloma
2020,17,Iran,Multiple myeloma
2021,23,Iran,Multiple myeloma
2022,10,Iran,Multiple myeloma
1986,1,Iran,Multiple myeloma
2023,23,Iran,Multiple myeloma
2024,13,Iran,Multiple myeloma
2025,1,Iran,Multiple myeloma
1994,2,Iran,Multiple myeloma
1997,1,Iran,Multiple myeloma
2000,1,Iran,Multiple myeloma
1984,0,Iran,Multiple myeloma
1985,0,Iran,Multiple myeloma
1987,0,Iran,Multiple myeloma
1988,0,Iran,Multiple myeloma
1993,0,Iran,Multiple myeloma
1995,0,Iran,Multiple myeloma
1996,0,Iran,Multiple myeloma
1998,0,Iran,Multiple myeloma
1999,0,Iran,Multiple myeloma
2002,0,Iran,Multiple myeloma
2006,0,Iran,Multiple myeloma
2004,1,Iran,Non-Hodgkin lymphoma
2005,2,Iran,Non-Hodgkin lymphoma
2006,1,Iran,Non-Hodgkin lymphoma
2007,3,Iran,Non-Hodgkin lymphoma
2008,1,Iran,Non-Hodgkin lymphoma
2009,2,Iran,Non-Hodgkin lymphoma
2010,3,Iran,Non-Hodgkin lymphoma
2011,2,Iran,Non-Hodgkin lymphoma
2012,8,Iran,Non-Hodgkin lymphoma
2013,5,Iran,Non-Hodgkin lymphoma
2014,7,Iran,Non-Hodgkin lymphoma
2015,11,Iran,Non-Hodgkin lymphoma
2016,5,Iran,Non-Hodgkin lymphoma
2017,8,Iran,Non-Hodgkin lymphoma
2018,10,Iran,Non-Hodgkin lymphoma
2019,6,Iran,Non-Hodgkin lymphoma
2020,7,Iran,Non-Hodgkin lymphoma
2021,13,Iran,Non-Hodgkin lymphoma
2022,17,Iran,Non-Hodgkin lymphoma
2023,13,Iran,Non-Hodgkin lymphoma
2024,5,Iran,Non-Hodgkin lymphoma
1984,0,Iran,Non-Hodgkin lymphoma
1985,0,Iran,Non-Hodgkin lymphoma
1986,0,Iran,Non-Hodgkin lymphoma
1987,0,Iran,Non-Hodgkin lymphoma
1988,0,Iran,Non-Hodgkin lymphoma
1989,0,Iran,Non-Hodgkin lymphoma
1990,0,Iran,Non-Hodgkin lymphoma
1991,0,Iran,Non-Hodgkin lymphoma
1992,0,Iran,Non-Hodgkin lymphoma
1993,0,Iran,Non-Hodgkin lymphoma
1994,0,Iran,Non-Hodgkin lymphoma
1995,0,Iran,Non-Hodgkin lymphoma
1996,0,Iran,Non-Hodgkin lymphoma
1997,0,Iran,Non-Hodgkin lymphoma
1998,0,Iran,Non-Hodgkin lymphoma
1999,0,Iran,Non-Hodgkin lymphoma
2000,0,Iran,Non-Hodgkin lymphoma
2001,0,Iran,Non-Hodgkin lymphoma
2002,0,Iran,Non-Hodgkin lymphoma
2003,0,Iran,Non-Hodgkin lymphoma
2025,0,Iran,Non-Hodgkin lymphoma
1992,3,Iran,Other cancer
1990,1,Iran,Other cancer
1991,8,Iran,Other cancer
2001,5,Iran,Other cancer
2002,8,Iran,Other cancer
2003,22,Iran,Other cancer
2004,21,Iran,Other cancer
2005,29,Iran,Other cancer
2006,56,Iran,Other cancer
2007,71,Iran,Other cancer
2008,89,Iran,Other cancer
2009,121,Iran,Other cancer
2010,125,Iran,Other cancer
2011,140,Iran,Other cancer
2012,187,Iran,Other cancer
2013,196,Iran,Other cancer
2014,239,Iran,Other cancer
2016,251,Iran,Other cancer
2017,236,Iran,Other cancer
2015,260,Iran,Other cancer
2018,261,Iran,Other cancer
2019,282,Iran,Other cancer
2020,309,Iran,Other cancer
1989,1,Iran,Other cancer
2021,337,Iran,Other cancer
2022,346,Iran,Other cancer
2023,336,Iran,Other cancer
1987,1,Iran,Other cancer
2024,252,Iran,Other cancer
2025,3,Iran,Other cancer
1994,7,Iran,Other cancer
1995,4,Iran,Other cancer
1993,2,Iran,Other cancer
1996,4,Iran,Other cancer
1997,4,Iran,Other cancer
1998,4,Iran,Other cancer
1999,7,Iran,Other cancer
2000,7,Iran,Other cancer
1984,0,Iran,Other cancer
1985,0,Iran,Other cancer
1986,0,Iran,Other cancer
1988,0,Iran,Other cancer
2004,1,Iran,Ovarian cancer
2006,1,Iran,Ovarian cancer
2007,5,Iran,Ovarian cancer
2008,10,Iran,Ovarian cancer
2009,12,Iran,Ovarian cancer
2010,9,Iran,Ovarian cancer
2011,7,Iran,Ovarian cancer
2012,6,Iran,Ovarian cancer
2013,14,Iran,Ovarian cancer
2014,20,Iran,Ovarian cancer
2016,31,Iran,Ovarian cancer
2015,23,Iran,Ovarian cancer
2017,31,Iran,Ovarian cancer
2018,40,Iran,Ovarian cancer
2019,48,Iran,Ovarian cancer
2020,53,Iran,Ovarian cancer
2021,46,Iran,Ovarian cancer
2022,49,Iran,Ovarian cancer
2023,63,Iran,Ovarian cancer
2024,43,Iran,Ovarian cancer
1984,0,Iran,Ovarian cancer
1985,0,Iran,Ovarian cancer
1986,0,Iran,Ovarian cancer
1987,0,Iran,Ovarian cancer
1988,0,Iran,Ovarian cancer
1989,0,Iran,Ovarian cancer
1990,0,Iran,Ovarian cancer
1991,0,Iran,Ovarian cancer
1992,0,Iran,Ovarian cancer
1993,0,Iran,Ovarian cancer
1994,0,Iran,Ovarian cancer
1995,0,Iran,Ovarian cancer
1996,0,Iran,Ovarian cancer
1997,0,Iran,Ovarian cancer
1998,0,Iran,Ovarian cancer
1999,0,Iran,Ovarian cancer
2000,0,Iran,Ovarian cancer
2001,0,Iran,Ovarian cancer
2002,0,Iran,Ovarian cancer
2003,0,Iran,Ovarian cancer
2005,0,Iran,Ovarian cancer
2025,0,Iran,Ovarian cancer
2007,2,Iran,Pancreatic cancer
2009,1,Iran,Pancreatic cancer
2008,1,Iran,Pancreatic cancer
2011,5,Iran,Pancreatic cancer
1991,1,Iran,Pancreatic cancer
2012,7,Iran,Pancreatic cancer
2013,5,Iran,Pancreatic cancer
2014,10,Iran,Pancreatic cancer
2016,6,Iran,Pancreatic cancer
2015,10,Iran,Pancreatic cancer
2017,20,Iran,Pancreatic cancer
2018,15,Iran,Pancreatic cancer
2019,11,Iran,Pancreatic cancer
2020,28,Iran,Pancreatic cancer
2021,41,Iran,Pancreatic cancer
2022,31,Iran,Pancreatic cancer
2023,36,Iran,Pancreatic cancer
2024,22,Iran,Pancreatic cancer
2025,3,Iran,Pancreatic cancer
1984,0,Iran,Pancreatic cancer
1985,0,Iran,Pancreatic cancer
1986,0,Iran,Pancreatic cancer
1987,0,Iran,Pancreatic cancer
1988,0,Iran,Pancreatic cancer
1989,0,Iran,Pancreatic cancer
1990,0,Iran,Pancreatic cancer
1992,0,Iran,Pancreatic cancer
1993,0,Iran,Pancreatic cancer
1994,0,Iran,Pancreatic cancer
1995,0,Iran,Pancreatic cancer
1996,0,Iran,Pancreatic cancer
1997,0,Iran,Pancreatic cancer
1998,0,Iran,Pancreatic cancer
1999,0,Iran,Pancreatic cancer
2000,0,Iran,Pancreatic cancer
2001,0,Iran,Pancreatic cancer
2002,0,Iran,Pancreatic cancer
2003,0,Iran,Pancreatic cancer
2004,0,Iran,Pancreatic cancer
2005,0,Iran,Pancreatic cancer
2006,0,Iran,Pancreatic cancer
2010,0,Iran,Pancreatic cancer
2008,1,Iran,Penile cancer
2012,1,Iran,Penile cancer
2018,2,Iran,Penile cancer
1984,0,Iran,Penile cancer
1985,0,Iran,Penile cancer
1986,0,Iran,Penile cancer
1987,0,Iran,Penile cancer
1988,0,Iran,Penile cancer
1989,0,Iran,Penile cancer
1990,0,Iran,Penile cancer
1991,0,Iran,Penile cancer
1992,0,Iran,Penile cancer
1993,0,Iran,Penile cancer
1994,0,Iran,Penile cancer
1995,0,Iran,Penile cancer
1996,0,Iran,Penile cancer
1997,0,Iran,Penile cancer
1998,0,Iran,Penile cancer
1999,0,Iran,Penile cancer
2000,0,Iran,Penile cancer
2001,0,Iran,Penile cancer
2002,0,Iran,Penile cancer
2003,0,Iran,Penile cancer
2004,0,Iran,Penile cancer
2005,0,Iran,Penile cancer
2006,0,Iran,Penile cancer
2007,0,Iran,Penile cancer
2009,0,Iran,Penile cancer
2010,0,Iran,Penile cancer
2011,0,Iran,Penile cancer
2013,0,Iran,Penile cancer
2014,0,Iran,Penile cancer
2015,0,Iran,Penile cancer
2016,0,Iran,Penile cancer
2017,0,Iran,Penile cancer
2019,0,Iran,Penile cancer
2020,0,Iran,Penile cancer
2021,0,Iran,Penile cancer
2022,0,Iran,Penile cancer
2023,0,Iran,Penile cancer
2024,0,Iran,Penile cancer
2025,0,Iran,Penile cancer
2004,5,Iran,Prostate cancer
2005,7,Iran,Prostate cancer
2006,4,Iran,Prostate cancer
2003,1,Iran,Prostate cancer
2007,10,Iran,Prostate cancer
2008,5,Iran,Prostate cancer
2009,10,Iran,Prostate cancer
2010,9,Iran,Prostate cancer
2011,19,Iran,Prostate cancer
2012,27,Iran,Prostate cancer
2013,31,Iran,Prostate cancer
2014,51,Iran,Prostate cancer
2016,52,Iran,Prostate cancer
2015,48,Iran,Prostate cancer
2017,56,Iran,Prostate cancer
2018,60,Iran,Prostate cancer
2019,101,Iran,Prostate cancer
2020,112,Iran,Prostate cancer
2021,97,Iran,Prostate cancer
2022,104,Iran,Prostate cancer
2023,107,Iran,Prostate cancer
2024,73,Iran,Prostate cancer
1996,1,Iran,Prostate cancer
1984,0,Iran,Prostate cancer
1985,0,Iran,Prostate cancer
1986,0,Iran,Prostate cancer
1987,0,Iran,Prostate cancer
1988,0,Iran,Prostate cancer
1989,0,Iran,Prostate cancer
1990,0,Iran,Prostate cancer
1991,0,Iran,Prostate cancer
1992,0,Iran,Prostate cancer
1993,0,Iran,Prostate cancer
1994,0,Iran,Prostate cancer
1995,0,Iran,Prostate cancer
1997,0,Iran,Prostate cancer
1998,0,Iran,Prostate cancer
1999,0,Iran,Prostate cancer
2000,0,Iran,Prostate cancer
2001,0,Iran,Prostate cancer
2002,0,Iran,Prostate cancer
2025,0,Iran,Prostate cancer
2007,1,Iran,Rectal cancer
2008,1,Iran,Rectal cancer
2009,2,Iran,Rectal cancer
2011,3,Iran,Rectal cancer
2012,3,Iran,Rectal cancer
2013,7,Iran,Rectal cancer
2014,6,Iran,Rectal cancer
2015,5,Iran,Rectal cancer
2016,5,Iran,Rectal cancer
2017,4,Iran,Rectal cancer
2018,7,Iran,Rectal cancer
2019,8,Iran,Rectal cancer
2020,8,Iran,Rectal cancer
2021,9,Iran,Rectal cancer
2022,14,Iran,Rectal cancer
2023,23,Iran,Rectal cancer
2024,15,Iran,Rectal cancer
1984,0,Iran,Rectal cancer
1985,0,Iran,Rectal cancer
1986,0,Iran,Rectal cancer
1987,0,Iran,Rectal cancer
1988,0,Iran,Rectal cancer
1989,0,Iran,Rectal cancer
1990,0,Iran,Rectal cancer
1991,0,Iran,Rectal cancer
1992,0,Iran,Rectal cancer
1993,0,Iran,Rectal cancer
1994,0,Iran,Rectal cancer
1995,0,Iran,Rectal cancer
1996,0,Iran,Rectal cancer
1997,0,Iran,Rectal cancer
1998,0,Iran,Rectal cancer
1999,0,Iran,Rectal cancer
2000,0,Iran,Rectal cancer
2001,0,Iran,Rectal cancer
2002,0,Iran,Rectal cancer
2003,0,Iran,Rectal cancer
2004,0,Iran,Rectal cancer
2005,0,Iran,Rectal cancer
2006,0,Iran,Rectal cancer
2010,0,Iran,Rectal cancer
2025,0,Iran,Rectal cancer
2018,1,Iran,Salivary gland cancer
1984,0,Iran,Salivary gland cancer
1985,0,Iran,Salivary gland cancer
1986,0,Iran,Salivary gland cancer
1987,0,Iran,Salivary gland cancer
1988,0,Iran,Salivary gland cancer
1989,0,Iran,Salivary gland cancer
1990,0,Iran,Salivary gland cancer
1991,0,Iran,Salivary gland cancer
1992,0,Iran,Salivary gland cancer
1993,0,Iran,Salivary gland cancer
1994,0,Iran,Salivary gland cancer
1995,0,Iran,Salivary gland cancer
1996,0,Iran,Salivary gland cancer
1997,0,Iran,Salivary gland cancer
1998,0,Iran,Salivary gland cancer
1999,0,Iran,Salivary gland cancer
2000,0,Iran,Salivary gland cancer
2001,0,Iran,Salivary gland cancer
2002,0,Iran,Salivary gland cancer
2003,0,Iran,Salivary gland cancer
2004,0,Iran,Salivary gland cancer
2005,0,Iran,Salivary gland cancer
2006,0,Iran,Salivary gland cancer
2007,0,Iran,Salivary gland cancer
2008,0,Iran,Salivary gland cancer
2009,0,Iran,Salivary gland cancer
2010,0,Iran,Salivary gland cancer
2011,0,Iran,Salivary gland cancer
2012,0,Iran,Salivary gland cancer
2013,0,Iran,Salivary gland cancer
2014,0,Iran,Salivary gland cancer
2015,0,Iran,Salivary gland cancer
2016,0,Iran,Salivary gland cancer
2017,0,Iran,Salivary gland cancer
2019,0,Iran,Salivary gland cancer
2020,0,Iran,Salivary gland cancer
2021,0,Iran,Salivary gland cancer
2022,0,Iran,Salivary gland cancer
2023,0,Iran,Salivary gland cancer
2024,0,Iran,Salivary gland cancer
2025,0,Iran,Salivary gland cancer
2000,2,Iran,Skin cancer
2001,1,Iran,Skin cancer
2002,2,Iran,Skin cancer
2003,2,Iran,Skin cancer
2004,1,Iran,Skin cancer
2005,7,Iran,Skin cancer
2006,10,Iran,Skin cancer
2007,13,Iran,Skin cancer
2008,7,Iran,Skin cancer
2009,14,Iran,Skin cancer
2010,16,Iran,Skin cancer
2011,17,Iran,Skin cancer
2012,11,Iran,Skin cancer
2013,37,Iran,Skin cancer
2014,20,Iran,Skin cancer
2015,47,Iran,Skin cancer
2016,45,Iran,Skin cancer
2017,36,Iran,Skin cancer
2018,64,Iran,Skin cancer
2019,78,Iran,Skin cancer
2020,89,Iran,Skin cancer
2021,94,Iran,Skin cancer
2022,94,Iran,Skin cancer
2023,87,Iran,Skin cancer
2024,60,Iran,Skin cancer
2025,1,Iran,Skin cancer
1993,1,Iran,Skin cancer
1996,1,Iran,Skin cancer
1984,0,Iran,Skin cancer
1985,0,Iran,Skin cancer
1986,0,Iran,Skin cancer
1987,0,Iran,Skin cancer
1988,0,Iran,Skin cancer
1989,0,Iran,Skin cancer
1990,0,Iran,Skin cancer
1991,0,Iran,Skin cancer
1992,0,Iran,Skin cancer
1994,0,Iran,Skin cancer
1995,0,Iran,Skin cancer
1997,0,Iran,Skin cancer
1998,0,Iran,Skin cancer
1999,0,Iran,Skin cancer
1991,1,Iran,Stomach cancer
2004,2,Iran,Stomach cancer
2005,4,Iran,Stomach cancer
2006,3,Iran,Stomach cancer
2007,4,Iran,Stomach cancer
2008,5,Iran,Stomach cancer
2009,6,Iran,Stomach cancer
2010,5,Iran,Stomach cancer
2011,9,Iran,Stomach cancer
2012,14,Iran,Stomach cancer
2013,25,Iran,Stomach cancer
2014,19,Iran,Stomach cancer
2015,22,Iran,Stomach cancer
2016,25,Iran,Stomach cancer
2017,21,Iran,Stomach cancer
2018,20,Iran,Stomach cancer
2019,30,Iran,Stomach cancer
2020,18,Iran,Stomach cancer
2021,21,Iran,Stomach cancer
2022,24,Iran,Stomach cancer
2023,25,Iran,Stomach cancer
2024,15,Iran,Stomach cancer
1984,0,Iran,Stomach cancer
1985,0,Iran,Stomach cancer
1986,0,Iran,Stomach cancer
1987,0,Iran,Stomach cancer
1988,0,Iran,Stomach cancer
1989,0,Iran,Stomach cancer
1990,0,Iran,Stomach cancer
1992,0,Iran,Stomach cancer
1993,0,Iran,Stomach cancer
1994,0,Iran,Stomach cancer
1995,0,Iran,Stomach cancer
1996,0,Iran,Stomach cancer
1997,0,Iran,Stomach cancer
1998,0,Iran,Stomach cancer
1999,0,Iran,Stomach cancer
2000,0,Iran,Stomach cancer
2001,0,Iran,Stomach cancer
2002,0,Iran,Stomach cancer
2003,0,Iran,Stomach cancer
2025,0,Iran,Stomach cancer
2007,2,Iran,Testicular cancer
2008,1,Iran,Testicular cancer
2009,1,Iran,Testicular cancer
2010,1,Iran,Testicular cancer
2013,3,Iran,Testicular cancer
2015,2,Iran,Testicular cancer
2016,2,Iran,Testicular cancer
2018,2,Iran,Testicular cancer
2019,2,Iran,Testicular cancer
2020,4,Iran,Testicular cancer
2021,4,Iran,Testicular cancer
2022,5,Iran,Testicular cancer
2023,4,Iran,Testicular cancer
2024,4,Iran,Testicular cancer
1984,0,Iran,Testicular cancer
1985,0,Iran,Testicular cancer
1986,0,Iran,Testicular cancer
1987,0,Iran,Testicular cancer
1988,0,Iran,Testicular cancer
1989,0,Iran,Testicular cancer
1990,0,Iran,Testicular cancer
1991,0,Iran,Testicular cancer
1992,0,Iran,Testicular cancer
1993,0,Iran,Testicular cancer
1994,0,Iran,Testicular cancer
1995,0,Iran,Testicular cancer
1996,0,Iran,Testicular cancer
1997,0,Iran,Testicular cancer
1998,0,Iran,Testicular cancer
1999,0,Iran,Testicular cancer
2000,0,Iran,Testicular cancer
2001,0,Iran,Testicular cancer
2002,0,Iran,Testicular cancer
2003,0,Iran,Testicular cancer
2004,0,Iran,Testicular cancer
2005,0,Iran,Testicular cancer
2006,0,Iran,Testicular cancer
2011,0,Iran,Testicular cancer
2012,0,Iran,Testicular cancer
2014,0,Iran,Testicular cancer
2017,0,Iran,Testicular cancer
2025,0,Iran,Testicular cancer
1984,0,Iran,Throat cancer
1985,0,Iran,Throat cancer
1986,0,Iran,Throat cancer
1987,0,Iran,Throat cancer
1988,0,Iran,Throat cancer
1989,0,Iran,Throat cancer
1990,0,Iran,Throat cancer
1991,0,Iran,Throat cancer
1992,0,Iran,Throat cancer
1993,0,Iran,Throat cancer
1994,0,Iran,Throat cancer
1995,0,Iran,Throat cancer
1996,0,Iran,Throat cancer
1997,0,Iran,Throat cancer
1998,0,Iran,Throat cancer
1999,0,Iran,Throat cancer
2000,0,Iran,Throat cancer
2001,0,Iran,Throat cancer
2002,0,Iran,Throat cancer
2003,0,Iran,Throat cancer
2004,0,Iran,Throat cancer
2005,0,Iran,Throat cancer
2006,0,Iran,Throat cancer
2007,0,Iran,Throat cancer
2008,0,Iran,Throat cancer
2009,0,Iran,Throat cancer
2010,0,Iran,Throat cancer
2011,0,Iran,Throat cancer
2012,0,Iran,Throat cancer
2013,0,Iran,Throat cancer
2014,0,Iran,Throat cancer
2015,0,Iran,Throat cancer
2016,0,Iran,Throat cancer
2017,0,Iran,Throat cancer
2018,0,Iran,Throat cancer
2019,0,Iran,Throat cancer
2020,0,Iran,Throat cancer
2021,0,Iran,Throat cancer
2022,0,Iran,Throat cancer
2023,0,Iran,Throat cancer
2024,0,Iran,Throat cancer
2025,0,Iran,Throat cancer
2003,2,Iran,Thyroid cancer
2004,2,Iran,Thyroid cancer
2005,2,Iran,Thyroid cancer
2006,1,Iran,Thyroid cancer
2007,2,Iran,Thyroid cancer
2009,4,Iran,Thyroid cancer
2010,3,Iran,Thyroid cancer
2011,8,Iran,Thyroid cancer
2012,14,Iran,Thyroid cancer
2013,11,Iran,Thyroid cancer
2014,14,Iran,Thyroid cancer
2015,17,Iran,Thyroid cancer
2016,20,Iran,Thyroid cancer
2017,30,Iran,Thyroid cancer
2018,32,Iran,Thyroid cancer
2019,28,Iran,Thyroid cancer
2020,38,Iran,Thyroid cancer
2021,35,Iran,Thyroid cancer
2022,45,Iran,Thyroid cancer
2023,41,Iran,Thyroid cancer
2024,40,Iran,Thyroid cancer
1997,1,Iran,Thyroid cancer
1984,0,Iran,Thyroid cancer
1985,0,Iran,Thyroid cancer
1986,0,Iran,Thyroid cancer
1987,0,Iran,Thyroid cancer
1988,0,Iran,Thyroid cancer
1989,0,Iran,Thyroid cancer
1990,0,Iran,Thyroid cancer
1991,0,Iran,Thyroid cancer
1992,0,Iran,Thyroid cancer
1993,0,Iran,Thyroid cancer
1994,0,Iran,Thyroid cancer
1995,0,Iran,Thyroid cancer
1996,0,Iran,Thyroid cancer
1998,0,Iran,Thyroid cancer
1999,0,Iran,Thyroid cancer
2000,0,Iran,Thyroid cancer
2001,0,Iran,Thyroid cancer
2002,0,Iran,Thyroid cancer
2008,0,Iran,Thyroid cancer
2025,0,Iran,Thyroid cancer
1992,5,Iran,Undetermined cancer
1991,11,Iran,Undetermined cancer
2001,15,Iran,Undetermined cancer
2002,24,Iran,Undetermined cancer
1995,3,Iran,Undetermined cancer
2003,37,Iran,Undetermined cancer
2004,42,Iran,Undetermined cancer
2005,76,Iran,Undetermined cancer
2006,76,Iran,Undetermined cancer
2007,114,Iran,Undetermined cancer
2008,166,Iran,Undetermined cancer
2009,181,Iran,Undetermined cancer
2010,188,Iran,Undetermined cancer
2011,272,Iran,Undetermined cancer
2012,342,Iran,Undetermined cancer
2013,441,Iran,Undetermined cancer
1988,5,Iran,Undetermined cancer
1990,2,Iran,Undetermined cancer
2014,503,Iran,Undetermined cancer
2015,617,Iran,Undetermined cancer
2021,1775,Iran,Undetermined cancer
2016,743,Iran,Undetermined cancer
2017,990,Iran,Undetermined cancer
2020,1512,Iran,Undetermined cancer
2018,1134,Iran,Undetermined cancer
2019,1399,Iran,Undetermined cancer
1987,1,Iran,Undetermined cancer
2022,1874,Iran,Undetermined cancer
2024,1205,Iran,Undetermined cancer
2023,1817,Iran,Undetermined cancer
2025,19,Iran,Undetermined cancer
1994,12,Iran,Undetermined cancer
1993,6,Iran,Undetermined cancer
1996,4,Iran,Undetermined cancer
1997,8,Iran,Undetermined cancer
1998,6,Iran,Undetermined cancer
1999,4,Iran,Undetermined cancer
2000,15,Iran,Undetermined cancer
1984,0,Iran,Undetermined cancer
1985,0,Iran,Undetermined cancer
1986,0,Iran,Undetermined cancer
1989,0,Iran,Undetermined cancer
2009,4,Iran,Uterine cancer
2010,2,Iran,Uterine cancer
2011,4,Iran,Uterine cancer
2012,5,Iran,Uterine cancer
2013,11,Iran,Uterine cancer
2014,9,Iran,Uterine cancer
2015,7,Iran,Uterine cancer
2016,3,Iran,Uterine cancer
2017,7,Iran,Uterine cancer
2018,4,Iran,Uterine cancer
2019,11,Iran,Uterine cancer
2020,15,Iran,Uterine cancer
2021,14,Iran,Uterine cancer
2022,11,Iran,Uterine cancer
2023,20,Iran,Uterine cancer
2024,22,Iran,Uterine cancer
2025,3,Iran,Uterine cancer
1984,0,Iran,Uterine cancer
1985,0,Iran,Uterine cancer
1986,0,Iran,Uterine cancer
1987,0,Iran,Uterine cancer
1988,0,Iran,Uterine cancer
1989,0,Iran,Uterine cancer
1990,0,Iran,Uterine cancer
1991,0,Iran,Uterine cancer
1992,0,Iran,Uterine cancer
1993,0,Iran,Uterine cancer
1994,0,Iran,Uterine cancer
1995,0,Iran,Uterine cancer
1996,0,Iran,Uterine cancer
1997,0,Iran,Uterine cancer
1998,0,Iran,Uterine cancer
1999,0,Iran,Uterine cancer
2000,0,Iran,Uterine cancer
2001,0,Iran,Uterine cancer
2002,0,Iran,Uterine cancer
2003,0,Iran,Uterine cancer
2004,0,Iran,Uterine cancer
2005,0,Iran,Uterine cancer
2006,0,Iran,Uterine cancer
2007,0,Iran,Uterine cancer
2008,0,Iran,Uterine cancer
2020,1,Iran,Vaginal cancer
2021,1,Iran,Vaginal cancer
2022,1,Iran,Vaginal cancer
2023,1,Iran,Vaginal cancer
2024,1,Iran,Vaginal cancer
1984,0,Iran,Vaginal cancer
1985,0,Iran,Vaginal cancer
1986,0,Iran,Vaginal cancer
1987,0,Iran,Vaginal cancer
1988,0,Iran,Vaginal cancer
1989,0,Iran,Vaginal cancer
1990,0,Iran,Vaginal cancer
1991,0,Iran,Vaginal cancer
1992,0,Iran,Vaginal cancer
1993,0,Iran,Vaginal cancer
1994,0,Iran,Vaginal cancer
1995,0,Iran,Vaginal cancer
1996,0,Iran,Vaginal cancer
1997,0,Iran,Vaginal cancer
1998,0,Iran,Vaginal cancer
1999,0,Iran,Vaginal cancer
2000,0,Iran,Vaginal cancer
2001,0,Iran,Vaginal cancer
2002,0,Iran,Vaginal cancer
2003,0,Iran,Vaginal cancer
2004,0,Iran,Vaginal cancer
2005,0,Iran,Vaginal cancer
2006,0,Iran,Vaginal cancer
2007,0,Iran,Vaginal cancer
2008,0,Iran,Vaginal cancer
2009,0,Iran,Vaginal cancer
2010,0,Iran,Vaginal cancer
2011,0,Iran,Vaginal cancer
2012,0,Iran,Vaginal cancer
2013,0,Iran,Vaginal cancer
2014,0,Iran,Vaginal cancer
2015,0,Iran,Vaginal cancer
2016,0,Iran,Vaginal cancer
2017,0,Iran,Vaginal cancer
2018,0,Iran,Vaginal cancer
2019,0,Iran,Vaginal cancer
2025,0,Iran,Vaginal cancer
2006,1,Iran,Vulvar cancer
2019,1,Iran,Vulvar cancer
2020,1,Iran,Vulvar cancer
2024,2,Iran,Vulvar cancer
1984,0,Iran,Vulvar cancer
1985,0,Iran,Vulvar cancer
1986,0,Iran,Vulvar cancer
1987,0,Iran,Vulvar cancer
1988,0,Iran,Vulvar cancer
1989,0,Iran,Vulvar cancer
1990,0,Iran,Vulvar cancer
1991,0,Iran,Vulvar cancer
1992,0,Iran,Vulvar cancer
1993,0,Iran,Vulvar cancer
1994,0,Iran,Vulvar cancer
1995,0,Iran,Vulvar cancer
1996,0,Iran,Vulvar cancer
1997,0,Iran,Vulvar cancer
1998,0,Iran,Vulvar cancer
1999,0,Iran,Vulvar cancer
2000,0,Iran,Vulvar cancer
2001,0,Iran,Vulvar cancer
2002,0,Iran,Vulvar cancer
2003,0,Iran,Vulvar cancer
2004,0,Iran,Vulvar cancer
2005,0,Iran,Vulvar cancer
2007,0,Iran,Vulvar cancer
2008,0,Iran,Vulvar cancer
2009,0,Iran,Vulvar cancer
2010,0,Iran,Vulvar cancer
2011,0,Iran,Vulvar cancer
2012,0,Iran,Vulvar cancer
2013,0,Iran,Vulvar cancer
2014,0,Iran,Vulvar cancer
2015,0,Iran,Vulvar cancer
2016,0,Iran,Vulvar cancer
2017,0,Iran,Vulvar cancer
2018,0,Iran,Vulvar cancer
2021,0,Iran,Vulvar cancer
2022,0,Iran,Vulvar cancer
2023,0,Iran,Vulvar cancer
2025,0,Iran,Vulvar cancer
1992,1,Canada,Anal cancer
1991,1,Canada,Anal cancer
2005,1,Canada,Anal cancer
2006,2,Canada,Anal cancer
2007,2,Canada,Anal cancer
2008,2,Canada,Anal cancer
2009,2,Canada,Anal cancer
2010,5,Canada,Anal cancer
2011,3,Canada,Anal cancer
1989,2,Canada,Anal cancer
1990,1,Canada,Anal cancer
2012,1,Canada,Anal cancer
2013,4,Canada,Anal cancer
2014,4,Canada,Anal cancer
2015,6,Canada,Anal cancer
2016,4,Canada,Anal cancer
2018,7,Canada,Anal cancer
1988,1,Canada,Anal cancer
2017,2,Canada,Anal cancer
2019,6,Canada,Anal cancer
2020,13,Canada,Anal cancer
2021,8,Canada,Anal cancer
2022,6,Canada,Anal cancer
2023,10,Canada,Anal cancer
2024,2,Canada,Anal cancer
1995,1,Canada,Anal cancer
1993,1,Canada,Anal cancer
1997,1,Canada,Anal cancer
1984,0,Canada,Anal cancer
1985,0,Canada,Anal cancer
1986,0,Canada,Anal cancer
1987,0,Canada,Anal cancer
1994,0,Canada,Anal cancer
1996,0,Canada,Anal cancer
1998,0,Canada,Anal cancer
1999,0,Canada,Anal cancer
2000,0,Canada,Anal cancer
2001,0,Canada,Anal cancer
2002,0,Canada,Anal cancer
2003,0,Canada,Anal cancer
2004,0,Canada,Anal cancer
2025,0,Canada,Anal cancer
1992,14,Canada,Bladder cancer
1990,17,Canada,Bladder cancer
1991,7,Canada,Bladder cancer
2001,7,Canada,Bladder cancer
2002,11,Canada,Bladder cancer
1998,15,Canada,Bladder cancer
2003,14,Canada,Bladder cancer
1996,13,Canada,Bladder cancer
1997,8,Canada,Bladder cancer
2004,10,Canada,Bladder cancer
2005,11,Canada,Bladder cancer
2006,21,Canada,Bladder cancer
2007,20,Canada,Bladder cancer
2008,24,Canada,Bladder cancer
2009,42,Canada,Bladder cancer
2010,24,Canada,Bladder cancer
2011,32,Canada,Bladder cancer
2012,36,Canada,Bladder cancer
2013,28,Canada,Bladder cancer
1988,13,Canada,Bladder cancer
1989,8,Canada,Bladder cancer
2014,48,Canada,Bladder cancer
2015,39,Canada,Bladder cancer
2016,65,Canada,Bladder cancer
2017,51,Canada,Bladder cancer
1987,2,Canada,Bladder cancer
2018,67,Canada,Bladder cancer
2019,59,Canada,Bladder cancer
2020,67,Canada,Bladder cancer
2022,71,Canada,Bladder cancer
2021,66,Canada,Bladder cancer
2023,52,Canada,Bladder cancer
2024,37,Canada,Bladder cancer
2025,1,Canada,Bladder cancer
1993,5,Canada,Bladder cancer
1994,9,Canada,Bladder cancer
1995,10,Canada,Bladder cancer
1999,9,Canada,Bladder cancer
2000,9,Canada,Bladder cancer
1984,0,Canada,Bladder cancer
1985,0,Canada,Bladder cancer
1986,0,Canada,Bladder cancer
1992,33,Canada,Brain cancer
1990,27,Canada,Brain cancer
1991,27,Canada,Brain cancer
2000,52,Canada,Brain cancer
2001,38,Canada,Brain cancer
2002,34,Canada,Brain cancer
2003,54,Canada,Brain cancer
2004,42,Canada,Brain cancer
2005,43,Canada,Brain cancer
2006,57,Canada,Brain cancer
2007,53,Canada,Brain cancer
2008,57,Canada,Brain cancer
2009,82,Canada,Brain cancer
1998,53,Canada,Brain cancer
2010,69,Canada,Brain cancer
2011,73,Canada,Brain cancer
1989,27,Canada,Brain cancer
2012,90,Canada,Brain cancer
1988,24,Canada,Brain cancer
2013,105,Canada,Brain cancer
2014,84,Canada,Brain cancer
2015,109,Canada,Brain cancer
2016,101,Canada,Brain cancer
2017,111,Canada,Brain cancer
2018,110,Canada,Brain cancer
2019,114,Canada,Brain cancer
1987,19,Canada,Brain cancer
2020,136,Canada,Brain cancer
2021,113,Canada,Brain cancer
2022,113,Canada,Brain cancer
2023,121,Canada,Brain cancer
2024,63,Canada,Brain cancer
1993,40,Canada,Brain cancer
1994,39,Canada,Brain cancer
1995,33,Canada,Brain cancer
1996,55,Canada,Brain cancer
1997,43,Canada,Brain cancer
1999,49,Canada,Brain cancer
1984,0,Canada,Brain cancer
1985,0,Canada,Brain cancer
1986,0,Canada,Brain cancer
2025,0,Canada,Brain cancer
1992,88,Canada,Breast cancer
1990,66,Canada,Breast cancer
1991,61,Canada,Breast cancer
1996,148,Canada,Breast cancer
1998,176,Canada,Breast cancer
1999,203,Canada,Breast cancer
2000,200,Canada,Breast cancer
2001,220,Canada,Breast cancer
2002,184,Canada,Breast cancer
2003,237,Canada,Breast cancer
2004,242,Canada,Breast cancer
2005,278,Canada,Breast cancer
1994,96,Canada,Breast cancer
2006,266,Canada,Breast cancer
2007,311,Canada,Breast cancer
2008,331,Canada,Breast cancer
2009,329,Canada,Breast cancer
2010,355,Canada,Breast cancer
2011,388,Canada,Breast cancer
1993,75,Canada,Breast cancer
2012,406,Canada,Breast cancer
1988,42,Canada,Breast cancer
1989,55,Canada,Breast cancer
2013,425,Canada,Breast cancer
2014,415,Canada,Breast cancer
2016,479,Canada,Breast cancer
1997,151,Canada,Breast cancer
2015,461,Canada,Breast cancer
2017,500,Canada,Breast cancer
2018,507,Canada,Breast cancer
2019,511,Canada,Breast cancer
1987,15,Canada,Breast cancer
2020,513,Canada,Breast cancer
2021,543,Canada,Breast cancer
2022,474,Canada,Breast cancer
2023,445,Canada,Breast cancer
2024,264,Canada,Breast cancer
2025,3,Canada,Breast cancer
1995,102,Canada,Breast cancer
1984,0,Canada,Breast cancer
1985,0,Canada,Breast cancer
1986,0,Canada,Breast cancer
1992,10,Canada,Cervical cancer
1990,4,Canada,Cervical cancer
1991,8,Canada,Cervical cancer
2001,20,Canada,Cervical cancer
2002,20,Canada,Cervical cancer
1993,6,Canada,Cervical cancer
2003,24,Canada,Cervical cancer
2004,23,Canada,Cervical cancer
2005,20,Canada,Cervical cancer
2006,25,Canada,Cervical cancer
2007,41,Canada,Cervical cancer
2008,38,Canada,Cervical cancer
2009,47,Canada,Cervical cancer
2010,54,Canada,Cervical cancer
2011,44,Canada,Cervical cancer
2012,55,Canada,Cervical cancer
1989,2,Canada,Cervical cancer
2013,74,Canada,Cervical cancer
2014,50,Canada,Cervical cancer
2015,58,Canada,Cervical cancer
2016,71,Canada,Cervical cancer
1998,13,Canada,Cervical cancer
2000,24,Canada,Cervical cancer
2017,73,Canada,Cervical cancer
2018,65,Canada,Cervical cancer
1988,4,Canada,Cervical cancer
2019,64,Canada,Cervical cancer
2020,60,Canada,Cervical cancer
2021,58,Canada,Cervical cancer
2022,66,Canada,Cervical cancer
2023,64,Canada,Cervical cancer
2024,43,Canada,Cervical cancer
1994,9,Canada,Cervical cancer
1995,9,Canada,Cervical cancer
1996,18,Canada,Cervical cancer
1997,11,Canada,Cervical cancer
1999,19,Canada,Cervical cancer
1984,0,Canada,Cervical cancer
1985,0,Canada,Cervical cancer
1986,0,Canada,Cervical cancer
1987,0,Canada,Cervical cancer
2025,0,Canada,Cervical cancer
1992,17,Canada,Colon cancer
1990,6,Canada,Colon cancer
1991,4,Canada,Colon cancer
2001,28,Canada,Colon cancer
2002,22,Canada,Colon cancer
2000,27,Canada,Colon cancer
2003,34,Canada,Colon cancer
2004,37,Canada,Colon cancer
2005,22,Canada,Colon cancer
2006,29,Canada,Colon cancer
2007,44,Canada,Colon cancer
2008,47,Canada,Colon cancer
2009,29,Canada,Colon cancer
2010,42,Canada,Colon cancer
2011,37,Canada,Colon cancer
2012,44,Canada,Colon cancer
1989,7,Canada,Colon cancer
2013,40,Canada,Colon cancer
2014,47,Canada,Colon cancer
2015,55,Canada,Colon cancer
2016,48,Canada,Colon cancer
2017,55,Canada,Colon cancer
2019,45,Canada,Colon cancer
2018,25,Canada,Colon cancer
1987,4,Canada,Colon cancer
1988,8,Canada,Colon cancer
2020,50,Canada,Colon cancer
2021,40,Canada,Colon cancer
2022,37,Canada,Colon cancer
2023,27,Canada,Colon cancer
2024,13,Canada,Colon cancer
1993,25,Canada,Colon cancer
1994,13,Canada,Colon cancer
1995,16,Canada,Colon cancer
1996,22,Canada,Colon cancer
1997,19,Canada,Colon cancer
1998,20,Canada,Colon cancer
1999,12,Canada,Colon cancer
1984,0,Canada,Colon cancer
1985,0,Canada,Colon cancer
1986,0,Canada,Colon cancer
2025,0,Canada,Colon cancer
1992,15,Canada,Colorectal cancer
1990,10,Canada,Colorectal cancer
1991,12,Canada,Colorectal cancer
2001,32,Canada,Colorectal cancer
2002,45,Canada,Colorectal cancer
1999,20,Canada,Colorectal cancer
2003,50,Canada,Colorectal cancer
2004,57,Canada,Colorectal cancer
2005,55,Canada,Colorectal cancer
2006,58,Canada,Colorectal cancer
1994,14,Canada,Colorectal cancer
2007,88,Canada,Colorectal cancer
2008,75,Canada,Colorectal cancer
2009,80,Canada,Colorectal cancer
2010,89,Canada,Colorectal cancer
2011,88,Canada,Colorectal cancer
2012,111,Canada,Colorectal cancer
1989,4,Canada,Colorectal cancer
2013,116,Canada,Colorectal cancer
2014,119,Canada,Colorectal cancer
2016,155,Canada,Colorectal cancer
2015,132,Canada,Colorectal cancer
2017,146,Canada,Colorectal cancer
2018,143,Canada,Colorectal cancer
1987,5,Canada,Colorectal cancer
1988,6,Canada,Colorectal cancer
2019,154,Canada,Colorectal cancer
2020,156,Canada,Colorectal cancer
2021,163,Canada,Colorectal cancer
2022,161,Canada,Colorectal cancer
2023,148,Canada,Colorectal cancer
1985,1,Canada,Colorectal cancer
2024,111,Canada,Colorectal cancer
2025,1,Canada,Colorectal cancer
1993,20,Canada,Colorectal cancer
1995,14,Canada,Colorectal cancer
1996,16,Canada,Colorectal cancer
1997,16,Canada,Colorectal cancer
1998,19,Canada,Colorectal cancer
2000,25,Canada,Colorectal cancer
1984,0,Canada,Colorectal cancer
1986,0,Canada,Colorectal cancer
1992,2,Canada,Esophageal cancer
2001,7,Canada,Esophageal cancer
2002,6,Canada,Esophageal cancer
2003,5,Canada,Esophageal cancer
2004,7,Canada,Esophageal cancer
2005,5,Canada,Esophageal cancer
2006,8,Canada,Esophageal cancer
2007,6,Canada,Esophageal cancer
2008,10,Canada,Esophageal cancer
2009,11,Canada,Esophageal cancer
2010,7,Canada,Esophageal cancer
2011,6,Canada,Esophageal cancer
1987,2,Canada,Esophageal cancer
1991,1,Canada,Esophageal cancer
2012,10,Canada,Esophageal cancer
2014,7,Canada,Esophageal cancer
2013,9,Canada,Esophageal cancer
2016,10,Canada,Esophageal cancer
2015,6,Canada,Esophageal cancer
2017,8,Canada,Esophageal cancer
1988,1,Canada,Esophageal cancer
2018,17,Canada,Esophageal cancer
2019,11,Canada,Esophageal cancer
2020,15,Canada,Esophageal cancer
2021,16,Canada,Esophageal cancer
2022,21,Canada,Esophageal cancer
2023,18,Canada,Esophageal cancer
2024,13,Canada,Esophageal cancer
2025,1,Canada,Esophageal cancer
1994,4,Canada,Esophageal cancer
1995,1,Canada,Esophageal cancer
1993,2,Canada,Esophageal cancer
1996,2,Canada,Esophageal cancer
1997,1,Canada,Esophageal cancer
1998,3,Canada,Esophageal cancer
1999,4,Canada,Esophageal cancer
2000,5,Canada,Esophageal cancer
1984,0,Canada,Esophageal cancer
1985,0,Canada,Esophageal cancer
1986,0,Canada,Esophageal cancer
1989,0,Canada,Esophageal cancer
1990,0,Canada,Esophageal cancer
2001,1,Canada,Gallbladder cancer
2003,2,Canada,Gallbladder cancer
2005,4,Canada,Gallbladder cancer
2007,1,Canada,Gallbladder cancer
2008,2,Canada,Gallbladder cancer
1990,2,Canada,Gallbladder cancer
2012,2,Canada,Gallbladder cancer
2013,2,Canada,Gallbladder cancer
2014,1,Canada,Gallbladder cancer
2015,4,Canada,Gallbladder cancer
2016,2,Canada,Gallbladder cancer
2017,2,Canada,Gallbladder cancer
2018,1,Canada,Gallbladder cancer
2021,5,Canada,Gallbladder cancer
2020,4,Canada,Gallbladder cancer
2023,2,Canada,Gallbladder cancer
2024,2,Canada,Gallbladder cancer
1994,1,Canada,Gallbladder cancer
1998,1,Canada,Gallbladder cancer
1984,0,Canada,Gallbladder cancer
1985,0,Canada,Gallbladder cancer
1986,0,Canada,Gallbladder cancer
1987,0,Canada,Gallbladder cancer
1988,0,Canada,Gallbladder cancer
1989,0,Canada,Gallbladder cancer
1991,0,Canada,Gallbladder cancer
1992,0,Canada,Gallbladder cancer
1993,0,Canada,Gallbladder cancer
1995,0,Canada,Gallbladder cancer
1996,0,Canada,Gallbladder cancer
1997,0,Canada,Gallbladder cancer
1999,0,Canada,Gallbladder cancer
2000,0,Canada,Gallbladder cancer
2002,0,Canada,Gallbladder cancer
2004,0,Canada,Gallbladder cancer
2006,0,Canada,Gallbladder cancer
2009,0,Canada,Gallbladder cancer
2010,0,Canada,Gallbladder cancer
2011,0,Canada,Gallbladder cancer
2019,0,Canada,Gallbladder cancer
2022,0,Canada,Gallbladder cancer
2025,0,Canada,Gallbladder cancer
1992,4,Canada,Hodgkin lymphoma
1991,1,Canada,Hodgkin lymphoma
2001,4,Canada,Hodgkin lymphoma
2002,6,Canada,Hodgkin lymphoma
2003,2,Canada,Hodgkin lymphoma
2004,3,Canada,Hodgkin lymphoma
2005,5,Canada,Hodgkin lymphoma
2006,7,Canada,Hodgkin lymphoma
2007,18,Canada,Hodgkin lymphoma
2008,16,Canada,Hodgkin lymphoma
2009,15,Canada,Hodgkin lymphoma
2010,26,Canada,Hodgkin lymphoma
2011,15,Canada,Hodgkin lymphoma
2012,29,Canada,Hodgkin lymphoma
1990,1,Canada,Hodgkin lymphoma
2013,26,Canada,Hodgkin lymphoma
2014,21,Canada,Hodgkin lymphoma
2015,22,Canada,Hodgkin lymphoma
2016,19,Canada,Hodgkin lymphoma
2017,34,Canada,Hodgkin lymphoma
1989,1,Canada,Hodgkin lymphoma
2018,19,Canada,Hodgkin lymphoma
2019,24,Canada,Hodgkin lymphoma
2020,40,Canada,Hodgkin lymphoma
2021,20,Canada,Hodgkin lymphoma
2022,26,Canada,Hodgkin lymphoma
1987,1,Canada,Hodgkin lymphoma
2023,28,Canada,Hodgkin lymphoma
2024,18,Canada,Hodgkin lymphoma
1999,4,Canada,Hodgkin lymphoma
2000,3,Canada,Hodgkin lymphoma
1984,0,Canada,Hodgkin lymphoma
1985,0,Canada,Hodgkin lymphoma
1986,0,Canada,Hodgkin lymphoma
1988,0,Canada,Hodgkin lymphoma
1993,0,Canada,Hodgkin lymphoma
1994,0,Canada,Hodgkin lymphoma
1995,0,Canada,Hodgkin lymphoma
1996,0,Canada,Hodgkin lymphoma
1997,0,Canada,Hodgkin lymphoma
1998,0,Canada,Hodgkin lymphoma
2025,0,Canada,Hodgkin lymphoma
1991,1,Canada,Kaposi sarcoma
2007,2,Canada,Kaposi sarcoma
2008,2,Canada,Kaposi sarcoma
2009,1,Canada,Kaposi sarcoma
2010,3,Canada,Kaposi sarcoma
2011,1,Canada,Kaposi sarcoma
2012,1,Canada,Kaposi sarcoma
2013,2,Canada,Kaposi sarcoma
2014,1,Canada,Kaposi sarcoma
2016,1,Canada,Kaposi sarcoma
2017,3,Canada,Kaposi sarcoma
2018,1,Canada,Kaposi sarcoma
2020,2,Canada,Kaposi sarcoma
2021,1,Canada,Kaposi sarcoma
2022,1,Canada,Kaposi sarcoma
2023,3,Canada,Kaposi sarcoma
2024,1,Canada,Kaposi sarcoma
1993,1,Canada,Kaposi sarcoma
1994,1,Canada,Kaposi sarcoma
1996,1,Canada,Kaposi sarcoma
1984,0,Canada,Kaposi sarcoma
1985,0,Canada,Kaposi sarcoma
1986,0,Canada,Kaposi sarcoma
1987,0,Canada,Kaposi sarcoma
1988,0,Canada,Kaposi sarcoma
1989,0,Canada,Kaposi sarcoma
1990,0,Canada,Kaposi sarcoma
1992,0,Canada,Kaposi sarcoma
1995,0,Canada,Kaposi sarcoma
1997,0,Canada,Kaposi sarcoma
1998,0,Canada,Kaposi sarcoma
1999,0,Canada,Kaposi sarcoma
2000,0,Canada,Kaposi sarcoma
2001,0,Canada,Kaposi sarcoma
2002,0,Canada,Kaposi sarcoma
2003,0,Canada,Kaposi sarcoma
2004,0,Canada,Kaposi sarcoma
2005,0,Canada,Kaposi sarcoma
2006,0,Canada,Kaposi sarcoma
2015,0,Canada,Kaposi sarcoma
2019,0,Canada,Kaposi sarcoma
2025,0,Canada,Kaposi sarcoma
1992,13,Canada,Kidney cancer
1990,13,Canada,Kidney cancer
1991,16,Canada,Kidney cancer
2001,18,Canada,Kidney cancer
2002,14,Canada,Kidney cancer
1998,11,Canada,Kidney cancer
2003,18,Canada,Kidney cancer
2004,20,Canada,Kidney cancer
2005,24,Canada,Kidney cancer
2006,23,Canada,Kidney cancer
2008,29,Canada,Kidney cancer
2007,44,Canada,Kidney cancer
2009,56,Canada,Kidney cancer
2010,47,Canada,Kidney cancer
2011,45,Canada,Kidney cancer
2012,36,Canada,Kidney cancer
1988,11,Canada,Kidney cancer
1989,18,Canada,Kidney cancer
2013,45,Canada,Kidney cancer
2014,64,Canada,Kidney cancer
2015,55,Canada,Kidney cancer
2016,72,Canada,Kidney cancer
2017,67,Canada,Kidney cancer
2018,65,Canada,Kidney cancer
2019,74,Canada,Kidney cancer
1986,1,Canada,Kidney cancer
1987,7,Canada,Kidney cancer
2020,87,Canada,Kidney cancer
2021,69,Canada,Kidney cancer
2022,72,Canada,Kidney cancer
2024,43,Canada,Kidney cancer
2023,81,Canada,Kidney cancer
1993,14,Canada,Kidney cancer
1994,14,Canada,Kidney cancer
1995,21,Canada,Kidney cancer
1996,19,Canada,Kidney cancer
1997,20,Canada,Kidney cancer
1999,15,Canada,Kidney cancer
2000,20,Canada,Kidney cancer
1984,0,Canada,Kidney cancer
1985,0,Canada,Kidney cancer
2025,0,Canada,Kidney cancer
1992,4,Canada,Laryngeal cancer
1991,1,Canada,Laryngeal cancer
2001,1,Canada,Laryngeal cancer
2002,2,Canada,Laryngeal cancer
2003,1,Canada,Laryngeal cancer
2004,1,Canada,Laryngeal cancer
2005,1,Canada,Laryngeal cancer
2006,2,Canada,Laryngeal cancer
2007,1,Canada,Laryngeal cancer
2008,1,Canada,Laryngeal cancer
2009,2,Canada,Laryngeal cancer
2010,4,Canada,Laryngeal cancer
2011,4,Canada,Laryngeal cancer
1989,5,Canada,Laryngeal cancer
1990,1,Canada,Laryngeal cancer
2012,2,Canada,Laryngeal cancer
2015,3,Canada,Laryngeal cancer
2016,3,Canada,Laryngeal cancer
2017,6,Canada,Laryngeal cancer
2018,2,Canada,Laryngeal cancer
2019,4,Canada,Laryngeal cancer
2020,2,Canada,Laryngeal cancer
2021,2,Canada,Laryngeal cancer
2022,2,Canada,Laryngeal cancer
2023,11,Canada,Laryngeal cancer
2024,1,Canada,Laryngeal cancer
1994,3,Canada,Laryngeal cancer
1995,2,Canada,Laryngeal cancer
1993,1,Canada,Laryngeal cancer
1996,1,Canada,Laryngeal cancer
1997,1,Canada,Laryngeal cancer
1998,2,Canada,Laryngeal cancer
1999,1,Canada,Laryngeal cancer
2000,2,Canada,Laryngeal cancer
1984,0,Canada,Laryngeal cancer
1985,0,Canada,Laryngeal cancer
1986,0,Canada,Laryngeal cancer
1987,0,Canada,Laryngeal cancer
1988,0,Canada,Laryngeal cancer
2013,0,Canada,Laryngeal cancer
2014,0,Canada,Laryngeal cancer
2025,0,Canada,Laryngeal cancer
1992,124,Canada,Leukemia
1990,113,Canada,Leukemia
1991,127,Canada,Leukemia
2000,95,Canada,Leukemia
2001,84,Canada,Leukemia
2002,120,Canada,Leukemia
1998,87,Canada,Leukemia
2003,112,Canada,Leukemia
2004,122,Canada,Leukemia
2005,143,Canada,Leukemia
2006,117,Canada,Leukemia
2007,138,Canada,Leukemia
2008,135,Canada,Leukemia
2009,114,Canada,Leukemia
2010,129,Canada,Leukemia
2011,147,Canada,Leukemia
1996,139,Canada,Leukemia
1997,115,Canada,Leukemia
2012,140,Canada,Leukemia
1987,34,Canada,Leukemia
1988,113,Canada,Leukemia
1989,98,Canada,Leukemia
2013,189,Canada,Leukemia
2014,153,Canada,Leukemia
2015,175,Canada,Leukemia
2016,182,Canada,Leukemia
2017,176,Canada,Leukemia
2018,179,Canada,Leukemia
2019,210,Canada,Leukemia
2020,186,Canada,Leukemia
2021,209,Canada,Leukemia
2022,169,Canada,Leukemia
2023,154,Canada,Leukemia
2024,114,Canada,Leukemia
1993,129,Canada,Leukemia
2025,3,Canada,Leukemia
1994,123,Canada,Leukemia
1995,112,Canada,Leukemia
1999,100,Canada,Leukemia
1984,0,Canada,Leukemia
1985,0,Canada,Leukemia
1986,0,Canada,Leukemia
1992,6,Canada,Liver cancer
1991,12,Canada,Liver cancer
2001,6,Canada,Liver cancer
2002,13,Canada,Liver cancer
2003,9,Canada,Liver cancer
2004,16,Canada,Liver cancer
2005,24,Canada,Liver cancer
2006,25,Canada,Liver cancer
2007,26,Canada,Liver cancer
2008,27,Canada,Liver cancer
2009,23,Canada,Liver cancer
2010,33,Canada,Liver cancer
2011,37,Canada,Liver cancer
2012,32,Canada,Liver cancer
1988,11,Canada,Liver cancer
1989,4,Canada,Liver cancer
1990,2,Canada,Liver cancer
2013,38,Canada,Liver cancer
2014,51,Canada,Liver cancer
2015,53,Canada,Liver cancer
2016,44,Canada,Liver cancer
2017,57,Canada,Liver cancer
2018,52,Canada,Liver cancer
1987,4,Canada,Liver cancer
2021,75,Canada,Liver cancer
2019,47,Canada,Liver cancer
2020,72,Canada,Liver cancer
2022,47,Canada,Liver cancer
2023,42,Canada,Liver cancer
2024,33,Canada,Liver cancer
1993,9,Canada,Liver cancer
1994,9,Canada,Liver cancer
1995,11,Canada,Liver cancer
1996,10,Canada,Liver cancer
1997,4,Canada,Liver cancer
1998,9,Canada,Liver cancer
1999,9,Canada,Liver cancer
2000,10,Canada,Liver cancer
1984,0,Canada,Liver cancer
1985,0,Canada,Liver cancer
1986,0,Canada,Liver cancer
2025,0,Canada,Liver cancer
1992,14,Canada,Lung cancer
1990,12,Canada,Lung cancer
1991,17,Canada,Lung cancer
2000,22,Canada,Lung cancer
2001,23,Canada,Lung cancer
2002,23,Canada,Lung cancer
2003,22,Canada,Lung cancer
2004,31,Canada,Lung cancer
2005,43,Canada,Lung cancer
2006,53,Canada,Lung cancer
2007,54,Canada,Lung cancer
2008,50,Canada,Lung cancer
1994,33,Canada,Lung cancer
2009,43,Canada,Lung cancer
2010,62,Canada,Lung cancer
1997,26,Canada,Lung cancer
2011,77,Canada,Lung cancer
2012,67,Canada,Lung cancer
1987,10,Canada,Lung cancer
1988,18,Canada,Lung cancer
1989,10,Canada,Lung cancer
2013,78,Canada,Lung cancer
2015,110,Canada,Lung cancer
2014,111,Canada,Lung cancer
2017,132,Canada,Lung cancer
2016,102,Canada,Lung cancer
2018,101,Canada,Lung cancer
2019,112,Canada,Lung cancer
2021,173,Canada,Lung cancer
2020,144,Canada,Lung cancer
2022,140,Canada,Lung cancer
2023,128,Canada,Lung cancer
2024,95,Canada,Lung cancer
1993,24,Canada,Lung cancer
1995,25,Canada,Lung cancer
1996,28,Canada,Lung cancer
1998,19,Canada,Lung cancer
1999,21,Canada,Lung cancer
1984,0,Canada,Lung cancer
1985,0,Canada,Lung cancer
1986,0,Canada,Lung cancer
2025,0,Canada,Lung cancer
1992,4,Canada,Mesothelioma
1991,4,Canada,Mesothelioma
2000,3,Canada,Mesothelioma
2001,1,Canada,Mesothelioma
2002,2,Canada,Mesothelioma
2003,2,Canada,Mesothelioma
2004,3,Canada,Mesothelioma
2005,7,Canada,Mesothelioma
2006,10,Canada,Mesothelioma
2008,7,Canada,Mesothelioma
2007,7,Canada,Mesothelioma
2009,12,Canada,Mesothelioma
2010,5,Canada,Mesothelioma
2011,9,Canada,Mesothelioma
1987,6,Canada,Mesothelioma
1989,9,Canada,Mesothelioma
1990,7,Canada,Mesothelioma
2012,11,Canada,Mesothelioma
2013,9,Canada,Mesothelioma
2014,10,Canada,Mesothelioma
2015,8,Canada,Mesothelioma
2016,13,Canada,Mesothelioma
2017,13,Canada,Mesothelioma
1988,10,Canada,Mesothelioma
2018,14,Canada,Mesothelioma
2019,22,Canada,Mesothelioma
2020,20,Canada,Mesothelioma
2021,24,Canada,Mesothelioma
2022,14,Canada,Mesothelioma
2023,17,Canada,Mesothelioma
2024,7,Canada,Mesothelioma
1993,8,Canada,Mesothelioma
1994,3,Canada,Mesothelioma
1995,6,Canada,Mesothelioma
1996,8,Canada,Mesothelioma
1997,6,Canada,Mesothelioma
1998,7,Canada,Mesothelioma
1999,8,Canada,Mesothelioma
1984,0,Canada,Mesothelioma
1985,0,Canada,Mesothelioma
1986,0,Canada,Mesothelioma
2025,0,Canada,Mesothelioma
1993,1,Canada,Mouth cancer
1984,0,Canada,Mouth cancer
1985,0,Canada,Mouth cancer
1986,0,Canada,Mouth cancer
1987,0,Canada,Mouth cancer
1988,0,Canada,Mouth cancer
1989,0,Canada,Mouth cancer
1990,0,Canada,Mouth cancer
1991,0,Canada,Mouth cancer
1992,0,Canada,Mouth cancer
1994,0,Canada,Mouth cancer
1995,0,Canada,Mouth cancer
1996,0,Canada,Mouth cancer
1997,0,Canada,Mouth cancer
1998,0,Canada,Mouth cancer
1999,0,Canada,Mouth cancer
2000,0,Canada,Mouth cancer
2001,0,Canada,Mouth cancer
2002,0,Canada,Mouth cancer
2003,0,Canada,Mouth cancer
2004,0,Canada,Mouth cancer
2005,0,Canada,Mouth cancer
2006,0,Canada,Mouth cancer
2007,0,Canada,Mouth cancer
2008,0,Canada,Mouth cancer
2009,0,Canada,Mouth cancer
2010,0,Canada,Mouth cancer
2011,0,Canada,Mouth cancer
2012,0,Canada,Mouth cancer
2013,0,Canada,Mouth cancer
2014,0,Canada,Mouth cancer
2015,0,Canada,Mouth cancer
2016,0,Canada,Mouth cancer
2017,0,Canada,Mouth cancer
2018,0,Canada,Mouth cancer
2019,0,Canada,Mouth cancer
2020,0,Canada,Mouth cancer
2021,0,Canada,Mouth cancer
2022,0,Canada,Mouth cancer
2023,0,Canada,Mouth cancer
2024,0,Canada,Mouth cancer
2025,0,Canada,Mouth cancer
1992,12,Canada,Multiple myeloma
1990,5,Canada,Multiple myeloma
1991,12,Canada,Multiple myeloma
2001,25,Canada,Multiple myeloma
2002,26,Canada,Multiple myeloma
2003,14,Canada,Multiple myeloma
2004,20,Canada,Multiple myeloma
2005,35,Canada,Multiple myeloma
2006,21,Canada,Multiple myeloma
2007,27,Canada,Multiple myeloma
2008,25,Canada,Multiple myeloma
2009,19,Canada,Multiple myeloma
2010,27,Canada,Multiple myeloma
2011,25,Canada,Multiple myeloma
1989,6,Canada,Multiple myeloma
2012,25,Canada,Multiple myeloma
2013,42,Canada,Multiple myeloma
2014,22,Canada,Multiple myeloma
2015,34,Canada,Multiple myeloma
2016,27,Canada,Multiple myeloma
2017,25,Canada,Multiple myeloma
1998,19,Canada,Multiple myeloma
1987,5,Canada,Multiple myeloma
1988,9,Canada,Multiple myeloma
2018,31,Canada,Multiple myeloma
2019,30,Canada,Multiple myeloma
2020,46,Canada,Multiple myeloma
2021,48,Canada,Multiple myeloma
2022,44,Canada,Multiple myeloma
2023,57,Canada,Multiple myeloma
2024,26,Canada,Multiple myeloma
1993,15,Canada,Multiple myeloma
1994,16,Canada,Multiple myeloma
1995,16,Canada,Multiple myeloma
1996,16,Canada,Multiple myeloma
1997,11,Canada,Multiple myeloma
1999,18,Canada,Multiple myeloma
2000,12,Canada,Multiple myeloma
1984,0,Canada,Multiple myeloma
1985,0,Canada,Multiple myeloma
1986,0,Canada,Multiple myeloma
2025,0,Canada,Multiple myeloma
1992,7,Canada,Non-Hodgkin lymphoma
1991,1,Canada,Non-Hodgkin lymphoma
2000,10,Canada,Non-Hodgkin lymphoma
2001,7,Canada,Non-Hodgkin lymphoma
2002,16,Canada,Non-Hodgkin lymphoma
2003,16,Canada,Non-Hodgkin lymphoma
2004,8,Canada,Non-Hodgkin lymphoma
2005,18,Canada,Non-Hodgkin lymphoma
2006,21,Canada,Non-Hodgkin lymphoma
2007,22,Canada,Non-Hodgkin lymphoma
2008,17,Canada,Non-Hodgkin lymphoma
2009,23,Canada,Non-Hodgkin lymphoma
2010,33,Canada,Non-Hodgkin lymphoma
2011,26,Canada,Non-Hodgkin lymphoma
2012,33,Canada,Non-Hodgkin lymphoma
1990,1,Canada,Non-Hodgkin lymphoma
2013,33,Canada,Non-Hodgkin lymphoma
2014,27,Canada,Non-Hodgkin lymphoma
2015,38,Canada,Non-Hodgkin lymphoma
2016,29,Canada,Non-Hodgkin lymphoma
2017,38,Canada,Non-Hodgkin lymphoma
2018,32,Canada,Non-Hodgkin lymphoma
1989,1,Canada,Non-Hodgkin lymphoma
2019,37,Canada,Non-Hodgkin lymphoma
2020,36,Canada,Non-Hodgkin lymphoma
2021,34,Canada,Non-Hodgkin lymphoma
2022,26,Canada,Non-Hodgkin lymphoma
1987,1,Canada,Non-Hodgkin lymphoma
2023,51,Canada,Non-Hodgkin lymphoma
2024,25,Canada,Non-Hodgkin lymphoma
1995,3,Canada,Non-Hodgkin lymphoma
1993,3,Canada,Non-Hodgkin lymphoma
1997,3,Canada,Non-Hodgkin lymphoma
1998,2,Canada,Non-Hodgkin lymphoma
1999,9,Canada,Non-Hodgkin lymphoma
1984,0,Canada,Non-Hodgkin lymphoma
1985,0,Canada,Non-Hodgkin lymphoma
1986,0,Canada,Non-Hodgkin lymphoma
1988,0,Canada,Non-Hodgkin lymphoma
1994,0,Canada,Non-Hodgkin lymphoma
1996,0,Canada,Non-Hodgkin lymphoma
2025,0,Canada,Non-Hodgkin lymphoma
1992,288,Canada,Other cancer
1991,263,Canada,Other cancer
1990,242,Canada,Other cancer
1996,316,Canada,Other cancer
1998,288,Canada,Other cancer
2000,293,Canada,Other cancer
2001,283,Canada,Other cancer
2002,321,Canada,Other cancer
1997,320,Canada,Other cancer
2003,289,Canada,Other cancer
2004,354,Canada,Other cancer
2005,399,Canada,Other cancer
2006,393,Canada,Other cancer
2007,392,Canada,Other cancer
2008,433,Canada,Other cancer
1994,289,Canada,Other cancer
2009,408,Canada,Other cancer
2010,474,Canada,Other cancer
2011,425,Canada,Other cancer
2012,507,Canada,Other cancer
2013,473,Canada,Other cancer
1987,86,Canada,Other cancer
1988,195,Canada,Other cancer
1989,225,Canada,Other cancer
2014,489,Canada,Other cancer
2015,546,Canada,Other cancer
2016,549,Canada,Other cancer
2017,578,Canada,Other cancer
2018,621,Canada,Other cancer
2019,643,Canada,Other cancer
1986,1,Canada,Other cancer
2020,696,Canada,Other cancer
2021,657,Canada,Other cancer
2022,620,Canada,Other cancer
2023,618,Canada,Other cancer
2024,404,Canada,Other cancer
2025,11,Canada,Other cancer
1993,269,Canada,Other cancer
1995,295,Canada,Other cancer
1999,290,Canada,Other cancer
1984,0,Canada,Other cancer
1985,0,Canada,Other cancer
1992,18,Canada,Ovarian cancer
1991,9,Canada,Ovarian cancer
1994,23,Canada,Ovarian cancer
1995,27,Canada,Ovarian cancer
1996,29,Canada,Ovarian cancer
2000,43,Canada,Ovarian cancer
2001,51,Canada,Ovarian cancer
2002,54,Canada,Ovarian cancer
2003,63,Canada,Ovarian cancer
1999,24,Canada,Ovarian cancer
2004,50,Canada,Ovarian cancer
2005,51,Canada,Ovarian cancer
2006,61,Canada,Ovarian cancer
2007,61,Canada,Ovarian cancer
1998,33,Canada,Ovarian cancer
2008,80,Canada,Ovarian cancer
2009,79,Canada,Ovarian cancer
2010,75,Canada,Ovarian cancer
2011,90,Canada,Ovarian cancer
2012,82,Canada,Ovarian cancer
1989,3,Canada,Ovarian cancer
1990,6,Canada,Ovarian cancer
2013,94,Canada,Ovarian cancer
2014,72,Canada,Ovarian cancer
2015,95,Canada,Ovarian cancer
2016,96,Canada,Ovarian cancer
2017,82,Canada,Ovarian cancer
2018,89,Canada,Ovarian cancer
1987,4,Canada,Ovarian cancer
1988,8,Canada,Ovarian cancer
2019,97,Canada,Ovarian cancer
2020,112,Canada,Ovarian cancer
2021,103,Canada,Ovarian cancer
2022,98,Canada,Ovarian cancer
2023,97,Canada,Ovarian cancer
2024,64,Canada,Ovarian cancer
2025,2,Canada,Ovarian cancer
1993,11,Canada,Ovarian cancer
1997,27,Canada,Ovarian cancer
1984,0,Canada,Ovarian cancer
1985,0,Canada,Ovarian cancer
1986,0,Canada,Ovarian cancer
1992,2,Canada,Pancreatic cancer
1990,3,Canada,Pancreatic cancer
1991,5,Canada,Pancreatic cancer
2000,11,Canada,Pancreatic cancer
2001,10,Canada,Pancreatic cancer
2002,7,Canada,Pancreatic cancer
2003,8,Canada,Pancreatic cancer
2004,10,Canada,Pancreatic cancer
2005,10,Canada,Pancreatic cancer
2006,6,Canada,Pancreatic cancer
2007,16,Canada,Pancreatic cancer
2008,16,Canada,Pancreatic cancer
2009,15,Canada,Pancreatic cancer
2010,15,Canada,Pancreatic cancer
2011,25,Canada,Pancreatic cancer
2012,25,Canada,Pancreatic cancer
1988,1,Canada,Pancreatic cancer
1989,1,Canada,Pancreatic cancer
2013,22,Canada,Pancreatic cancer
2014,31,Canada,Pancreatic cancer
2015,31,Canada,Pancreatic cancer
2017,29,Canada,Pancreatic cancer
2016,32,Canada,Pancreatic cancer
2018,37,Canada,Pancreatic cancer
2019,42,Canada,Pancreatic cancer
2020,53,Canada,Pancreatic cancer
2021,44,Canada,Pancreatic cancer
2022,45,Canada,Pancreatic cancer
2023,42,Canada,Pancreatic cancer
1987,1,Canada,Pancreatic cancer
2024,21,Canada,Pancreatic cancer
1994,6,Canada,Pancreatic cancer
1995,4,Canada,Pancreatic cancer
1993,4,Canada,Pancreatic cancer
1996,6,Canada,Pancreatic cancer
1997,3,Canada,Pancreatic cancer
1998,7,Canada,Pancreatic cancer
1999,10,Canada,Pancreatic cancer
1984,0,Canada,Pancreatic cancer
1985,0,Canada,Pancreatic cancer
1986,0,Canada,Pancreatic cancer
2025,0,Canada,Pancreatic cancer
2001,1,Canada,Penile cancer
2002,1,Canada,Penile cancer
2005,1,Canada,Penile cancer
2006,1,Canada,Penile cancer
2008,2,Canada,Penile cancer
2009,1,Canada,Penile cancer
2007,1,Canada,Penile cancer
2010,1,Canada,Penile cancer
2011,4,Canada,Penile cancer
2012,1,Canada,Penile cancer
2013,1,Canada,Penile cancer
2014,1,Canada,Penile cancer
2016,1,Canada,Penile cancer
2017,4,Canada,Penile cancer
2018,3,Canada,Penile cancer
2019,2,Canada,Penile cancer
2020,4,Canada,Penile cancer
2022,4,Canada,Penile cancer
2021,3,Canada,Penile cancer
2023,5,Canada,Penile cancer
2024,1,Canada,Penile cancer
1996,1,Canada,Penile cancer
1997,1,Canada,Penile cancer
1984,0,Canada,Penile cancer
1985,0,Canada,Penile cancer
1986,0,Canada,Penile cancer
1987,0,Canada,Penile cancer
1988,0,Canada,Penile cancer
1989,0,Canada,Penile cancer
1990,0,Canada,Penile cancer
1991,0,Canada,Penile cancer
1992,0,Canada,Penile cancer
1993,0,Canada,Penile cancer
1994,0,Canada,Penile cancer
1995,0,Canada,Penile cancer
1998,0,Canada,Penile cancer
1999,0,Canada,Penile cancer
2000,0,Canada,Penile cancer
2003,0,Canada,Penile cancer
2004,0,Canada,Penile cancer
2015,0,Canada,Penile cancer
2025,0,Canada,Penile cancer
1992,14,Canada,Prostate cancer
1991,11,Canada,Prostate cancer
2000,90,Canada,Prostate cancer
2001,80,Canada,Prostate cancer
2002,101,Canada,Prostate cancer
1998,54,Canada,Prostate cancer
1994,38,Canada,Prostate cancer
1995,38,Canada,Prostate cancer
1996,48,Canada,Prostate cancer
1997,60,Canada,Prostate cancer
1999,76,Canada,Prostate cancer
2003,108,Canada,Prostate cancer
2004,118,Canada,Prostate cancer
2005,159,Canada,Prostate cancer
2006,168,Canada,Prostate cancer
2007,200,Canada,Prostate cancer
2008,175,Canada,Prostate cancer
2009,168,Canada,Prostate cancer
2010,233,Canada,Prostate cancer
2011,214,Canada,Prostate cancer
2012,250,Canada,Prostate cancer
1987,6,Canada,Prostate cancer
1988,19,Canada,Prostate cancer
1989,9,Canada,Prostate cancer
1990,10,Canada,Prostate cancer
2013,256,Canada,Prostate cancer
2014,271,Canada,Prostate cancer
2015,270,Canada,Prostate cancer
2016,270,Canada,Prostate cancer
2017,295,Canada,Prostate cancer
2018,330,Canada,Prostate cancer
2019,304,Canada,Prostate cancer
2020,303,Canada,Prostate cancer
2021,329,Canada,Prostate cancer
2022,320,Canada,Prostate cancer
2023,263,Canada,Prostate cancer
2024,175,Canada,Prostate cancer
2025,2,Canada,Prostate cancer
1993,25,Canada,Prostate cancer
1984,0,Canada,Prostate cancer
1985,0,Canada,Prostate cancer
1986,0,Canada,Prostate cancer
1992,2,Canada,Rectal cancer
1990,3,Canada,Rectal cancer
1991,2,Canada,Rectal cancer
2001,2,Canada,Rectal cancer
2002,13,Canada,Rectal cancer
2003,8,Canada,Rectal cancer
2004,8,Canada,Rectal cancer
2005,13,Canada,Rectal cancer
2006,12,Canada,Rectal cancer
2007,17,Canada,Rectal cancer
2008,16,Canada,Rectal cancer
2009,14,Canada,Rectal cancer
2010,17,Canada,Rectal cancer
2011,11,Canada,Rectal cancer
2012,21,Canada,Rectal cancer
1989,2,Canada,Rectal cancer
2013,21,Canada,Rectal cancer
2014,25,Canada,Rectal cancer
2015,28,Canada,Rectal cancer
2016,22,Canada,Rectal cancer
2017,18,Canada,Rectal cancer
2018,25,Canada,Rectal cancer
1988,1,Canada,Rectal cancer
2019,39,Canada,Rectal cancer
2020,29,Canada,Rectal cancer
2021,34,Canada,Rectal cancer
2022,31,Canada,Rectal cancer
2023,29,Canada,Rectal cancer
2024,16,Canada,Rectal cancer
1993,6,Canada,Rectal cancer
1994,3,Canada,Rectal cancer
1995,5,Canada,Rectal cancer
1996,5,Canada,Rectal cancer
1997,5,Canada,Rectal cancer
1998,5,Canada,Rectal cancer
1999,8,Canada,Rectal cancer
2000,4,Canada,Rectal cancer
1984,0,Canada,Rectal cancer
1985,0,Canada,Rectal cancer
1986,0,Canada,Rectal cancer
1987,0,Canada,Rectal cancer
2025,0,Canada,Rectal cancer
2006,1,Canada,Salivary gland cancer
2008,1,Canada,Salivary gland cancer
2010,1,Canada,Salivary gland cancer
2014,1,Canada,Salivary gland cancer
2016,1,Canada,Salivary gland cancer
2017,1,Canada,Salivary gland cancer
2018,1,Canada,Salivary gland cancer
2020,2,Canada,Salivary gland cancer
2023,1,Canada,Salivary gland cancer
2024,1,Canada,Salivary gland cancer
1984,0,Canada,Salivary gland cancer
1985,0,Canada,Salivary gland cancer
1986,0,Canada,Salivary gland cancer
1987,0,Canada,Salivary gland cancer
1988,0,Canada,Salivary gland cancer
1989,0,Canada,Salivary gland cancer
1990,0,Canada,Salivary gland cancer
1991,0,Canada,Salivary gland cancer
1992,0,Canada,Salivary gland cancer
1993,0,Canada,Salivary gland cancer
1994,0,Canada,Salivary gland cancer
1995,0,Canada,Salivary gland cancer
1996,0,Canada,Salivary gland cancer
1997,0,Canada,Salivary gland cancer
1998,0,Canada,Salivary gland cancer
1999,0,Canada,Salivary gland cancer
2000,0,Canada,Salivary gland cancer
2001,0,Canada,Salivary gland cancer
2002,0,Canada,Salivary gland cancer
2003,0,Canada,Salivary gland cancer
2004,0,Canada,Salivary gland cancer
2005,0,Canada,Salivary gland cancer
2007,0,Canada,Salivary gland cancer
2009,0,Canada,Salivary gland cancer
2011,0,Canada,Salivary gland cancer
2012,0,Canada,Salivary gland cancer
2013,0,Canada,Salivary gland cancer
2015,0,Canada,Salivary gland cancer
2019,0,Canada,Salivary gland cancer
2021,0,Canada,Salivary gland cancer
2022,0,Canada,Salivary gland cancer
2025,0,Canada,Salivary gland cancer
1992,42,Canada,Skin cancer
1991,41,Canada,Skin cancer
2000,48,Canada,Skin cancer
2001,47,Canada,Skin cancer
2002,55,Canada,Skin cancer
2003,62,Canada,Skin cancer
2004,71,Canada,Skin cancer
2005,73,Canada,Skin cancer
1998,63,Canada,Skin cancer
2006,58,Canada,Skin cancer
2007,87,Canada,Skin cancer
2008,82,Canada,Skin cancer
2009,71,Canada,Skin cancer
2010,104,Canada,Skin cancer
2011,83,Canada,Skin cancer
1989,43,Canada,Skin cancer
2012,92,Canada,Skin cancer
1987,16,Canada,Skin cancer
1988,33,Canada,Skin cancer
1990,43,Canada,Skin cancer
2013,95,Canada,Skin cancer
2016,91,Canada,Skin cancer
2014,82,Canada,Skin cancer
2015,106,Canada,Skin cancer
2017,99,Canada,Skin cancer
2018,113,Canada,Skin cancer
2019,135,Canada,Skin cancer
2020,135,Canada,Skin cancer
2021,173,Canada,Skin cancer
2022,132,Canada,Skin cancer
2023,152,Canada,Skin cancer
2024,94,Canada,Skin cancer
2025,1,Canada,Skin cancer
1993,35,Canada,Skin cancer
1994,60,Canada,Skin cancer
1995,57,Canada,Skin cancer
1996,44,Canada,Skin cancer
1997,53,Canada,Skin cancer
1999,56,Canada,Skin cancer
1984,0,Canada,Skin cancer
1985,0,Canada,Skin cancer
1986,0,Canada,Skin cancer
1992,1,Canada,Stomach cancer
1991,1,Canada,Stomach cancer
2002,1,Canada,Stomach cancer
2003,1,Canada,Stomach cancer
2004,6,Canada,Stomach cancer
2005,4,Canada,Stomach cancer
2006,4,Canada,Stomach cancer
2008,4,Canada,Stomach cancer
2007,7,Canada,Stomach cancer
2009,1,Canada,Stomach cancer
2010,3,Canada,Stomach cancer
2011,6,Canada,Stomach cancer
2012,3,Canada,Stomach cancer
1989,1,Canada,Stomach cancer
1990,2,Canada,Stomach cancer
2013,2,Canada,Stomach cancer
2014,4,Canada,Stomach cancer
2015,5,Canada,Stomach cancer
2016,7,Canada,Stomach cancer
2017,4,Canada,Stomach cancer
1987,2,Canada,Stomach cancer
1988,1,Canada,Stomach cancer
2018,7,Canada,Stomach cancer
2019,5,Canada,Stomach cancer
2020,6,Canada,Stomach cancer
2022,7,Canada,Stomach cancer
2021,6,Canada,Stomach cancer
2023,10,Canada,Stomach cancer
2024,3,Canada,Stomach cancer
2025,1,Canada,Stomach cancer
1995,3,Canada,Stomach cancer
1993,2,Canada,Stomach cancer
1994,1,Canada,Stomach cancer
1996,2,Canada,Stomach cancer
1997,1,Canada,Stomach cancer
1998,2,Canada,Stomach cancer
1999,1,Canada,Stomach cancer
1984,0,Canada,Stomach cancer
1985,0,Canada,Stomach cancer
1986,0,Canada,Stomach cancer
2000,0,Canada,Stomach cancer
2001,0,Canada,Stomach cancer
1992,2,Canada,Testicular cancer
1991,1,Canada,Testicular cancer
2001,5,Canada,Testicular cancer
2002,2,Canada,Testicular cancer
2003,2,Canada,Testicular cancer
2004,5,Canada,Testicular cancer
2005,4,Canada,Testicular cancer
2006,4,Canada,Testicular cancer
2007,5,Canada,Testicular cancer
2008,11,Canada,Testicular cancer
2009,4,Canada,Testicular cancer
2010,10,Canada,Testicular cancer
2011,9,Canada,Testicular cancer
1989,1,Canada,Testicular cancer
1990,2,Canada,Testicular cancer
2012,6,Canada,Testicular cancer
2013,4,Canada,Testicular cancer
2014,5,Canada,Testicular cancer
2015,4,Canada,Testicular cancer
2016,10,Canada,Testicular cancer
2017,10,Canada,Testicular cancer
2018,12,Canada,Testicular cancer
1988,1,Canada,Testicular cancer
2019,11,Canada,Testicular cancer
2020,11,Canada,Testicular cancer
2021,10,Canada,Testicular cancer
2022,15,Canada,Testicular cancer
2023,14,Canada,Testicular cancer
2024,3,Canada,Testicular cancer
1993,3,Canada,Testicular cancer
1994,1,Canada,Testicular cancer
1995,1,Canada,Testicular cancer
1996,2,Canada,Testicular cancer
1997,5,Canada,Testicular cancer
1998,6,Canada,Testicular cancer
1999,4,Canada,Testicular cancer
2000,4,Canada,Testicular cancer
1984,0,Canada,Testicular cancer
1985,0,Canada,Testicular cancer
1986,0,Canada,Testicular cancer
1987,0,Canada,Testicular cancer
2025,0,Canada,Testicular cancer
1984,0,Canada,Throat cancer
1985,0,Canada,Throat cancer
1986,0,Canada,Throat cancer
1987,0,Canada,Throat cancer
1988,0,Canada,Throat cancer
1989,0,Canada,Throat cancer
1990,0,Canada,Throat cancer
1991,0,Canada,Throat cancer
1992,0,Canada,Throat cancer
1993,0,Canada,Throat cancer
1994,0,Canada,Throat cancer
1995,0,Canada,Throat cancer
1996,0,Canada,Throat cancer
1997,0,Canada,Throat cancer
1998,0,Canada,Throat cancer
1999,0,Canada,Throat cancer
2000,0,Canada,Throat cancer
2001,0,Canada,Throat cancer
2002,0,Canada,Throat cancer
2003,0,Canada,Throat cancer
2004,0,Canada,Throat cancer
2005,0,Canada,Throat cancer
2006,0,Canada,Throat cancer
2007,0,Canada,Throat cancer
2008,0,Canada,Throat cancer
2009,0,Canada,Throat cancer
2010,0,Canada,Throat cancer
2011,0,Canada,Throat cancer
2012,0,Canada,Throat cancer
2013,0,Canada,Throat cancer
2014,0,Canada,Throat cancer
2015,0,Canada,Throat cancer
2016,0,Canada,Throat cancer
2017,0,Canada,Throat cancer
2018,0,Canada,Throat cancer
2019,0,Canada,Throat cancer
2020,0,Canada,Throat cancer
2021,0,Canada,Throat cancer
2022,0,Canada,Throat cancer
2023,0,Canada,Throat cancer
2024,0,Canada,Throat cancer
2025,0,Canada,Throat cancer
1992,4,Canada,Thyroid cancer
1990,3,Canada,Thyroid cancer
1991,2,Canada,Thyroid cancer
2001,9,Canada,Thyroid cancer
2002,4,Canada,Thyroid cancer
2003,3,Canada,Thyroid cancer
2004,14,Canada,Thyroid cancer
2005,9,Canada,Thyroid cancer
2006,9,Canada,Thyroid cancer
2007,20,Canada,Thyroid cancer
2008,22,Canada,Thyroid cancer
2009,14,Canada,Thyroid cancer
2010,16,Canada,Thyroid cancer
2011,25,Canada,Thyroid cancer
1988,2,Canada,Thyroid cancer
2012,24,Canada,Thyroid cancer
2013,18,Canada,Thyroid cancer
2014,32,Canada,Thyroid cancer
2015,34,Canada,Thyroid cancer
2016,39,Canada,Thyroid cancer
2017,32,Canada,Thyroid cancer
2018,30,Canada,Thyroid cancer
1989,1,Canada,Thyroid cancer
2019,36,Canada,Thyroid cancer
2020,40,Canada,Thyroid cancer
2021,31,Canada,Thyroid cancer
2022,40,Canada,Thyroid cancer
2024,12,Canada,Thyroid cancer
1987,3,Canada,Thyroid cancer
2023,27,Canada,Thyroid cancer
1993,2,Canada,Thyroid cancer
1994,1,Canada,Thyroid cancer
1995,3,Canada,Thyroid cancer
1996,8,Canada,Thyroid cancer
1997,1,Canada,Thyroid cancer
1998,4,Canada,Thyroid cancer
1999,4,Canada,Thyroid cancer
2000,6,Canada,Thyroid cancer
1984,0,Canada,Thyroid cancer
1985,0,Canada,Thyroid cancer
1986,0,Canada,Thyroid cancer
2025,0,Canada,Thyroid cancer
1990,600,Canada,Undetermined cancer
1991,669,Canada,Undetermined cancer
1992,742,Canada,Undetermined cancer
1993,754,Canada,Undetermined cancer
1994,785,Canada,Undetermined cancer
1995,792,Canada,Undetermined cancer
1996,743,Canada,Undetermined cancer
1998,851,Canada,Undetermined cancer
1999,956,Canada,Undetermined cancer
2000,935,Canada,Undetermined cancer
2001,950,Canada,Undetermined cancer
1997,826,Canada,Undetermined cancer
2002,911,Canada,Undetermined cancer
1989,575,Canada,Undetermined cancer
2003,989,Canada,Undetermined cancer
2004,959,Canada,Undetermined cancer
2005,1042,Canada,Undetermined cancer
2006,1158,Canada,Undetermined cancer
1988,556,Canada,Undetermined cancer
2007,1234,Canada,Undetermined cancer
2008,1393,Canada,Undetermined cancer
2009,1400,Canada,Undetermined cancer
2010,1407,Canada,Undetermined cancer
2011,1473,Canada,Undetermined cancer
1987,222,Canada,Undetermined cancer
2012,1642,Canada,Undetermined cancer
2013,1560,Canada,Undetermined cancer
2015,1906,Canada,Undetermined cancer
2014,1755,Canada,Undetermined cancer
2016,2046,Canada,Undetermined cancer
1984,2,Canada,Undetermined cancer
1985,7,Canada,Undetermined cancer
1986,9,Canada,Undetermined cancer
2017,2166,Canada,Undetermined cancer
2018,2250,Canada,Undetermined cancer
2019,2472,Canada,Undetermined cancer
2020,2654,Canada,Undetermined cancer
2025,26,Canada,Undetermined cancer
2021,2900,Canada,Undetermined cancer
2022,2747,Canada,Undetermined cancer
2023,2531,Canada,Undetermined cancer
2024,1693,Canada,Undetermined cancer
1992,6,Canada,Uterine cancer
1991,4,Canada,Uterine cancer
2000,17,Canada,Uterine cancer
2001,8,Canada,Uterine cancer
2002,10,Canada,Uterine cancer
2003,8,Canada,Uterine cancer
2004,11,Canada,Uterine cancer
2005,17,Canada,Uterine cancer
2006,11,Canada,Uterine cancer
2007,26,Canada,Uterine cancer
2008,18,Canada,Uterine cancer
2009,26,Canada,Uterine cancer
2010,14,Canada,Uterine cancer
2011,28,Canada,Uterine cancer
2012,27,Canada,Uterine cancer
1990,4,Canada,Uterine cancer
2013,21,Canada,Uterine cancer
2014,31,Canada,Uterine cancer
2015,32,Canada,Uterine cancer
2017,33,Canada,Uterine cancer
2016,29,Canada,Uterine cancer
2018,34,Canada,Uterine cancer
1987,2,Canada,Uterine cancer
1988,3,Canada,Uterine cancer
1989,1,Canada,Uterine cancer
2019,29,Canada,Uterine cancer
2020,32,Canada,Uterine cancer
2021,43,Canada,Uterine cancer
2022,36,Canada,Uterine cancer
2023,44,Canada,Uterine cancer
2024,28,Canada,Uterine cancer
2025,1,Canada,Uterine cancer
1994,7,Canada,Uterine cancer
1995,4,Canada,Uterine cancer
1993,1,Canada,Uterine cancer
1996,8,Canada,Uterine cancer
1997,5,Canada,Uterine cancer
1998,6,Canada,Uterine cancer
1999,5,Canada,Uterine cancer
1984,0,Canada,Uterine cancer
1985,0,Canada,Uterine cancer
1986,0,Canada,Uterine cancer
2005,1,Canada,Vaginal cancer
2007,2,Canada,Vaginal cancer
2008,1,Canada,Vaginal cancer
2009,1,Canada,Vaginal cancer
2015,1,Canada,Vaginal cancer
2018,1,Canada,Vaginal cancer
2021,1,Canada,Vaginal cancer
2022,2,Canada,Vaginal cancer
2023,1,Canada,Vaginal cancer
1984,0,Canada,Vaginal cancer
1985,0,Canada,Vaginal cancer
1986,0,Canada,Vaginal cancer
1987,0,Canada,Vaginal cancer
1988,0,Canada,Vaginal cancer
1989,0,Canada,Vaginal cancer
1990,0,Canada,Vaginal cancer
1991,0,Canada,Vaginal cancer
1992,0,Canada,Vaginal cancer
1993,0,Canada,Vaginal cancer
1994,0,Canada,Vaginal cancer
1995,0,Canada,Vaginal cancer
1996,0,Canada,Vaginal cancer
1997,0,Canada,Vaginal cancer
1998,0,Canada,Vaginal cancer
1999,0,Canada,Vaginal cancer
2000,0,Canada,Vaginal cancer
2001,0,Canada,Vaginal cancer
2002,0,Canada,Vaginal cancer
2003,0,Canada,Vaginal cancer
2004,0,Canada,Vaginal cancer
2006,0,Canada,Vaginal cancer
2010,0,Canada,Vaginal cancer
2011,0,Canada,Vaginal cancer
2012,0,Canada,Vaginal cancer
2013,0,Canada,Vaginal cancer
2014,0,Canada,Vaginal cancer
2016,0,Canada,Vaginal cancer
2017,0,Canada,Vaginal cancer
2019,0,Canada,Vaginal cancer
2020,0,Canada,Vaginal cancer
2024,0,Canada,Vaginal cancer
2025,0,Canada,Vaginal cancer
1991,1,Canada,Vulvar cancer
2003,1,Canada,Vulvar cancer
2004,1,Canada,Vulvar cancer
2005,1,Canada,Vulvar cancer
2006,1,Canada,Vulvar cancer
2007,2,Canada,Vulvar cancer
2008,2,Canada,Vulvar cancer
2009,3,Canada,Vulvar cancer
1989,1,Canada,Vulvar cancer
1990,1,Canada,Vulvar cancer
2011,1,Canada,Vulvar cancer
2012,3,Canada,Vulvar cancer
2013,1,Canada,Vulvar cancer
2014,3,Canada,Vulvar cancer
2015,6,Canada,Vulvar cancer
2016,1,Canada,Vulvar cancer
2017,1,Canada,Vulvar cancer
2018,1,Canada,Vulvar cancer
2019,5,Canada,Vulvar cancer
2020,2,Canada,Vulvar cancer
2021,3,Canada,Vulvar cancer
2022,3,Canada,Vulvar cancer
2023,1,Canada,Vulvar cancer
2024,2,Canada,Vulvar cancer
1995,1,Canada,Vulvar cancer
2000,1,Canada,Vulvar cancer
1984,0,Canada,Vulvar cancer
1985,0,Canada,Vulvar cancer
1986,0,Canada,Vulvar cancer
1987,0,Canada,Vulvar cancer
1988,0,Canada,Vulvar cancer
1992,0,Canada,Vulvar cancer
1993,0,Canada,Vulvar cancer
1994,0,Canada,Vulvar cancer
1996,0,Canada,Vulvar cancer
1997,0,Canada,Vulvar cancer
1998,0,Canada,Vulvar cancer
1999,0,Canada,Vulvar cancer
2001,0,Canada,Vulvar cancer
2002,0,Canada,Vulvar cancer
2010,0,Canada,Vulvar cancer
2025,0,Canada,Vulvar cancer
2002,2,Australia,Anal cancer
2004,2,Australia,Anal cancer
2006,1,Australia,Anal cancer
2007,3,Australia,Anal cancer
2008,2,Australia,Anal cancer
2009,3,Australia,Anal cancer
2010,3,Australia,Anal cancer
2011,4,Australia,Anal cancer
1990,1,Australia,Anal cancer
2012,14,Australia,Anal cancer
2013,12,Australia,Anal cancer
2014,8,Australia,Anal cancer
2015,10,Australia,Anal cancer
2016,14,Australia,Anal cancer
2017,8,Australia,Anal cancer
2018,8,Australia,Anal cancer
2019,11,Australia,Anal cancer
2020,12,Australia,Anal cancer
2021,11,Australia,Anal cancer
2022,8,Australia,Anal cancer
2023,5,Australia,Anal cancer
2024,4,Australia,Anal cancer
1996,1,Australia,Anal cancer
2000,1,Australia,Anal cancer
1984,0,Australia,Anal cancer
1985,0,Australia,Anal cancer
1986,0,Australia,Anal cancer
1987,0,Australia,Anal cancer
1988,0,Australia,Anal cancer
1989,0,Australia,Anal cancer
1991,0,Australia,Anal cancer
1992,0,Australia,Anal cancer
1993,0,Australia,Anal cancer
1994,0,Australia,Anal cancer
1995,0,Australia,Anal cancer
1997,0,Australia,Anal cancer
1998,0,Australia,Anal cancer
1999,0,Australia,Anal cancer
2001,0,Australia,Anal cancer
2003,0,Australia,Anal cancer
2005,0,Australia,Anal cancer
2025,0,Australia,Anal cancer
1992,4,Australia,Bladder cancer
1991,4,Australia,Bladder cancer
2002,1,Australia,Bladder cancer
2003,4,Australia,Bladder cancer
2004,5,Australia,Bladder cancer
2005,4,Australia,Bladder cancer
2006,5,Australia,Bladder cancer
2008,6,Australia,Bladder cancer
2007,9,Australia,Bladder cancer
2009,9,Australia,Bladder cancer
2010,7,Australia,Bladder cancer
2011,9,Australia,Bladder cancer
2012,19,Australia,Bladder cancer
1989,3,Australia,Bladder cancer
1990,10,Australia,Bladder cancer
2013,13,Australia,Bladder cancer
2014,18,Australia,Bladder cancer
2015,17,Australia,Bladder cancer
2016,22,Australia,Bladder cancer
2017,15,Australia,Bladder cancer
2018,14,Australia,Bladder cancer
1988,11,Australia,Bladder cancer
2019,16,Australia,Bladder cancer
2020,16,Australia,Bladder cancer
2021,20,Australia,Bladder cancer
2022,19,Australia,Bladder cancer
2023,16,Australia,Bladder cancer
2024,21,Australia,Bladder cancer
1993,7,Australia,Bladder cancer
1994,5,Australia,Bladder cancer
1995,5,Australia,Bladder cancer
1996,4,Australia,Bladder cancer
1997,5,Australia,Bladder cancer
1998,3,Australia,Bladder cancer
1999,4,Australia,Bladder cancer
2000,7,Australia,Bladder cancer
1984,0,Australia,Bladder cancer
1985,0,Australia,Bladder cancer
1986,0,Australia,Bladder cancer
1987,0,Australia,Bladder cancer
2001,0,Australia,Bladder cancer
2025,0,Australia,Bladder cancer
1992,10,Australia,Brain cancer
1990,7,Australia,Brain cancer
1991,6,Australia,Brain cancer
2000,13,Australia,Brain cancer
2001,14,Australia,Brain cancer
2002,11,Australia,Brain cancer
2003,20,Australia,Brain cancer
2004,19,Australia,Brain cancer
2005,21,Australia,Brain cancer
2007,28,Australia,Brain cancer
2006,12,Australia,Brain cancer
2008,21,Australia,Brain cancer
1997,2,Australia,Brain cancer
1998,9,Australia,Brain cancer
2009,21,Australia,Brain cancer
2010,25,Australia,Brain cancer
2011,32,Australia,Brain cancer
2012,48,Australia,Brain cancer
1989,6,Australia,Brain cancer
2013,40,Australia,Brain cancer
2014,53,Australia,Brain cancer
2015,53,Australia,Brain cancer
2016,56,Australia,Brain cancer
2017,55,Australia,Brain cancer
2018,60,Australia,Brain cancer
1987,3,Australia,Brain cancer
1988,4,Australia,Brain cancer
2019,74,Australia,Brain cancer
2020,79,Australia,Brain cancer
2021,86,Australia,Brain cancer
2022,77,Australia,Brain cancer
2023,85,Australia,Brain cancer
2024,68,Australia,Brain cancer
2025,1,Australia,Brain cancer
1993,9,Australia,Brain cancer
1994,6,Australia,Brain cancer
1995,16,Australia,Brain cancer
1996,10,Australia,Brain cancer
1999,9,Australia,Brain cancer
1984,0,Australia,Brain cancer
1985,0,Australia,Brain cancer
1986,0,Australia,Brain cancer
1992,58,Australia,Breast cancer
1990,38,Australia,Breast cancer
1991,36,Australia,Breast cancer
1998,87,Australia,Breast cancer
1999,119,Australia,Breast cancer
2000,111,Australia,Breast cancer
2001,99,Australia,Breast cancer
2002,127,Australia,Breast cancer
2003,119,Australia,Breast cancer
2004,136,Australia,Breast cancer
2005,157,Australia,Breast cancer
2006,133,Australia,Breast cancer
2007,137,Australia,Breast cancer
1995,56,Australia,Breast cancer
2008,158,Australia,Breast cancer
2009,154,Australia,Breast cancer
2010,188,Australia,Breast cancer
2011,214,Australia,Breast cancer
1993,43,Australia,Breast cancer
1994,39,Australia,Breast cancer
2012,242,Australia,Breast cancer
2013,247,Australia,Breast cancer
1987,19,Australia,Breast cancer
1989,37,Australia,Breast cancer
2014,285,Australia,Breast cancer
2015,300,Australia,Breast cancer
2016,342,Australia,Breast cancer
2017,320,Australia,Breast cancer
2018,321,Australia,Breast cancer
2019,337,Australia,Breast cancer
1986,1,Australia,Breast cancer
1988,26,Australia,Breast cancer
2020,345,Australia,Breast cancer
2021,382,Australia,Breast cancer
2022,357,Australia,Breast cancer
2023,321,Australia,Breast cancer
2024,207,Australia,Breast cancer
2025,5,Australia,Breast cancer
1996,54,Australia,Breast cancer
1997,76,Australia,Breast cancer
1984,0,Australia,Breast cancer
1985,0,Australia,Breast cancer
1992,13,Australia,Cervical cancer
1990,8,Australia,Cervical cancer
1991,11,Australia,Cervical cancer
1995,18,Australia,Cervical cancer
1998,14,Australia,Cervical cancer
2001,16,Australia,Cervical cancer
2002,15,Australia,Cervical cancer
2003,19,Australia,Cervical cancer
2004,11,Australia,Cervical cancer
1999,13,Australia,Cervical cancer
2005,15,Australia,Cervical cancer
2006,19,Australia,Cervical cancer
2008,21,Australia,Cervical cancer
2007,24,Australia,Cervical cancer
2009,18,Australia,Cervical cancer
2010,27,Australia,Cervical cancer
2011,33,Australia,Cervical cancer
1994,10,Australia,Cervical cancer
2012,29,Australia,Cervical cancer
1989,8,Australia,Cervical cancer
2013,25,Australia,Cervical cancer
2014,30,Australia,Cervical cancer
2015,42,Australia,Cervical cancer
2016,35,Australia,Cervical cancer
2017,35,Australia,Cervical cancer
2018,33,Australia,Cervical cancer
1987,2,Australia,Cervical cancer
1988,1,Australia,Cervical cancer
2019,46,Australia,Cervical cancer
2020,51,Australia,Cervical cancer
2021,52,Australia,Cervical cancer
2022,43,Australia,Cervical cancer
2023,52,Australia,Cervical cancer
2024,33,Australia,Cervical cancer
1993,6,Australia,Cervical cancer
1996,16,Australia,Cervical cancer
1997,9,Australia,Cervical cancer
2000,11,Australia,Cervical cancer
1984,0,Australia,Cervical cancer
1985,0,Australia,Cervical cancer
1986,0,Australia,Cervical cancer
2025,0,Australia,Cervical cancer
1992,12,Australia,Colon cancer
1990,9,Australia,Colon cancer
1991,8,Australia,Colon cancer
2000,14,Australia,Colon cancer
2001,19,Australia,Colon cancer
2002,18,Australia,Colon cancer
2003,16,Australia,Colon cancer
2004,15,Australia,Colon cancer
2005,14,Australia,Colon cancer
2006,18,Australia,Colon cancer
2007,17,Australia,Colon cancer
2008,16,Australia,Colon cancer
2009,20,Australia,Colon cancer
2010,22,Australia,Colon cancer
2011,29,Australia,Colon cancer
2012,26,Australia,Colon cancer
1988,2,Australia,Colon cancer
1989,5,Australia,Colon cancer
2013,36,Australia,Colon cancer
2014,47,Australia,Colon cancer
1996,13,Australia,Colon cancer
2015,33,Australia,Colon cancer
2016,44,Australia,Colon cancer
2017,39,Australia,Colon cancer
2018,33,Australia,Colon cancer
2019,30,Australia,Colon cancer
1987,1,Australia,Colon cancer
2020,22,Australia,Colon cancer
2021,38,Australia,Colon cancer
2022,23,Australia,Colon cancer
2023,37,Australia,Colon cancer
2024,12,Australia,Colon cancer
1993,13,Australia,Colon cancer
1994,9,Australia,Colon cancer
1995,12,Australia,Colon cancer
1997,16,Australia,Colon cancer
1998,15,Australia,Colon cancer
1999,14,Australia,Colon cancer
1984,0,Australia,Colon cancer
1985,0,Australia,Colon cancer
1986,0,Australia,Colon cancer
2025,0,Australia,Colon cancer
1992,15,Australia,Colorectal cancer
1990,17,Australia,Colorectal cancer
1991,9,Australia,Colorectal cancer
2000,49,Australia,Colorectal cancer
2001,51,Australia,Colorectal cancer
2002,45,Australia,Colorectal cancer
2003,35,Australia,Colorectal cancer
2004,59,Australia,Colorectal cancer
2005,67,Australia,Colorectal cancer
2006,70,Australia,Colorectal cancer
1995,29,Australia,Colorectal cancer
2007,77,Australia,Colorectal cancer
2008,78,Australia,Colorectal cancer
2009,82,Australia,Colorectal cancer
2010,108,Australia,Colorectal cancer
2011,115,Australia,Colorectal cancer
2012,125,Australia,Colorectal cancer
1989,9,Australia,Colorectal cancer
2013,132,Australia,Colorectal cancer
2014,144,Australia,Colorectal cancer
2016,136,Australia,Colorectal cancer
1993,18,Australia,Colorectal cancer
2015,142,Australia,Colorectal cancer
2017,134,Australia,Colorectal cancer
2018,167,Australia,Colorectal cancer
1987,4,Australia,Colorectal cancer
1988,6,Australia,Colorectal cancer
2019,160,Australia,Colorectal cancer
2020,162,Australia,Colorectal cancer
2021,201,Australia,Colorectal cancer
2022,179,Australia,Colorectal cancer
2023,178,Australia,Colorectal cancer
2024,107,Australia,Colorectal cancer
2025,1,Australia,Colorectal cancer
1994,24,Australia,Colorectal cancer
1996,37,Australia,Colorectal cancer
1997,26,Australia,Colorectal cancer
1998,37,Australia,Colorectal cancer
1999,34,Australia,Colorectal cancer
1984,0,Australia,Colorectal cancer
1985,0,Australia,Colorectal cancer
1986,0,Australia,Colorectal cancer
1992,1,Australia,Esophageal cancer
1991,1,Australia,Esophageal cancer
2003,1,Australia,Esophageal cancer
2004,1,Australia,Esophageal cancer
2005,3,Australia,Esophageal cancer
2006,2,Australia,Esophageal cancer
2007,4,Australia,Esophageal cancer
2008,8,Australia,Esophageal cancer
2009,9,Australia,Esophageal cancer
2010,10,Australia,Esophageal cancer
2011,11,Australia,Esophageal cancer
2012,9,Australia,Esophageal cancer
2013,8,Australia,Esophageal cancer
2014,11,Australia,Esophageal cancer
2016,7,Australia,Esophageal cancer
2015,8,Australia,Esophageal cancer
2017,8,Australia,Esophageal cancer
1988,1,Australia,Esophageal cancer
2018,3,Australia,Esophageal cancer
2019,5,Australia,Esophageal cancer
2020,5,Australia,Esophageal cancer
2021,4,Australia,Esophageal cancer
2022,2,Australia,Esophageal cancer
2023,4,Australia,Esophageal cancer
2024,4,Australia,Esophageal cancer
1995,2,Australia,Esophageal cancer
1997,2,Australia,Esophageal cancer
1999,1,Australia,Esophageal cancer
1984,0,Australia,Esophageal cancer
1985,0,Australia,Esophageal cancer
1986,0,Australia,Esophageal cancer
1987,0,Australia,Esophageal cancer
1989,0,Australia,Esophageal cancer
1990,0,Australia,Esophageal cancer
1993,0,Australia,Esophageal cancer
1994,0,Australia,Esophageal cancer
1996,0,Australia,Esophageal cancer
1998,0,Australia,Esophageal cancer
2000,0,Australia,Esophageal cancer
2001,0,Australia,Esophageal cancer
2002,0,Australia,Esophageal cancer
2025,0,Australia,Esophageal cancer
2009,5,Australia,Gallbladder cancer
2010,1,Australia,Gallbladder cancer
2013,1,Australia,Gallbladder cancer
2015,1,Australia,Gallbladder cancer
2018,2,Australia,Gallbladder cancer
2021,2,Australia,Gallbladder cancer
2022,4,Australia,Gallbladder cancer
2023,1,Australia,Gallbladder cancer
2024,1,Australia,Gallbladder cancer
1984,0,Australia,Gallbladder cancer
1985,0,Australia,Gallbladder cancer
1986,0,Australia,Gallbladder cancer
1987,0,Australia,Gallbladder cancer
1988,0,Australia,Gallbladder cancer
1989,0,Australia,Gallbladder cancer
1990,0,Australia,Gallbladder cancer
1991,0,Australia,Gallbladder cancer
1992,0,Australia,Gallbladder cancer
1993,0,Australia,Gallbladder cancer
1994,0,Australia,Gallbladder cancer
1995,0,Australia,Gallbladder cancer
1996,0,Australia,Gallbladder cancer
1997,0,Australia,Gallbladder cancer
1998,0,Australia,Gallbladder cancer
1999,0,Australia,Gallbladder cancer
2000,0,Australia,Gallbladder cancer
2001,0,Australia,Gallbladder cancer
2002,0,Australia,Gallbladder cancer
2003,0,Australia,Gallbladder cancer
2004,0,Australia,Gallbladder cancer
2005,0,Australia,Gallbladder cancer
2006,0,Australia,Gallbladder cancer
2007,0,Australia,Gallbladder cancer
2008,0,Australia,Gallbladder cancer
2011,0,Australia,Gallbladder cancer
2012,0,Australia,Gallbladder cancer
2014,0,Australia,Gallbladder cancer
2016,0,Australia,Gallbladder cancer
2017,0,Australia,Gallbladder cancer
2019,0,Australia,Gallbladder cancer
2020,0,Australia,Gallbladder cancer
2025,0,Australia,Gallbladder cancer
1991,1,Australia,Hodgkin lymphoma
2001,1,Australia,Hodgkin lymphoma
2002,2,Australia,Hodgkin lymphoma
2003,4,Australia,Hodgkin lymphoma
2004,3,Australia,Hodgkin lymphoma
2005,9,Australia,Hodgkin lymphoma
2006,11,Australia,Hodgkin lymphoma
2007,9,Australia,Hodgkin lymphoma
2008,6,Australia,Hodgkin lymphoma
2009,9,Australia,Hodgkin lymphoma
2010,9,Australia,Hodgkin lymphoma
2011,7,Australia,Hodgkin lymphoma
1990,1,Australia,Hodgkin lymphoma
2012,13,Australia,Hodgkin lymphoma
2013,9,Australia,Hodgkin lymphoma
2014,16,Australia,Hodgkin lymphoma
2015,13,Australia,Hodgkin lymphoma
2016,12,Australia,Hodgkin lymphoma
2017,12,Australia,Hodgkin lymphoma
2018,19,Australia,Hodgkin lymphoma
2019,21,Australia,Hodgkin lymphoma
2020,20,Australia,Hodgkin lymphoma
2021,27,Australia,Hodgkin lymphoma
2022,19,Australia,Hodgkin lymphoma
2023,25,Australia,Hodgkin lymphoma
2024,12,Australia,Hodgkin lymphoma
2025,1,Australia,Hodgkin lymphoma
1994,1,Australia,Hodgkin lymphoma
2000,1,Australia,Hodgkin lymphoma
1999,2,Australia,Hodgkin lymphoma
1984,0,Australia,Hodgkin lymphoma
1985,0,Australia,Hodgkin lymphoma
1986,0,Australia,Hodgkin lymphoma
1987,0,Australia,Hodgkin lymphoma
1988,0,Australia,Hodgkin lymphoma
1989,0,Australia,Hodgkin lymphoma
1992,0,Australia,Hodgkin lymphoma
1993,0,Australia,Hodgkin lymphoma
1995,0,Australia,Hodgkin lymphoma
1996,0,Australia,Hodgkin lymphoma
1997,0,Australia,Hodgkin lymphoma
1998,0,Australia,Hodgkin lymphoma
2002,1,Australia,Kaposi sarcoma
2004,1,Australia,Kaposi sarcoma
2009,2,Australia,Kaposi sarcoma
2010,1,Australia,Kaposi sarcoma
2011,1,Australia,Kaposi sarcoma
1991,1,Australia,Kaposi sarcoma
2012,2,Australia,Kaposi sarcoma
2015,1,Australia,Kaposi sarcoma
2016,2,Australia,Kaposi sarcoma
2017,1,Australia,Kaposi sarcoma
2018,2,Australia,Kaposi sarcoma
2020,1,Australia,Kaposi sarcoma
2021,2,Australia,Kaposi sarcoma
2022,5,Australia,Kaposi sarcoma
2023,1,Australia,Kaposi sarcoma
1999,1,Australia,Kaposi sarcoma
2000,1,Australia,Kaposi sarcoma
1984,0,Australia,Kaposi sarcoma
1985,0,Australia,Kaposi sarcoma
1986,0,Australia,Kaposi sarcoma
1987,0,Australia,Kaposi sarcoma
1988,0,Australia,Kaposi sarcoma
1989,0,Australia,Kaposi sarcoma
1990,0,Australia,Kaposi sarcoma
1992,0,Australia,Kaposi sarcoma
1993,0,Australia,Kaposi sarcoma
1994,0,Australia,Kaposi sarcoma
1995,0,Australia,Kaposi sarcoma
1996,0,Australia,Kaposi sarcoma
1997,0,Australia,Kaposi sarcoma
1998,0,Australia,Kaposi sarcoma
2001,0,Australia,Kaposi sarcoma
2003,0,Australia,Kaposi sarcoma
2005,0,Australia,Kaposi sarcoma
2006,0,Australia,Kaposi sarcoma
2007,0,Australia,Kaposi sarcoma
2008,0,Australia,Kaposi sarcoma
2013,0,Australia,Kaposi sarcoma
2014,0,Australia,Kaposi sarcoma
2019,0,Australia,Kaposi sarcoma
2024,0,Australia,Kaposi sarcoma
2025,0,Australia,Kaposi sarcoma
1992,8,Australia,Kidney cancer
1991,2,Australia,Kidney cancer
2001,6,Australia,Kidney cancer
2002,8,Australia,Kidney cancer
2003,4,Australia,Kidney cancer
2004,8,Australia,Kidney cancer
2005,6,Australia,Kidney cancer
2006,13,Australia,Kidney cancer
2008,7,Australia,Kidney cancer
2007,11,Australia,Kidney cancer
2009,8,Australia,Kidney cancer
2011,18,Australia,Kidney cancer
2010,10,Australia,Kidney cancer
1989,3,Australia,Kidney cancer
1990,3,Australia,Kidney cancer
2012,13,Australia,Kidney cancer
2013,9,Australia,Kidney cancer
2014,19,Australia,Kidney cancer
2015,16,Australia,Kidney cancer
2017,29,Australia,Kidney cancer
2016,28,Australia,Kidney cancer
2018,33,Australia,Kidney cancer
1987,1,Australia,Kidney cancer
1988,2,Australia,Kidney cancer
2019,34,Australia,Kidney cancer
2020,23,Australia,Kidney cancer
2021,34,Australia,Kidney cancer
2022,35,Australia,Kidney cancer
2023,28,Australia,Kidney cancer
2024,17,Australia,Kidney cancer
1993,10,Australia,Kidney cancer
1994,3,Australia,Kidney cancer
1995,10,Australia,Kidney cancer
1996,2,Australia,Kidney cancer
1997,9,Australia,Kidney cancer
1998,6,Australia,Kidney cancer
1999,8,Australia,Kidney cancer
2000,4,Australia,Kidney cancer
1984,0,Australia,Kidney cancer
1985,0,Australia,Kidney cancer
1986,0,Australia,Kidney cancer
2025,0,Australia,Kidney cancer
2002,1,Australia,Laryngeal cancer
2003,1,Australia,Laryngeal cancer
2005,1,Australia,Laryngeal cancer
2008,2,Australia,Laryngeal cancer
2009,1,Australia,Laryngeal cancer
2013,2,Australia,Laryngeal cancer
2015,3,Australia,Laryngeal cancer
2017,2,Australia,Laryngeal cancer
2018,1,Australia,Laryngeal cancer
2019,1,Australia,Laryngeal cancer
2020,4,Australia,Laryngeal cancer
2021,3,Australia,Laryngeal cancer
2022,1,Australia,Laryngeal cancer
2023,2,Australia,Laryngeal cancer
2024,1,Australia,Laryngeal cancer
1993,1,Australia,Laryngeal cancer
1998,1,Australia,Laryngeal cancer
1984,0,Australia,Laryngeal cancer
1985,0,Australia,Laryngeal cancer
1986,0,Australia,Laryngeal cancer
1987,0,Australia,Laryngeal cancer
1988,0,Australia,Laryngeal cancer
1989,0,Australia,Laryngeal cancer
1990,0,Australia,Laryngeal cancer
1991,0,Australia,Laryngeal cancer
1992,0,Australia,Laryngeal cancer
1994,0,Australia,Laryngeal cancer
1995,0,Australia,Laryngeal cancer
1996,0,Australia,Laryngeal cancer
1997,0,Australia,Laryngeal cancer
1999,0,Australia,Laryngeal cancer
2000,0,Australia,Laryngeal cancer
2001,0,Australia,Laryngeal cancer
2004,0,Australia,Laryngeal cancer
2006,0,Australia,Laryngeal cancer
2007,0,Australia,Laryngeal cancer
2010,0,Australia,Laryngeal cancer
2011,0,Australia,Laryngeal cancer
2012,0,Australia,Laryngeal cancer
2014,0,Australia,Laryngeal cancer
2016,0,Australia,Laryngeal cancer
2025,0,Australia,Laryngeal cancer
1992,84,Australia,Leukemia
1990,81,Australia,Leukemia
1991,83,Australia,Leukemia
2000,55,Australia,Leukemia
2001,98,Australia,Leukemia
2002,70,Australia,Leukemia
2003,59,Australia,Leukemia
2004,54,Australia,Leukemia
2005,61,Australia,Leukemia
2006,70,Australia,Leukemia
2007,75,Australia,Leukemia
2008,85,Australia,Leukemia
1993,99,Australia,Leukemia
1999,65,Australia,Leukemia
2009,79,Australia,Leukemia
2010,87,Australia,Leukemia
2011,80,Australia,Leukemia
2012,99,Australia,Leukemia
1987,45,Australia,Leukemia
1988,76,Australia,Leukemia
1989,78,Australia,Leukemia
2013,119,Australia,Leukemia
2014,125,Australia,Leukemia
2015,121,Australia,Leukemia
2016,110,Australia,Leukemia
2017,121,Australia,Leukemia
1996,68,Australia,Leukemia
2018,115,Australia,Leukemia
2019,127,Australia,Leukemia
1986,1,Australia,Leukemia
2021,147,Australia,Leukemia
2020,133,Australia,Leukemia
2022,149,Australia,Leukemia
2023,129,Australia,Leukemia
1985,1,Australia,Leukemia
2024,82,Australia,Leukemia
1994,94,Australia,Leukemia
1995,70,Australia,Leukemia
1997,79,Australia,Leukemia
1998,68,Australia,Leukemia
1984,0,Australia,Leukemia
2025,0,Australia,Leukemia
1992,2,Australia,Liver cancer
1991,4,Australia,Liver cancer
2001,13,Australia,Liver cancer
2002,11,Australia,Liver cancer
2003,11,Australia,Liver cancer
2004,7,Australia,Liver cancer
2005,15,Australia,Liver cancer
2006,11,Australia,Liver cancer
1999,11,Australia,Liver cancer
2008,9,Australia,Liver cancer
2007,13,Australia,Liver cancer
2009,14,Australia,Liver cancer
2010,23,Australia,Liver cancer
1994,6,Australia,Liver cancer
2000,13,Australia,Liver cancer
2011,19,Australia,Liver cancer
2012,14,Australia,Liver cancer
1987,1,Australia,Liver cancer
1988,3,Australia,Liver cancer
1990,3,Australia,Liver cancer
2013,26,Australia,Liver cancer
2014,32,Australia,Liver cancer
2015,33,Australia,Liver cancer
2016,36,Australia,Liver cancer
2017,40,Australia,Liver cancer
2018,47,Australia,Liver cancer
2019,47,Australia,Liver cancer
2020,66,Australia,Liver cancer
2021,80,Australia,Liver cancer
2022,57,Australia,Liver cancer
2024,35,Australia,Liver cancer
2023,63,Australia,Liver cancer
2025,1,Australia,Liver cancer
1995,1,Australia,Liver cancer
1993,3,Australia,Liver cancer
1996,4,Australia,Liver cancer
1997,5,Australia,Liver cancer
1998,4,Australia,Liver cancer
1984,0,Australia,Liver cancer
1985,0,Australia,Liver cancer
1986,0,Australia,Liver cancer
1989,0,Australia,Liver cancer
1992,6,Australia,Lung cancer
1990,5,Australia,Lung cancer
1991,9,Australia,Lung cancer
2001,24,Australia,Lung cancer
2002,15,Australia,Lung cancer
2003,16,Australia,Lung cancer
2004,15,Australia,Lung cancer
2005,27,Australia,Lung cancer
2006,24,Australia,Lung cancer
2007,22,Australia,Lung cancer
1999,16,Australia,Lung cancer
2008,18,Australia,Lung cancer
2009,27,Australia,Lung cancer
1997,11,Australia,Lung cancer
2010,38,Australia,Lung cancer
1994,13,Australia,Lung cancer
2000,16,Australia,Lung cancer
2011,41,Australia,Lung cancer
2012,35,Australia,Lung cancer
1987,2,Australia,Lung cancer
1988,5,Australia,Lung cancer
1989,1,Australia,Lung cancer
2013,58,Australia,Lung cancer
2014,74,Australia,Lung cancer
2015,70,Australia,Lung cancer
2016,69,Australia,Lung cancer
2017,84,Australia,Lung cancer
2018,85,Australia,Lung cancer
2019,94,Australia,Lung cancer
2020,116,Australia,Lung cancer
2021,144,Australia,Lung cancer
2022,107,Australia,Lung cancer
2023,124,Australia,Lung cancer
2024,79,Australia,Lung cancer
2025,1,Australia,Lung cancer
1993,10,Australia,Lung cancer
1995,12,Australia,Lung cancer
1996,8,Australia,Lung cancer
1998,8,Australia,Lung cancer
1984,0,Australia,Lung cancer
1985,0,Australia,Lung cancer
1986,0,Australia,Lung cancer
1992,6,Australia,Mesothelioma
1990,7,Australia,Mesothelioma
1991,14,Australia,Mesothelioma
2001,8,Australia,Mesothelioma
2002,7,Australia,Mesothelioma
2003,8,Australia,Mesothelioma
2004,11,Australia,Mesothelioma
2005,11,Australia,Mesothelioma
2006,18,Australia,Mesothelioma
2008,14,Australia,Mesothelioma
2007,10,Australia,Mesothelioma
2009,25,Australia,Mesothelioma
2010,24,Australia,Mesothelioma
2011,27,Australia,Mesothelioma
1988,3,Australia,Mesothelioma
1989,4,Australia,Mesothelioma
2012,20,Australia,Mesothelioma
2013,34,Australia,Mesothelioma
2014,28,Australia,Mesothelioma
2015,36,Australia,Mesothelioma
2017,31,Australia,Mesothelioma
2016,42,Australia,Mesothelioma
2018,31,Australia,Mesothelioma
2019,29,Australia,Mesothelioma
2020,30,Australia,Mesothelioma
2021,26,Australia,Mesothelioma
2022,29,Australia,Mesothelioma
1987,2,Australia,Mesothelioma
2023,22,Australia,Mesothelioma
2024,15,Australia,Mesothelioma
1993,7,Australia,Mesothelioma
1994,9,Australia,Mesothelioma
1995,14,Australia,Mesothelioma
1996,4,Australia,Mesothelioma
1997,6,Australia,Mesothelioma
1998,10,Australia,Mesothelioma
1999,7,Australia,Mesothelioma
2000,9,Australia,Mesothelioma
1984,0,Australia,Mesothelioma
1985,0,Australia,Mesothelioma
1986,0,Australia,Mesothelioma
2025,0,Australia,Mesothelioma
2011,1,Australia,Mouth cancer
2015,2,Australia,Mouth cancer
2023,1,Australia,Mouth cancer
1993,1,Australia,Mouth cancer
2000,1,Australia,Mouth cancer
1984,0,Australia,Mouth cancer
1985,0,Australia,Mouth cancer
1986,0,Australia,Mouth cancer
1987,0,Australia,Mouth cancer
1988,0,Australia,Mouth cancer
1989,0,Australia,Mouth cancer
1990,0,Australia,Mouth cancer
1991,0,Australia,Mouth cancer
1992,0,Australia,Mouth cancer
1994,0,Australia,Mouth cancer
1995,0,Australia,Mouth cancer
1996,0,Australia,Mouth cancer
1997,0,Australia,Mouth cancer
1998,0,Australia,Mouth cancer
1999,0,Australia,Mouth cancer
2001,0,Australia,Mouth cancer
2002,0,Australia,Mouth cancer
2003,0,Australia,Mouth cancer
2004,0,Australia,Mouth cancer
2005,0,Australia,Mouth cancer
2006,0,Australia,Mouth cancer
2007,0,Australia,Mouth cancer
2008,0,Australia,Mouth cancer
2009,0,Australia,Mouth cancer
2010,0,Australia,Mouth cancer
2012,0,Australia,Mouth cancer
2013,0,Australia,Mouth cancer
2014,0,Australia,Mouth cancer
2016,0,Australia,Mouth cancer
2017,0,Australia,Mouth cancer
2018,0,Australia,Mouth cancer
2019,0,Australia,Mouth cancer
2020,0,Australia,Mouth cancer
2021,0,Australia,Mouth cancer
2022,0,Australia,Mouth cancer
2024,0,Australia,Mouth cancer
2025,0,Australia,Mouth cancer
1992,6,Australia,Multiple myeloma
1990,3,Australia,Multiple myeloma
1991,5,Australia,Multiple myeloma
2000,10,Australia,Multiple myeloma
2001,17,Australia,Multiple myeloma
2002,10,Australia,Multiple myeloma
2003,13,Australia,Multiple myeloma
2004,13,Australia,Multiple myeloma
2005,29,Australia,Multiple myeloma
2006,18,Australia,Multiple myeloma
2007,15,Australia,Multiple myeloma
2008,15,Australia,Multiple myeloma
2009,14,Australia,Multiple myeloma
2010,17,Australia,Multiple myeloma
2011,23,Australia,Multiple myeloma
1989,3,Australia,Multiple myeloma
2012,25,Australia,Multiple myeloma
2013,24,Australia,Multiple myeloma
2014,27,Australia,Multiple myeloma
2015,32,Australia,Multiple myeloma
2016,30,Australia,Multiple myeloma
2017,38,Australia,Multiple myeloma
2018,34,Australia,Multiple myeloma
1987,1,Australia,Multiple myeloma
1988,6,Australia,Multiple myeloma
2019,35,Australia,Multiple myeloma
2020,50,Australia,Multiple myeloma
2021,58,Australia,Multiple myeloma
2022,42,Australia,Multiple myeloma
2023,45,Australia,Multiple myeloma
2024,21,Australia,Multiple myeloma
1993,11,Australia,Multiple myeloma
1994,10,Australia,Multiple myeloma
1995,5,Australia,Multiple myeloma
1996,11,Australia,Multiple myeloma
1997,15,Australia,Multiple myeloma
1998,6,Australia,Multiple myeloma
1999,11,Australia,Multiple myeloma
1984,0,Australia,Multiple myeloma
1985,0,Australia,Multiple myeloma
1986,0,Australia,Multiple myeloma
2025,0,Australia,Multiple myeloma
1991,1,Australia,Non-Hodgkin lymphoma
2001,4,Australia,Non-Hodgkin lymphoma
2002,5,Australia,Non-Hodgkin lymphoma
2003,9,Australia,Non-Hodgkin lymphoma
2004,11,Australia,Non-Hodgkin lymphoma
2005,12,Australia,Non-Hodgkin lymphoma
2006,11,Australia,Non-Hodgkin lymphoma
2007,14,Australia,Non-Hodgkin lymphoma
2008,13,Australia,Non-Hodgkin lymphoma
2009,12,Australia,Non-Hodgkin lymphoma
2010,14,Australia,Non-Hodgkin lymphoma
2011,14,Australia,Non-Hodgkin lymphoma
1990,3,Australia,Non-Hodgkin lymphoma
2012,22,Australia,Non-Hodgkin lymphoma
2013,24,Australia,Non-Hodgkin lymphoma
2014,23,Australia,Non-Hodgkin lymphoma
2015,15,Australia,Non-Hodgkin lymphoma
2016,18,Australia,Non-Hodgkin lymphoma
2017,20,Australia,Non-Hodgkin lymphoma
2018,23,Australia,Non-Hodgkin lymphoma
1988,1,Australia,Non-Hodgkin lymphoma
2019,36,Australia,Non-Hodgkin lymphoma
2020,32,Australia,Non-Hodgkin lymphoma
2021,43,Australia,Non-Hodgkin lymphoma
2022,39,Australia,Non-Hodgkin lymphoma
2023,43,Australia,Non-Hodgkin lymphoma
2024,21,Australia,Non-Hodgkin lymphoma
2025,1,Australia,Non-Hodgkin lymphoma
1994,3,Australia,Non-Hodgkin lymphoma
1995,1,Australia,Non-Hodgkin lymphoma
1998,1,Australia,Non-Hodgkin lymphoma
1999,3,Australia,Non-Hodgkin lymphoma
2000,3,Australia,Non-Hodgkin lymphoma
1984,0,Australia,Non-Hodgkin lymphoma
1985,0,Australia,Non-Hodgkin lymphoma
1986,0,Australia,Non-Hodgkin lymphoma
1987,0,Australia,Non-Hodgkin lymphoma
1989,0,Australia,Non-Hodgkin lymphoma
1992,0,Australia,Non-Hodgkin lymphoma
1993,0,Australia,Non-Hodgkin lymphoma
1996,0,Australia,Non-Hodgkin lymphoma
1997,0,Australia,Non-Hodgkin lymphoma
1992,141,Australia,Other cancer
1990,132,Australia,Other cancer
1991,163,Australia,Other cancer
2000,171,Australia,Other cancer
2001,209,Australia,Other cancer
1994,163,Australia,Other cancer
2002,186,Australia,Other cancer
2003,210,Australia,Other cancer
2004,206,Australia,Other cancer
2005,242,Australia,Other cancer
2006,242,Australia,Other cancer
2007,247,Australia,Other cancer
1996,168,Australia,Other cancer
1997,193,Australia,Other cancer
2008,232,Australia,Other cancer
2009,236,Australia,Other cancer
2010,276,Australia,Other cancer
2011,306,Australia,Other cancer
1998,164,Australia,Other cancer
2012,348,Australia,Other cancer
2013,408,Australia,Other cancer
1987,46,Australia,Other cancer
1988,101,Australia,Other cancer
1989,132,Australia,Other cancer
2014,434,Australia,Other cancer
2015,428,Australia,Other cancer
2016,460,Australia,Other cancer
2017,463,Australia,Other cancer
2018,497,Australia,Other cancer
2019,512,Australia,Other cancer
1986,1,Australia,Other cancer
2020,563,Australia,Other cancer
2021,607,Australia,Other cancer
2022,525,Australia,Other cancer
2023,503,Australia,Other cancer
2024,330,Australia,Other cancer
2025,5,Australia,Other cancer
1993,152,Australia,Other cancer
1995,155,Australia,Other cancer
1999,165,Australia,Other cancer
1984,0,Australia,Other cancer
1985,0,Australia,Other cancer
1992,11,Australia,Ovarian cancer
1990,9,Australia,Ovarian cancer
1991,3,Australia,Ovarian cancer
1993,10,Australia,Ovarian cancer
1995,14,Australia,Ovarian cancer
2001,21,Australia,Ovarian cancer
2002,32,Australia,Ovarian cancer
2003,28,Australia,Ovarian cancer
2004,37,Australia,Ovarian cancer
2005,34,Australia,Ovarian cancer
2006,40,Australia,Ovarian cancer
2007,41,Australia,Ovarian cancer
2008,42,Australia,Ovarian cancer
2009,41,Australia,Ovarian cancer
1996,8,Australia,Ovarian cancer
2010,56,Australia,Ovarian cancer
2011,69,Australia,Ovarian cancer
2012,72,Australia,Ovarian cancer
2013,73,Australia,Ovarian cancer
2014,59,Australia,Ovarian cancer
2016,63,Australia,Ovarian cancer
2015,65,Australia,Ovarian cancer
2017,60,Australia,Ovarian cancer
2018,76,Australia,Ovarian cancer
1988,4,Australia,Ovarian cancer
1989,6,Australia,Ovarian cancer
2019,76,Australia,Ovarian cancer
2020,67,Australia,Ovarian cancer
2021,84,Australia,Ovarian cancer
2022,55,Australia,Ovarian cancer
1987,2,Australia,Ovarian cancer
2023,57,Australia,Ovarian cancer
2024,42,Australia,Ovarian cancer
1994,6,Australia,Ovarian cancer
1997,14,Australia,Ovarian cancer
1998,13,Australia,Ovarian cancer
1999,13,Australia,Ovarian cancer
2000,15,Australia,Ovarian cancer
1984,0,Australia,Ovarian cancer
1985,0,Australia,Ovarian cancer
1986,0,Australia,Ovarian cancer
2025,0,Australia,Ovarian cancer
1991,2,Australia,Pancreatic cancer
2001,4,Australia,Pancreatic cancer
2002,3,Australia,Pancreatic cancer
2003,6,Australia,Pancreatic cancer
2004,8,Australia,Pancreatic cancer
2005,9,Australia,Pancreatic cancer
2006,8,Australia,Pancreatic cancer
2007,6,Australia,Pancreatic cancer
2008,8,Australia,Pancreatic cancer
2009,15,Australia,Pancreatic cancer
2010,9,Australia,Pancreatic cancer
2011,11,Australia,Pancreatic cancer
2012,21,Australia,Pancreatic cancer
2013,19,Australia,Pancreatic cancer
1993,2,Australia,Pancreatic cancer
2014,24,Australia,Pancreatic cancer
2015,36,Australia,Pancreatic cancer
2016,39,Australia,Pancreatic cancer
2017,40,Australia,Pancreatic cancer
2018,37,Australia,Pancreatic cancer
1988,1,Australia,Pancreatic cancer
1989,1,Australia,Pancreatic cancer
2020,64,Australia,Pancreatic cancer
2019,41,Australia,Pancreatic cancer
2021,54,Australia,Pancreatic cancer
2022,56,Australia,Pancreatic cancer
2023,48,Australia,Pancreatic cancer
2024,28,Australia,Pancreatic cancer
2025,1,Australia,Pancreatic cancer
1995,2,Australia,Pancreatic cancer
1997,2,Australia,Pancreatic cancer
1999,2,Australia,Pancreatic cancer
2000,1,Australia,Pancreatic cancer
1984,0,Australia,Pancreatic cancer
1985,0,Australia,Pancreatic cancer
1986,0,Australia,Pancreatic cancer
1987,0,Australia,Pancreatic cancer
1990,0,Australia,Pancreatic cancer
1992,0,Australia,Pancreatic cancer
1994,0,Australia,Pancreatic cancer
1996,0,Australia,Pancreatic cancer
1998,0,Australia,Pancreatic cancer
2006,1,Australia,Penile cancer
2010,2,Australia,Penile cancer
2011,2,Australia,Penile cancer
2012,3,Australia,Penile cancer
2013,1,Australia,Penile cancer
2016,1,Australia,Penile cancer
2017,1,Australia,Penile cancer
2018,1,Australia,Penile cancer
2019,1,Australia,Penile cancer
2020,5,Australia,Penile cancer
2021,2,Australia,Penile cancer
2022,6,Australia,Penile cancer
2023,2,Australia,Penile cancer
2024,1,Australia,Penile cancer
1994,1,Australia,Penile cancer
1998,1,Australia,Penile cancer
1984,0,Australia,Penile cancer
1985,0,Australia,Penile cancer
1986,0,Australia,Penile cancer
1987,0,Australia,Penile cancer
1988,0,Australia,Penile cancer
1989,0,Australia,Penile cancer
1990,0,Australia,Penile cancer
1991,0,Australia,Penile cancer
1992,0,Australia,Penile cancer
1993,0,Australia,Penile cancer
1995,0,Australia,Penile cancer
1996,0,Australia,Penile cancer
1997,0,Australia,Penile cancer
1999,0,Australia,Penile cancer
2000,0,Australia,Penile cancer
2001,0,Australia,Penile cancer
2002,0,Australia,Penile cancer
2003,0,Australia,Penile cancer
2004,0,Australia,Penile cancer
2005,0,Australia,Penile cancer
2007,0,Australia,Penile cancer
2008,0,Australia,Penile cancer
2009,0,Australia,Penile cancer
2014,0,Australia,Penile cancer
2015,0,Australia,Penile cancer
2025,0,Australia,Penile cancer
1992,2,Australia,Prostate cancer
1991,3,Australia,Prostate cancer
2001,35,Australia,Prostate cancer
2002,34,Australia,Prostate cancer
2000,30,Australia,Prostate cancer
2003,51,Australia,Prostate cancer
2004,68,Australia,Prostate cancer
2005,55,Australia,Prostate cancer
2006,63,Australia,Prostate cancer
2007,73,Australia,Prostate cancer
2008,57,Australia,Prostate cancer
2009,84,Australia,Prostate cancer
2010,93,Australia,Prostate cancer
2011,112,Australia,Prostate cancer
2012,131,Australia,Prostate cancer
1990,3,Australia,Prostate cancer
2013,175,Australia,Prostate cancer
2014,197,Australia,Prostate cancer
2015,185,Australia,Prostate cancer
2016,205,Australia,Prostate cancer
2017,228,Australia,Prostate cancer
2018,243,Australia,Prostate cancer
1988,2,Australia,Prostate cancer
2019,259,Australia,Prostate cancer
2020,220,Australia,Prostate cancer
2021,245,Australia,Prostate cancer
2022,229,Australia,Prostate cancer
2023,210,Australia,Prostate cancer
2024,144,Australia,Prostate cancer
2025,4,Australia,Prostate cancer
1993,6,Australia,Prostate cancer
1994,6,Australia,Prostate cancer
1995,9,Australia,Prostate cancer
1996,12,Australia,Prostate cancer
1997,15,Australia,Prostate cancer
1998,18,Australia,Prostate cancer
1999,21,Australia,Prostate cancer
1984,0,Australia,Prostate cancer
1985,0,Australia,Prostate cancer
1986,0,Australia,Prostate cancer
1987,0,Australia,Prostate cancer
1989,0,Australia,Prostate cancer
1992,2,Australia,Rectal cancer
1991,4,Australia,Rectal cancer
2000,5,Australia,Rectal cancer
2001,9,Australia,Rectal cancer
2002,8,Australia,Rectal cancer
2003,8,Australia,Rectal cancer
2004,11,Australia,Rectal cancer
2005,8,Australia,Rectal cancer
2006,11,Australia,Rectal cancer
2008,7,Australia,Rectal cancer
2007,8,Australia,Rectal cancer
2009,10,Australia,Rectal cancer
2010,9,Australia,Rectal cancer
2011,19,Australia,Rectal cancer
1989,2,Australia,Rectal cancer
1990,6,Australia,Rectal cancer
2012,15,Australia,Rectal cancer
2013,14,Australia,Rectal cancer
2014,27,Australia,Rectal cancer
2017,29,Australia,Rectal cancer
2015,16,Australia,Rectal cancer
2016,30,Australia,Rectal cancer
2018,31,Australia,Rectal cancer
1988,2,Australia,Rectal cancer
2019,32,Australia,Rectal cancer
2020,36,Australia,Rectal cancer
2021,60,Australia,Rectal cancer
2022,56,Australia,Rectal cancer
2023,51,Australia,Rectal cancer
2024,25,Australia,Rectal cancer
1995,4,Australia,Rectal cancer
1993,1,Australia,Rectal cancer
1996,3,Australia,Rectal cancer
1997,7,Australia,Rectal cancer
1998,4,Australia,Rectal cancer
1999,6,Australia,Rectal cancer
1984,0,Australia,Rectal cancer
1985,0,Australia,Rectal cancer
1986,0,Australia,Rectal cancer
1987,0,Australia,Rectal cancer
1994,0,Australia,Rectal cancer
2025,0,Australia,Rectal cancer
2016,1,Australia,Salivary gland cancer
2020,1,Australia,Salivary gland cancer
2024,1,Australia,Salivary gland cancer
1984,0,Australia,Salivary gland cancer
1985,0,Australia,Salivary gland cancer
1986,0,Australia,Salivary gland cancer
1987,0,Australia,Salivary gland cancer
1988,0,Australia,Salivary gland cancer
1989,0,Australia,Salivary gland cancer
1990,0,Australia,Salivary gland cancer
1991,0,Australia,Salivary gland cancer
1992,0,Australia,Salivary gland cancer
1993,0,Australia,Salivary gland cancer
1994,0,Australia,Salivary gland cancer
1995,0,Australia,Salivary gland cancer
1996,0,Australia,Salivary gland cancer
1997,0,Australia,Salivary gland cancer
1998,0,Australia,Salivary gland cancer
1999,0,Australia,Salivary gland cancer
2000,0,Australia,Salivary gland cancer
2001,0,Australia,Salivary gland cancer
2002,0,Australia,Salivary gland cancer
2003,0,Australia,Salivary gland cancer
2004,0,Australia,Salivary gland cancer
2005,0,Australia,Salivary gland cancer
2006,0,Australia,Salivary gland cancer
2007,0,Australia,Salivary gland cancer
2008,0,Australia,Salivary gland cancer
2009,0,Australia,Salivary gland cancer
2010,0,Australia,Salivary gland cancer
2011,0,Australia,Salivary gland cancer
2012,0,Australia,Salivary gland cancer
2013,0,Australia,Salivary gland cancer
2014,0,Australia,Salivary gland cancer
2015,0,Australia,Salivary gland cancer
2017,0,Australia,Salivary gland cancer
2018,0,Australia,Salivary gland cancer
2019,0,Australia,Salivary gland cancer
2021,0,Australia,Salivary gland cancer
2022,0,Australia,Salivary gland cancer
2023,0,Australia,Salivary gland cancer
2025,0,Australia,Salivary gland cancer
1992,66,Australia,Skin cancer
1990,40,Australia,Skin cancer
1991,45,Australia,Skin cancer
2001,88,Australia,Skin cancer
2002,84,Australia,Skin cancer
2003,97,Australia,Skin cancer
2004,108,Australia,Skin cancer
2005,113,Australia,Skin cancer
2006,125,Australia,Skin cancer
2008,129,Australia,Skin cancer
2007,105,Australia,Skin cancer
2009,136,Australia,Skin cancer
2010,118,Australia,Skin cancer
2011,155,Australia,Skin cancer
1994,71,Australia,Skin cancer
2012,170,Australia,Skin cancer
1988,31,Australia,Skin cancer
1989,34,Australia,Skin cancer
2013,197,Australia,Skin cancer
2014,254,Australia,Skin cancer
2015,242,Australia,Skin cancer
2016,239,Australia,Skin cancer
2017,268,Australia,Skin cancer
2018,272,Australia,Skin cancer
1997,99,Australia,Skin cancer
1987,9,Australia,Skin cancer
2019,304,Australia,Skin cancer
2020,303,Australia,Skin cancer
2021,286,Australia,Skin cancer
2023,258,Australia,Skin cancer
2022,268,Australia,Skin cancer
2024,142,Australia,Skin cancer
2025,3,Australia,Skin cancer
1993,47,Australia,Skin cancer
1995,76,Australia,Skin cancer
1996,69,Australia,Skin cancer
1998,71,Australia,Skin cancer
1999,70,Australia,Skin cancer
2000,67,Australia,Skin cancer
1984,0,Australia,Skin cancer
1985,0,Australia,Skin cancer
1986,0,Australia,Skin cancer
1991,1,Australia,Stomach cancer
2003,1,Australia,Stomach cancer
2004,3,Australia,Stomach cancer
2005,4,Australia,Stomach cancer
2006,1,Australia,Stomach cancer
2007,2,Australia,Stomach cancer
2009,2,Australia,Stomach cancer
2010,3,Australia,Stomach cancer
2011,4,Australia,Stomach cancer
1990,1,Australia,Stomach cancer
2012,4,Australia,Stomach cancer
2014,9,Australia,Stomach cancer
2015,3,Australia,Stomach cancer
2013,4,Australia,Stomach cancer
2016,7,Australia,Stomach cancer
2017,4,Australia,Stomach cancer
2018,6,Australia,Stomach cancer
1989,1,Australia,Stomach cancer
2019,6,Australia,Stomach cancer
2021,7,Australia,Stomach cancer
2022,6,Australia,Stomach cancer
2023,2,Australia,Stomach cancer
2024,6,Australia,Stomach cancer
1994,1,Australia,Stomach cancer
1995,2,Australia,Stomach cancer
1997,2,Australia,Stomach cancer
1998,2,Australia,Stomach cancer
1999,2,Australia,Stomach cancer
2000,2,Australia,Stomach cancer
2001,1,Australia,Stomach cancer
1984,0,Australia,Stomach cancer
1985,0,Australia,Stomach cancer
1986,0,Australia,Stomach cancer
1987,0,Australia,Stomach cancer
1988,0,Australia,Stomach cancer
1992,0,Australia,Stomach cancer
1993,0,Australia,Stomach cancer
1996,0,Australia,Stomach cancer
2002,0,Australia,Stomach cancer
2008,0,Australia,Stomach cancer
2020,0,Australia,Stomach cancer
2025,0,Australia,Stomach cancer
1990,5,Australia,Testicular cancer
1991,1,Australia,Testicular cancer
2001,3,Australia,Testicular cancer
2002,1,Australia,Testicular cancer
2003,1,Australia,Testicular cancer
2004,2,Australia,Testicular cancer
2005,2,Australia,Testicular cancer
2006,1,Australia,Testicular cancer
2008,2,Australia,Testicular cancer
2007,4,Australia,Testicular cancer
2009,2,Australia,Testicular cancer
2011,3,Australia,Testicular cancer
2012,5,Australia,Testicular cancer
2013,9,Australia,Testicular cancer
2010,1,Australia,Testicular cancer
2014,4,Australia,Testicular cancer
2015,5,Australia,Testicular cancer
2016,6,Australia,Testicular cancer
2017,3,Australia,Testicular cancer
1989,1,Australia,Testicular cancer
2018,3,Australia,Testicular cancer
2019,7,Australia,Testicular cancer
2020,9,Australia,Testicular cancer
2021,7,Australia,Testicular cancer
2022,8,Australia,Testicular cancer
2024,8,Australia,Testicular cancer
2023,8,Australia,Testicular cancer
2025,1,Australia,Testicular cancer
1994,1,Australia,Testicular cancer
1995,2,Australia,Testicular cancer
1993,2,Australia,Testicular cancer
1998,2,Australia,Testicular cancer
2000,1,Australia,Testicular cancer
1984,0,Australia,Testicular cancer
1985,0,Australia,Testicular cancer
1986,0,Australia,Testicular cancer
1987,0,Australia,Testicular cancer
1988,0,Australia,Testicular cancer
1992,0,Australia,Testicular cancer
1996,0,Australia,Testicular cancer
1997,0,Australia,Testicular cancer
1999,0,Australia,Testicular cancer
2011,1,Australia,Throat cancer
2019,1,Australia,Throat cancer
2021,1,Australia,Throat cancer
2023,2,Australia,Throat cancer
1984,0,Australia,Throat cancer
1985,0,Australia,Throat cancer
1986,0,Australia,Throat cancer
1987,0,Australia,Throat cancer
1988,0,Australia,Throat cancer
1989,0,Australia,Throat cancer
1990,0,Australia,Throat cancer
1991,0,Australia,Throat cancer
1992,0,Australia,Throat cancer
1993,0,Australia,Throat cancer
1994,0,Australia,Throat cancer
1995,0,Australia,Throat cancer
1996,0,Australia,Throat cancer
1997,0,Australia,Throat cancer
1998,0,Australia,Throat cancer
1999,0,Australia,Throat cancer
2000,0,Australia,Throat cancer
2001,0,Australia,Throat cancer
2002,0,Australia,Throat cancer
2003,0,Australia,Throat cancer
2004,0,Australia,Throat cancer
2005,0,Australia,Throat cancer
2006,0,Australia,Throat cancer
2007,0,Australia,Throat cancer
2008,0,Australia,Throat cancer
2009,0,Australia,Throat cancer
2010,0,Australia,Throat cancer
2012,0,Australia,Throat cancer
2013,0,Australia,Throat cancer
2014,0,Australia,Throat cancer
2015,0,Australia,Throat cancer
2016,0,Australia,Throat cancer
2017,0,Australia,Throat cancer
2018,0,Australia,Throat cancer
2020,0,Australia,Throat cancer
2022,0,Australia,Throat cancer
2024,0,Australia,Throat cancer
2025,0,Australia,Throat cancer
1992,2,Australia,Thyroid cancer
2002,3,Australia,Thyroid cancer
2003,2,Australia,Thyroid cancer
2004,6,Australia,Thyroid cancer
2005,10,Australia,Thyroid cancer
2006,7,Australia,Thyroid cancer
2008,8,Australia,Thyroid cancer
2007,10,Australia,Thyroid cancer
2009,6,Australia,Thyroid cancer
2010,16,Australia,Thyroid cancer
2011,15,Australia,Thyroid cancer
2012,15,Australia,Thyroid cancer
1990,2,Australia,Thyroid cancer
2013,8,Australia,Thyroid cancer
2014,19,Australia,Thyroid cancer
2015,17,Australia,Thyroid cancer
2016,17,Australia,Thyroid cancer
2017,12,Australia,Thyroid cancer
2018,27,Australia,Thyroid cancer
2019,19,Australia,Thyroid cancer
2020,18,Australia,Thyroid cancer
2021,35,Australia,Thyroid cancer
2022,23,Australia,Thyroid cancer
1987,1,Australia,Thyroid cancer
2023,29,Australia,Thyroid cancer
2024,14,Australia,Thyroid cancer
1994,2,Australia,Thyroid cancer
1995,2,Australia,Thyroid cancer
1993,1,Australia,Thyroid cancer
1997,1,Australia,Thyroid cancer
1998,1,Australia,Thyroid cancer
1999,3,Australia,Thyroid cancer
2000,3,Australia,Thyroid cancer
1984,0,Australia,Thyroid cancer
1985,0,Australia,Thyroid cancer
1986,0,Australia,Thyroid cancer
1988,0,Australia,Thyroid cancer
1989,0,Australia,Thyroid cancer
1991,0,Australia,Thyroid cancer
1996,0,Australia,Thyroid cancer
2001,0,Australia,Thyroid cancer
2025,0,Australia,Thyroid cancer
1990,269,Australia,Undetermined cancer
1991,295,Australia,Undetermined cancer
1992,327,Australia,Undetermined cancer
1985,5,Australia,Undetermined cancer
1986,7,Australia,Undetermined cancer
1989,232,Australia,Undetermined cancer
1993,358,Australia,Undetermined cancer
1994,358,Australia,Undetermined cancer
1995,388,Australia,Undetermined cancer
1996,441,Australia,Undetermined cancer
1998,496,Australia,Undetermined cancer
1999,512,Australia,Undetermined cancer
2000,527,Australia,Undetermined cancer
2001,616,Australia,Undetermined cancer
2002,598,Australia,Undetermined cancer
2003,599,Australia,Undetermined cancer
2004,664,Australia,Undetermined cancer
1997,468,Australia,Undetermined cancer
2005,615,Australia,Undetermined cancer
2006,746,Australia,Undetermined cancer
2007,736,Australia,Undetermined cancer
2008,752,Australia,Undetermined cancer
2009,822,Australia,Undetermined cancer
2010,892,Australia,Undetermined cancer
2011,1026,Australia,Undetermined cancer
2012,1056,Australia,Undetermined cancer
2013,1154,Australia,Undetermined cancer
2014,1452,Australia,Undetermined cancer
1987,116,Australia,Undetermined cancer
1988,198,Australia,Undetermined cancer
2015,1671,Australia,Undetermined cancer
2016,1681,Australia,Undetermined cancer
2017,1847,Australia,Undetermined cancer
2018,1993,Australia,Undetermined cancer
2019,2150,Australia,Undetermined cancer
2020,2255,Australia,Undetermined cancer
2021,2491,Australia,Undetermined cancer
2022,2455,Australia,Undetermined cancer
2023,2235,Australia,Undetermined cancer
2024,1487,Australia,Undetermined cancer
2025,33,Australia,Undetermined cancer
1984,0,Australia,Undetermined cancer
1992,1,Australia,Uterine cancer
2001,8,Australia,Uterine cancer
1994,2,Australia,Uterine cancer
1999,5,Australia,Uterine cancer
2003,6,Australia,Uterine cancer
2004,4,Australia,Uterine cancer
2005,8,Australia,Uterine cancer
2006,9,Australia,Uterine cancer
2007,11,Australia,Uterine cancer
2008,5,Australia,Uterine cancer
2009,13,Australia,Uterine cancer
2010,18,Australia,Uterine cancer
2011,17,Australia,Uterine cancer
1991,1,Australia,Uterine cancer
2012,19,Australia,Uterine cancer
2013,17,Australia,Uterine cancer
2014,16,Australia,Uterine cancer
2015,22,Australia,Uterine cancer
2016,32,Australia,Uterine cancer
2017,22,Australia,Uterine cancer
2018,28,Australia,Uterine cancer
1988,2,Australia,Uterine cancer
2019,20,Australia,Uterine cancer
2020,31,Australia,Uterine cancer
2021,37,Australia,Uterine cancer
2022,35,Australia,Uterine cancer
2023,24,Australia,Uterine cancer
2024,11,Australia,Uterine cancer
1995,2,Australia,Uterine cancer
1993,5,Australia,Uterine cancer
1996,2,Australia,Uterine cancer
1998,3,Australia,Uterine cancer
2000,6,Australia,Uterine cancer
1984,0,Australia,Uterine cancer
1985,0,Australia,Uterine cancer
1986,0,Australia,Uterine cancer
1987,0,Australia,Uterine cancer
1989,0,Australia,Uterine cancer
1990,0,Australia,Uterine cancer
1997,0,Australia,Uterine cancer
2002,0,Australia,Uterine cancer
2025,0,Australia,Uterine cancer
1991,1,Australia,Vaginal cancer
2012,2,Australia,Vaginal cancer
1997,1,Australia,Vaginal cancer
2015,2,Australia,Vaginal cancer
2017,2,Australia,Vaginal cancer
2021,3,Australia,Vaginal cancer
2022,1,Australia,Vaginal cancer
1999,1,Australia,Vaginal cancer
1984,0,Australia,Vaginal cancer
1985,0,Australia,Vaginal cancer
1986,0,Australia,Vaginal cancer
1987,0,Australia,Vaginal cancer
1988,0,Australia,Vaginal cancer
1989,0,Australia,Vaginal cancer
1990,0,Australia,Vaginal cancer
1992,0,Australia,Vaginal cancer
1993,0,Australia,Vaginal cancer
1994,0,Australia,Vaginal cancer
1995,0,Australia,Vaginal cancer
1996,0,Australia,Vaginal cancer
1998,0,Australia,Vaginal cancer
2000,0,Australia,Vaginal cancer
2001,0,Australia,Vaginal cancer
2002,0,Australia,Vaginal cancer
2003,0,Australia,Vaginal cancer
2004,0,Australia,Vaginal cancer
2005,0,Australia,Vaginal cancer
2006,0,Australia,Vaginal cancer
2007,0,Australia,Vaginal cancer
2008,0,Australia,Vaginal cancer
2009,0,Australia,Vaginal cancer
2010,0,Australia,Vaginal cancer
2011,0,Australia,Vaginal cancer
2013,0,Australia,Vaginal cancer
2014,0,Australia,Vaginal cancer
2016,0,Australia,Vaginal cancer
2018,0,Australia,Vaginal cancer
2019,0,Australia,Vaginal cancer
2020,0,Australia,Vaginal cancer
2023,0,Australia,Vaginal cancer
2024,0,Australia,Vaginal cancer
2025,0,Australia,Vaginal cancer
2001,2,Australia,Vulvar cancer
2002,2,Australia,Vulvar cancer
1995,3,Australia,Vulvar cancer
2003,1,Australia,Vulvar cancer
2004,2,Australia,Vulvar cancer
2005,1,Australia,Vulvar cancer
2006,1,Australia,Vulvar cancer
2007,1,Australia,Vulvar cancer
2009,2,Australia,Vulvar cancer
2011,1,Australia,Vulvar cancer
2012,3,Australia,Vulvar cancer
2013,5,Australia,Vulvar cancer
2014,5,Australia,Vulvar cancer
2015,3,Australia,Vulvar cancer
2016,3,Australia,Vulvar cancer
2017,2,Australia,Vulvar cancer
2018,2,Australia,Vulvar cancer
2020,2,Australia,Vulvar cancer
2021,3,Australia,Vulvar cancer
2022,1,Australia,Vulvar cancer
2023,2,Australia,Vulvar cancer
1994,1,Australia,Vulvar cancer
1993,1,Australia,Vulvar cancer
1998,1,Australia,Vulvar cancer
1999,1,Australia,Vulvar cancer
2000,1,Australia,Vulvar cancer
1984,0,Australia,Vulvar cancer
1985,0,Australia,Vulvar cancer
1986,0,Australia,Vulvar cancer
1987,0,Australia,Vulvar cancer
1988,0,Australia,Vulvar cancer
1989,0,Australia,Vulvar cancer
1990,0,Australia,Vulvar cancer
1991,0,Australia,Vulvar cancer
1992,0,Australia,Vulvar cancer
1996,0,Australia,Vulvar cancer
1997,0,Australia,Vulvar cancer
2008,0,Australia,Vulvar cancer
2010,0,Australia,Vulvar cancer
2019,0,Australia,Vulvar cancer
2024,0,Australia,Vulvar cancer
2025,0,Australia,Vulvar cancer
1991,1,South Korea,Anal cancer
2003,1,South Korea,Anal cancer
2004,1,South Korea,Anal cancer
2006,1,South Korea,Anal cancer
2011,1,South Korea,Anal cancer
2013,4,South Korea,Anal cancer
2014,2,South Korea,Anal cancer
2015,2,South Korea,Anal cancer
2016,1,South Korea,Anal cancer
2017,1,South Korea,Anal cancer
2018,1,South Korea,Anal cancer
2020,3,South Korea,Anal cancer
2022,4,South Korea,Anal cancer
2024,2,South Korea,Anal cancer
2023,1,South Korea,Anal cancer
1984,0,South Korea,Anal cancer
1985,0,South Korea,Anal cancer
1986,0,South Korea,Anal cancer
1987,0,South Korea,Anal cancer
1988,0,South Korea,Anal cancer
1989,0,South Korea,Anal cancer
1990,0,South Korea,Anal cancer
1992,0,South Korea,Anal cancer
1993,0,South Korea,Anal cancer
1994,0,South Korea,Anal cancer
1995,0,South Korea,Anal cancer
1996,0,South Korea,Anal cancer
1997,0,South Korea,Anal cancer
1998,0,South Korea,Anal cancer
1999,0,South Korea,Anal cancer
2000,0,South Korea,Anal cancer
2001,0,South Korea,Anal cancer
2002,0,South Korea,Anal cancer
2005,0,South Korea,Anal cancer
2007,0,South Korea,Anal cancer
2008,0,South Korea,Anal cancer
2009,0,South Korea,Anal cancer
2010,0,South Korea,Anal cancer
2012,0,South Korea,Anal cancer
2019,0,South Korea,Anal cancer
2021,0,South Korea,Anal cancer
2025,0,South Korea,Anal cancer
1992,1,South Korea,Bladder cancer
1991,1,South Korea,Bladder cancer
2001,6,South Korea,Bladder cancer
2002,8,South Korea,Bladder cancer
2003,6,South Korea,Bladder cancer
2004,9,South Korea,Bladder cancer
2005,13,South Korea,Bladder cancer
2006,12,South Korea,Bladder cancer
2007,13,South Korea,Bladder cancer
2008,16,South Korea,Bladder cancer
2009,17,South Korea,Bladder cancer
2010,39,South Korea,Bladder cancer
2011,46,South Korea,Bladder cancer
2012,48,South Korea,Bladder cancer
2013,33,South Korea,Bladder cancer
2014,56,South Korea,Bladder cancer
2015,46,South Korea,Bladder cancer
2016,57,South Korea,Bladder cancer
2017,47,South Korea,Bladder cancer
2018,46,South Korea,Bladder cancer
2019,62,South Korea,Bladder cancer
2020,66,South Korea,Bladder cancer
2021,61,South Korea,Bladder cancer
2022,64,South Korea,Bladder cancer
2023,49,South Korea,Bladder cancer
2024,37,South Korea,Bladder cancer
1993,2,South Korea,Bladder cancer
1994,1,South Korea,Bladder cancer
1995,1,South Korea,Bladder cancer
1996,2,South Korea,Bladder cancer
1997,5,South Korea,Bladder cancer
1998,1,South Korea,Bladder cancer
1999,1,South Korea,Bladder cancer
2000,2,South Korea,Bladder cancer
1984,0,South Korea,Bladder cancer
1985,0,South Korea,Bladder cancer
1986,0,South Korea,Bladder cancer
1987,0,South Korea,Bladder cancer
1988,0,South Korea,Bladder cancer
1989,0,South Korea,Bladder cancer
1990,0,South Korea,Bladder cancer
2025,0,South Korea,Bladder cancer
1992,3,South Korea,Brain cancer
1990,2,South Korea,Brain cancer
2000,18,South Korea,Brain cancer
2001,19,South Korea,Brain cancer
2002,31,South Korea,Brain cancer
2003,23,South Korea,Brain cancer
2004,32,South Korea,Brain cancer
2005,24,South Korea,Brain cancer
1997,6,South Korea,Brain cancer
2006,50,South Korea,Brain cancer
2007,26,South Korea,Brain cancer
2008,49,South Korea,Brain cancer
2009,64,South Korea,Brain cancer
2010,46,South Korea,Brain cancer
2011,66,South Korea,Brain cancer
2012,81,South Korea,Brain cancer
1989,1,South Korea,Brain cancer
2013,85,South Korea,Brain cancer
2014,72,South Korea,Brain cancer
2016,115,South Korea,Brain cancer
2015,95,South Korea,Brain cancer
2018,117,South Korea,Brain cancer
2017,103,South Korea,Brain cancer
2019,131,South Korea,Brain cancer
2020,136,South Korea,Brain cancer
2021,146,South Korea,Brain cancer
2023,105,South Korea,Brain cancer
2022,144,South Korea,Brain cancer
2024,68,South Korea,Brain cancer
1994,2,South Korea,Brain cancer
1995,9,South Korea,Brain cancer
1993,4,South Korea,Brain cancer
1996,10,South Korea,Brain cancer
1998,9,South Korea,Brain cancer
1999,13,South Korea,Brain cancer
1984,0,South Korea,Brain cancer
1985,0,South Korea,Brain cancer
1986,0,South Korea,Brain cancer
1987,0,South Korea,Brain cancer
1988,0,South Korea,Brain cancer
1991,0,South Korea,Brain cancer
2025,0,South Korea,Brain cancer
1992,3,South Korea,Breast cancer
1990,4,South Korea,Breast cancer
1991,1,South Korea,Breast cancer
2001,28,South Korea,Breast cancer
2002,31,South Korea,Breast cancer
2003,52,South Korea,Breast cancer
2004,88,South Korea,Breast cancer
2005,103,South Korea,Breast cancer
2006,114,South Korea,Breast cancer
2007,119,South Korea,Breast cancer
2008,167,South Korea,Breast cancer
1997,13,South Korea,Breast cancer
2009,204,South Korea,Breast cancer
2010,251,South Korea,Breast cancer
2011,339,South Korea,Breast cancer
2012,390,South Korea,Breast cancer
1989,1,South Korea,Breast cancer
2013,427,South Korea,Breast cancer
2014,453,South Korea,Breast cancer
2016,564,South Korea,Breast cancer
2015,581,South Korea,Breast cancer
2017,563,South Korea,Breast cancer
2018,552,South Korea,Breast cancer
2019,544,South Korea,Breast cancer
1988,1,South Korea,Breast cancer
2020,658,South Korea,Breast cancer
2021,706,South Korea,Breast cancer
2022,621,South Korea,Breast cancer
2023,619,South Korea,Breast cancer
1987,1,South Korea,Breast cancer
2024,368,South Korea,Breast cancer
2025,4,South Korea,Breast cancer
1994,3,South Korea,Breast cancer
1995,3,South Korea,Breast cancer
1993,1,South Korea,Breast cancer
1996,3,South Korea,Breast cancer
1998,11,South Korea,Breast cancer
1999,15,South Korea,Breast cancer
2000,21,South Korea,Breast cancer
1984,0,South Korea,Breast cancer
1985,0,South Korea,Breast cancer
1986,0,South Korea,Breast cancer
1991,2,South Korea,Cervical cancer
2000,12,South Korea,Cervical cancer
2001,27,South Korea,Cervical cancer
2002,24,South Korea,Cervical cancer
2003,30,South Korea,Cervical cancer
2004,43,South Korea,Cervical cancer
2005,42,South Korea,Cervical cancer
2006,48,South Korea,Cervical cancer
2007,60,South Korea,Cervical cancer
2008,54,South Korea,Cervical cancer
2009,74,South Korea,Cervical cancer
2010,74,South Korea,Cervical cancer
2011,96,South Korea,Cervical cancer
2012,103,South Korea,Cervical cancer
1988,1,South Korea,Cervical cancer
1989,1,South Korea,Cervical cancer
2013,113,South Korea,Cervical cancer
2014,101,South Korea,Cervical cancer
2016,125,South Korea,Cervical cancer
2015,96,South Korea,Cervical cancer
2017,115,South Korea,Cervical cancer
2018,110,South Korea,Cervical cancer
2019,94,South Korea,Cervical cancer
2020,104,South Korea,Cervical cancer
2021,109,South Korea,Cervical cancer
2022,98,South Korea,Cervical cancer
2023,77,South Korea,Cervical cancer
2024,56,South Korea,Cervical cancer
1995,7,South Korea,Cervical cancer
1993,2,South Korea,Cervical cancer
1994,1,South Korea,Cervical cancer
1996,6,South Korea,Cervical cancer
1997,9,South Korea,Cervical cancer
1998,9,South Korea,Cervical cancer
1999,10,South Korea,Cervical cancer
1984,0,South Korea,Cervical cancer
1985,0,South Korea,Cervical cancer
1986,0,South Korea,Cervical cancer
1987,0,South Korea,Cervical cancer
1990,0,South Korea,Cervical cancer
1992,0,South Korea,Cervical cancer
2025,0,South Korea,Cervical cancer
1992,3,South Korea,Colon cancer
1991,1,South Korea,Colon cancer
2001,17,South Korea,Colon cancer
2002,26,South Korea,Colon cancer
2003,28,South Korea,Colon cancer
2000,12,South Korea,Colon cancer
2004,40,South Korea,Colon cancer
2005,42,South Korea,Colon cancer
2006,52,South Korea,Colon cancer
2007,61,South Korea,Colon cancer
2008,78,South Korea,Colon cancer
2009,107,South Korea,Colon cancer
2010,137,South Korea,Colon cancer
2011,113,South Korea,Colon cancer
2012,161,South Korea,Colon cancer
1990,1,South Korea,Colon cancer
2013,136,South Korea,Colon cancer
2014,155,South Korea,Colon cancer
2015,155,South Korea,Colon cancer
2016,166,South Korea,Colon cancer
2017,154,South Korea,Colon cancer
2018,162,South Korea,Colon cancer
1989,1,South Korea,Colon cancer
2019,170,South Korea,Colon cancer
2020,155,South Korea,Colon cancer
2021,155,South Korea,Colon cancer
2022,155,South Korea,Colon cancer
2023,112,South Korea,Colon cancer
2024,58,South Korea,Colon cancer
1994,4,South Korea,Colon cancer
1995,2,South Korea,Colon cancer
1993,1,South Korea,Colon cancer
1996,2,South Korea,Colon cancer
1997,2,South Korea,Colon cancer
1998,8,South Korea,Colon cancer
1999,12,South Korea,Colon cancer
1984,0,South Korea,Colon cancer
1985,0,South Korea,Colon cancer
1986,0,South Korea,Colon cancer
1987,0,South Korea,Colon cancer
1988,0,South Korea,Colon cancer
2025,0,South Korea,Colon cancer
1992,1,South Korea,Colorectal cancer
1991,2,South Korea,Colorectal cancer
2001,9,South Korea,Colorectal cancer
2002,19,South Korea,Colorectal cancer
2003,18,South Korea,Colorectal cancer
2004,41,South Korea,Colorectal cancer
2005,45,South Korea,Colorectal cancer
2006,54,South Korea,Colorectal cancer
2007,74,South Korea,Colorectal cancer
2008,72,South Korea,Colorectal cancer
2009,92,South Korea,Colorectal cancer
2010,131,South Korea,Colorectal cancer
2011,136,South Korea,Colorectal cancer
2012,191,South Korea,Colorectal cancer
1990,1,South Korea,Colorectal cancer
2013,208,South Korea,Colorectal cancer
2014,241,South Korea,Colorectal cancer
2015,235,South Korea,Colorectal cancer
2016,270,South Korea,Colorectal cancer
2017,294,South Korea,Colorectal cancer
2018,278,South Korea,Colorectal cancer
2019,306,South Korea,Colorectal cancer
1988,1,South Korea,Colorectal cancer
2020,308,South Korea,Colorectal cancer
2021,355,South Korea,Colorectal cancer
2022,360,South Korea,Colorectal cancer
2023,331,South Korea,Colorectal cancer
2024,168,South Korea,Colorectal cancer
2025,2,South Korea,Colorectal cancer
1994,3,South Korea,Colorectal cancer
1995,3,South Korea,Colorectal cancer
1996,5,South Korea,Colorectal cancer
1997,4,South Korea,Colorectal cancer
1998,9,South Korea,Colorectal cancer
1999,13,South Korea,Colorectal cancer
2000,9,South Korea,Colorectal cancer
1984,0,South Korea,Colorectal cancer
1985,0,South Korea,Colorectal cancer
1986,0,South Korea,Colorectal cancer
1987,0,South Korea,Colorectal cancer
1989,0,South Korea,Colorectal cancer
1993,0,South Korea,Colorectal cancer
1992,1,South Korea,Esophageal cancer
1991,1,South Korea,Esophageal cancer
2001,5,South Korea,Esophageal cancer
2002,1,South Korea,Esophageal cancer
2003,2,South Korea,Esophageal cancer
2004,4,South Korea,Esophageal cancer
2005,11,South Korea,Esophageal cancer
2006,5,South Korea,Esophageal cancer
2007,11,South Korea,Esophageal cancer
2008,12,South Korea,Esophageal cancer
2009,11,South Korea,Esophageal cancer
2010,10,South Korea,Esophageal cancer
2011,11,South Korea,Esophageal cancer
2012,28,South Korea,Esophageal cancer
2013,25,South Korea,Esophageal cancer
2014,26,South Korea,Esophageal cancer
2015,24,South Korea,Esophageal cancer
2016,32,South Korea,Esophageal cancer
2017,25,South Korea,Esophageal cancer
2018,22,South Korea,Esophageal cancer
2020,41,South Korea,Esophageal cancer
2019,20,South Korea,Esophageal cancer
2021,35,South Korea,Esophageal cancer
2022,36,South Korea,Esophageal cancer
2023,26,South Korea,Esophageal cancer
2024,11,South Korea,Esophageal cancer
1993,1,South Korea,Esophageal cancer
1995,3,South Korea,Esophageal cancer
1996,1,South Korea,Esophageal cancer
1998,1,South Korea,Esophageal cancer
1999,1,South Korea,Esophageal cancer
2000,3,South Korea,Esophageal cancer
1984,0,South Korea,Esophageal cancer
1985,0,South Korea,Esophageal cancer
1986,0,South Korea,Esophageal cancer
1987,0,South Korea,Esophageal cancer
1988,0,South Korea,Esophageal cancer
1989,0,South Korea,Esophageal cancer
1990,0,South Korea,Esophageal cancer
1994,0,South Korea,Esophageal cancer
1997,0,South Korea,Esophageal cancer
2025,0,South Korea,Esophageal cancer
2001,1,South Korea,Gallbladder cancer
2002,2,South Korea,Gallbladder cancer
2003,4,South Korea,Gallbladder cancer
2004,3,South Korea,Gallbladder cancer
2005,3,South Korea,Gallbladder cancer
2006,2,South Korea,Gallbladder cancer
2007,4,South Korea,Gallbladder cancer
2008,7,South Korea,Gallbladder cancer
2009,15,South Korea,Gallbladder cancer
2010,15,South Korea,Gallbladder cancer
2011,13,South Korea,Gallbladder cancer
2012,14,South Korea,Gallbladder cancer
2013,18,South Korea,Gallbladder cancer
2014,15,South Korea,Gallbladder cancer
2015,14,South Korea,Gallbladder cancer
2016,18,South Korea,Gallbladder cancer
2017,14,South Korea,Gallbladder cancer
2018,17,South Korea,Gallbladder cancer
2019,22,South Korea,Gallbladder cancer
2020,27,South Korea,Gallbladder cancer
2021,24,South Korea,Gallbladder cancer
2022,23,South Korea,Gallbladder cancer
2023,19,South Korea,Gallbladder cancer
2024,13,South Korea,Gallbladder cancer
1997,1,South Korea,Gallbladder cancer
1999,2,South Korea,Gallbladder cancer
2000,1,South Korea,Gallbladder cancer
1984,0,South Korea,Gallbladder cancer
1985,0,South Korea,Gallbladder cancer
1986,0,South Korea,Gallbladder cancer
1987,0,South Korea,Gallbladder cancer
1988,0,South Korea,Gallbladder cancer
1989,0,South Korea,Gallbladder cancer
1990,0,South Korea,Gallbladder cancer
1991,0,South Korea,Gallbladder cancer
1992,0,South Korea,Gallbladder cancer
1993,0,South Korea,Gallbladder cancer
1994,0,South Korea,Gallbladder cancer
1995,0,South Korea,Gallbladder cancer
1996,0,South Korea,Gallbladder cancer
1998,0,South Korea,Gallbladder cancer
2025,0,South Korea,Gallbladder cancer
2002,2,South Korea,Hodgkin lymphoma
2003,2,South Korea,Hodgkin lymphoma
2004,2,South Korea,Hodgkin lymphoma
2006,2,South Korea,Hodgkin lymphoma
2008,6,South Korea,Hodgkin lymphoma
2007,5,South Korea,Hodgkin lymphoma
2009,7,South Korea,Hodgkin lymphoma
2010,8,South Korea,Hodgkin lymphoma
2011,8,South Korea,Hodgkin lymphoma
2012,10,South Korea,Hodgkin lymphoma
2013,12,South Korea,Hodgkin lymphoma
2014,17,South Korea,Hodgkin lymphoma
2015,13,South Korea,Hodgkin lymphoma
2016,24,South Korea,Hodgkin lymphoma
2017,18,South Korea,Hodgkin lymphoma
2018,10,South Korea,Hodgkin lymphoma
2019,13,South Korea,Hodgkin lymphoma
2020,24,South Korea,Hodgkin lymphoma
2021,12,South Korea,Hodgkin lymphoma
2022,10,South Korea,Hodgkin lymphoma
2023,15,South Korea,Hodgkin lymphoma
2024,12,South Korea,Hodgkin lymphoma
1993,1,South Korea,Hodgkin lymphoma
1984,0,South Korea,Hodgkin lymphoma
1985,0,South Korea,Hodgkin lymphoma
1986,0,South Korea,Hodgkin lymphoma
1987,0,South Korea,Hodgkin lymphoma
1988,0,South Korea,Hodgkin lymphoma
1989,0,South Korea,Hodgkin lymphoma
1990,0,South Korea,Hodgkin lymphoma
1991,0,South Korea,Hodgkin lymphoma
1992,0,South Korea,Hodgkin lymphoma
1994,0,South Korea,Hodgkin lymphoma
1995,0,South Korea,Hodgkin lymphoma
1996,0,South Korea,Hodgkin lymphoma
1997,0,South Korea,Hodgkin lymphoma
1998,0,South Korea,Hodgkin lymphoma
1999,0,South Korea,Hodgkin lymphoma
2000,0,South Korea,Hodgkin lymphoma
2001,0,South Korea,Hodgkin lymphoma
2005,0,South Korea,Hodgkin lymphoma
2025,0,South Korea,Hodgkin lymphoma
2001,2,South Korea,Kaposi sarcoma
2009,1,South Korea,Kaposi sarcoma
2010,3,South Korea,Kaposi sarcoma
2012,2,South Korea,Kaposi sarcoma
2011,1,South Korea,Kaposi sarcoma
2014,3,South Korea,Kaposi sarcoma
2017,1,South Korea,Kaposi sarcoma
2019,2,South Korea,Kaposi sarcoma
2020,2,South Korea,Kaposi sarcoma
2021,1,South Korea,Kaposi sarcoma
2022,4,South Korea,Kaposi sarcoma
2023,1,South Korea,Kaposi sarcoma
2024,1,South Korea,Kaposi sarcoma
1995,1,South Korea,Kaposi sarcoma
1998,1,South Korea,Kaposi sarcoma
1984,0,South Korea,Kaposi sarcoma
1985,0,South Korea,Kaposi sarcoma
1986,0,South Korea,Kaposi sarcoma
1987,0,South Korea,Kaposi sarcoma
1988,0,South Korea,Kaposi sarcoma
1989,0,South Korea,Kaposi sarcoma
1990,0,South Korea,Kaposi sarcoma
1991,0,South Korea,Kaposi sarcoma
1992,0,South Korea,Kaposi sarcoma
1993,0,South Korea,Kaposi sarcoma
1994,0,South Korea,Kaposi sarcoma
1996,0,South Korea,Kaposi sarcoma
1997,0,South Korea,Kaposi sarcoma
1999,0,South Korea,Kaposi sarcoma
2000,0,South Korea,Kaposi sarcoma
2002,0,South Korea,Kaposi sarcoma
2003,0,South Korea,Kaposi sarcoma
2004,0,South Korea,Kaposi sarcoma
2005,0,South Korea,Kaposi sarcoma
2006,0,South Korea,Kaposi sarcoma
2007,0,South Korea,Kaposi sarcoma
2008,0,South Korea,Kaposi sarcoma
2013,0,South Korea,Kaposi sarcoma
2015,0,South Korea,Kaposi sarcoma
2016,0,South Korea,Kaposi sarcoma
2018,0,South Korea,Kaposi sarcoma
2025,0,South Korea,Kaposi sarcoma
1992,1,South Korea,Kidney cancer
1990,2,South Korea,Kidney cancer
1991,1,South Korea,Kidney cancer
2000,7,South Korea,Kidney cancer
2001,6,South Korea,Kidney cancer
2002,7,South Korea,Kidney cancer
2003,15,South Korea,Kidney cancer
2004,13,South Korea,Kidney cancer
2005,17,South Korea,Kidney cancer
2006,13,South Korea,Kidney cancer
2007,23,South Korea,Kidney cancer
2008,23,South Korea,Kidney cancer
2009,28,South Korea,Kidney cancer
2010,34,South Korea,Kidney cancer
2011,48,South Korea,Kidney cancer
2012,57,South Korea,Kidney cancer
2013,43,South Korea,Kidney cancer
2014,72,South Korea,Kidney cancer
2015,64,South Korea,Kidney cancer
2016,79,South Korea,Kidney cancer
2017,75,South Korea,Kidney cancer
2018,67,South Korea,Kidney cancer
2019,85,South Korea,Kidney cancer
2020,70,South Korea,Kidney cancer
2021,68,South Korea,Kidney cancer
2022,58,South Korea,Kidney cancer
2023,61,South Korea,Kidney cancer
2024,39,South Korea,Kidney cancer
1994,5,South Korea,Kidney cancer
1995,3,South Korea,Kidney cancer
1996,2,South Korea,Kidney cancer
1997,3,South Korea,Kidney cancer
1998,4,South Korea,Kidney cancer
1999,8,South Korea,Kidney cancer
1984,0,South Korea,Kidney cancer
1985,0,South Korea,Kidney cancer
1986,0,South Korea,Kidney cancer
1987,0,South Korea,Kidney cancer
1988,0,South Korea,Kidney cancer
1989,0,South Korea,Kidney cancer
1993,0,South Korea,Kidney cancer
2025,0,South Korea,Kidney cancer
1991,1,South Korea,Laryngeal cancer
2002,3,South Korea,Laryngeal cancer
2003,2,South Korea,Laryngeal cancer
2005,1,South Korea,Laryngeal cancer
2006,1,South Korea,Laryngeal cancer
2007,3,South Korea,Laryngeal cancer
2008,1,South Korea,Laryngeal cancer
2009,2,South Korea,Laryngeal cancer
2010,4,South Korea,Laryngeal cancer
2004,1,South Korea,Laryngeal cancer
2011,2,South Korea,Laryngeal cancer
2012,3,South Korea,Laryngeal cancer
2013,3,South Korea,Laryngeal cancer
2014,5,South Korea,Laryngeal cancer
2016,7,South Korea,Laryngeal cancer
2015,7,South Korea,Laryngeal cancer
2017,4,South Korea,Laryngeal cancer
2018,9,South Korea,Laryngeal cancer
2019,5,South Korea,Laryngeal cancer
2020,6,South Korea,Laryngeal cancer
2021,6,South Korea,Laryngeal cancer
2022,9,South Korea,Laryngeal cancer
2023,4,South Korea,Laryngeal cancer
2024,4,South Korea,Laryngeal cancer
1995,1,South Korea,Laryngeal cancer
1999,2,South Korea,Laryngeal cancer
1984,0,South Korea,Laryngeal cancer
1985,0,South Korea,Laryngeal cancer
1986,0,South Korea,Laryngeal cancer
1987,0,South Korea,Laryngeal cancer
1988,0,South Korea,Laryngeal cancer
1989,0,South Korea,Laryngeal cancer
1990,0,South Korea,Laryngeal cancer
1992,0,South Korea,Laryngeal cancer
1993,0,South Korea,Laryngeal cancer
1994,0,South Korea,Laryngeal cancer
1996,0,South Korea,Laryngeal cancer
1997,0,South Korea,Laryngeal cancer
1998,0,South Korea,Laryngeal cancer
2000,0,South Korea,Laryngeal cancer
2001,0,South Korea,Laryngeal cancer
2025,0,South Korea,Laryngeal cancer
1992,5,South Korea,Leukemia
1991,5,South Korea,Leukemia
2000,57,South Korea,Leukemia
2001,50,South Korea,Leukemia
2002,62,South Korea,Leukemia
2003,78,South Korea,Leukemia
2004,84,South Korea,Leukemia
2005,80,South Korea,Leukemia
2006,90,South Korea,Leukemia
2007,98,South Korea,Leukemia
2008,109,South Korea,Leukemia
2009,106,South Korea,Leukemia
2010,134,South Korea,Leukemia
2011,126,South Korea,Leukemia
2012,138,South Korea,Leukemia
1989,2,South Korea,Leukemia
1990,2,South Korea,Leukemia
2013,140,South Korea,Leukemia
2014,149,South Korea,Leukemia
2015,196,South Korea,Leukemia
2016,131,South Korea,Leukemia
2017,114,South Korea,Leukemia
2018,125,South Korea,Leukemia
1987,4,South Korea,Leukemia
1988,2,South Korea,Leukemia
2019,128,South Korea,Leukemia
2020,148,South Korea,Leukemia
2021,134,South Korea,Leukemia
2022,126,South Korea,Leukemia
2023,125,South Korea,Leukemia
2024,64,South Korea,Leukemia
2025,1,South Korea,Leukemia
1994,13,South Korea,Leukemia
1995,12,South Korea,Leukemia
1993,10,South Korea,Leukemia
1996,16,South Korea,Leukemia
1997,20,South Korea,Leukemia
1998,37,South Korea,Leukemia
1999,45,South Korea,Leukemia
1984,0,South Korea,Leukemia
1985,0,South Korea,Leukemia
1986,0,South Korea,Leukemia
1992,4,South Korea,Liver cancer
1990,5,South Korea,Liver cancer
1991,10,South Korea,Liver cancer
2000,40,South Korea,Liver cancer
2001,45,South Korea,Liver cancer
2002,73,South Korea,Liver cancer
2003,82,South Korea,Liver cancer
2004,74,South Korea,Liver cancer
2005,98,South Korea,Liver cancer
2006,112,South Korea,Liver cancer
2007,120,South Korea,Liver cancer
2008,158,South Korea,Liver cancer
2009,159,South Korea,Liver cancer
1997,20,South Korea,Liver cancer
2010,160,South Korea,Liver cancer
2011,236,South Korea,Liver cancer
2012,252,South Korea,Liver cancer
1989,4,South Korea,Liver cancer
2013,257,South Korea,Liver cancer
2014,280,South Korea,Liver cancer
2015,287,South Korea,Liver cancer
2017,333,South Korea,Liver cancer
2016,318,South Korea,Liver cancer
2018,310,South Korea,Liver cancer
2019,327,South Korea,Liver cancer
1988,1,South Korea,Liver cancer
2020,380,South Korea,Liver cancer
2021,452,South Korea,Liver cancer
2022,371,South Korea,Liver cancer
2023,319,South Korea,Liver cancer
2024,206,South Korea,Liver cancer
2025,5,South Korea,Liver cancer
1994,8,South Korea,Liver cancer
1995,13,South Korea,Liver cancer
1993,7,South Korea,Liver cancer
1996,13,South Korea,Liver cancer
1998,34,South Korea,Liver cancer
1999,20,South Korea,Liver cancer
1984,0,South Korea,Liver cancer
1985,0,South Korea,Liver cancer
1986,0,South Korea,Liver cancer
1987,0,South Korea,Liver cancer
1992,7,South Korea,Lung cancer
1990,6,South Korea,Lung cancer
1991,10,South Korea,Lung cancer
2000,50,South Korea,Lung cancer
2001,49,South Korea,Lung cancer
2002,79,South Korea,Lung cancer
2003,99,South Korea,Lung cancer
2004,93,South Korea,Lung cancer
2005,127,South Korea,Lung cancer
2006,153,South Korea,Lung cancer
2007,153,South Korea,Lung cancer
2008,206,South Korea,Lung cancer
2009,213,South Korea,Lung cancer
1997,22,South Korea,Lung cancer
2010,237,South Korea,Lung cancer
2011,333,South Korea,Lung cancer
2012,358,South Korea,Lung cancer
1989,5,South Korea,Lung cancer
2013,380,South Korea,Lung cancer
2014,387,South Korea,Lung cancer
2016,471,South Korea,Lung cancer
2015,453,South Korea,Lung cancer
2017,474,South Korea,Lung cancer
2018,485,South Korea,Lung cancer
2019,516,South Korea,Lung cancer
1988,1,South Korea,Lung cancer
2020,569,South Korea,Lung cancer
2021,644,South Korea,Lung cancer
2022,571,South Korea,Lung cancer
2023,525,South Korea,Lung cancer
2024,348,South Korea,Lung cancer
2025,5,South Korea,Lung cancer
1994,9,South Korea,Lung cancer
1995,15,South Korea,Lung cancer
1993,7,South Korea,Lung cancer
1996,14,South Korea,Lung cancer
1998,38,South Korea,Lung cancer
1999,27,South Korea,Lung cancer
1984,0,South Korea,Lung cancer
1985,0,South Korea,Lung cancer
1986,0,South Korea,Lung cancer
1987,0,South Korea,Lung cancer
1992,1,South Korea,Mesothelioma
2001,1,South Korea,Mesothelioma
2002,2,South Korea,Mesothelioma
2003,3,South Korea,Mesothelioma
2004,3,South Korea,Mesothelioma
2006,1,South Korea,Mesothelioma
2007,2,South Korea,Mesothelioma
2008,3,South Korea,Mesothelioma
2009,8,South Korea,Mesothelioma
2010,5,South Korea,Mesothelioma
1989,1,South Korea,Mesothelioma
2011,4,South Korea,Mesothelioma
2012,13,South Korea,Mesothelioma
2013,8,South Korea,Mesothelioma
2014,5,South Korea,Mesothelioma
2015,9,South Korea,Mesothelioma
2016,14,South Korea,Mesothelioma
2017,9,South Korea,Mesothelioma
2018,5,South Korea,Mesothelioma
2019,6,South Korea,Mesothelioma
2020,12,South Korea,Mesothelioma
2021,8,South Korea,Mesothelioma
2022,4,South Korea,Mesothelioma
2023,7,South Korea,Mesothelioma
2024,2,South Korea,Mesothelioma
1998,1,South Korea,Mesothelioma
1984,0,South Korea,Mesothelioma
1985,0,South Korea,Mesothelioma
1986,0,South Korea,Mesothelioma
1987,0,South Korea,Mesothelioma
1988,0,South Korea,Mesothelioma
1990,0,South Korea,Mesothelioma
1991,0,South Korea,Mesothelioma
1993,0,South Korea,Mesothelioma
1994,0,South Korea,Mesothelioma
1995,0,South Korea,Mesothelioma
1996,0,South Korea,Mesothelioma
1997,0,South Korea,Mesothelioma
1999,0,South Korea,Mesothelioma
2000,0,South Korea,Mesothelioma
2005,0,South Korea,Mesothelioma
2025,0,South Korea,Mesothelioma
2012,1,South Korea,Mouth cancer
2015,1,South Korea,Mouth cancer
1984,0,South Korea,Mouth cancer
1985,0,South Korea,Mouth cancer
1986,0,South Korea,Mouth cancer
1987,0,South Korea,Mouth cancer
1988,0,South Korea,Mouth cancer
1989,0,South Korea,Mouth cancer
1990,0,South Korea,Mouth cancer
1991,0,South Korea,Mouth cancer
1992,0,South Korea,Mouth cancer
1993,0,South Korea,Mouth cancer
1994,0,South Korea,Mouth cancer
1995,0,South Korea,Mouth cancer
1996,0,South Korea,Mouth cancer
1997,0,South Korea,Mouth cancer
1998,0,South Korea,Mouth cancer
1999,0,South Korea,Mouth cancer
2000,0,South Korea,Mouth cancer
2001,0,South Korea,Mouth cancer
2002,0,South Korea,Mouth cancer
2003,0,South Korea,Mouth cancer
2004,0,South Korea,Mouth cancer
2005,0,South Korea,Mouth cancer
2006,0,South Korea,Mouth cancer
2007,0,South Korea,Mouth cancer
2008,0,South Korea,Mouth cancer
2009,0,South Korea,Mouth cancer
2010,0,South Korea,Mouth cancer
2011,0,South Korea,Mouth cancer
2013,0,South Korea,Mouth cancer
2014,0,South Korea,Mouth cancer
2016,0,South Korea,Mouth cancer
2017,0,South Korea,Mouth cancer
2018,0,South Korea,Mouth cancer
2019,0,South Korea,Mouth cancer
2020,0,South Korea,Mouth cancer
2021,0,South Korea,Mouth cancer
2022,0,South Korea,Mouth cancer
2023,0,South Korea,Mouth cancer
2024,0,South Korea,Mouth cancer
2025,0,South Korea,Mouth cancer
1992,1,South Korea,Multiple myeloma
2001,6,South Korea,Multiple myeloma
2002,9,South Korea,Multiple myeloma
2003,5,South Korea,Multiple myeloma
1997,3,South Korea,Multiple myeloma
2004,9,South Korea,Multiple myeloma
2005,12,South Korea,Multiple myeloma
2006,9,South Korea,Multiple myeloma
2007,15,South Korea,Multiple myeloma
2008,17,South Korea,Multiple myeloma
2009,18,South Korea,Multiple myeloma
2010,20,South Korea,Multiple myeloma
2011,29,South Korea,Multiple myeloma
2012,24,South Korea,Multiple myeloma
2013,28,South Korea,Multiple myeloma
2014,56,South Korea,Multiple myeloma
2015,36,South Korea,Multiple myeloma
2016,29,South Korea,Multiple myeloma
2017,46,South Korea,Multiple myeloma
2018,28,South Korea,Multiple myeloma
2019,45,South Korea,Multiple myeloma
2020,37,South Korea,Multiple myeloma
2021,48,South Korea,Multiple myeloma
2022,47,South Korea,Multiple myeloma
2024,30,South Korea,Multiple myeloma
2023,33,South Korea,Multiple myeloma
1994,2,South Korea,Multiple myeloma
1995,2,South Korea,Multiple myeloma
1993,1,South Korea,Multiple myeloma
1996,2,South Korea,Multiple myeloma
1999,2,South Korea,Multiple myeloma
2000,6,South Korea,Multiple myeloma
1984,0,South Korea,Multiple myeloma
1985,0,South Korea,Multiple myeloma
1986,0,South Korea,Multiple myeloma
1987,0,South Korea,Multiple myeloma
1988,0,South Korea,Multiple myeloma
1989,0,South Korea,Multiple myeloma
1990,0,South Korea,Multiple myeloma
1991,0,South Korea,Multiple myeloma
1998,0,South Korea,Multiple myeloma
2025,0,South Korea,Multiple myeloma
1991,1,South Korea,Non-Hodgkin lymphoma
2001,7,South Korea,Non-Hodgkin lymphoma
2002,9,South Korea,Non-Hodgkin lymphoma
2003,14,South Korea,Non-Hodgkin lymphoma
2004,7,South Korea,Non-Hodgkin lymphoma
2005,8,South Korea,Non-Hodgkin lymphoma
2006,15,South Korea,Non-Hodgkin lymphoma
2008,22,South Korea,Non-Hodgkin lymphoma
2007,21,South Korea,Non-Hodgkin lymphoma
2009,19,South Korea,Non-Hodgkin lymphoma
2010,29,South Korea,Non-Hodgkin lymphoma
2011,30,South Korea,Non-Hodgkin lymphoma
2012,33,South Korea,Non-Hodgkin lymphoma
1990,1,South Korea,Non-Hodgkin lymphoma
2013,33,South Korea,Non-Hodgkin lymphoma
2014,49,South Korea,Non-Hodgkin lymphoma
2015,50,South Korea,Non-Hodgkin lymphoma
2016,62,South Korea,Non-Hodgkin lymphoma
2017,51,South Korea,Non-Hodgkin lymphoma
2018,30,South Korea,Non-Hodgkin lymphoma
1987,1,South Korea,Non-Hodgkin lymphoma
2019,50,South Korea,Non-Hodgkin lymphoma
2020,49,South Korea,Non-Hodgkin lymphoma
2021,46,South Korea,Non-Hodgkin lymphoma
2022,40,South Korea,Non-Hodgkin lymphoma
2023,59,South Korea,Non-Hodgkin lymphoma
2024,31,South Korea,Non-Hodgkin lymphoma
1995,1,South Korea,Non-Hodgkin lymphoma
1993,1,South Korea,Non-Hodgkin lymphoma
1996,1,South Korea,Non-Hodgkin lymphoma
1997,3,South Korea,Non-Hodgkin lymphoma
1998,3,South Korea,Non-Hodgkin lymphoma
1999,6,South Korea,Non-Hodgkin lymphoma
2000,2,South Korea,Non-Hodgkin lymphoma
1984,0,South Korea,Non-Hodgkin lymphoma
1985,0,South Korea,Non-Hodgkin lymphoma
1986,0,South Korea,Non-Hodgkin lymphoma
1988,0,South Korea,Non-Hodgkin lymphoma
1989,0,South Korea,Non-Hodgkin lymphoma
1992,0,South Korea,Non-Hodgkin lymphoma
1994,0,South Korea,Non-Hodgkin lymphoma
2025,0,South Korea,Non-Hodgkin lymphoma
1992,28,South Korea,Other cancer
1990,28,South Korea,Other cancer
1991,26,South Korea,Other cancer
2000,168,South Korea,Other cancer
2001,216,South Korea,Other cancer
2002,255,South Korea,Other cancer
1997,89,South Korea,Other cancer
1999,155,South Korea,Other cancer
2003,313,South Korea,Other cancer
2004,330,South Korea,Other cancer
2005,381,South Korea,Other cancer
2006,443,South Korea,Other cancer
2008,546,South Korea,Other cancer
2007,533,South Korea,Other cancer
2009,658,South Korea,Other cancer
2010,731,South Korea,Other cancer
2011,792,South Korea,Other cancer
2012,913,South Korea,Other cancer
2013,944,South Korea,Other cancer
1988,16,South Korea,Other cancer
1989,14,South Korea,Other cancer
2014,1029,South Korea,Other cancer
2016,1067,South Korea,Other cancer
2015,1122,South Korea,Other cancer
2017,971,South Korea,Other cancer
2018,878,South Korea,Other cancer
2019,964,South Korea,Other cancer
2021,922,South Korea,Other cancer
2020,995,South Korea,Other cancer
1986,2,South Korea,Other cancer
1987,8,South Korea,Other cancer
2022,852,South Korea,Other cancer
2023,792,South Korea,Other cancer
2024,518,South Korea,Other cancer
2025,10,South Korea,Other cancer
1993,30,South Korea,Other cancer
1994,46,South Korea,Other cancer
1995,57,South Korea,Other cancer
1996,61,South Korea,Other cancer
1998,139,South Korea,Other cancer
1984,0,South Korea,Other cancer
1985,0,South Korea,Other cancer
1992,2,South Korea,Ovarian cancer
2001,12,South Korea,Ovarian cancer
2002,9,South Korea,Ovarian cancer
1995,5,South Korea,Ovarian cancer
2003,13,South Korea,Ovarian cancer
2004,16,South Korea,Ovarian cancer
2005,13,South Korea,Ovarian cancer
2006,19,South Korea,Ovarian cancer
2008,43,South Korea,Ovarian cancer
2007,27,South Korea,Ovarian cancer
2009,54,South Korea,Ovarian cancer
2010,61,South Korea,Ovarian cancer
2011,67,South Korea,Ovarian cancer
2012,84,South Korea,Ovarian cancer
2013,92,South Korea,Ovarian cancer
2014,83,South Korea,Ovarian cancer
2015,95,South Korea,Ovarian cancer
2016,100,South Korea,Ovarian cancer
2017,108,South Korea,Ovarian cancer
2018,109,South Korea,Ovarian cancer
2019,108,South Korea,Ovarian cancer
2020,110,South Korea,Ovarian cancer
2021,134,South Korea,Ovarian cancer
2022,133,South Korea,Ovarian cancer
2023,125,South Korea,Ovarian cancer
2024,70,South Korea,Ovarian cancer
2025,1,South Korea,Ovarian cancer
1996,2,South Korea,Ovarian cancer
1997,4,South Korea,Ovarian cancer
1998,1,South Korea,Ovarian cancer
1999,3,South Korea,Ovarian cancer
2000,2,South Korea,Ovarian cancer
1984,0,South Korea,Ovarian cancer
1985,0,South Korea,Ovarian cancer
1986,0,South Korea,Ovarian cancer
1987,0,South Korea,Ovarian cancer
1988,0,South Korea,Ovarian cancer
1989,0,South Korea,Ovarian cancer
1990,0,South Korea,Ovarian cancer
1991,0,South Korea,Ovarian cancer
1993,0,South Korea,Ovarian cancer
1994,0,South Korea,Ovarian cancer
1992,2,South Korea,Pancreatic cancer
2001,3,South Korea,Pancreatic cancer
2002,4,South Korea,Pancreatic cancer
2003,7,South Korea,Pancreatic cancer
2004,13,South Korea,Pancreatic cancer
2005,19,South Korea,Pancreatic cancer
2006,14,South Korea,Pancreatic cancer
2008,26,South Korea,Pancreatic cancer
2007,11,South Korea,Pancreatic cancer
2009,35,South Korea,Pancreatic cancer
2010,22,South Korea,Pancreatic cancer
2011,37,South Korea,Pancreatic cancer
2012,45,South Korea,Pancreatic cancer
1990,1,South Korea,Pancreatic cancer
2013,68,South Korea,Pancreatic cancer
2014,63,South Korea,Pancreatic cancer
2015,59,South Korea,Pancreatic cancer
2016,82,South Korea,Pancreatic cancer
2017,95,South Korea,Pancreatic cancer
2018,109,South Korea,Pancreatic cancer
2019,100,South Korea,Pancreatic cancer
2020,130,South Korea,Pancreatic cancer
2021,140,South Korea,Pancreatic cancer
2022,141,South Korea,Pancreatic cancer
2023,116,South Korea,Pancreatic cancer
2024,83,South Korea,Pancreatic cancer
1995,2,South Korea,Pancreatic cancer
1997,2,South Korea,Pancreatic cancer
1999,4,South Korea,Pancreatic cancer
2000,2,South Korea,Pancreatic cancer
1984,0,South Korea,Pancreatic cancer
1985,0,South Korea,Pancreatic cancer
1986,0,South Korea,Pancreatic cancer
1987,0,South Korea,Pancreatic cancer
1988,0,South Korea,Pancreatic cancer
1989,0,South Korea,Pancreatic cancer
1991,0,South Korea,Pancreatic cancer
1993,0,South Korea,Pancreatic cancer
1994,0,South Korea,Pancreatic cancer
1996,0,South Korea,Pancreatic cancer
1998,0,South Korea,Pancreatic cancer
2025,0,South Korea,Pancreatic cancer
2002,1,South Korea,Penile cancer
2010,1,South Korea,Penile cancer
2012,1,South Korea,Penile cancer
2014,1,South Korea,Penile cancer
2015,1,South Korea,Penile cancer
2016,2,South Korea,Penile cancer
2017,1,South Korea,Penile cancer
2018,1,South Korea,Penile cancer
2019,1,South Korea,Penile cancer
2021,2,South Korea,Penile cancer
2022,1,South Korea,Penile cancer
2024,4,South Korea,Penile cancer
1997,1,South Korea,Penile cancer
1984,0,South Korea,Penile cancer
1985,0,South Korea,Penile cancer
1986,0,South Korea,Penile cancer
1987,0,South Korea,Penile cancer
1988,0,South Korea,Penile cancer
1989,0,South Korea,Penile cancer
1990,0,South Korea,Penile cancer
1991,0,South Korea,Penile cancer
1992,0,South Korea,Penile cancer
1993,0,South Korea,Penile cancer
1994,0,South Korea,Penile cancer
1995,0,South Korea,Penile cancer
1996,0,South Korea,Penile cancer
1998,0,South Korea,Penile cancer
1999,0,South Korea,Penile cancer
2000,0,South Korea,Penile cancer
2001,0,South Korea,Penile cancer
2003,0,South Korea,Penile cancer
2004,0,South Korea,Penile cancer
2005,0,South Korea,Penile cancer
2006,0,South Korea,Penile cancer
2007,0,South Korea,Penile cancer
2008,0,South Korea,Penile cancer
2009,0,South Korea,Penile cancer
2011,0,South Korea,Penile cancer
2013,0,South Korea,Penile cancer
2020,0,South Korea,Penile cancer
2023,0,South Korea,Penile cancer
2025,0,South Korea,Penile cancer
1992,1,South Korea,Prostate cancer
1991,1,South Korea,Prostate cancer
2000,12,South Korea,Prostate cancer
2001,4,South Korea,Prostate cancer
2002,6,South Korea,Prostate cancer
2003,12,South Korea,Prostate cancer
2004,11,South Korea,Prostate cancer
2005,20,South Korea,Prostate cancer
2006,40,South Korea,Prostate cancer
2008,47,South Korea,Prostate cancer
2007,47,South Korea,Prostate cancer
2009,68,South Korea,Prostate cancer
2010,123,South Korea,Prostate cancer
2011,126,South Korea,Prostate cancer
2012,118,South Korea,Prostate cancer
2013,169,South Korea,Prostate cancer
2014,185,South Korea,Prostate cancer
2015,175,South Korea,Prostate cancer
2016,148,South Korea,Prostate cancer
2017,171,South Korea,Prostate cancer
2018,177,South Korea,Prostate cancer
2020,189,South Korea,Prostate cancer
2019,166,South Korea,Prostate cancer
2021,209,South Korea,Prostate cancer
2022,164,South Korea,Prostate cancer
2023,162,South Korea,Prostate cancer
2024,105,South Korea,Prostate cancer
2025,3,South Korea,Prostate cancer
1997,1,South Korea,Prostate cancer
1998,3,South Korea,Prostate cancer
1999,2,South Korea,Prostate cancer
1984,0,South Korea,Prostate cancer
1985,0,South Korea,Prostate cancer
1986,0,South Korea,Prostate cancer
1987,0,South Korea,Prostate cancer
1988,0,South Korea,Prostate cancer
1989,0,South Korea,Prostate cancer
1990,0,South Korea,Prostate cancer
1993,0,South Korea,Prostate cancer
1994,0,South Korea,Prostate cancer
1995,0,South Korea,Prostate cancer
1996,0,South Korea,Prostate cancer
1991,2,South Korea,Rectal cancer
2001,6,South Korea,Rectal cancer
2002,7,South Korea,Rectal cancer
2003,1,South Korea,Rectal cancer
2004,8,South Korea,Rectal cancer
2005,17,South Korea,Rectal cancer
2006,30,South Korea,Rectal cancer
2007,24,South Korea,Rectal cancer
2008,33,South Korea,Rectal cancer
2009,45,South Korea,Rectal cancer
2010,44,South Korea,Rectal cancer
2011,77,South Korea,Rectal cancer
2012,79,South Korea,Rectal cancer
2013,97,South Korea,Rectal cancer
2014,90,South Korea,Rectal cancer
2015,112,South Korea,Rectal cancer
2016,102,South Korea,Rectal cancer
2017,68,South Korea,Rectal cancer
2018,82,South Korea,Rectal cancer
2019,102,South Korea,Rectal cancer
2020,83,South Korea,Rectal cancer
2021,113,South Korea,Rectal cancer
2022,79,South Korea,Rectal cancer
2023,69,South Korea,Rectal cancer
2024,34,South Korea,Rectal cancer
1994,1,South Korea,Rectal cancer
1995,2,South Korea,Rectal cancer
1996,2,South Korea,Rectal cancer
1997,1,South Korea,Rectal cancer
1998,2,South Korea,Rectal cancer
1999,4,South Korea,Rectal cancer
2000,4,South Korea,Rectal cancer
1984,0,South Korea,Rectal cancer
1985,0,South Korea,Rectal cancer
1986,0,South Korea,Rectal cancer
1987,0,South Korea,Rectal cancer
1988,0,South Korea,Rectal cancer
1989,0,South Korea,Rectal cancer
1990,0,South Korea,Rectal cancer
1992,0,South Korea,Rectal cancer
1993,0,South Korea,Rectal cancer
2025,0,South Korea,Rectal cancer
2010,1,South Korea,Salivary gland cancer
2013,1,South Korea,Salivary gland cancer
2012,1,South Korea,Salivary gland cancer
2014,1,South Korea,Salivary gland cancer
2016,3,South Korea,Salivary gland cancer
2015,3,South Korea,Salivary gland cancer
2017,4,South Korea,Salivary gland cancer
2018,6,South Korea,Salivary gland cancer
2020,2,South Korea,Salivary gland cancer
2022,4,South Korea,Salivary gland cancer
2023,4,South Korea,Salivary gland cancer
2024,3,South Korea,Salivary gland cancer
1984,0,South Korea,Salivary gland cancer
1985,0,South Korea,Salivary gland cancer
1986,0,South Korea,Salivary gland cancer
1987,0,South Korea,Salivary gland cancer
1988,0,South Korea,Salivary gland cancer
1989,0,South Korea,Salivary gland cancer
1990,0,South Korea,Salivary gland cancer
1991,0,South Korea,Salivary gland cancer
1992,0,South Korea,Salivary gland cancer
1993,0,South Korea,Salivary gland cancer
1994,0,South Korea,Salivary gland cancer
1995,0,South Korea,Salivary gland cancer
1996,0,South Korea,Salivary gland cancer
1997,0,South Korea,Salivary gland cancer
1998,0,South Korea,Salivary gland cancer
1999,0,South Korea,Salivary gland cancer
2000,0,South Korea,Salivary gland cancer
2001,0,South Korea,Salivary gland cancer
2002,0,South Korea,Salivary gland cancer
2003,0,South Korea,Salivary gland cancer
2004,0,South Korea,Salivary gland cancer
2005,0,South Korea,Salivary gland cancer
2006,0,South Korea,Salivary gland cancer
2007,0,South Korea,Salivary gland cancer
2008,0,South Korea,Salivary gland cancer
2009,0,South Korea,Salivary gland cancer
2011,0,South Korea,Salivary gland cancer
2019,0,South Korea,Salivary gland cancer
2021,0,South Korea,Salivary gland cancer
2025,0,South Korea,Salivary gland cancer
1992,1,South Korea,Skin cancer
1991,1,South Korea,Skin cancer
2001,25,South Korea,Skin cancer
2002,26,South Korea,Skin cancer
2003,34,South Korea,Skin cancer
1997,9,South Korea,Skin cancer
2004,34,South Korea,Skin cancer
2005,49,South Korea,Skin cancer
2006,56,South Korea,Skin cancer
2007,74,South Korea,Skin cancer
2008,66,South Korea,Skin cancer
2009,71,South Korea,Skin cancer
2010,105,South Korea,Skin cancer
2011,127,South Korea,Skin cancer
2012,114,South Korea,Skin cancer
1989,1,South Korea,Skin cancer
1990,2,South Korea,Skin cancer
2013,109,South Korea,Skin cancer
2014,109,South Korea,Skin cancer
2016,130,South Korea,Skin cancer
2015,113,South Korea,Skin cancer
2017,150,South Korea,Skin cancer
2018,142,South Korea,Skin cancer
2019,145,South Korea,Skin cancer
2020,190,South Korea,Skin cancer
2021,184,South Korea,Skin cancer
2022,150,South Korea,Skin cancer
2023,137,South Korea,Skin cancer
2025,3,South Korea,Skin cancer
2024,94,South Korea,Skin cancer
1993,5,South Korea,Skin cancer
1994,1,South Korea,Skin cancer
1995,11,South Korea,Skin cancer
1996,8,South Korea,Skin cancer
1998,13,South Korea,Skin cancer
1999,15,South Korea,Skin cancer
2000,14,South Korea,Skin cancer
1984,0,South Korea,Skin cancer
1985,0,South Korea,Skin cancer
1986,0,South Korea,Skin cancer
1987,0,South Korea,Skin cancer
1988,0,South Korea,Skin cancer
1992,4,South Korea,Stomach cancer
1991,3,South Korea,Stomach cancer
2001,16,South Korea,Stomach cancer
2002,26,South Korea,Stomach cancer
2003,28,South Korea,Stomach cancer
2004,26,South Korea,Stomach cancer
2005,44,South Korea,Stomach cancer
2006,33,South Korea,Stomach cancer
2007,40,South Korea,Stomach cancer
2008,36,South Korea,Stomach cancer
2009,57,South Korea,Stomach cancer
1997,11,South Korea,Stomach cancer
2010,49,South Korea,Stomach cancer
2011,60,South Korea,Stomach cancer
2012,62,South Korea,Stomach cancer
1990,3,South Korea,Stomach cancer
2013,55,South Korea,Stomach cancer
2014,56,South Korea,Stomach cancer
2015,57,South Korea,Stomach cancer
2016,41,South Korea,Stomach cancer
2017,41,South Korea,Stomach cancer
2018,42,South Korea,Stomach cancer
2019,35,South Korea,Stomach cancer
2020,49,South Korea,Stomach cancer
2021,33,South Korea,Stomach cancer
2022,35,South Korea,Stomach cancer
2023,28,South Korea,Stomach cancer
2025,1,South Korea,Stomach cancer
2024,11,South Korea,Stomach cancer
1993,5,South Korea,Stomach cancer
1994,5,South Korea,Stomach cancer
1995,9,South Korea,Stomach cancer
1996,6,South Korea,Stomach cancer
1998,18,South Korea,Stomach cancer
1999,12,South Korea,Stomach cancer
2000,12,South Korea,Stomach cancer
1984,0,South Korea,Stomach cancer
1985,0,South Korea,Stomach cancer
1986,0,South Korea,Stomach cancer
1987,0,South Korea,Stomach cancer
1988,0,South Korea,Stomach cancer
1989,0,South Korea,Stomach cancer
2004,1,South Korea,Testicular cancer
2011,3,South Korea,Testicular cancer
2013,4,South Korea,Testicular cancer
2014,3,South Korea,Testicular cancer
2015,4,South Korea,Testicular cancer
2016,1,South Korea,Testicular cancer
2017,1,South Korea,Testicular cancer
2018,2,South Korea,Testicular cancer
2020,3,South Korea,Testicular cancer
2021,1,South Korea,Testicular cancer
2023,2,South Korea,Testicular cancer
2024,1,South Korea,Testicular cancer
1984,0,South Korea,Testicular cancer
1985,0,South Korea,Testicular cancer
1986,0,South Korea,Testicular cancer
1987,0,South Korea,Testicular cancer
1988,0,South Korea,Testicular cancer
1989,0,South Korea,Testicular cancer
1990,0,South Korea,Testicular cancer
1991,0,South Korea,Testicular cancer
1992,0,South Korea,Testicular cancer
1993,0,South Korea,Testicular cancer
1994,0,South Korea,Testicular cancer
1995,0,South Korea,Testicular cancer
1996,0,South Korea,Testicular cancer
1997,0,South Korea,Testicular cancer
1998,0,South Korea,Testicular cancer
1999,0,South Korea,Testicular cancer
2000,0,South Korea,Testicular cancer
2001,0,South Korea,Testicular cancer
2002,0,South Korea,Testicular cancer
2003,0,South Korea,Testicular cancer
2005,0,South Korea,Testicular cancer
2006,0,South Korea,Testicular cancer
2007,0,South Korea,Testicular cancer
2008,0,South Korea,Testicular cancer
2009,0,South Korea,Testicular cancer
2010,0,South Korea,Testicular cancer
2012,0,South Korea,Testicular cancer
2019,0,South Korea,Testicular cancer
2022,0,South Korea,Testicular cancer
2025,0,South Korea,Testicular cancer
1984,0,South Korea,Throat cancer
1985,0,South Korea,Throat cancer
1986,0,South Korea,Throat cancer
1987,0,South Korea,Throat cancer
1988,0,South Korea,Throat cancer
1989,0,South Korea,Throat cancer
1990,0,South Korea,Throat cancer
1991,0,South Korea,Throat cancer
1992,0,South Korea,Throat cancer
1993,0,South Korea,Throat cancer
1994,0,South Korea,Throat cancer
1995,0,South Korea,Throat cancer
1996,0,South Korea,Throat cancer
1997,0,South Korea,Throat cancer
1998,0,South Korea,Throat cancer
1999,0,South Korea,Throat cancer
2000,0,South Korea,Throat cancer
2001,0,South Korea,Throat cancer
2002,0,South Korea,Throat cancer
2003,0,South Korea,Throat cancer
2004,0,South Korea,Throat cancer
2005,0,South Korea,Throat cancer
2006,0,South Korea,Throat cancer
2007,0,South Korea,Throat cancer
2008,0,South Korea,Throat cancer
2009,0,South Korea,Throat cancer
2010,0,South Korea,Throat cancer
2011,0,South Korea,Throat cancer
2012,0,South Korea,Throat cancer
2013,0,South Korea,Throat cancer
2014,0,South Korea,Throat cancer
2015,0,South Korea,Throat cancer
2016,0,South Korea,Throat cancer
2017,0,South Korea,Throat cancer
2018,0,South Korea,Throat cancer
2019,0,South Korea,Throat cancer
2020,0,South Korea,Throat cancer
2021,0,South Korea,Throat cancer
2022,0,South Korea,Throat cancer
2023,0,South Korea,Throat cancer
2024,0,South Korea,Throat cancer
2025,0,South Korea,Throat cancer
1991,1,South Korea,Thyroid cancer
2001,6,South Korea,Thyroid cancer
2002,4,South Korea,Thyroid cancer
2003,11,South Korea,Thyroid cancer
2004,9,South Korea,Thyroid cancer
2005,6,South Korea,Thyroid cancer
2006,11,South Korea,Thyroid cancer
2008,19,South Korea,Thyroid cancer
2007,16,South Korea,Thyroid cancer
2009,31,South Korea,Thyroid cancer
2010,48,South Korea,Thyroid cancer
2011,74,South Korea,Thyroid cancer
2012,106,South Korea,Thyroid cancer
2013,144,South Korea,Thyroid cancer
2014,159,South Korea,Thyroid cancer
2016,164,South Korea,Thyroid cancer
2015,178,South Korea,Thyroid cancer
2017,171,South Korea,Thyroid cancer
2018,176,South Korea,Thyroid cancer
1989,1,South Korea,Thyroid cancer
2019,142,South Korea,Thyroid cancer
2020,166,South Korea,Thyroid cancer
2021,157,South Korea,Thyroid cancer
2022,138,South Korea,Thyroid cancer
2023,140,South Korea,Thyroid cancer
2024,81,South Korea,Thyroid cancer
2025,2,South Korea,Thyroid cancer
1997,1,South Korea,Thyroid cancer
1998,1,South Korea,Thyroid cancer
2000,3,South Korea,Thyroid cancer
1984,0,South Korea,Thyroid cancer
1985,0,South Korea,Thyroid cancer
1986,0,South Korea,Thyroid cancer
1987,0,South Korea,Thyroid cancer
1988,0,South Korea,Thyroid cancer
1990,0,South Korea,Thyroid cancer
1992,0,South Korea,Thyroid cancer
1993,0,South Korea,Thyroid cancer
1994,0,South Korea,Thyroid cancer
1995,0,South Korea,Thyroid cancer
1996,0,South Korea,Thyroid cancer
1999,0,South Korea,Thyroid cancer
1992,45,South Korea,Undetermined cancer
1990,31,South Korea,Undetermined cancer
1991,41,South Korea,Undetermined cancer
1993,55,South Korea,Undetermined cancer
1994,68,South Korea,Undetermined cancer
1995,81,South Korea,Undetermined cancer
1998,192,South Korea,Undetermined cancer
1999,261,South Korea,Undetermined cancer
2000,344,South Korea,Undetermined cancer
2001,361,South Korea,Undetermined cancer
2002,407,South Korea,Undetermined cancer
2003,482,South Korea,Undetermined cancer
2004,601,South Korea,Undetermined cancer
2005,679,South Korea,Undetermined cancer
2006,789,South Korea,Undetermined cancer
2008,1053,South Korea,Undetermined cancer
2007,886,South Korea,Undetermined cancer
2009,1187,South Korea,Undetermined cancer
1997,153,South Korea,Undetermined cancer
2010,1280,South Korea,Undetermined cancer
2011,1521,South Korea,Undetermined cancer
2012,1737,South Korea,Undetermined cancer
1988,14,South Korea,Undetermined cancer
1989,20,South Korea,Undetermined cancer
2013,1828,South Korea,Undetermined cancer
2015,2311,South Korea,Undetermined cancer
2014,2092,South Korea,Undetermined cancer
2016,2315,South Korea,Undetermined cancer
2017,2432,South Korea,Undetermined cancer
2019,2632,South Korea,Undetermined cancer
2018,2520,South Korea,Undetermined cancer
2020,2707,South Korea,Undetermined cancer
1986,1,South Korea,Undetermined cancer
1987,11,South Korea,Undetermined cancer
2021,2877,South Korea,Undetermined cancer
2023,2605,South Korea,Undetermined cancer
2022,2803,South Korea,Undetermined cancer
2024,1594,South Korea,Undetermined cancer
2025,24,South Korea,Undetermined cancer
1996,115,South Korea,Undetermined cancer
1984,0,South Korea,Undetermined cancer
1985,0,South Korea,Undetermined cancer
2001,2,South Korea,Uterine cancer
2002,3,South Korea,Uterine cancer
2003,5,South Korea,Uterine cancer
2004,8,South Korea,Uterine cancer
2005,5,South Korea,Uterine cancer
2006,12,South Korea,Uterine cancer
2008,22,South Korea,Uterine cancer
2007,8,South Korea,Uterine cancer
2009,27,South Korea,Uterine cancer
2010,35,South Korea,Uterine cancer
2011,20,South Korea,Uterine cancer
2012,39,South Korea,Uterine cancer
2013,38,South Korea,Uterine cancer
2014,30,South Korea,Uterine cancer
2015,48,South Korea,Uterine cancer
2016,39,South Korea,Uterine cancer
2017,23,South Korea,Uterine cancer
2018,26,South Korea,Uterine cancer
2019,22,South Korea,Uterine cancer
2020,25,South Korea,Uterine cancer
2021,47,South Korea,Uterine cancer
2022,55,South Korea,Uterine cancer
2023,60,South Korea,Uterine cancer
2024,29,South Korea,Uterine cancer
2025,1,South Korea,Uterine cancer
1996,1,South Korea,Uterine cancer
1997,2,South Korea,Uterine cancer
1998,1,South Korea,Uterine cancer
1999,3,South Korea,Uterine cancer
2000,2,South Korea,Uterine cancer
1984,0,South Korea,Uterine cancer
1985,0,South Korea,Uterine cancer
1986,0,South Korea,Uterine cancer
1987,0,South Korea,Uterine cancer
1988,0,South Korea,Uterine cancer
1989,0,South Korea,Uterine cancer
1990,0,South Korea,Uterine cancer
1991,0,South Korea,Uterine cancer
1992,0,South Korea,Uterine cancer
1993,0,South Korea,Uterine cancer
1994,0,South Korea,Uterine cancer
1995,0,South Korea,Uterine cancer
1990,1,South Korea,Vaginal cancer
2003,2,South Korea,Vaginal cancer
2011,1,South Korea,Vaginal cancer
2012,1,South Korea,Vaginal cancer
2013,3,South Korea,Vaginal cancer
2015,1,South Korea,Vaginal cancer
2016,1,South Korea,Vaginal cancer
2017,1,South Korea,Vaginal cancer
2018,2,South Korea,Vaginal cancer
2019,1,South Korea,Vaginal cancer
2021,1,South Korea,Vaginal cancer
2022,1,South Korea,Vaginal cancer
2024,1,South Korea,Vaginal cancer
2023,2,South Korea,Vaginal cancer
1999,1,South Korea,Vaginal cancer
1984,0,South Korea,Vaginal cancer
1985,0,South Korea,Vaginal cancer
1986,0,South Korea,Vaginal cancer
1987,0,South Korea,Vaginal cancer
1988,0,South Korea,Vaginal cancer
1989,0,South Korea,Vaginal cancer
1991,0,South Korea,Vaginal cancer
1992,0,South Korea,Vaginal cancer
1993,0,South Korea,Vaginal cancer
1994,0,South Korea,Vaginal cancer
1995,0,South Korea,Vaginal cancer
1996,0,South Korea,Vaginal cancer
1997,0,South Korea,Vaginal cancer
1998,0,South Korea,Vaginal cancer
2000,0,South Korea,Vaginal cancer
2001,0,South Korea,Vaginal cancer
2002,0,South Korea,Vaginal cancer
2004,0,South Korea,Vaginal cancer
2005,0,South Korea,Vaginal cancer
2006,0,South Korea,Vaginal cancer
2007,0,South Korea,Vaginal cancer
2008,0,South Korea,Vaginal cancer
2009,0,South Korea,Vaginal cancer
2010,0,South Korea,Vaginal cancer
2014,0,South Korea,Vaginal cancer
2020,0,South Korea,Vaginal cancer
2025,0,South Korea,Vaginal cancer
2001,1,South Korea,Vulvar cancer
2006,2,South Korea,Vulvar cancer
2007,1,South Korea,Vulvar cancer
2008,2,South Korea,Vulvar cancer
2009,2,South Korea,Vulvar cancer
2011,1,South Korea,Vulvar cancer
2012,1,South Korea,Vulvar cancer
2013,2,South Korea,Vulvar cancer
2016,2,South Korea,Vulvar cancer
2015,3,South Korea,Vulvar cancer
2017,1,South Korea,Vulvar cancer
2018,1,South Korea,Vulvar cancer
2019,2,South Korea,Vulvar cancer
2022,4,South Korea,Vulvar cancer
2023,2,South Korea,Vulvar cancer
2024,1,South Korea,Vulvar cancer
1984,0,South Korea,Vulvar cancer
1985,0,South Korea,Vulvar cancer
1986,0,South Korea,Vulvar cancer
1987,0,South Korea,Vulvar cancer
1988,0,South Korea,Vulvar cancer
1989,0,South Korea,Vulvar cancer
1990,0,South Korea,Vulvar cancer
1991,0,South Korea,Vulvar cancer
1992,0,South Korea,Vulvar cancer
1993,0,South Korea,Vulvar cancer
1994,0,South Korea,Vulvar cancer
1995,0,South Korea,Vulvar cancer
1996,0,South Korea,Vulvar cancer
1997,0,South Korea,Vulvar cancer
1998,0,South Korea,Vulvar cancer
1999,0,South Korea,Vulvar cancer
2000,0,South Korea,Vulvar cancer
2002,0,South Korea,Vulvar cancer
2003,0,South Korea,Vulvar cancer
2004,0,South Korea,Vulvar cancer
2005,0,South Korea,Vulvar cancer
2010,0,South Korea,Vulvar cancer
2014,0,South Korea,Vulvar cancer
2020,0,South Korea,Vulvar cancer
2021,0,South Korea,Vulvar cancer
2025,0,South Korea,Vulvar cancer
1991,1,Switzerland,Anal cancer
2001,2,Switzerland,Anal cancer
2003,1,Switzerland,Anal cancer
2004,2,Switzerland,Anal cancer
2006,1,Switzerland,Anal cancer
2008,1,Switzerland,Anal cancer
2009,1,Switzerland,Anal cancer
2010,2,Switzerland,Anal cancer
2011,2,Switzerland,Anal cancer
2012,2,Switzerland,Anal cancer
2013,1,Switzerland,Anal cancer
2014,3,Switzerland,Anal cancer
2016,2,Switzerland,Anal cancer
2017,4,Switzerland,Anal cancer
2018,2,Switzerland,Anal cancer
2020,3,Switzerland,Anal cancer
2021,1,Switzerland,Anal cancer
2022,1,Switzerland,Anal cancer
2023,2,Switzerland,Anal cancer
1993,1,Switzerland,Anal cancer
1997,1,Switzerland,Anal cancer
1998,1,Switzerland,Anal cancer
1999,1,Switzerland,Anal cancer
1984,0,Switzerland,Anal cancer
1985,0,Switzerland,Anal cancer
1986,0,Switzerland,Anal cancer
1987,0,Switzerland,Anal cancer
1988,0,Switzerland,Anal cancer
1989,0,Switzerland,Anal cancer
1990,0,Switzerland,Anal cancer
1992,0,Switzerland,Anal cancer
1994,0,Switzerland,Anal cancer
1995,0,Switzerland,Anal cancer
1996,0,Switzerland,Anal cancer
2000,0,Switzerland,Anal cancer
2002,0,Switzerland,Anal cancer
2005,0,Switzerland,Anal cancer
2007,0,Switzerland,Anal cancer
2015,0,Switzerland,Anal cancer
2019,0,Switzerland,Anal cancer
2024,0,Switzerland,Anal cancer
2025,0,Switzerland,Anal cancer
1992,2,Switzerland,Bladder cancer
1991,2,Switzerland,Bladder cancer
2001,6,Switzerland,Bladder cancer
2002,9,Switzerland,Bladder cancer
2003,8,Switzerland,Bladder cancer
2004,6,Switzerland,Bladder cancer
2005,5,Switzerland,Bladder cancer
2006,9,Switzerland,Bladder cancer
2007,7,Switzerland,Bladder cancer
2008,7,Switzerland,Bladder cancer
2009,5,Switzerland,Bladder cancer
2010,5,Switzerland,Bladder cancer
2011,11,Switzerland,Bladder cancer
1997,13,Switzerland,Bladder cancer
2012,6,Switzerland,Bladder cancer
2013,13,Switzerland,Bladder cancer
2014,11,Switzerland,Bladder cancer
2015,14,Switzerland,Bladder cancer
2016,9,Switzerland,Bladder cancer
2017,23,Switzerland,Bladder cancer
1989,4,Switzerland,Bladder cancer
2018,9,Switzerland,Bladder cancer
2020,15,Switzerland,Bladder cancer
2019,19,Switzerland,Bladder cancer
2021,19,Switzerland,Bladder cancer
2022,26,Switzerland,Bladder cancer
1987,1,Switzerland,Bladder cancer
2023,22,Switzerland,Bladder cancer
2024,11,Switzerland,Bladder cancer
1993,10,Switzerland,Bladder cancer
1994,5,Switzerland,Bladder cancer
1995,9,Switzerland,Bladder cancer
1996,4,Switzerland,Bladder cancer
1998,5,Switzerland,Bladder cancer
1999,10,Switzerland,Bladder cancer
2000,6,Switzerland,Bladder cancer
1984,0,Switzerland,Bladder cancer
1985,0,Switzerland,Bladder cancer
1986,0,Switzerland,Bladder cancer
1988,0,Switzerland,Bladder cancer
1990,0,Switzerland,Bladder cancer
2025,0,Switzerland,Bladder cancer
1992,16,Switzerland,Brain cancer
1990,16,Switzerland,Brain cancer
1991,9,Switzerland,Brain cancer
2001,23,Switzerland,Brain cancer
2002,10,Switzerland,Brain cancer
2003,26,Switzerland,Brain cancer
2004,24,Switzerland,Brain cancer
2005,22,Switzerland,Brain cancer
2006,32,Switzerland,Brain cancer
2007,28,Switzerland,Brain cancer
2008,26,Switzerland,Brain cancer
2009,26,Switzerland,Brain cancer
2010,26,Switzerland,Brain cancer
2011,42,Switzerland,Brain cancer
2013,44,Switzerland,Brain cancer
1987,2,Switzerland,Brain cancer
1988,12,Switzerland,Brain cancer
1989,13,Switzerland,Brain cancer
2012,31,Switzerland,Brain cancer
2014,51,Switzerland,Brain cancer
2015,45,Switzerland,Brain cancer
2016,55,Switzerland,Brain cancer
2017,41,Switzerland,Brain cancer
2018,52,Switzerland,Brain cancer
2021,57,Switzerland,Brain cancer
2019,52,Switzerland,Brain cancer
2020,54,Switzerland,Brain cancer
2022,61,Switzerland,Brain cancer
2023,52,Switzerland,Brain cancer
2024,23,Switzerland,Brain cancer
1993,17,Switzerland,Brain cancer
1994,15,Switzerland,Brain cancer
1995,13,Switzerland,Brain cancer
1996,8,Switzerland,Brain cancer
1997,22,Switzerland,Brain cancer
1998,16,Switzerland,Brain cancer
1999,28,Switzerland,Brain cancer
2000,16,Switzerland,Brain cancer
1984,0,Switzerland,Brain cancer
1985,0,Switzerland,Brain cancer
1986,0,Switzerland,Brain cancer
2025,0,Switzerland,Brain cancer
1992,48,Switzerland,Breast cancer
1990,18,Switzerland,Breast cancer
1991,28,Switzerland,Breast cancer
2001,45,Switzerland,Breast cancer
2002,41,Switzerland,Breast cancer
2000,42,Switzerland,Breast cancer
2003,55,Switzerland,Breast cancer
2004,49,Switzerland,Breast cancer
2005,56,Switzerland,Breast cancer
2006,68,Switzerland,Breast cancer
2007,59,Switzerland,Breast cancer
2008,56,Switzerland,Breast cancer
2009,71,Switzerland,Breast cancer
2010,80,Switzerland,Breast cancer
2011,70,Switzerland,Breast cancer
2012,82,Switzerland,Breast cancer
1987,7,Switzerland,Breast cancer
1988,10,Switzerland,Breast cancer
1989,18,Switzerland,Breast cancer
2013,83,Switzerland,Breast cancer
2014,82,Switzerland,Breast cancer
2015,70,Switzerland,Breast cancer
2016,72,Switzerland,Breast cancer
2017,86,Switzerland,Breast cancer
2018,94,Switzerland,Breast cancer
2020,110,Switzerland,Breast cancer
2019,99,Switzerland,Breast cancer
2021,101,Switzerland,Breast cancer
2022,111,Switzerland,Breast cancer
2023,121,Switzerland,Breast cancer
2024,66,Switzerland,Breast cancer
2025,1,Switzerland,Breast cancer
1993,33,Switzerland,Breast cancer
1994,31,Switzerland,Breast cancer
1995,26,Switzerland,Breast cancer
1996,36,Switzerland,Breast cancer
1997,36,Switzerland,Breast cancer
1998,40,Switzerland,Breast cancer
1999,28,Switzerland,Breast cancer
1984,0,Switzerland,Breast cancer
1985,0,Switzerland,Breast cancer
1986,0,Switzerland,Breast cancer
1991,2,Switzerland,Cervical cancer
2000,5,Switzerland,Cervical cancer
2001,2,Switzerland,Cervical cancer
2002,5,Switzerland,Cervical cancer
2003,7,Switzerland,Cervical cancer
2004,6,Switzerland,Cervical cancer
2005,11,Switzerland,Cervical cancer
2006,3,Switzerland,Cervical cancer
2007,6,Switzerland,Cervical cancer
2008,6,Switzerland,Cervical cancer
2009,3,Switzerland,Cervical cancer
2010,5,Switzerland,Cervical cancer
2011,7,Switzerland,Cervical cancer
1989,1,Switzerland,Cervical cancer
1990,1,Switzerland,Cervical cancer
2012,7,Switzerland,Cervical cancer
2013,11,Switzerland,Cervical cancer
2014,15,Switzerland,Cervical cancer
2015,20,Switzerland,Cervical cancer
2016,14,Switzerland,Cervical cancer
2017,23,Switzerland,Cervical cancer
2018,16,Switzerland,Cervical cancer
1988,1,Switzerland,Cervical cancer
2019,19,Switzerland,Cervical cancer
2020,27,Switzerland,Cervical cancer
2021,33,Switzerland,Cervical cancer
2022,35,Switzerland,Cervical cancer
2024,20,Switzerland,Cervical cancer
2023,14,Switzerland,Cervical cancer
1994,2,Switzerland,Cervical cancer
1995,1,Switzerland,Cervical cancer
1993,2,Switzerland,Cervical cancer
1996,4,Switzerland,Cervical cancer
1997,3,Switzerland,Cervical cancer
1998,4,Switzerland,Cervical cancer
1999,4,Switzerland,Cervical cancer
1984,0,Switzerland,Cervical cancer
1985,0,Switzerland,Cervical cancer
1986,0,Switzerland,Cervical cancer
1987,0,Switzerland,Cervical cancer
1992,0,Switzerland,Cervical cancer
2025,0,Switzerland,Cervical cancer
1992,7,Switzerland,Colon cancer
1991,4,Switzerland,Colon cancer
2000,12,Switzerland,Colon cancer
2001,9,Switzerland,Colon cancer
2002,9,Switzerland,Colon cancer
2003,6,Switzerland,Colon cancer
2004,12,Switzerland,Colon cancer
2005,15,Switzerland,Colon cancer
2006,8,Switzerland,Colon cancer
2008,12,Switzerland,Colon cancer
2007,9,Switzerland,Colon cancer
2009,13,Switzerland,Colon cancer
2010,12,Switzerland,Colon cancer
2011,11,Switzerland,Colon cancer
1989,3,Switzerland,Colon cancer
1990,1,Switzerland,Colon cancer
2012,23,Switzerland,Colon cancer
2013,11,Switzerland,Colon cancer
2014,10,Switzerland,Colon cancer
2015,11,Switzerland,Colon cancer
2016,13,Switzerland,Colon cancer
2017,10,Switzerland,Colon cancer
2018,13,Switzerland,Colon cancer
2019,9,Switzerland,Colon cancer
2021,20,Switzerland,Colon cancer
2020,12,Switzerland,Colon cancer
2022,14,Switzerland,Colon cancer
2023,7,Switzerland,Colon cancer
2024,5,Switzerland,Colon cancer
1994,4,Switzerland,Colon cancer
1995,2,Switzerland,Colon cancer
1993,2,Switzerland,Colon cancer
1996,4,Switzerland,Colon cancer
1997,7,Switzerland,Colon cancer
1998,6,Switzerland,Colon cancer
1999,5,Switzerland,Colon cancer
1984,0,Switzerland,Colon cancer
1985,0,Switzerland,Colon cancer
1986,0,Switzerland,Colon cancer
1987,0,Switzerland,Colon cancer
1988,0,Switzerland,Colon cancer
2025,0,Switzerland,Colon cancer
1992,13,Switzerland,Colorectal cancer
1990,6,Switzerland,Colorectal cancer
1991,5,Switzerland,Colorectal cancer
2001,20,Switzerland,Colorectal cancer
2002,18,Switzerland,Colorectal cancer
2003,13,Switzerland,Colorectal cancer
2004,16,Switzerland,Colorectal cancer
2005,16,Switzerland,Colorectal cancer
2006,21,Switzerland,Colorectal cancer
2007,11,Switzerland,Colorectal cancer
2008,31,Switzerland,Colorectal cancer
2009,23,Switzerland,Colorectal cancer
2010,31,Switzerland,Colorectal cancer
2011,21,Switzerland,Colorectal cancer
1989,2,Switzerland,Colorectal cancer
2012,32,Switzerland,Colorectal cancer
2013,28,Switzerland,Colorectal cancer
2014,32,Switzerland,Colorectal cancer
2015,44,Switzerland,Colorectal cancer
2016,28,Switzerland,Colorectal cancer
2017,36,Switzerland,Colorectal cancer
1988,3,Switzerland,Colorectal cancer
2018,40,Switzerland,Colorectal cancer
2019,43,Switzerland,Colorectal cancer
2020,51,Switzerland,Colorectal cancer
2021,57,Switzerland,Colorectal cancer
2022,47,Switzerland,Colorectal cancer
2023,25,Switzerland,Colorectal cancer
2024,22,Switzerland,Colorectal cancer
2025,1,Switzerland,Colorectal cancer
1993,13,Switzerland,Colorectal cancer
1994,8,Switzerland,Colorectal cancer
1995,10,Switzerland,Colorectal cancer
1996,13,Switzerland,Colorectal cancer
1997,8,Switzerland,Colorectal cancer
1998,13,Switzerland,Colorectal cancer
1999,18,Switzerland,Colorectal cancer
2000,18,Switzerland,Colorectal cancer
1984,0,Switzerland,Colorectal cancer
1985,0,Switzerland,Colorectal cancer
1986,0,Switzerland,Colorectal cancer
1987,0,Switzerland,Colorectal cancer
1992,1,Switzerland,Esophageal cancer
1990,5,Switzerland,Esophageal cancer
2001,3,Switzerland,Esophageal cancer
2002,3,Switzerland,Esophageal cancer
2003,3,Switzerland,Esophageal cancer
2004,1,Switzerland,Esophageal cancer
2005,2,Switzerland,Esophageal cancer
2007,1,Switzerland,Esophageal cancer
2008,1,Switzerland,Esophageal cancer
2009,4,Switzerland,Esophageal cancer
2010,7,Switzerland,Esophageal cancer
2011,4,Switzerland,Esophageal cancer
2012,1,Switzerland,Esophageal cancer
2013,1,Switzerland,Esophageal cancer
2014,3,Switzerland,Esophageal cancer
2016,3,Switzerland,Esophageal cancer
2015,1,Switzerland,Esophageal cancer
2017,3,Switzerland,Esophageal cancer
2019,4,Switzerland,Esophageal cancer
2018,4,Switzerland,Esophageal cancer
2021,5,Switzerland,Esophageal cancer
2020,12,Switzerland,Esophageal cancer
2022,8,Switzerland,Esophageal cancer
2023,6,Switzerland,Esophageal cancer
2024,5,Switzerland,Esophageal cancer
1994,1,Switzerland,Esophageal cancer
1995,1,Switzerland,Esophageal cancer
1993,2,Switzerland,Esophageal cancer
1996,1,Switzerland,Esophageal cancer
1997,1,Switzerland,Esophageal cancer
1998,3,Switzerland,Esophageal cancer
1999,2,Switzerland,Esophageal cancer
2000,3,Switzerland,Esophageal cancer
1984,0,Switzerland,Esophageal cancer
1985,0,Switzerland,Esophageal cancer
1986,0,Switzerland,Esophageal cancer
1987,0,Switzerland,Esophageal cancer
1988,0,Switzerland,Esophageal cancer
1989,0,Switzerland,Esophageal cancer
1991,0,Switzerland,Esophageal cancer
2006,0,Switzerland,Esophageal cancer
2025,0,Switzerland,Esophageal cancer
1992,1,Switzerland,Gallbladder cancer
2003,2,Switzerland,Gallbladder cancer
2005,1,Switzerland,Gallbladder cancer
2006,1,Switzerland,Gallbladder cancer
1990,1,Switzerland,Gallbladder cancer
2018,1,Switzerland,Gallbladder cancer
2020,5,Switzerland,Gallbladder cancer
2022,1,Switzerland,Gallbladder cancer
2023,1,Switzerland,Gallbladder cancer
1995,1,Switzerland,Gallbladder cancer
1997,1,Switzerland,Gallbladder cancer
2000,1,Switzerland,Gallbladder cancer
1984,0,Switzerland,Gallbladder cancer
1985,0,Switzerland,Gallbladder cancer
1986,0,Switzerland,Gallbladder cancer
1987,0,Switzerland,Gallbladder cancer
1988,0,Switzerland,Gallbladder cancer
1989,0,Switzerland,Gallbladder cancer
1991,0,Switzerland,Gallbladder cancer
1993,0,Switzerland,Gallbladder cancer
1994,0,Switzerland,Gallbladder cancer
1996,0,Switzerland,Gallbladder cancer
1998,0,Switzerland,Gallbladder cancer
1999,0,Switzerland,Gallbladder cancer
2001,0,Switzerland,Gallbladder cancer
2002,0,Switzerland,Gallbladder cancer
2004,0,Switzerland,Gallbladder cancer
2007,0,Switzerland,Gallbladder cancer
2008,0,Switzerland,Gallbladder cancer
2009,0,Switzerland,Gallbladder cancer
2010,0,Switzerland,Gallbladder cancer
2011,0,Switzerland,Gallbladder cancer
2012,0,Switzerland,Gallbladder cancer
2013,0,Switzerland,Gallbladder cancer
2014,0,Switzerland,Gallbladder cancer
2015,0,Switzerland,Gallbladder cancer
2016,0,Switzerland,Gallbladder cancer
2017,0,Switzerland,Gallbladder cancer
2019,0,Switzerland,Gallbladder cancer
2021,0,Switzerland,Gallbladder cancer
2024,0,Switzerland,Gallbladder cancer
2025,0,Switzerland,Gallbladder cancer
1992,6,Switzerland,Hodgkin lymphoma
1991,4,Switzerland,Hodgkin lymphoma
2001,1,Switzerland,Hodgkin lymphoma
2002,3,Switzerland,Hodgkin lymphoma
2003,7,Switzerland,Hodgkin lymphoma
2004,3,Switzerland,Hodgkin lymphoma
2005,4,Switzerland,Hodgkin lymphoma
2006,3,Switzerland,Hodgkin lymphoma
2007,3,Switzerland,Hodgkin lymphoma
2008,6,Switzerland,Hodgkin lymphoma
2009,7,Switzerland,Hodgkin lymphoma
2010,7,Switzerland,Hodgkin lymphoma
2011,8,Switzerland,Hodgkin lymphoma
2012,4,Switzerland,Hodgkin lymphoma
2013,4,Switzerland,Hodgkin lymphoma
2014,7,Switzerland,Hodgkin lymphoma
2015,7,Switzerland,Hodgkin lymphoma
2016,6,Switzerland,Hodgkin lymphoma
2017,6,Switzerland,Hodgkin lymphoma
1989,1,Switzerland,Hodgkin lymphoma
2018,9,Switzerland,Hodgkin lymphoma
2019,8,Switzerland,Hodgkin lymphoma
2020,9,Switzerland,Hodgkin lymphoma
2021,10,Switzerland,Hodgkin lymphoma
2022,3,Switzerland,Hodgkin lymphoma
2023,5,Switzerland,Hodgkin lymphoma
2024,4,Switzerland,Hodgkin lymphoma
1994,4,Switzerland,Hodgkin lymphoma
1995,3,Switzerland,Hodgkin lymphoma
1993,1,Switzerland,Hodgkin lymphoma
1996,3,Switzerland,Hodgkin lymphoma
1998,3,Switzerland,Hodgkin lymphoma
1999,2,Switzerland,Hodgkin lymphoma
2000,1,Switzerland,Hodgkin lymphoma
1984,0,Switzerland,Hodgkin lymphoma
1985,0,Switzerland,Hodgkin lymphoma
1986,0,Switzerland,Hodgkin lymphoma
1987,0,Switzerland,Hodgkin lymphoma
1988,0,Switzerland,Hodgkin lymphoma
1990,0,Switzerland,Hodgkin lymphoma
1997,0,Switzerland,Hodgkin lymphoma
2025,0,Switzerland,Hodgkin lymphoma
1992,3,Switzerland,Kaposi sarcoma
1991,1,Switzerland,Kaposi sarcoma
2002,2,Switzerland,Kaposi sarcoma
2004,1,Switzerland,Kaposi sarcoma
2006,1,Switzerland,Kaposi sarcoma
2007,1,Switzerland,Kaposi sarcoma
2008,1,Switzerland,Kaposi sarcoma
2009,1,Switzerland,Kaposi sarcoma
2011,1,Switzerland,Kaposi sarcoma
2012,1,Switzerland,Kaposi sarcoma
2014,2,Switzerland,Kaposi sarcoma
2016,4,Switzerland,Kaposi sarcoma
2015,1,Switzerland,Kaposi sarcoma
2017,2,Switzerland,Kaposi sarcoma
2018,2,Switzerland,Kaposi sarcoma
2019,3,Switzerland,Kaposi sarcoma
2020,2,Switzerland,Kaposi sarcoma
2021,4,Switzerland,Kaposi sarcoma
2022,3,Switzerland,Kaposi sarcoma
2023,3,Switzerland,Kaposi sarcoma
2024,1,Switzerland,Kaposi sarcoma
1995,1,Switzerland,Kaposi sarcoma
1996,3,Switzerland,Kaposi sarcoma
1997,2,Switzerland,Kaposi sarcoma
1998,1,Switzerland,Kaposi sarcoma
1999,1,Switzerland,Kaposi sarcoma
1984,0,Switzerland,Kaposi sarcoma
1985,0,Switzerland,Kaposi sarcoma
1986,0,Switzerland,Kaposi sarcoma
1987,0,Switzerland,Kaposi sarcoma
1988,0,Switzerland,Kaposi sarcoma
1989,0,Switzerland,Kaposi sarcoma
1990,0,Switzerland,Kaposi sarcoma
1993,0,Switzerland,Kaposi sarcoma
1994,0,Switzerland,Kaposi sarcoma
2000,0,Switzerland,Kaposi sarcoma
2001,0,Switzerland,Kaposi sarcoma
2003,0,Switzerland,Kaposi sarcoma
2005,0,Switzerland,Kaposi sarcoma
2010,0,Switzerland,Kaposi sarcoma
2013,0,Switzerland,Kaposi sarcoma
2025,0,Switzerland,Kaposi sarcoma
1992,6,Switzerland,Kidney cancer
1990,6,Switzerland,Kidney cancer
1991,4,Switzerland,Kidney cancer
2001,5,Switzerland,Kidney cancer
2002,4,Switzerland,Kidney cancer
2003,4,Switzerland,Kidney cancer
2004,5,Switzerland,Kidney cancer
2005,4,Switzerland,Kidney cancer
2006,3,Switzerland,Kidney cancer
2007,6,Switzerland,Kidney cancer
2008,9,Switzerland,Kidney cancer
2009,9,Switzerland,Kidney cancer
2010,8,Switzerland,Kidney cancer
2011,8,Switzerland,Kidney cancer
1987,1,Switzerland,Kidney cancer
1988,4,Switzerland,Kidney cancer
1989,2,Switzerland,Kidney cancer
2012,9,Switzerland,Kidney cancer
2013,12,Switzerland,Kidney cancer
2014,10,Switzerland,Kidney cancer
2015,9,Switzerland,Kidney cancer
2016,13,Switzerland,Kidney cancer
2017,10,Switzerland,Kidney cancer
2018,7,Switzerland,Kidney cancer
2019,22,Switzerland,Kidney cancer
2020,21,Switzerland,Kidney cancer
2021,27,Switzerland,Kidney cancer
2022,9,Switzerland,Kidney cancer
2023,13,Switzerland,Kidney cancer
2024,12,Switzerland,Kidney cancer
1994,1,Switzerland,Kidney cancer
1995,3,Switzerland,Kidney cancer
1993,5,Switzerland,Kidney cancer
1996,5,Switzerland,Kidney cancer
1997,8,Switzerland,Kidney cancer
1998,11,Switzerland,Kidney cancer
1999,10,Switzerland,Kidney cancer
2000,5,Switzerland,Kidney cancer
1984,0,Switzerland,Kidney cancer
1985,0,Switzerland,Kidney cancer
1986,0,Switzerland,Kidney cancer
2025,0,Switzerland,Kidney cancer
1992,2,Switzerland,Laryngeal cancer
2001,2,Switzerland,Laryngeal cancer
2004,2,Switzerland,Laryngeal cancer
2007,1,Switzerland,Laryngeal cancer
2009,1,Switzerland,Laryngeal cancer
2011,1,Switzerland,Laryngeal cancer
2013,1,Switzerland,Laryngeal cancer
2014,2,Switzerland,Laryngeal cancer
2015,2,Switzerland,Laryngeal cancer
1989,1,Switzerland,Laryngeal cancer
2018,1,Switzerland,Laryngeal cancer
2019,1,Switzerland,Laryngeal cancer
2020,1,Switzerland,Laryngeal cancer
2021,1,Switzerland,Laryngeal cancer
2023,3,Switzerland,Laryngeal cancer
1993,1,Switzerland,Laryngeal cancer
1996,1,Switzerland,Laryngeal cancer
1997,1,Switzerland,Laryngeal cancer
2000,5,Switzerland,Laryngeal cancer
1984,0,Switzerland,Laryngeal cancer
1985,0,Switzerland,Laryngeal cancer
1986,0,Switzerland,Laryngeal cancer
1987,0,Switzerland,Laryngeal cancer
1988,0,Switzerland,Laryngeal cancer
1990,0,Switzerland,Laryngeal cancer
1991,0,Switzerland,Laryngeal cancer
1994,0,Switzerland,Laryngeal cancer
1995,0,Switzerland,Laryngeal cancer
1998,0,Switzerland,Laryngeal cancer
1999,0,Switzerland,Laryngeal cancer
2002,0,Switzerland,Laryngeal cancer
2003,0,Switzerland,Laryngeal cancer
2005,0,Switzerland,Laryngeal cancer
2006,0,Switzerland,Laryngeal cancer
2008,0,Switzerland,Laryngeal cancer
2010,0,Switzerland,Laryngeal cancer
2012,0,Switzerland,Laryngeal cancer
2016,0,Switzerland,Laryngeal cancer
2017,0,Switzerland,Laryngeal cancer
2022,0,Switzerland,Laryngeal cancer
2024,0,Switzerland,Laryngeal cancer
2025,0,Switzerland,Laryngeal cancer
1992,41,Switzerland,Leukemia
1990,30,Switzerland,Leukemia
1991,39,Switzerland,Leukemia
2000,23,Switzerland,Leukemia
2001,34,Switzerland,Leukemia
2002,30,Switzerland,Leukemia
1988,23,Switzerland,Leukemia
2003,35,Switzerland,Leukemia
2004,41,Switzerland,Leukemia
2005,33,Switzerland,Leukemia
2006,34,Switzerland,Leukemia
2007,46,Switzerland,Leukemia
2008,43,Switzerland,Leukemia
2009,37,Switzerland,Leukemia
2010,55,Switzerland,Leukemia
2011,40,Switzerland,Leukemia
2012,31,Switzerland,Leukemia
1989,20,Switzerland,Leukemia
2013,39,Switzerland,Leukemia
2016,34,Switzerland,Leukemia
2014,45,Switzerland,Leukemia
2015,51,Switzerland,Leukemia
2017,53,Switzerland,Leukemia
2018,42,Switzerland,Leukemia
1987,6,Switzerland,Leukemia
2019,59,Switzerland,Leukemia
2020,53,Switzerland,Leukemia
2021,63,Switzerland,Leukemia
2022,49,Switzerland,Leukemia
2023,54,Switzerland,Leukemia
2024,37,Switzerland,Leukemia
1993,36,Switzerland,Leukemia
1994,43,Switzerland,Leukemia
1995,30,Switzerland,Leukemia
1996,41,Switzerland,Leukemia
1997,34,Switzerland,Leukemia
1998,29,Switzerland,Leukemia
1999,26,Switzerland,Leukemia
1984,0,Switzerland,Leukemia
1985,0,Switzerland,Leukemia
1986,0,Switzerland,Leukemia
2025,0,Switzerland,Leukemia
1992,3,Switzerland,Liver cancer
2001,6,Switzerland,Liver cancer
2002,9,Switzerland,Liver cancer
2003,7,Switzerland,Liver cancer
2004,8,Switzerland,Liver cancer
2005,15,Switzerland,Liver cancer
2006,6,Switzerland,Liver cancer
2008,12,Switzerland,Liver cancer
2007,7,Switzerland,Liver cancer
2009,8,Switzerland,Liver cancer
2010,14,Switzerland,Liver cancer
2011,14,Switzerland,Liver cancer
2012,14,Switzerland,Liver cancer
2013,17,Switzerland,Liver cancer
2014,28,Switzerland,Liver cancer
2015,12,Switzerland,Liver cancer
2016,33,Switzerland,Liver cancer
2017,37,Switzerland,Liver cancer
2018,34,Switzerland,Liver cancer
1988,2,Switzerland,Liver cancer
2019,34,Switzerland,Liver cancer
2020,40,Switzerland,Liver cancer
2021,41,Switzerland,Liver cancer
2022,36,Switzerland,Liver cancer
2023,29,Switzerland,Liver cancer
2024,27,Switzerland,Liver cancer
1994,10,Switzerland,Liver cancer
1995,3,Switzerland,Liver cancer
1993,3,Switzerland,Liver cancer
1996,5,Switzerland,Liver cancer
1997,10,Switzerland,Liver cancer
1998,9,Switzerland,Liver cancer
1999,6,Switzerland,Liver cancer
2000,5,Switzerland,Liver cancer
1984,0,Switzerland,Liver cancer
1985,0,Switzerland,Liver cancer
1986,0,Switzerland,Liver cancer
1987,0,Switzerland,Liver cancer
1989,0,Switzerland,Liver cancer
1990,0,Switzerland,Liver cancer
1991,0,Switzerland,Liver cancer
2025,0,Switzerland,Liver cancer
1992,7,Switzerland,Lung cancer
1990,3,Switzerland,Lung cancer
1991,6,Switzerland,Lung cancer
2001,11,Switzerland,Lung cancer
2002,14,Switzerland,Lung cancer
2003,11,Switzerland,Lung cancer
2004,17,Switzerland,Lung cancer
2005,22,Switzerland,Lung cancer
2006,13,Switzerland,Lung cancer
2007,10,Switzerland,Lung cancer
2008,18,Switzerland,Lung cancer
2009,21,Switzerland,Lung cancer
2010,19,Switzerland,Lung cancer
2011,26,Switzerland,Lung cancer
2012,29,Switzerland,Lung cancer
2013,35,Switzerland,Lung cancer
2014,43,Switzerland,Lung cancer
2015,33,Switzerland,Lung cancer
2016,52,Switzerland,Lung cancer
2017,62,Switzerland,Lung cancer
2018,57,Switzerland,Lung cancer
1988,3,Switzerland,Lung cancer
2019,70,Switzerland,Lung cancer
2020,79,Switzerland,Lung cancer
2021,90,Switzerland,Lung cancer
2022,78,Switzerland,Lung cancer
2023,63,Switzerland,Lung cancer
2024,53,Switzerland,Lung cancer
1993,6,Switzerland,Lung cancer
1994,19,Switzerland,Lung cancer
1995,8,Switzerland,Lung cancer
1996,12,Switzerland,Lung cancer
1997,15,Switzerland,Lung cancer
1998,22,Switzerland,Lung cancer
1999,11,Switzerland,Lung cancer
2000,13,Switzerland,Lung cancer
1984,0,Switzerland,Lung cancer
1985,0,Switzerland,Lung cancer
1986,0,Switzerland,Lung cancer
1987,0,Switzerland,Lung cancer
1989,0,Switzerland,Lung cancer
2025,0,Switzerland,Lung cancer
1992,3,Switzerland,Mesothelioma
1990,3,Switzerland,Mesothelioma
1991,4,Switzerland,Mesothelioma
2001,1,Switzerland,Mesothelioma
2003,5,Switzerland,Mesothelioma
2004,5,Switzerland,Mesothelioma
2005,10,Switzerland,Mesothelioma
2006,8,Switzerland,Mesothelioma
2007,10,Switzerland,Mesothelioma
2008,8,Switzerland,Mesothelioma
2009,9,Switzerland,Mesothelioma
2010,11,Switzerland,Mesothelioma
2011,7,Switzerland,Mesothelioma
2012,10,Switzerland,Mesothelioma
1989,2,Switzerland,Mesothelioma
2013,6,Switzerland,Mesothelioma
2014,8,Switzerland,Mesothelioma
2015,16,Switzerland,Mesothelioma
2016,11,Switzerland,Mesothelioma
2017,6,Switzerland,Mesothelioma
1988,3,Switzerland,Mesothelioma
2018,20,Switzerland,Mesothelioma
2019,9,Switzerland,Mesothelioma
2020,21,Switzerland,Mesothelioma
2021,14,Switzerland,Mesothelioma
2022,21,Switzerland,Mesothelioma
1985,1,Switzerland,Mesothelioma
1987,1,Switzerland,Mesothelioma
2023,12,Switzerland,Mesothelioma
2024,7,Switzerland,Mesothelioma
1994,7,Switzerland,Mesothelioma
1995,3,Switzerland,Mesothelioma
1993,6,Switzerland,Mesothelioma
1996,4,Switzerland,Mesothelioma
1997,3,Switzerland,Mesothelioma
1998,5,Switzerland,Mesothelioma
1999,5,Switzerland,Mesothelioma
2000,2,Switzerland,Mesothelioma
1984,0,Switzerland,Mesothelioma
1986,0,Switzerland,Mesothelioma
2002,0,Switzerland,Mesothelioma
2025,0,Switzerland,Mesothelioma
1998,1,Switzerland,Mouth cancer
1984,0,Switzerland,Mouth cancer
1985,0,Switzerland,Mouth cancer
1986,0,Switzerland,Mouth cancer
1987,0,Switzerland,Mouth cancer
1988,0,Switzerland,Mouth cancer
1989,0,Switzerland,Mouth cancer
1990,0,Switzerland,Mouth cancer
1991,0,Switzerland,Mouth cancer
1992,0,Switzerland,Mouth cancer
1993,0,Switzerland,Mouth cancer
1994,0,Switzerland,Mouth cancer
1995,0,Switzerland,Mouth cancer
1996,0,Switzerland,Mouth cancer
1997,0,Switzerland,Mouth cancer
1999,0,Switzerland,Mouth cancer
2000,0,Switzerland,Mouth cancer
2001,0,Switzerland,Mouth cancer
2002,0,Switzerland,Mouth cancer
2003,0,Switzerland,Mouth cancer
2004,0,Switzerland,Mouth cancer
2005,0,Switzerland,Mouth cancer
2006,0,Switzerland,Mouth cancer
2007,0,Switzerland,Mouth cancer
2008,0,Switzerland,Mouth cancer
2009,0,Switzerland,Mouth cancer
2010,0,Switzerland,Mouth cancer
2011,0,Switzerland,Mouth cancer
2012,0,Switzerland,Mouth cancer
2013,0,Switzerland,Mouth cancer
2014,0,Switzerland,Mouth cancer
2015,0,Switzerland,Mouth cancer
2016,0,Switzerland,Mouth cancer
2017,0,Switzerland,Mouth cancer
2018,0,Switzerland,Mouth cancer
2019,0,Switzerland,Mouth cancer
2020,0,Switzerland,Mouth cancer
2021,0,Switzerland,Mouth cancer
2022,0,Switzerland,Mouth cancer
2023,0,Switzerland,Mouth cancer
2024,0,Switzerland,Mouth cancer
2025,0,Switzerland,Mouth cancer
1992,9,Switzerland,Multiple myeloma
1991,4,Switzerland,Multiple myeloma
2001,6,Switzerland,Multiple myeloma
2002,5,Switzerland,Multiple myeloma
2003,7,Switzerland,Multiple myeloma
2004,4,Switzerland,Multiple myeloma
2005,3,Switzerland,Multiple myeloma
2006,11,Switzerland,Multiple myeloma
2008,9,Switzerland,Multiple myeloma
2007,8,Switzerland,Multiple myeloma
2009,3,Switzerland,Multiple myeloma
2010,10,Switzerland,Multiple myeloma
2011,7,Switzerland,Multiple myeloma
1989,1,Switzerland,Multiple myeloma
1990,4,Switzerland,Multiple myeloma
2012,5,Switzerland,Multiple myeloma
2013,9,Switzerland,Multiple myeloma
2014,5,Switzerland,Multiple myeloma
2015,16,Switzerland,Multiple myeloma
2016,11,Switzerland,Multiple myeloma
2017,18,Switzerland,Multiple myeloma
2018,15,Switzerland,Multiple myeloma
1987,1,Switzerland,Multiple myeloma
1988,2,Switzerland,Multiple myeloma
2019,15,Switzerland,Multiple myeloma
2020,12,Switzerland,Multiple myeloma
2021,13,Switzerland,Multiple myeloma
2022,14,Switzerland,Multiple myeloma
2023,20,Switzerland,Multiple myeloma
2024,7,Switzerland,Multiple myeloma
1993,8,Switzerland,Multiple myeloma
1994,6,Switzerland,Multiple myeloma
1995,5,Switzerland,Multiple myeloma
1996,5,Switzerland,Multiple myeloma
1997,6,Switzerland,Multiple myeloma
1998,9,Switzerland,Multiple myeloma
1999,9,Switzerland,Multiple myeloma
2000,5,Switzerland,Multiple myeloma
1984,0,Switzerland,Multiple myeloma
1985,0,Switzerland,Multiple myeloma
1986,0,Switzerland,Multiple myeloma
2025,0,Switzerland,Multiple myeloma
1992,5,Switzerland,Non-Hodgkin lymphoma
1991,4,Switzerland,Non-Hodgkin lymphoma
2001,6,Switzerland,Non-Hodgkin lymphoma
2002,7,Switzerland,Non-Hodgkin lymphoma
2003,6,Switzerland,Non-Hodgkin lymphoma
2004,6,Switzerland,Non-Hodgkin lymphoma
2005,6,Switzerland,Non-Hodgkin lymphoma
2006,11,Switzerland,Non-Hodgkin lymphoma
2007,8,Switzerland,Non-Hodgkin lymphoma
2008,10,Switzerland,Non-Hodgkin lymphoma
2009,9,Switzerland,Non-Hodgkin lymphoma
2010,23,Switzerland,Non-Hodgkin lymphoma
2011,17,Switzerland,Non-Hodgkin lymphoma
2012,14,Switzerland,Non-Hodgkin lymphoma
2013,23,Switzerland,Non-Hodgkin lymphoma
2014,18,Switzerland,Non-Hodgkin lymphoma
2015,19,Switzerland,Non-Hodgkin lymphoma
2016,19,Switzerland,Non-Hodgkin lymphoma
2017,21,Switzerland,Non-Hodgkin lymphoma
2018,19,Switzerland,Non-Hodgkin lymphoma
1989,1,Switzerland,Non-Hodgkin lymphoma
2019,18,Switzerland,Non-Hodgkin lymphoma
2020,20,Switzerland,Non-Hodgkin lymphoma
2021,21,Switzerland,Non-Hodgkin lymphoma
2022,20,Switzerland,Non-Hodgkin lymphoma
2023,20,Switzerland,Non-Hodgkin lymphoma
2024,12,Switzerland,Non-Hodgkin lymphoma
1994,3,Switzerland,Non-Hodgkin lymphoma
1995,4,Switzerland,Non-Hodgkin lymphoma
1993,2,Switzerland,Non-Hodgkin lymphoma
1996,5,Switzerland,Non-Hodgkin lymphoma
1997,2,Switzerland,Non-Hodgkin lymphoma
1998,4,Switzerland,Non-Hodgkin lymphoma
1999,6,Switzerland,Non-Hodgkin lymphoma
2000,3,Switzerland,Non-Hodgkin lymphoma
1984,0,Switzerland,Non-Hodgkin lymphoma
1985,0,Switzerland,Non-Hodgkin lymphoma
1986,0,Switzerland,Non-Hodgkin lymphoma
1987,0,Switzerland,Non-Hodgkin lymphoma
1988,0,Switzerland,Non-Hodgkin lymphoma
1990,0,Switzerland,Non-Hodgkin lymphoma
2025,0,Switzerland,Non-Hodgkin lymphoma
1992,127,Switzerland,Other cancer
1990,74,Switzerland,Other cancer
1991,94,Switzerland,Other cancer
2000,145,Switzerland,Other cancer
2001,147,Switzerland,Other cancer
2002,155,Switzerland,Other cancer
2003,149,Switzerland,Other cancer
2004,147,Switzerland,Other cancer
2005,159,Switzerland,Other cancer
2006,152,Switzerland,Other cancer
2007,148,Switzerland,Other cancer
2008,149,Switzerland,Other cancer
1998,127,Switzerland,Other cancer
2009,156,Switzerland,Other cancer
2010,207,Switzerland,Other cancer
2011,162,Switzerland,Other cancer
1994,144,Switzerland,Other cancer
2012,171,Switzerland,Other cancer
2013,206,Switzerland,Other cancer
1987,24,Switzerland,Other cancer
1988,54,Switzerland,Other cancer
1989,58,Switzerland,Other cancer
2014,195,Switzerland,Other cancer
2015,236,Switzerland,Other cancer
2016,206,Switzerland,Other cancer
2017,220,Switzerland,Other cancer
2018,224,Switzerland,Other cancer
2019,237,Switzerland,Other cancer
2020,278,Switzerland,Other cancer
2021,290,Switzerland,Other cancer
2022,276,Switzerland,Other cancer
2023,224,Switzerland,Other cancer
1985,1,Switzerland,Other cancer
2025,1,Switzerland,Other cancer
2024,149,Switzerland,Other cancer
1993,114,Switzerland,Other cancer
1995,150,Switzerland,Other cancer
1996,122,Switzerland,Other cancer
1997,114,Switzerland,Other cancer
1999,163,Switzerland,Other cancer
1984,0,Switzerland,Other cancer
1986,0,Switzerland,Other cancer
1992,2,Switzerland,Ovarian cancer
1990,1,Switzerland,Ovarian cancer
1991,4,Switzerland,Ovarian cancer
2001,6,Switzerland,Ovarian cancer
2002,7,Switzerland,Ovarian cancer
2003,11,Switzerland,Ovarian cancer
2004,6,Switzerland,Ovarian cancer
2005,8,Switzerland,Ovarian cancer
2006,9,Switzerland,Ovarian cancer
2007,10,Switzerland,Ovarian cancer
2008,5,Switzerland,Ovarian cancer
2009,7,Switzerland,Ovarian cancer
2010,10,Switzerland,Ovarian cancer
2011,13,Switzerland,Ovarian cancer
2012,15,Switzerland,Ovarian cancer
1989,1,Switzerland,Ovarian cancer
2013,16,Switzerland,Ovarian cancer
2014,12,Switzerland,Ovarian cancer
2015,23,Switzerland,Ovarian cancer
2016,16,Switzerland,Ovarian cancer
2017,18,Switzerland,Ovarian cancer
1988,5,Switzerland,Ovarian cancer
2018,15,Switzerland,Ovarian cancer
2019,18,Switzerland,Ovarian cancer
2020,31,Switzerland,Ovarian cancer
2021,32,Switzerland,Ovarian cancer
2022,29,Switzerland,Ovarian cancer
1985,1,Switzerland,Ovarian cancer
2023,25,Switzerland,Ovarian cancer
2024,12,Switzerland,Ovarian cancer
1994,4,Switzerland,Ovarian cancer
1995,2,Switzerland,Ovarian cancer
1993,4,Switzerland,Ovarian cancer
1996,5,Switzerland,Ovarian cancer
1997,3,Switzerland,Ovarian cancer
1998,3,Switzerland,Ovarian cancer
1999,6,Switzerland,Ovarian cancer
2000,7,Switzerland,Ovarian cancer
1984,0,Switzerland,Ovarian cancer
1986,0,Switzerland,Ovarian cancer
1987,0,Switzerland,Ovarian cancer
2025,0,Switzerland,Ovarian cancer
1991,2,Switzerland,Pancreatic cancer
2000,10,Switzerland,Pancreatic cancer
2001,23,Switzerland,Pancreatic cancer
2002,7,Switzerland,Pancreatic cancer
2003,4,Switzerland,Pancreatic cancer
2005,5,Switzerland,Pancreatic cancer
2006,4,Switzerland,Pancreatic cancer
1999,19,Switzerland,Pancreatic cancer
2007,2,Switzerland,Pancreatic cancer
2008,7,Switzerland,Pancreatic cancer
2009,6,Switzerland,Pancreatic cancer
2010,3,Switzerland,Pancreatic cancer
1994,3,Switzerland,Pancreatic cancer
1995,3,Switzerland,Pancreatic cancer
1996,10,Switzerland,Pancreatic cancer
2011,3,Switzerland,Pancreatic cancer
1990,1,Switzerland,Pancreatic cancer
2012,8,Switzerland,Pancreatic cancer
2013,8,Switzerland,Pancreatic cancer
2014,9,Switzerland,Pancreatic cancer
2015,10,Switzerland,Pancreatic cancer
2016,11,Switzerland,Pancreatic cancer
2017,15,Switzerland,Pancreatic cancer
1988,1,Switzerland,Pancreatic cancer
2018,9,Switzerland,Pancreatic cancer
2019,14,Switzerland,Pancreatic cancer
2020,14,Switzerland,Pancreatic cancer
2021,24,Switzerland,Pancreatic cancer
2022,20,Switzerland,Pancreatic cancer
1987,1,Switzerland,Pancreatic cancer
2023,16,Switzerland,Pancreatic cancer
2024,8,Switzerland,Pancreatic cancer
1993,3,Switzerland,Pancreatic cancer
1997,7,Switzerland,Pancreatic cancer
1998,8,Switzerland,Pancreatic cancer
1984,0,Switzerland,Pancreatic cancer
1985,0,Switzerland,Pancreatic cancer
1986,0,Switzerland,Pancreatic cancer
1989,0,Switzerland,Pancreatic cancer
1992,0,Switzerland,Pancreatic cancer
2004,0,Switzerland,Pancreatic cancer
2025,0,Switzerland,Pancreatic cancer
1991,1,Switzerland,Penile cancer
2004,1,Switzerland,Penile cancer
2006,1,Switzerland,Penile cancer
2013,1,Switzerland,Penile cancer
2019,1,Switzerland,Penile cancer
2020,1,Switzerland,Penile cancer
1984,0,Switzerland,Penile cancer
1985,0,Switzerland,Penile cancer
1986,0,Switzerland,Penile cancer
1987,0,Switzerland,Penile cancer
1988,0,Switzerland,Penile cancer
1989,0,Switzerland,Penile cancer
1990,0,Switzerland,Penile cancer
1992,0,Switzerland,Penile cancer
1993,0,Switzerland,Penile cancer
1994,0,Switzerland,Penile cancer
1995,0,Switzerland,Penile cancer
1996,0,Switzerland,Penile cancer
1997,0,Switzerland,Penile cancer
1998,0,Switzerland,Penile cancer
1999,0,Switzerland,Penile cancer
2000,0,Switzerland,Penile cancer
2001,0,Switzerland,Penile cancer
2002,0,Switzerland,Penile cancer
2003,0,Switzerland,Penile cancer
2005,0,Switzerland,Penile cancer
2007,0,Switzerland,Penile cancer
2008,0,Switzerland,Penile cancer
2009,0,Switzerland,Penile cancer
2010,0,Switzerland,Penile cancer
2011,0,Switzerland,Penile cancer
2012,0,Switzerland,Penile cancer
2014,0,Switzerland,Penile cancer
2015,0,Switzerland,Penile cancer
2016,0,Switzerland,Penile cancer
2017,0,Switzerland,Penile cancer
2018,0,Switzerland,Penile cancer
2021,0,Switzerland,Penile cancer
2022,0,Switzerland,Penile cancer
2023,0,Switzerland,Penile cancer
2024,0,Switzerland,Penile cancer
2025,0,Switzerland,Penile cancer
1992,3,Switzerland,Prostate cancer
1990,1,Switzerland,Prostate cancer
1991,2,Switzerland,Prostate cancer
2001,8,Switzerland,Prostate cancer
2002,12,Switzerland,Prostate cancer
2003,15,Switzerland,Prostate cancer
2004,17,Switzerland,Prostate cancer
2005,23,Switzerland,Prostate cancer
2006,20,Switzerland,Prostate cancer
2007,18,Switzerland,Prostate cancer
2008,31,Switzerland,Prostate cancer
2009,36,Switzerland,Prostate cancer
2010,24,Switzerland,Prostate cancer
2011,33,Switzerland,Prostate cancer
1997,6,Switzerland,Prostate cancer
2012,37,Switzerland,Prostate cancer
1987,1,Switzerland,Prostate cancer
1989,1,Switzerland,Prostate cancer
2013,49,Switzerland,Prostate cancer
2014,58,Switzerland,Prostate cancer
2015,50,Switzerland,Prostate cancer
2016,52,Switzerland,Prostate cancer
2017,54,Switzerland,Prostate cancer
2018,76,Switzerland,Prostate cancer
2019,73,Switzerland,Prostate cancer
2020,85,Switzerland,Prostate cancer
2021,81,Switzerland,Prostate cancer
2022,85,Switzerland,Prostate cancer
2023,82,Switzerland,Prostate cancer
2024,71,Switzerland,Prostate cancer
2025,1,Switzerland,Prostate cancer
1993,5,Switzerland,Prostate cancer
1994,10,Switzerland,Prostate cancer
1995,11,Switzerland,Prostate cancer
1996,9,Switzerland,Prostate cancer
1998,13,Switzerland,Prostate cancer
1999,11,Switzerland,Prostate cancer
2000,14,Switzerland,Prostate cancer
1984,0,Switzerland,Prostate cancer
1985,0,Switzerland,Prostate cancer
1986,0,Switzerland,Prostate cancer
1988,0,Switzerland,Prostate cancer
1992,5,Switzerland,Rectal cancer
1990,3,Switzerland,Rectal cancer
1991,5,Switzerland,Rectal cancer
2001,5,Switzerland,Rectal cancer
2002,5,Switzerland,Rectal cancer
1999,4,Switzerland,Rectal cancer
2003,1,Switzerland,Rectal cancer
2004,2,Switzerland,Rectal cancer
2005,5,Switzerland,Rectal cancer
2006,6,Switzerland,Rectal cancer
2008,6,Switzerland,Rectal cancer
2009,2,Switzerland,Rectal cancer
2010,4,Switzerland,Rectal cancer
2011,2,Switzerland,Rectal cancer
2012,7,Switzerland,Rectal cancer
2013,6,Switzerland,Rectal cancer
2014,4,Switzerland,Rectal cancer
2015,6,Switzerland,Rectal cancer
2016,10,Switzerland,Rectal cancer
2017,8,Switzerland,Rectal cancer
1989,1,Switzerland,Rectal cancer
2018,7,Switzerland,Rectal cancer
2019,5,Switzerland,Rectal cancer
2020,6,Switzerland,Rectal cancer
2021,15,Switzerland,Rectal cancer
2022,6,Switzerland,Rectal cancer
2024,7,Switzerland,Rectal cancer
2023,10,Switzerland,Rectal cancer
2025,1,Switzerland,Rectal cancer
1994,4,Switzerland,Rectal cancer
1995,3,Switzerland,Rectal cancer
1993,5,Switzerland,Rectal cancer
1996,4,Switzerland,Rectal cancer
1997,2,Switzerland,Rectal cancer
1998,3,Switzerland,Rectal cancer
2000,3,Switzerland,Rectal cancer
1984,0,Switzerland,Rectal cancer
1985,0,Switzerland,Rectal cancer
1986,0,Switzerland,Rectal cancer
1987,0,Switzerland,Rectal cancer
1988,0,Switzerland,Rectal cancer
2007,0,Switzerland,Rectal cancer
2020,1,Switzerland,Salivary gland cancer
2023,1,Switzerland,Salivary gland cancer
2024,1,Switzerland,Salivary gland cancer
1984,0,Switzerland,Salivary gland cancer
1985,0,Switzerland,Salivary gland cancer
1986,0,Switzerland,Salivary gland cancer
1987,0,Switzerland,Salivary gland cancer
1988,0,Switzerland,Salivary gland cancer
1989,0,Switzerland,Salivary gland cancer
1990,0,Switzerland,Salivary gland cancer
1991,0,Switzerland,Salivary gland cancer
1992,0,Switzerland,Salivary gland cancer
1993,0,Switzerland,Salivary gland cancer
1994,0,Switzerland,Salivary gland cancer
1995,0,Switzerland,Salivary gland cancer
1996,0,Switzerland,Salivary gland cancer
1997,0,Switzerland,Salivary gland cancer
1998,0,Switzerland,Salivary gland cancer
1999,0,Switzerland,Salivary gland cancer
2000,0,Switzerland,Salivary gland cancer
2001,0,Switzerland,Salivary gland cancer
2002,0,Switzerland,Salivary gland cancer
2003,0,Switzerland,Salivary gland cancer
2004,0,Switzerland,Salivary gland cancer
2005,0,Switzerland,Salivary gland cancer
2006,0,Switzerland,Salivary gland cancer
2007,0,Switzerland,Salivary gland cancer
2008,0,Switzerland,Salivary gland cancer
2009,0,Switzerland,Salivary gland cancer
2010,0,Switzerland,Salivary gland cancer
2011,0,Switzerland,Salivary gland cancer
2012,0,Switzerland,Salivary gland cancer
2013,0,Switzerland,Salivary gland cancer
2014,0,Switzerland,Salivary gland cancer
2015,0,Switzerland,Salivary gland cancer
2016,0,Switzerland,Salivary gland cancer
2017,0,Switzerland,Salivary gland cancer
2018,0,Switzerland,Salivary gland cancer
2019,0,Switzerland,Salivary gland cancer
2021,0,Switzerland,Salivary gland cancer
2022,0,Switzerland,Salivary gland cancer
2025,0,Switzerland,Salivary gland cancer
1992,28,Switzerland,Skin cancer
1990,19,Switzerland,Skin cancer
1991,22,Switzerland,Skin cancer
2000,34,Switzerland,Skin cancer
2001,54,Switzerland,Skin cancer
2002,59,Switzerland,Skin cancer
2003,51,Switzerland,Skin cancer
2004,34,Switzerland,Skin cancer
1998,53,Switzerland,Skin cancer
2005,57,Switzerland,Skin cancer
2006,54,Switzerland,Skin cancer
2007,55,Switzerland,Skin cancer
2008,53,Switzerland,Skin cancer
2009,39,Switzerland,Skin cancer
2010,54,Switzerland,Skin cancer
2011,43,Switzerland,Skin cancer
2012,69,Switzerland,Skin cancer
1987,5,Switzerland,Skin cancer
1989,15,Switzerland,Skin cancer
2013,55,Switzerland,Skin cancer
2014,51,Switzerland,Skin cancer
2016,77,Switzerland,Skin cancer
2015,67,Switzerland,Skin cancer
2017,66,Switzerland,Skin cancer
2018,70,Switzerland,Skin cancer
1988,18,Switzerland,Skin cancer
2019,78,Switzerland,Skin cancer
2020,82,Switzerland,Skin cancer
2021,69,Switzerland,Skin cancer
2022,95,Switzerland,Skin cancer
2023,86,Switzerland,Skin cancer
2024,53,Switzerland,Skin cancer
2025,1,Switzerland,Skin cancer
1993,36,Switzerland,Skin cancer
1994,26,Switzerland,Skin cancer
1995,48,Switzerland,Skin cancer
1996,34,Switzerland,Skin cancer
1997,49,Switzerland,Skin cancer
1999,62,Switzerland,Skin cancer
1984,0,Switzerland,Skin cancer
1985,0,Switzerland,Skin cancer
1986,0,Switzerland,Skin cancer
1992,5,Switzerland,Stomach cancer
1991,4,Switzerland,Stomach cancer
2001,1,Switzerland,Stomach cancer
2003,5,Switzerland,Stomach cancer
2005,2,Switzerland,Stomach cancer
2006,1,Switzerland,Stomach cancer
2009,1,Switzerland,Stomach cancer
2010,1,Switzerland,Stomach cancer
2011,2,Switzerland,Stomach cancer
1990,1,Switzerland,Stomach cancer
2012,2,Switzerland,Stomach cancer
2013,2,Switzerland,Stomach cancer
2014,3,Switzerland,Stomach cancer
2017,1,Switzerland,Stomach cancer
2018,3,Switzerland,Stomach cancer
1987,4,Switzerland,Stomach cancer
1989,1,Switzerland,Stomach cancer
2019,1,Switzerland,Stomach cancer
2021,1,Switzerland,Stomach cancer
2023,3,Switzerland,Stomach cancer
2024,3,Switzerland,Stomach cancer
1994,2,Switzerland,Stomach cancer
1995,1,Switzerland,Stomach cancer
1993,2,Switzerland,Stomach cancer
1996,2,Switzerland,Stomach cancer
1997,2,Switzerland,Stomach cancer
1998,1,Switzerland,Stomach cancer
1999,3,Switzerland,Stomach cancer
2000,1,Switzerland,Stomach cancer
1984,0,Switzerland,Stomach cancer
1985,0,Switzerland,Stomach cancer
1986,0,Switzerland,Stomach cancer
1988,0,Switzerland,Stomach cancer
2002,0,Switzerland,Stomach cancer
2004,0,Switzerland,Stomach cancer
2007,0,Switzerland,Stomach cancer
2008,0,Switzerland,Stomach cancer
2015,0,Switzerland,Stomach cancer
2016,0,Switzerland,Stomach cancer
2020,0,Switzerland,Stomach cancer
2022,0,Switzerland,Stomach cancer
2025,0,Switzerland,Stomach cancer
1990,2,Switzerland,Testicular cancer
1991,2,Switzerland,Testicular cancer
2002,2,Switzerland,Testicular cancer
2003,2,Switzerland,Testicular cancer
2004,2,Switzerland,Testicular cancer
2006,1,Switzerland,Testicular cancer
2010,4,Switzerland,Testicular cancer
2011,5,Switzerland,Testicular cancer
2012,1,Switzerland,Testicular cancer
2015,3,Switzerland,Testicular cancer
1989,1,Switzerland,Testicular cancer
2018,5,Switzerland,Testicular cancer
2019,5,Switzerland,Testicular cancer
2020,2,Switzerland,Testicular cancer
2021,3,Switzerland,Testicular cancer
2022,9,Switzerland,Testicular cancer
2023,7,Switzerland,Testicular cancer
1993,1,Switzerland,Testicular cancer
1995,1,Switzerland,Testicular cancer
1996,1,Switzerland,Testicular cancer
2000,2,Switzerland,Testicular cancer
1999,1,Switzerland,Testicular cancer
1984,0,Switzerland,Testicular cancer
1985,0,Switzerland,Testicular cancer
1986,0,Switzerland,Testicular cancer
1987,0,Switzerland,Testicular cancer
1988,0,Switzerland,Testicular cancer
1992,0,Switzerland,Testicular cancer
1994,0,Switzerland,Testicular cancer
1997,0,Switzerland,Testicular cancer
1998,0,Switzerland,Testicular cancer
2001,0,Switzerland,Testicular cancer
2005,0,Switzerland,Testicular cancer
2007,0,Switzerland,Testicular cancer
2008,0,Switzerland,Testicular cancer
2009,0,Switzerland,Testicular cancer
2013,0,Switzerland,Testicular cancer
2014,0,Switzerland,Testicular cancer
2016,0,Switzerland,Testicular cancer
2017,0,Switzerland,Testicular cancer
2024,0,Switzerland,Testicular cancer
2025,0,Switzerland,Testicular cancer
1984,0,Switzerland,Throat cancer
1985,0,Switzerland,Throat cancer
1986,0,Switzerland,Throat cancer
1987,0,Switzerland,Throat cancer
1988,0,Switzerland,Throat cancer
1989,0,Switzerland,Throat cancer
1990,0,Switzerland,Throat cancer
1991,0,Switzerland,Throat cancer
1992,0,Switzerland,Throat cancer
1993,0,Switzerland,Throat cancer
1994,0,Switzerland,Throat cancer
1995,0,Switzerland,Throat cancer
1996,0,Switzerland,Throat cancer
1997,0,Switzerland,Throat cancer
1998,0,Switzerland,Throat cancer
1999,0,Switzerland,Throat cancer
2000,0,Switzerland,Throat cancer
2001,0,Switzerland,Throat cancer
2002,0,Switzerland,Throat cancer
2003,0,Switzerland,Throat cancer
2004,0,Switzerland,Throat cancer
2005,0,Switzerland,Throat cancer
2006,0,Switzerland,Throat cancer
2007,0,Switzerland,Throat cancer
2008,0,Switzerland,Throat cancer
2009,0,Switzerland,Throat cancer
2010,0,Switzerland,Throat cancer
2011,0,Switzerland,Throat cancer
2012,0,Switzerland,Throat cancer
2013,0,Switzerland,Throat cancer
2014,0,Switzerland,Throat cancer
2015,0,Switzerland,Throat cancer
2016,0,Switzerland,Throat cancer
2017,0,Switzerland,Throat cancer
2018,0,Switzerland,Throat cancer
2019,0,Switzerland,Throat cancer
2020,0,Switzerland,Throat cancer
2021,0,Switzerland,Throat cancer
2022,0,Switzerland,Throat cancer
2023,0,Switzerland,Throat cancer
2024,0,Switzerland,Throat cancer
2025,0,Switzerland,Throat cancer
1992,4,Switzerland,Thyroid cancer
1991,1,Switzerland,Thyroid cancer
2001,4,Switzerland,Thyroid cancer
2002,2,Switzerland,Thyroid cancer
2003,4,Switzerland,Thyroid cancer
2005,1,Switzerland,Thyroid cancer
2006,4,Switzerland,Thyroid cancer
2007,4,Switzerland,Thyroid cancer
2008,4,Switzerland,Thyroid cancer
2009,2,Switzerland,Thyroid cancer
2010,3,Switzerland,Thyroid cancer
2011,4,Switzerland,Thyroid cancer
1990,1,Switzerland,Thyroid cancer
2013,11,Switzerland,Thyroid cancer
2012,3,Switzerland,Thyroid cancer
2014,6,Switzerland,Thyroid cancer
2015,11,Switzerland,Thyroid cancer
2016,6,Switzerland,Thyroid cancer
2017,15,Switzerland,Thyroid cancer
2018,14,Switzerland,Thyroid cancer
1988,1,Switzerland,Thyroid cancer
2019,20,Switzerland,Thyroid cancer
2020,14,Switzerland,Thyroid cancer
2021,17,Switzerland,Thyroid cancer
2022,12,Switzerland,Thyroid cancer
2023,14,Switzerland,Thyroid cancer
2024,14,Switzerland,Thyroid cancer
1994,1,Switzerland,Thyroid cancer
1995,2,Switzerland,Thyroid cancer
1993,2,Switzerland,Thyroid cancer
1996,1,Switzerland,Thyroid cancer
1997,2,Switzerland,Thyroid cancer
1998,1,Switzerland,Thyroid cancer
1999,3,Switzerland,Thyroid cancer
2000,1,Switzerland,Thyroid cancer
1984,0,Switzerland,Thyroid cancer
1985,0,Switzerland,Thyroid cancer
1986,0,Switzerland,Thyroid cancer
1987,0,Switzerland,Thyroid cancer
1989,0,Switzerland,Thyroid cancer
2004,0,Switzerland,Thyroid cancer
2025,0,Switzerland,Thyroid cancer
1992,316,Switzerland,Undetermined cancer
1990,185,Switzerland,Undetermined cancer
1991,292,Switzerland,Undetermined cancer
1995,333,Switzerland,Undetermined cancer
1998,368,Switzerland,Undetermined cancer
1999,346,Switzerland,Undetermined cancer
2000,353,Switzerland,Undetermined cancer
2001,351,Switzerland,Undetermined cancer
2002,334,Switzerland,Undetermined cancer
2003,345,Switzerland,Undetermined cancer
2004,376,Switzerland,Undetermined cancer
1993,364,Switzerland,Undetermined cancer
1994,336,Switzerland,Undetermined cancer
2005,388,Switzerland,Undetermined cancer
2006,342,Switzerland,Undetermined cancer
1996,317,Switzerland,Undetermined cancer
2007,353,Switzerland,Undetermined cancer
2008,354,Switzerland,Undetermined cancer
1997,357,Switzerland,Undetermined cancer
2009,390,Switzerland,Undetermined cancer
2010,375,Switzerland,Undetermined cancer
2011,432,Switzerland,Undetermined cancer
2012,480,Switzerland,Undetermined cancer
2015,519,Switzerland,Undetermined cancer
1987,76,Switzerland,Undetermined cancer
1988,174,Switzerland,Undetermined cancer
1989,167,Switzerland,Undetermined cancer
2013,467,Switzerland,Undetermined cancer
2014,533,Switzerland,Undetermined cancer
2017,632,Switzerland,Undetermined cancer
2016,665,Switzerland,Undetermined cancer
1985,1,Switzerland,Undetermined cancer
2018,704,Switzerland,Undetermined cancer
2019,827,Switzerland,Undetermined cancer
1986,6,Switzerland,Undetermined cancer
2021,908,Switzerland,Undetermined cancer
2020,878,Switzerland,Undetermined cancer
2022,799,Switzerland,Undetermined cancer
2023,828,Switzerland,Undetermined cancer
2024,538,Switzerland,Undetermined cancer
2025,8,Switzerland,Undetermined cancer
1984,0,Switzerland,Undetermined cancer
1992,3,Switzerland,Uterine cancer
1991,3,Switzerland,Uterine cancer
2000,2,Switzerland,Uterine cancer
2001,3,Switzerland,Uterine cancer
2002,1,Switzerland,Uterine cancer
2003,3,Switzerland,Uterine cancer
2004,2,Switzerland,Uterine cancer
2006,3,Switzerland,Uterine cancer
2007,1,Switzerland,Uterine cancer
2008,2,Switzerland,Uterine cancer
2009,6,Switzerland,Uterine cancer
2010,3,Switzerland,Uterine cancer
2011,4,Switzerland,Uterine cancer
1995,4,Switzerland,Uterine cancer
2012,3,Switzerland,Uterine cancer
2013,2,Switzerland,Uterine cancer
2014,4,Switzerland,Uterine cancer
2015,3,Switzerland,Uterine cancer
2016,5,Switzerland,Uterine cancer
2017,14,Switzerland,Uterine cancer
2018,5,Switzerland,Uterine cancer
2019,8,Switzerland,Uterine cancer
2020,4,Switzerland,Uterine cancer
2021,5,Switzerland,Uterine cancer
2022,12,Switzerland,Uterine cancer
1987,1,Switzerland,Uterine cancer
2023,8,Switzerland,Uterine cancer
2024,8,Switzerland,Uterine cancer
1993,3,Switzerland,Uterine cancer
1996,1,Switzerland,Uterine cancer
1997,2,Switzerland,Uterine cancer
1999,5,Switzerland,Uterine cancer
1984,0,Switzerland,Uterine cancer
1985,0,Switzerland,Uterine cancer
1986,0,Switzerland,Uterine cancer
1988,0,Switzerland,Uterine cancer
1989,0,Switzerland,Uterine cancer
1990,0,Switzerland,Uterine cancer
1994,0,Switzerland,Uterine cancer
1998,0,Switzerland,Uterine cancer
2005,0,Switzerland,Uterine cancer
2025,0,Switzerland,Uterine cancer
2011,1,Switzerland,Vaginal cancer
2022,1,Switzerland,Vaginal cancer
2024,1,Switzerland,Vaginal cancer
1998,1,Switzerland,Vaginal cancer
1984,0,Switzerland,Vaginal cancer
1985,0,Switzerland,Vaginal cancer
1986,0,Switzerland,Vaginal cancer
1987,0,Switzerland,Vaginal cancer
1988,0,Switzerland,Vaginal cancer
1989,0,Switzerland,Vaginal cancer
1990,0,Switzerland,Vaginal cancer
1991,0,Switzerland,Vaginal cancer
1992,0,Switzerland,Vaginal cancer
1993,0,Switzerland,Vaginal cancer
1994,0,Switzerland,Vaginal cancer
1995,0,Switzerland,Vaginal cancer
1996,0,Switzerland,Vaginal cancer
1997,0,Switzerland,Vaginal cancer
1999,0,Switzerland,Vaginal cancer
2000,0,Switzerland,Vaginal cancer
2001,0,Switzerland,Vaginal cancer
2002,0,Switzerland,Vaginal cancer
2003,0,Switzerland,Vaginal cancer
2004,0,Switzerland,Vaginal cancer
2005,0,Switzerland,Vaginal cancer
2006,0,Switzerland,Vaginal cancer
2007,0,Switzerland,Vaginal cancer
2008,0,Switzerland,Vaginal cancer
2009,0,Switzerland,Vaginal cancer
2010,0,Switzerland,Vaginal cancer
2012,0,Switzerland,Vaginal cancer
2013,0,Switzerland,Vaginal cancer
2014,0,Switzerland,Vaginal cancer
2015,0,Switzerland,Vaginal cancer
2016,0,Switzerland,Vaginal cancer
2017,0,Switzerland,Vaginal cancer
2018,0,Switzerland,Vaginal cancer
2019,0,Switzerland,Vaginal cancer
2020,0,Switzerland,Vaginal cancer
2021,0,Switzerland,Vaginal cancer
2023,0,Switzerland,Vaginal cancer
2025,0,Switzerland,Vaginal cancer
1991,1,Switzerland,Vulvar cancer
2004,1,Switzerland,Vulvar cancer
2008,3,Switzerland,Vulvar cancer
2010,1,Switzerland,Vulvar cancer
2011,2,Switzerland,Vulvar cancer
2012,1,Switzerland,Vulvar cancer
2013,1,Switzerland,Vulvar cancer
2016,3,Switzerland,Vulvar cancer
2018,3,Switzerland,Vulvar cancer
2019,1,Switzerland,Vulvar cancer
2020,1,Switzerland,Vulvar cancer
2021,1,Switzerland,Vulvar cancer
2022,1,Switzerland,Vulvar cancer
2024,2,Switzerland,Vulvar cancer
2023,1,Switzerland,Vulvar cancer
1993,1,Switzerland,Vulvar cancer
1998,1,Switzerland,Vulvar cancer
1984,0,Switzerland,Vulvar cancer
1985,0,Switzerland,Vulvar cancer
1986,0,Switzerland,Vulvar cancer
1987,0,Switzerland,Vulvar cancer
1988,0,Switzerland,Vulvar cancer
1989,0,Switzerland,Vulvar cancer
1990,0,Switzerland,Vulvar cancer
1992,0,Switzerland,Vulvar cancer
1994,0,Switzerland,Vulvar cancer
1995,0,Switzerland,Vulvar cancer
1996,0,Switzerland,Vulvar cancer
1997,0,Switzerland,Vulvar cancer
1999,0,Switzerland,Vulvar cancer
2000,0,Switzerland,Vulvar cancer
2001,0,Switzerland,Vulvar cancer
2002,0,Switzerland,Vulvar cancer
2003,0,Switzerland,Vulvar cancer
2005,0,Switzerland,Vulvar cancer
2006,0,Switzerland,Vulvar cancer
2007,0,Switzerland,Vulvar cancer
2009,0,Switzerland,Vulvar cancer
2014,0,Switzerland,Vulvar cancer
2015,0,Switzerland,Vulvar cancer
2017,0,Switzerland,Vulvar cancer
2025,0,Switzerland,Vulvar cancer
1992,1,Italy,Anal cancer
2001,2,Italy,Anal cancer
2002,1,Italy,Anal cancer
2005,1,Italy,Anal cancer
2006,1,Italy,Anal cancer
2007,2,Italy,Anal cancer
2009,6,Italy,Anal cancer
2010,3,Italy,Anal cancer
2011,1,Italy,Anal cancer
1990,1,Italy,Anal cancer
2012,5,Italy,Anal cancer
2013,8,Italy,Anal cancer
2014,6,Italy,Anal cancer
2015,8,Italy,Anal cancer
2016,12,Italy,Anal cancer
2017,9,Italy,Anal cancer
2018,10,Italy,Anal cancer
2019,6,Italy,Anal cancer
2020,11,Italy,Anal cancer
2021,9,Italy,Anal cancer
2022,6,Italy,Anal cancer
2023,9,Italy,Anal cancer
2024,8,Italy,Anal cancer
1997,2,Italy,Anal cancer
1998,1,Italy,Anal cancer
1999,2,Italy,Anal cancer
2000,1,Italy,Anal cancer
1984,0,Italy,Anal cancer
1985,0,Italy,Anal cancer
1986,0,Italy,Anal cancer
1987,0,Italy,Anal cancer
1988,0,Italy,Anal cancer
1989,0,Italy,Anal cancer
1991,0,Italy,Anal cancer
1993,0,Italy,Anal cancer
1994,0,Italy,Anal cancer
1995,0,Italy,Anal cancer
1996,0,Italy,Anal cancer
2003,0,Italy,Anal cancer
2004,0,Italy,Anal cancer
2008,0,Italy,Anal cancer
2025,0,Italy,Anal cancer
1992,24,Italy,Bladder cancer
1990,15,Italy,Bladder cancer
1991,20,Italy,Bladder cancer
2000,34,Italy,Bladder cancer
2001,29,Italy,Bladder cancer
2002,33,Italy,Bladder cancer
2003,27,Italy,Bladder cancer
2004,35,Italy,Bladder cancer
1989,12,Italy,Bladder cancer
2005,42,Italy,Bladder cancer
2006,37,Italy,Bladder cancer
1998,34,Italy,Bladder cancer
2007,37,Italy,Bladder cancer
2008,22,Italy,Bladder cancer
2009,36,Italy,Bladder cancer
2010,51,Italy,Bladder cancer
2011,41,Italy,Bladder cancer
1993,13,Italy,Bladder cancer
1994,24,Italy,Bladder cancer
1995,23,Italy,Bladder cancer
1997,36,Italy,Bladder cancer
2012,53,Italy,Bladder cancer
2013,62,Italy,Bladder cancer
1987,7,Italy,Bladder cancer
2014,46,Italy,Bladder cancer
2015,55,Italy,Bladder cancer
2016,77,Italy,Bladder cancer
2017,60,Italy,Bladder cancer
2018,82,Italy,Bladder cancer
1988,17,Italy,Bladder cancer
2019,75,Italy,Bladder cancer
2020,100,Italy,Bladder cancer
2021,138,Italy,Bladder cancer
2023,113,Italy,Bladder cancer
2022,133,Italy,Bladder cancer
2024,78,Italy,Bladder cancer
1996,51,Italy,Bladder cancer
1999,23,Italy,Bladder cancer
1984,0,Italy,Bladder cancer
1985,0,Italy,Bladder cancer
1986,0,Italy,Bladder cancer
2025,0,Italy,Bladder cancer
1992,57,Italy,Brain cancer
1990,48,Italy,Brain cancer
1991,43,Italy,Brain cancer
1998,73,Italy,Brain cancer
1999,78,Italy,Brain cancer
2000,62,Italy,Brain cancer
2001,59,Italy,Brain cancer
2002,72,Italy,Brain cancer
2003,73,Italy,Brain cancer
2004,80,Italy,Brain cancer
2005,78,Italy,Brain cancer
2006,122,Italy,Brain cancer
2007,100,Italy,Brain cancer
2008,108,Italy,Brain cancer
2009,125,Italy,Brain cancer
2010,118,Italy,Brain cancer
2011,134,Italy,Brain cancer
1996,65,Italy,Brain cancer
2012,155,Italy,Brain cancer
1989,41,Italy,Brain cancer
1993,65,Italy,Brain cancer
2013,157,Italy,Brain cancer
2014,151,Italy,Brain cancer
2015,187,Italy,Brain cancer
2016,172,Italy,Brain cancer
2017,173,Italy,Brain cancer
2018,193,Italy,Brain cancer
2019,230,Italy,Brain cancer
2020,250,Italy,Brain cancer
1987,21,Italy,Brain cancer
1988,25,Italy,Brain cancer
2021,264,Italy,Brain cancer
2022,274,Italy,Brain cancer
2023,254,Italy,Brain cancer
2024,148,Italy,Brain cancer
2025,2,Italy,Brain cancer
1994,67,Italy,Brain cancer
1995,73,Italy,Brain cancer
1997,80,Italy,Brain cancer
1984,0,Italy,Brain cancer
1985,0,Italy,Brain cancer
1986,0,Italy,Brain cancer
1992,138,Italy,Breast cancer
1990,121,Italy,Breast cancer
1991,152,Italy,Breast cancer
1994,181,Italy,Breast cancer
1999,225,Italy,Breast cancer
2000,270,Italy,Breast cancer
2001,267,Italy,Breast cancer
2002,257,Italy,Breast cancer
1997,265,Italy,Breast cancer
1998,235,Italy,Breast cancer
2003,288,Italy,Breast cancer
2004,282,Italy,Breast cancer
2005,269,Italy,Breast cancer
2006,334,Italy,Breast cancer
1996,242,Italy,Breast cancer
2007,309,Italy,Breast cancer
2008,341,Italy,Breast cancer
2009,335,Italy,Breast cancer
2010,383,Italy,Breast cancer
2011,363,Italy,Breast cancer
2012,450,Italy,Breast cancer
1993,201,Italy,Breast cancer
1995,208,Italy,Breast cancer
1988,86,Italy,Breast cancer
1989,95,Italy,Breast cancer
2013,493,Italy,Breast cancer
2014,476,Italy,Breast cancer
2015,493,Italy,Breast cancer
2016,580,Italy,Breast cancer
2017,584,Italy,Breast cancer
2018,580,Italy,Breast cancer
1987,43,Italy,Breast cancer
2019,657,Italy,Breast cancer
2020,800,Italy,Breast cancer
2021,831,Italy,Breast cancer
2022,855,Italy,Breast cancer
2023,825,Italy,Breast cancer
2024,498,Italy,Breast cancer
1986,2,Italy,Breast cancer
2025,5,Italy,Breast cancer
1984,0,Italy,Breast cancer
1985,0,Italy,Breast cancer
1992,17,Italy,Cervical cancer
1991,13,Italy,Cervical cancer
2000,33,Italy,Cervical cancer
2001,30,Italy,Cervical cancer
2002,18,Italy,Cervical cancer
1995,16,Italy,Cervical cancer
1994,18,Italy,Cervical cancer
2003,30,Italy,Cervical cancer
2004,30,Italy,Cervical cancer
2005,24,Italy,Cervical cancer
2006,34,Italy,Cervical cancer
2007,44,Italy,Cervical cancer
2008,41,Italy,Cervical cancer
2009,48,Italy,Cervical cancer
2010,52,Italy,Cervical cancer
2011,49,Italy,Cervical cancer
1996,22,Italy,Cervical cancer
1997,19,Italy,Cervical cancer
2012,62,Italy,Cervical cancer
1989,11,Italy,Cervical cancer
1990,12,Italy,Cervical cancer
2013,67,Italy,Cervical cancer
2014,77,Italy,Cervical cancer
2015,81,Italy,Cervical cancer
2016,76,Italy,Cervical cancer
2017,72,Italy,Cervical cancer
2018,61,Italy,Cervical cancer
1987,1,Italy,Cervical cancer
1988,11,Italy,Cervical cancer
2019,53,Italy,Cervical cancer
2020,105,Italy,Cervical cancer
2021,96,Italy,Cervical cancer
2022,102,Italy,Cervical cancer
2024,62,Italy,Cervical cancer
2023,109,Italy,Cervical cancer
1993,19,Italy,Cervical cancer
1998,18,Italy,Cervical cancer
1999,19,Italy,Cervical cancer
1984,0,Italy,Cervical cancer
1985,0,Italy,Cervical cancer
1986,0,Italy,Cervical cancer
2025,0,Italy,Cervical cancer
1992,20,Italy,Colon cancer
1991,15,Italy,Colon cancer
2000,42,Italy,Colon cancer
2001,47,Italy,Colon cancer
2002,43,Italy,Colon cancer
2003,51,Italy,Colon cancer
2004,51,Italy,Colon cancer
2005,61,Italy,Colon cancer
1999,40,Italy,Colon cancer
2006,50,Italy,Colon cancer
2007,84,Italy,Colon cancer
2008,77,Italy,Colon cancer
2009,66,Italy,Colon cancer
2010,77,Italy,Colon cancer
2011,71,Italy,Colon cancer
1994,32,Italy,Colon cancer
1995,24,Italy,Colon cancer
1996,29,Italy,Colon cancer
2012,90,Italy,Colon cancer
1989,10,Italy,Colon cancer
1990,6,Italy,Colon cancer
2013,108,Italy,Colon cancer
2014,84,Italy,Colon cancer
2015,89,Italy,Colon cancer
2016,104,Italy,Colon cancer
2017,81,Italy,Colon cancer
2018,95,Italy,Colon cancer
2019,102,Italy,Colon cancer
1987,5,Italy,Colon cancer
1988,7,Italy,Colon cancer
2020,120,Italy,Colon cancer
2021,113,Italy,Colon cancer
2022,105,Italy,Colon cancer
2023,82,Italy,Colon cancer
2024,41,Italy,Colon cancer
2025,2,Italy,Colon cancer
1993,26,Italy,Colon cancer
1997,38,Italy,Colon cancer
1998,39,Italy,Colon cancer
1984,0,Italy,Colon cancer
1985,0,Italy,Colon cancer
1986,0,Italy,Colon cancer
1992,40,Italy,Colorectal cancer
1991,46,Italy,Colorectal cancer
2000,93,Italy,Colorectal cancer
2001,112,Italy,Colorectal cancer
2002,121,Italy,Colorectal cancer
1994,63,Italy,Colorectal cancer
2003,114,Italy,Colorectal cancer
1998,87,Italy,Colorectal cancer
2004,119,Italy,Colorectal cancer
2005,132,Italy,Colorectal cancer
2006,156,Italy,Colorectal cancer
1996,94,Italy,Colorectal cancer
2007,147,Italy,Colorectal cancer
2008,149,Italy,Colorectal cancer
2009,159,Italy,Colorectal cancer
2010,189,Italy,Colorectal cancer
2011,160,Italy,Colorectal cancer
1995,65,Italy,Colorectal cancer
1997,72,Italy,Colorectal cancer
2012,224,Italy,Colorectal cancer
1988,16,Italy,Colorectal cancer
1989,14,Italy,Colorectal cancer
1990,15,Italy,Colorectal cancer
2014,264,Italy,Colorectal cancer
2013,248,Italy,Colorectal cancer
2015,244,Italy,Colorectal cancer
2016,284,Italy,Colorectal cancer
2017,263,Italy,Colorectal cancer
2018,271,Italy,Colorectal cancer
2019,328,Italy,Colorectal cancer
1987,6,Italy,Colorectal cancer
2020,420,Italy,Colorectal cancer
2021,398,Italy,Colorectal cancer
2022,434,Italy,Colorectal cancer
2023,346,Italy,Colorectal cancer
2024,219,Italy,Colorectal cancer
2025,2,Italy,Colorectal cancer
1993,47,Italy,Colorectal cancer
1999,81,Italy,Colorectal cancer
1984,0,Italy,Colorectal cancer
1985,0,Italy,Colorectal cancer
1986,0,Italy,Colorectal cancer
1992,4,Italy,Esophageal cancer
1990,5,Italy,Esophageal cancer
1991,6,Italy,Esophageal cancer
2000,12,Italy,Esophageal cancer
2001,6,Italy,Esophageal cancer
2002,5,Italy,Esophageal cancer
2003,4,Italy,Esophageal cancer
2004,5,Italy,Esophageal cancer
2005,14,Italy,Esophageal cancer
2006,15,Italy,Esophageal cancer
1985,1,Italy,Esophageal cancer
2007,7,Italy,Esophageal cancer
2008,5,Italy,Esophageal cancer
2009,4,Italy,Esophageal cancer
2010,11,Italy,Esophageal cancer
2011,11,Italy,Esophageal cancer
1995,2,Italy,Esophageal cancer
1989,2,Italy,Esophageal cancer
2012,17,Italy,Esophageal cancer
2016,23,Italy,Esophageal cancer
2013,12,Italy,Esophageal cancer
2014,9,Italy,Esophageal cancer
2015,11,Italy,Esophageal cancer
2017,20,Italy,Esophageal cancer
2018,24,Italy,Esophageal cancer
1988,3,Italy,Esophageal cancer
2019,17,Italy,Esophageal cancer
2020,17,Italy,Esophageal cancer
2021,31,Italy,Esophageal cancer
2022,18,Italy,Esophageal cancer
2023,24,Italy,Esophageal cancer
2024,14,Italy,Esophageal cancer
1993,8,Italy,Esophageal cancer
1994,5,Italy,Esophageal cancer
1996,7,Italy,Esophageal cancer
1997,9,Italy,Esophageal cancer
1998,6,Italy,Esophageal cancer
1999,5,Italy,Esophageal cancer
1984,0,Italy,Esophageal cancer
1986,0,Italy,Esophageal cancer
1987,0,Italy,Esophageal cancer
2025,0,Italy,Esophageal cancer
1992,1,Italy,Gallbladder cancer
1991,2,Italy,Gallbladder cancer
2000,7,Italy,Gallbladder cancer
2001,3,Italy,Gallbladder cancer
2002,1,Italy,Gallbladder cancer
2003,2,Italy,Gallbladder cancer
2005,3,Italy,Gallbladder cancer
2006,3,Italy,Gallbladder cancer
2010,1,Italy,Gallbladder cancer
2011,2,Italy,Gallbladder cancer
2012,4,Italy,Gallbladder cancer
2013,1,Italy,Gallbladder cancer
2014,6,Italy,Gallbladder cancer
2015,2,Italy,Gallbladder cancer
2016,6,Italy,Gallbladder cancer
2017,10,Italy,Gallbladder cancer
2018,2,Italy,Gallbladder cancer
2019,10,Italy,Gallbladder cancer
2020,11,Italy,Gallbladder cancer
2021,17,Italy,Gallbladder cancer
2022,10,Italy,Gallbladder cancer
2023,3,Italy,Gallbladder cancer
2024,1,Italy,Gallbladder cancer
1993,2,Italy,Gallbladder cancer
1996,1,Italy,Gallbladder cancer
1997,5,Italy,Gallbladder cancer
1999,3,Italy,Gallbladder cancer
1984,0,Italy,Gallbladder cancer
1985,0,Italy,Gallbladder cancer
1986,0,Italy,Gallbladder cancer
1987,0,Italy,Gallbladder cancer
1988,0,Italy,Gallbladder cancer
1989,0,Italy,Gallbladder cancer
1990,0,Italy,Gallbladder cancer
1994,0,Italy,Gallbladder cancer
1995,0,Italy,Gallbladder cancer
1998,0,Italy,Gallbladder cancer
2004,0,Italy,Gallbladder cancer
2007,0,Italy,Gallbladder cancer
2008,0,Italy,Gallbladder cancer
2009,0,Italy,Gallbladder cancer
2025,0,Italy,Gallbladder cancer
1992,12,Italy,Hodgkin lymphoma
1991,12,Italy,Hodgkin lymphoma
2001,16,Italy,Hodgkin lymphoma
2002,12,Italy,Hodgkin lymphoma
1998,10,Italy,Hodgkin lymphoma
2003,25,Italy,Hodgkin lymphoma
2004,11,Italy,Hodgkin lymphoma
2005,22,Italy,Hodgkin lymphoma
2006,22,Italy,Hodgkin lymphoma
2007,29,Italy,Hodgkin lymphoma
2008,28,Italy,Hodgkin lymphoma
2009,44,Italy,Hodgkin lymphoma
2010,40,Italy,Hodgkin lymphoma
2011,45,Italy,Hodgkin lymphoma
2012,46,Italy,Hodgkin lymphoma
1989,5,Italy,Hodgkin lymphoma
1990,5,Italy,Hodgkin lymphoma
2013,50,Italy,Hodgkin lymphoma
2014,61,Italy,Hodgkin lymphoma
2015,62,Italy,Hodgkin lymphoma
2016,77,Italy,Hodgkin lymphoma
2017,46,Italy,Hodgkin lymphoma
2018,60,Italy,Hodgkin lymphoma
1987,3,Italy,Hodgkin lymphoma
1988,2,Italy,Hodgkin lymphoma
2019,69,Italy,Hodgkin lymphoma
2021,81,Italy,Hodgkin lymphoma
2020,76,Italy,Hodgkin lymphoma
2022,81,Italy,Hodgkin lymphoma
2023,61,Italy,Hodgkin lymphoma
2024,43,Italy,Hodgkin lymphoma
1993,12,Italy,Hodgkin lymphoma
1994,8,Italy,Hodgkin lymphoma
1995,11,Italy,Hodgkin lymphoma
1996,16,Italy,Hodgkin lymphoma
1997,14,Italy,Hodgkin lymphoma
1999,8,Italy,Hodgkin lymphoma
2000,12,Italy,Hodgkin lymphoma
1984,0,Italy,Hodgkin lymphoma
1985,0,Italy,Hodgkin lymphoma
1986,0,Italy,Hodgkin lymphoma
2025,0,Italy,Hodgkin lymphoma
2001,4,Italy,Kaposi sarcoma
2002,4,Italy,Kaposi sarcoma
2003,6,Italy,Kaposi sarcoma
2005,9,Italy,Kaposi sarcoma
2006,7,Italy,Kaposi sarcoma
2007,8,Italy,Kaposi sarcoma
2008,7,Italy,Kaposi sarcoma
2009,7,Italy,Kaposi sarcoma
2010,6,Italy,Kaposi sarcoma
2011,7,Italy,Kaposi sarcoma
1989,1,Italy,Kaposi sarcoma
2012,6,Italy,Kaposi sarcoma
2013,6,Italy,Kaposi sarcoma
2014,8,Italy,Kaposi sarcoma
2015,11,Italy,Kaposi sarcoma
2016,3,Italy,Kaposi sarcoma
2017,11,Italy,Kaposi sarcoma
2018,7,Italy,Kaposi sarcoma
2019,8,Italy,Kaposi sarcoma
2020,6,Italy,Kaposi sarcoma
2021,12,Italy,Kaposi sarcoma
2022,5,Italy,Kaposi sarcoma
2023,3,Italy,Kaposi sarcoma
2024,4,Italy,Kaposi sarcoma
1994,2,Italy,Kaposi sarcoma
1995,1,Italy,Kaposi sarcoma
1993,1,Italy,Kaposi sarcoma
1996,5,Italy,Kaposi sarcoma
1997,1,Italy,Kaposi sarcoma
1998,4,Italy,Kaposi sarcoma
1999,4,Italy,Kaposi sarcoma
2000,3,Italy,Kaposi sarcoma
1984,0,Italy,Kaposi sarcoma
1985,0,Italy,Kaposi sarcoma
1986,0,Italy,Kaposi sarcoma
1987,0,Italy,Kaposi sarcoma
1988,0,Italy,Kaposi sarcoma
1990,0,Italy,Kaposi sarcoma
1991,0,Italy,Kaposi sarcoma
1992,0,Italy,Kaposi sarcoma
2004,0,Italy,Kaposi sarcoma
2025,0,Italy,Kaposi sarcoma
1992,25,Italy,Kidney cancer
1990,16,Italy,Kidney cancer
1991,24,Italy,Kidney cancer
2000,29,Italy,Kidney cancer
2001,31,Italy,Kidney cancer
2002,31,Italy,Kidney cancer
2003,40,Italy,Kidney cancer
2004,51,Italy,Kidney cancer
2005,41,Italy,Kidney cancer
2006,39,Italy,Kidney cancer
2007,50,Italy,Kidney cancer
2008,56,Italy,Kidney cancer
2009,64,Italy,Kidney cancer
2010,66,Italy,Kidney cancer
2011,57,Italy,Kidney cancer
2012,95,Italy,Kidney cancer
1994,23,Italy,Kidney cancer
1997,43,Italy,Kidney cancer
1987,5,Italy,Kidney cancer
1989,10,Italy,Kidney cancer
2013,91,Italy,Kidney cancer
2014,87,Italy,Kidney cancer
2016,96,Italy,Kidney cancer
2015,90,Italy,Kidney cancer
2017,95,Italy,Kidney cancer
2018,95,Italy,Kidney cancer
2020,139,Italy,Kidney cancer
2019,123,Italy,Kidney cancer
1988,10,Italy,Kidney cancer
2021,157,Italy,Kidney cancer
2022,129,Italy,Kidney cancer
2023,150,Italy,Kidney cancer
2024,103,Italy,Kidney cancer
1993,18,Italy,Kidney cancer
1995,24,Italy,Kidney cancer
1996,26,Italy,Kidney cancer
1998,28,Italy,Kidney cancer
1999,21,Italy,Kidney cancer
1984,0,Italy,Kidney cancer
1985,0,Italy,Kidney cancer
1986,0,Italy,Kidney cancer
2025,0,Italy,Kidney cancer
1992,7,Italy,Laryngeal cancer
1990,7,Italy,Laryngeal cancer
1991,7,Italy,Laryngeal cancer
2000,5,Italy,Laryngeal cancer
2001,5,Italy,Laryngeal cancer
2002,11,Italy,Laryngeal cancer
2003,12,Italy,Laryngeal cancer
2004,6,Italy,Laryngeal cancer
2005,5,Italy,Laryngeal cancer
2006,12,Italy,Laryngeal cancer
2007,11,Italy,Laryngeal cancer
2008,10,Italy,Laryngeal cancer
2009,6,Italy,Laryngeal cancer
2010,6,Italy,Laryngeal cancer
2012,6,Italy,Laryngeal cancer
2011,9,Italy,Laryngeal cancer
1996,15,Italy,Laryngeal cancer
1989,2,Italy,Laryngeal cancer
2013,7,Italy,Laryngeal cancer
2014,16,Italy,Laryngeal cancer
2016,25,Italy,Laryngeal cancer
2015,10,Italy,Laryngeal cancer
2017,23,Italy,Laryngeal cancer
1988,3,Italy,Laryngeal cancer
2018,18,Italy,Laryngeal cancer
2019,22,Italy,Laryngeal cancer
2020,21,Italy,Laryngeal cancer
2021,28,Italy,Laryngeal cancer
2022,28,Italy,Laryngeal cancer
1987,3,Italy,Laryngeal cancer
2024,29,Italy,Laryngeal cancer
2025,2,Italy,Laryngeal cancer
2023,30,Italy,Laryngeal cancer
1994,4,Italy,Laryngeal cancer
1995,9,Italy,Laryngeal cancer
1993,1,Italy,Laryngeal cancer
1997,6,Italy,Laryngeal cancer
1998,9,Italy,Laryngeal cancer
1999,6,Italy,Laryngeal cancer
1984,0,Italy,Laryngeal cancer
1985,0,Italy,Laryngeal cancer
1986,0,Italy,Laryngeal cancer
1990,238,Italy,Leukemia
1992,254,Italy,Leukemia
1991,298,Italy,Leukemia
2000,233,Italy,Leukemia
2001,217,Italy,Leukemia
2002,248,Italy,Leukemia
2003,252,Italy,Leukemia
2004,283,Italy,Leukemia
1994,329,Italy,Leukemia
2005,254,Italy,Leukemia
1989,234,Italy,Leukemia
2006,241,Italy,Leukemia
2007,249,Italy,Leukemia
2008,232,Italy,Leukemia
2009,258,Italy,Leukemia
2010,272,Italy,Leukemia
2011,280,Italy,Leukemia
2012,311,Italy,Leukemia
1987,107,Italy,Leukemia
1988,176,Italy,Leukemia
2013,309,Italy,Leukemia
2014,318,Italy,Leukemia
2016,366,Italy,Leukemia
2015,365,Italy,Leukemia
2017,333,Italy,Leukemia
2020,404,Italy,Leukemia
2018,336,Italy,Leukemia
1986,6,Italy,Leukemia
2019,374,Italy,Leukemia
1993,319,Italy,Leukemia
2021,424,Italy,Leukemia
2022,374,Italy,Leukemia
2023,390,Italy,Leukemia
2024,201,Italy,Leukemia
2025,2,Italy,Leukemia
1995,296,Italy,Leukemia
1996,306,Italy,Leukemia
1997,294,Italy,Leukemia
1998,224,Italy,Leukemia
1999,218,Italy,Leukemia
1984,0,Italy,Leukemia
1985,0,Italy,Leukemia
1992,57,Italy,Liver cancer
1990,36,Italy,Liver cancer
1991,51,Italy,Liver cancer
2000,74,Italy,Liver cancer
2001,86,Italy,Liver cancer
1994,67,Italy,Liver cancer
2002,77,Italy,Liver cancer
2003,80,Italy,Liver cancer
1996,74,Italy,Liver cancer
2004,91,Italy,Liver cancer
2005,93,Italy,Liver cancer
2006,91,Italy,Liver cancer
2007,105,Italy,Liver cancer
2008,130,Italy,Liver cancer
2009,120,Italy,Liver cancer
2010,151,Italy,Liver cancer
2011,141,Italy,Liver cancer
1995,58,Italy,Liver cancer
1997,59,Italy,Liver cancer
2012,145,Italy,Liver cancer
1988,19,Italy,Liver cancer
1989,24,Italy,Liver cancer
2013,201,Italy,Liver cancer
2014,212,Italy,Liver cancer
2015,220,Italy,Liver cancer
2016,210,Italy,Liver cancer
2017,217,Italy,Liver cancer
2018,212,Italy,Liver cancer
1987,6,Italy,Liver cancer
2019,226,Italy,Liver cancer
2020,248,Italy,Liver cancer
2021,324,Italy,Liver cancer
2022,279,Italy,Liver cancer
2023,241,Italy,Liver cancer
2024,145,Italy,Liver cancer
2025,4,Italy,Liver cancer
1993,62,Italy,Liver cancer
1998,79,Italy,Liver cancer
1999,58,Italy,Liver cancer
1984,0,Italy,Liver cancer
1985,0,Italy,Liver cancer
1986,0,Italy,Liver cancer
1992,78,Italy,Lung cancer
1990,53,Italy,Lung cancer
1991,71,Italy,Lung cancer
2000,120,Italy,Lung cancer
2001,134,Italy,Lung cancer
1994,106,Italy,Lung cancer
2002,144,Italy,Lung cancer
2003,137,Italy,Lung cancer
1996,110,Italy,Lung cancer
1999,93,Italy,Lung cancer
2004,147,Italy,Lung cancer
2005,153,Italy,Lung cancer
2006,175,Italy,Lung cancer
2007,169,Italy,Lung cancer
2008,206,Italy,Lung cancer
2009,196,Italy,Lung cancer
2010,214,Italy,Lung cancer
2011,218,Italy,Lung cancer
1995,96,Italy,Lung cancer
1997,98,Italy,Lung cancer
2012,234,Italy,Lung cancer
1988,32,Italy,Lung cancer
1989,44,Italy,Lung cancer
2013,297,Italy,Lung cancer
2014,291,Italy,Lung cancer
2015,336,Italy,Lung cancer
2017,371,Italy,Lung cancer
2016,335,Italy,Lung cancer
2018,381,Italy,Lung cancer
1987,13,Italy,Lung cancer
2019,395,Italy,Lung cancer
2020,446,Italy,Lung cancer
2022,492,Italy,Lung cancer
2021,539,Italy,Lung cancer
2023,417,Italy,Lung cancer
2024,287,Italy,Lung cancer
2025,7,Italy,Lung cancer
1993,87,Italy,Lung cancer
1998,116,Italy,Lung cancer
1984,0,Italy,Lung cancer
1985,0,Italy,Lung cancer
1986,0,Italy,Lung cancer
1992,27,Italy,Mesothelioma
1990,5,Italy,Mesothelioma
1991,19,Italy,Mesothelioma
2000,40,Italy,Mesothelioma
2001,34,Italy,Mesothelioma
2002,23,Italy,Mesothelioma
2003,45,Italy,Mesothelioma
2004,49,Italy,Mesothelioma
1999,25,Italy,Mesothelioma
2005,42,Italy,Mesothelioma
2006,49,Italy,Mesothelioma
2007,42,Italy,Mesothelioma
2008,46,Italy,Mesothelioma
2009,45,Italy,Mesothelioma
2011,53,Italy,Mesothelioma
2010,62,Italy,Mesothelioma
2015,67,Italy,Mesothelioma
2012,66,Italy,Mesothelioma
1988,8,Italy,Mesothelioma
1989,11,Italy,Mesothelioma
2013,48,Italy,Mesothelioma
2014,60,Italy,Mesothelioma
2017,79,Italy,Mesothelioma
2016,80,Italy,Mesothelioma
2018,92,Italy,Mesothelioma
1987,1,Italy,Mesothelioma
2019,86,Italy,Mesothelioma
2020,82,Italy,Mesothelioma
2021,99,Italy,Mesothelioma
2022,85,Italy,Mesothelioma
2023,78,Italy,Mesothelioma
2024,45,Italy,Mesothelioma
2025,1,Italy,Mesothelioma
1993,16,Italy,Mesothelioma
1994,20,Italy,Mesothelioma
1995,25,Italy,Mesothelioma
1996,16,Italy,Mesothelioma
1997,25,Italy,Mesothelioma
1998,27,Italy,Mesothelioma
1984,0,Italy,Mesothelioma
1985,0,Italy,Mesothelioma
1986,0,Italy,Mesothelioma
2001,1,Italy,Mouth cancer
2012,1,Italy,Mouth cancer
2014,1,Italy,Mouth cancer
2016,1,Italy,Mouth cancer
2019,1,Italy,Mouth cancer
2021,3,Italy,Mouth cancer
2022,1,Italy,Mouth cancer
2024,2,Italy,Mouth cancer
1984,0,Italy,Mouth cancer
1985,0,Italy,Mouth cancer
1986,0,Italy,Mouth cancer
1987,0,Italy,Mouth cancer
1988,0,Italy,Mouth cancer
1989,0,Italy,Mouth cancer
1990,0,Italy,Mouth cancer
1991,0,Italy,Mouth cancer
1992,0,Italy,Mouth cancer
1993,0,Italy,Mouth cancer
1994,0,Italy,Mouth cancer
1995,0,Italy,Mouth cancer
1996,0,Italy,Mouth cancer
1997,0,Italy,Mouth cancer
1998,0,Italy,Mouth cancer
1999,0,Italy,Mouth cancer
2000,0,Italy,Mouth cancer
2002,0,Italy,Mouth cancer
2003,0,Italy,Mouth cancer
2004,0,Italy,Mouth cancer
2005,0,Italy,Mouth cancer
2006,0,Italy,Mouth cancer
2007,0,Italy,Mouth cancer
2008,0,Italy,Mouth cancer
2009,0,Italy,Mouth cancer
2010,0,Italy,Mouth cancer
2011,0,Italy,Mouth cancer
2013,0,Italy,Mouth cancer
2015,0,Italy,Mouth cancer
2017,0,Italy,Mouth cancer
2018,0,Italy,Mouth cancer
2020,0,Italy,Mouth cancer
2023,0,Italy,Mouth cancer
2025,0,Italy,Mouth cancer
1992,33,Italy,Multiple myeloma
1990,31,Italy,Multiple myeloma
1991,46,Italy,Multiple myeloma
2000,46,Italy,Multiple myeloma
2001,63,Italy,Multiple myeloma
1994,30,Italy,Multiple myeloma
2002,50,Italy,Multiple myeloma
2003,57,Italy,Multiple myeloma
2004,59,Italy,Multiple myeloma
2005,70,Italy,Multiple myeloma
2006,67,Italy,Multiple myeloma
2007,72,Italy,Multiple myeloma
2008,75,Italy,Multiple myeloma
2009,65,Italy,Multiple myeloma
2010,74,Italy,Multiple myeloma
2011,80,Italy,Multiple myeloma
2012,105,Italy,Multiple myeloma
1987,13,Italy,Multiple myeloma
1989,21,Italy,Multiple myeloma
2013,105,Italy,Multiple myeloma
2014,96,Italy,Multiple myeloma
2015,105,Italy,Multiple myeloma
2016,122,Italy,Multiple myeloma
2018,123,Italy,Multiple myeloma
2017,107,Italy,Multiple myeloma
1986,1,Italy,Multiple myeloma
1988,20,Italy,Multiple myeloma
2019,113,Italy,Multiple myeloma
2020,155,Italy,Multiple myeloma
2021,165,Italy,Multiple myeloma
2022,126,Italy,Multiple myeloma
2024,77,Italy,Multiple myeloma
2023,123,Italy,Multiple myeloma
1993,33,Italy,Multiple myeloma
1995,46,Italy,Multiple myeloma
1996,41,Italy,Multiple myeloma
1997,46,Italy,Multiple myeloma
1998,42,Italy,Multiple myeloma
1999,43,Italy,Multiple myeloma
1984,0,Italy,Multiple myeloma
1985,0,Italy,Multiple myeloma
2025,0,Italy,Multiple myeloma
1992,12,Italy,Non-Hodgkin lymphoma
1991,9,Italy,Non-Hodgkin lymphoma
2001,25,Italy,Non-Hodgkin lymphoma
2002,29,Italy,Non-Hodgkin lymphoma
1998,13,Italy,Non-Hodgkin lymphoma
2003,30,Italy,Non-Hodgkin lymphoma
2004,26,Italy,Non-Hodgkin lymphoma
2005,31,Italy,Non-Hodgkin lymphoma
2006,50,Italy,Non-Hodgkin lymphoma
2007,52,Italy,Non-Hodgkin lymphoma
2008,33,Italy,Non-Hodgkin lymphoma
2009,54,Italy,Non-Hodgkin lymphoma
2010,60,Italy,Non-Hodgkin lymphoma
2011,63,Italy,Non-Hodgkin lymphoma
2012,69,Italy,Non-Hodgkin lymphoma
2014,85,Italy,Non-Hodgkin lymphoma
1989,5,Italy,Non-Hodgkin lymphoma
1990,9,Italy,Non-Hodgkin lymphoma
2013,59,Italy,Non-Hodgkin lymphoma
2015,80,Italy,Non-Hodgkin lymphoma
2016,79,Italy,Non-Hodgkin lymphoma
2017,59,Italy,Non-Hodgkin lymphoma
2018,69,Italy,Non-Hodgkin lymphoma
1987,3,Italy,Non-Hodgkin lymphoma
1988,3,Italy,Non-Hodgkin lymphoma
2019,88,Italy,Non-Hodgkin lymphoma
2020,101,Italy,Non-Hodgkin lymphoma
2021,99,Italy,Non-Hodgkin lymphoma
2022,105,Italy,Non-Hodgkin lymphoma
2023,87,Italy,Non-Hodgkin lymphoma
2024,45,Italy,Non-Hodgkin lymphoma
1993,11,Italy,Non-Hodgkin lymphoma
1994,9,Italy,Non-Hodgkin lymphoma
1995,11,Italy,Non-Hodgkin lymphoma
1996,17,Italy,Non-Hodgkin lymphoma
1997,21,Italy,Non-Hodgkin lymphoma
1999,17,Italy,Non-Hodgkin lymphoma
2000,31,Italy,Non-Hodgkin lymphoma
1984,0,Italy,Non-Hodgkin lymphoma
1985,0,Italy,Non-Hodgkin lymphoma
1986,0,Italy,Non-Hodgkin lymphoma
2025,0,Italy,Non-Hodgkin lymphoma
1992,612,Italy,Other cancer
1990,433,Italy,Other cancer
1991,587,Italy,Other cancer
1995,734,Italy,Other cancer
1998,745,Italy,Other cancer
1999,797,Italy,Other cancer
2000,817,Italy,Other cancer
2001,779,Italy,Other cancer
2002,829,Italy,Other cancer
1997,860,Italy,Other cancer
2003,964,Italy,Other cancer
2004,897,Italy,Other cancer
1994,692,Italy,Other cancer
2005,937,Italy,Other cancer
1989,332,Italy,Other cancer
2006,920,Italy,Other cancer
2007,916,Italy,Other cancer
1996,789,Italy,Other cancer
2008,906,Italy,Other cancer
2009,983,Italy,Other cancer
2011,1023,Italy,Other cancer
2010,985,Italy,Other cancer
2012,1197,Italy,Other cancer
2017,1278,Italy,Other cancer
1993,620,Italy,Other cancer
2013,1175,Italy,Other cancer
2014,1234,Italy,Other cancer
1987,142,Italy,Other cancer
1988,301,Italy,Other cancer
2016,1334,Italy,Other cancer
2015,1302,Italy,Other cancer
2018,1357,Italy,Other cancer
2019,1459,Italy,Other cancer
2020,1770,Italy,Other cancer
1986,13,Italy,Other cancer
2021,1978,Italy,Other cancer
2023,1565,Italy,Other cancer
2022,1734,Italy,Other cancer
2024,991,Italy,Other cancer
2025,13,Italy,Other cancer
1984,1,Italy,Other cancer
1985,0,Italy,Other cancer
1992,41,Italy,Ovarian cancer
1990,39,Italy,Ovarian cancer
1991,38,Italy,Ovarian cancer
1993,46,Italy,Ovarian cancer
1994,58,Italy,Ovarian cancer
1995,52,Italy,Ovarian cancer
2000,51,Italy,Ovarian cancer
2001,72,Italy,Ovarian cancer
2002,49,Italy,Ovarian cancer
2003,69,Italy,Ovarian cancer
1997,60,Italy,Ovarian cancer
2004,63,Italy,Ovarian cancer
2005,69,Italy,Ovarian cancer
2006,86,Italy,Ovarian cancer
2007,72,Italy,Ovarian cancer
2008,62,Italy,Ovarian cancer
2009,76,Italy,Ovarian cancer
2010,80,Italy,Ovarian cancer
2011,86,Italy,Ovarian cancer
1996,58,Italy,Ovarian cancer
2012,92,Italy,Ovarian cancer
1987,10,Italy,Ovarian cancer
1988,19,Italy,Ovarian cancer
1989,26,Italy,Ovarian cancer
2013,100,Italy,Ovarian cancer
2014,125,Italy,Ovarian cancer
2015,104,Italy,Ovarian cancer
2016,139,Italy,Ovarian cancer
2017,129,Italy,Ovarian cancer
2018,137,Italy,Ovarian cancer
2019,174,Italy,Ovarian cancer
2020,210,Italy,Ovarian cancer
2021,217,Italy,Ovarian cancer
2022,192,Italy,Ovarian cancer
2023,165,Italy,Ovarian cancer
1986,1,Italy,Ovarian cancer
2024,130,Italy,Ovarian cancer
1998,45,Italy,Ovarian cancer
1999,55,Italy,Ovarian cancer
1984,0,Italy,Ovarian cancer
1985,0,Italy,Ovarian cancer
2025,0,Italy,Ovarian cancer
1992,15,Italy,Pancreatic cancer
1990,12,Italy,Pancreatic cancer
1991,13,Italy,Pancreatic cancer
2000,21,Italy,Pancreatic cancer
2001,19,Italy,Pancreatic cancer
2002,22,Italy,Pancreatic cancer
2003,33,Italy,Pancreatic cancer
2004,37,Italy,Pancreatic cancer
2005,35,Italy,Pancreatic cancer
2006,39,Italy,Pancreatic cancer
2007,36,Italy,Pancreatic cancer
2008,29,Italy,Pancreatic cancer
2009,46,Italy,Pancreatic cancer
2010,60,Italy,Pancreatic cancer
2011,44,Italy,Pancreatic cancer
1994,31,Italy,Pancreatic cancer
2012,66,Italy,Pancreatic cancer
1988,16,Italy,Pancreatic cancer
1989,13,Italy,Pancreatic cancer
2013,66,Italy,Pancreatic cancer
2014,79,Italy,Pancreatic cancer
2015,71,Italy,Pancreatic cancer
2016,99,Italy,Pancreatic cancer
2017,91,Italy,Pancreatic cancer
2018,111,Italy,Pancreatic cancer
2019,136,Italy,Pancreatic cancer
2020,168,Italy,Pancreatic cancer
2021,186,Italy,Pancreatic cancer
2022,170,Italy,Pancreatic cancer
2023,173,Italy,Pancreatic cancer
1987,3,Italy,Pancreatic cancer
2024,103,Italy,Pancreatic cancer
2025,2,Italy,Pancreatic cancer
1993,18,Italy,Pancreatic cancer
1995,26,Italy,Pancreatic cancer
1996,24,Italy,Pancreatic cancer
1997,24,Italy,Pancreatic cancer
1998,22,Italy,Pancreatic cancer
1999,43,Italy,Pancreatic cancer
1984,0,Italy,Pancreatic cancer
1985,0,Italy,Pancreatic cancer
1986,0,Italy,Pancreatic cancer
2003,1,Italy,Penile cancer
2004,1,Italy,Penile cancer
2005,4,Italy,Penile cancer
2006,5,Italy,Penile cancer
2008,2,Italy,Penile cancer
2007,1,Italy,Penile cancer
2009,5,Italy,Penile cancer
2010,4,Italy,Penile cancer
2011,3,Italy,Penile cancer
2012,1,Italy,Penile cancer
2013,7,Italy,Penile cancer
2014,2,Italy,Penile cancer
2015,3,Italy,Penile cancer
2016,4,Italy,Penile cancer
2017,4,Italy,Penile cancer
2018,11,Italy,Penile cancer
2019,5,Italy,Penile cancer
2020,10,Italy,Penile cancer
2021,13,Italy,Penile cancer
2022,6,Italy,Penile cancer
1987,1,Italy,Penile cancer
2023,10,Italy,Penile cancer
2024,8,Italy,Penile cancer
2025,1,Italy,Penile cancer
1994,1,Italy,Penile cancer
1996,5,Italy,Penile cancer
1999,1,Italy,Penile cancer
1984,0,Italy,Penile cancer
1985,0,Italy,Penile cancer
1986,0,Italy,Penile cancer
1988,0,Italy,Penile cancer
1989,0,Italy,Penile cancer
1990,0,Italy,Penile cancer
1991,0,Italy,Penile cancer
1992,0,Italy,Penile cancer
1993,0,Italy,Penile cancer
1995,0,Italy,Penile cancer
1997,0,Italy,Penile cancer
1998,0,Italy,Penile cancer
2000,0,Italy,Penile cancer
2001,0,Italy,Penile cancer
2002,0,Italy,Penile cancer
1992,11,Italy,Prostate cancer
1990,7,Italy,Prostate cancer
1991,8,Italy,Prostate cancer
2000,54,Italy,Prostate cancer
2001,52,Italy,Prostate cancer
2002,61,Italy,Prostate cancer
2003,89,Italy,Prostate cancer
2004,99,Italy,Prostate cancer
2005,119,Italy,Prostate cancer
2006,125,Italy,Prostate cancer
2007,142,Italy,Prostate cancer
2008,130,Italy,Prostate cancer
2009,163,Italy,Prostate cancer
2010,174,Italy,Prostate cancer
2011,193,Italy,Prostate cancer
1993,15,Italy,Prostate cancer
2012,239,Italy,Prostate cancer
2013,259,Italy,Prostate cancer
1989,6,Italy,Prostate cancer
2014,266,Italy,Prostate cancer
2015,275,Italy,Prostate cancer
2016,306,Italy,Prostate cancer
2017,308,Italy,Prostate cancer
2018,308,Italy,Prostate cancer
2019,353,Italy,Prostate cancer
1987,4,Italy,Prostate cancer
1988,5,Italy,Prostate cancer
2020,366,Italy,Prostate cancer
2021,484,Italy,Prostate cancer
2022,447,Italy,Prostate cancer
2023,393,Italy,Prostate cancer
2024,261,Italy,Prostate cancer
2025,5,Italy,Prostate cancer
1994,19,Italy,Prostate cancer
1995,25,Italy,Prostate cancer
1996,39,Italy,Prostate cancer
1997,40,Italy,Prostate cancer
1998,36,Italy,Prostate cancer
1999,45,Italy,Prostate cancer
1984,0,Italy,Prostate cancer
1985,0,Italy,Prostate cancer
1986,0,Italy,Prostate cancer
1992,31,Italy,Rectal cancer
1990,9,Italy,Rectal cancer
1991,10,Italy,Rectal cancer
2000,35,Italy,Rectal cancer
2001,39,Italy,Rectal cancer
2002,20,Italy,Rectal cancer
1998,29,Italy,Rectal cancer
2003,32,Italy,Rectal cancer
2004,30,Italy,Rectal cancer
1996,28,Italy,Rectal cancer
2005,30,Italy,Rectal cancer
2006,39,Italy,Rectal cancer
2007,51,Italy,Rectal cancer
2008,27,Italy,Rectal cancer
2009,31,Italy,Rectal cancer
2010,47,Italy,Rectal cancer
2011,44,Italy,Rectal cancer
2012,45,Italy,Rectal cancer
1989,6,Italy,Rectal cancer
2013,67,Italy,Rectal cancer
2014,65,Italy,Rectal cancer
2016,70,Italy,Rectal cancer
2015,63,Italy,Rectal cancer
2017,66,Italy,Rectal cancer
2018,74,Italy,Rectal cancer
1988,6,Italy,Rectal cancer
2019,78,Italy,Rectal cancer
2020,76,Italy,Rectal cancer
2021,97,Italy,Rectal cancer
2023,99,Italy,Rectal cancer
2022,90,Italy,Rectal cancer
1987,3,Italy,Rectal cancer
2024,48,Italy,Rectal cancer
2025,1,Italy,Rectal cancer
1994,26,Italy,Rectal cancer
1995,41,Italy,Rectal cancer
1993,17,Italy,Rectal cancer
1997,25,Italy,Rectal cancer
1999,25,Italy,Rectal cancer
1984,0,Italy,Rectal cancer
1985,0,Italy,Rectal cancer
1986,0,Italy,Rectal cancer
2004,1,Italy,Salivary gland cancer
2013,1,Italy,Salivary gland cancer
2014,2,Italy,Salivary gland cancer
2016,1,Italy,Salivary gland cancer
2017,2,Italy,Salivary gland cancer
2018,3,Italy,Salivary gland cancer
2019,2,Italy,Salivary gland cancer
2020,2,Italy,Salivary gland cancer
2021,4,Italy,Salivary gland cancer
2022,4,Italy,Salivary gland cancer
2023,3,Italy,Salivary gland cancer
2024,1,Italy,Salivary gland cancer
1984,0,Italy,Salivary gland cancer
1985,0,Italy,Salivary gland cancer
1986,0,Italy,Salivary gland cancer
1987,0,Italy,Salivary gland cancer
1988,0,Italy,Salivary gland cancer
1989,0,Italy,Salivary gland cancer
1990,0,Italy,Salivary gland cancer
1991,0,Italy,Salivary gland cancer
1992,0,Italy,Salivary gland cancer
1993,0,Italy,Salivary gland cancer
1994,0,Italy,Salivary gland cancer
1995,0,Italy,Salivary gland cancer
1996,0,Italy,Salivary gland cancer
1997,0,Italy,Salivary gland cancer
1998,0,Italy,Salivary gland cancer
1999,0,Italy,Salivary gland cancer
2000,0,Italy,Salivary gland cancer
2001,0,Italy,Salivary gland cancer
2002,0,Italy,Salivary gland cancer
2003,0,Italy,Salivary gland cancer
2005,0,Italy,Salivary gland cancer
2006,0,Italy,Salivary gland cancer
2007,0,Italy,Salivary gland cancer
2008,0,Italy,Salivary gland cancer
2009,0,Italy,Salivary gland cancer
2010,0,Italy,Salivary gland cancer
2011,0,Italy,Salivary gland cancer
2012,0,Italy,Salivary gland cancer
2015,0,Italy,Salivary gland cancer
2025,0,Italy,Salivary gland cancer
1992,96,Italy,Skin cancer
1990,70,Italy,Skin cancer
1991,76,Italy,Skin cancer
2000,174,Italy,Skin cancer
2001,127,Italy,Skin cancer
2002,181,Italy,Skin cancer
2003,197,Italy,Skin cancer
1997,106,Italy,Skin cancer
2004,183,Italy,Skin cancer
2005,160,Italy,Skin cancer
1989,65,Italy,Skin cancer
2006,174,Italy,Skin cancer
2007,160,Italy,Skin cancer
2008,181,Italy,Skin cancer
2009,229,Italy,Skin cancer
2010,227,Italy,Skin cancer
2011,210,Italy,Skin cancer
2012,248,Italy,Skin cancer
1987,26,Italy,Skin cancer
1988,66,Italy,Skin cancer
2013,299,Italy,Skin cancer
2014,292,Italy,Skin cancer
2015,347,Italy,Skin cancer
2016,313,Italy,Skin cancer
2017,360,Italy,Skin cancer
2018,332,Italy,Skin cancer
2019,385,Italy,Skin cancer
2020,521,Italy,Skin cancer
1986,1,Italy,Skin cancer
1993,99,Italy,Skin cancer
2021,525,Italy,Skin cancer
2022,445,Italy,Skin cancer
2025,3,Italy,Skin cancer
2023,416,Italy,Skin cancer
1985,2,Italy,Skin cancer
2024,263,Italy,Skin cancer
1994,102,Italy,Skin cancer
1995,103,Italy,Skin cancer
1996,97,Italy,Skin cancer
1998,143,Italy,Skin cancer
1999,114,Italy,Skin cancer
1984,0,Italy,Skin cancer
1992,6,Italy,Stomach cancer
1990,5,Italy,Stomach cancer
1991,10,Italy,Stomach cancer
2001,9,Italy,Stomach cancer
1994,13,Italy,Stomach cancer
2002,16,Italy,Stomach cancer
2003,14,Italy,Stomach cancer
2004,13,Italy,Stomach cancer
2005,14,Italy,Stomach cancer
2006,13,Italy,Stomach cancer
2007,19,Italy,Stomach cancer
2008,9,Italy,Stomach cancer
2009,11,Italy,Stomach cancer
2000,7,Italy,Stomach cancer
2010,13,Italy,Stomach cancer
2011,10,Italy,Stomach cancer
2012,13,Italy,Stomach cancer
2013,7,Italy,Stomach cancer
2014,19,Italy,Stomach cancer
2015,9,Italy,Stomach cancer
2016,8,Italy,Stomach cancer
2017,8,Italy,Stomach cancer
1987,2,Italy,Stomach cancer
1989,1,Italy,Stomach cancer
2018,20,Italy,Stomach cancer
2019,15,Italy,Stomach cancer
2020,13,Italy,Stomach cancer
2021,11,Italy,Stomach cancer
2022,20,Italy,Stomach cancer
2023,22,Italy,Stomach cancer
2024,14,Italy,Stomach cancer
1995,12,Italy,Stomach cancer
1993,6,Italy,Stomach cancer
1996,21,Italy,Stomach cancer
1997,14,Italy,Stomach cancer
1998,9,Italy,Stomach cancer
1999,10,Italy,Stomach cancer
1984,0,Italy,Stomach cancer
1985,0,Italy,Stomach cancer
1986,0,Italy,Stomach cancer
1988,0,Italy,Stomach cancer
2025,0,Italy,Stomach cancer
1992,2,Italy,Testicular cancer
1990,2,Italy,Testicular cancer
1991,2,Italy,Testicular cancer
2001,5,Italy,Testicular cancer
2002,3,Italy,Testicular cancer
2003,5,Italy,Testicular cancer
2004,5,Italy,Testicular cancer
2005,4,Italy,Testicular cancer
2006,6,Italy,Testicular cancer
2007,13,Italy,Testicular cancer
2009,11,Italy,Testicular cancer
2008,8,Italy,Testicular cancer
2010,5,Italy,Testicular cancer
2011,10,Italy,Testicular cancer
1989,2,Italy,Testicular cancer
2012,7,Italy,Testicular cancer
2013,10,Italy,Testicular cancer
2014,7,Italy,Testicular cancer
2015,13,Italy,Testicular cancer
2016,12,Italy,Testicular cancer
2017,14,Italy,Testicular cancer
2018,9,Italy,Testicular cancer
1988,3,Italy,Testicular cancer
2019,15,Italy,Testicular cancer
2020,11,Italy,Testicular cancer
2021,30,Italy,Testicular cancer
2022,16,Italy,Testicular cancer
2023,20,Italy,Testicular cancer
2024,7,Italy,Testicular cancer
1993,2,Italy,Testicular cancer
1994,3,Italy,Testicular cancer
1995,3,Italy,Testicular cancer
1996,1,Italy,Testicular cancer
1998,5,Italy,Testicular cancer
1999,2,Italy,Testicular cancer
2000,2,Italy,Testicular cancer
1984,0,Italy,Testicular cancer
1985,0,Italy,Testicular cancer
1986,0,Italy,Testicular cancer
1987,0,Italy,Testicular cancer
1997,0,Italy,Testicular cancer
2025,0,Italy,Testicular cancer
1984,0,Italy,Throat cancer
1985,0,Italy,Throat cancer
1986,0,Italy,Throat cancer
1987,0,Italy,Throat cancer
1988,0,Italy,Throat cancer
1989,0,Italy,Throat cancer
1990,0,Italy,Throat cancer
1991,0,Italy,Throat cancer
1992,0,Italy,Throat cancer
1993,0,Italy,Throat cancer
1994,0,Italy,Throat cancer
1995,0,Italy,Throat cancer
1996,0,Italy,Throat cancer
1997,0,Italy,Throat cancer
1998,0,Italy,Throat cancer
1999,0,Italy,Throat cancer
2000,0,Italy,Throat cancer
2001,0,Italy,Throat cancer
2002,0,Italy,Throat cancer
2003,0,Italy,Throat cancer
2004,0,Italy,Throat cancer
2005,0,Italy,Throat cancer
2006,0,Italy,Throat cancer
2007,0,Italy,Throat cancer
2008,0,Italy,Throat cancer
2009,0,Italy,Throat cancer
2010,0,Italy,Throat cancer
2011,0,Italy,Throat cancer
2012,0,Italy,Throat cancer
2013,0,Italy,Throat cancer
2014,0,Italy,Throat cancer
2015,0,Italy,Throat cancer
2016,0,Italy,Throat cancer
2017,0,Italy,Throat cancer
2018,0,Italy,Throat cancer
2019,0,Italy,Throat cancer
2020,0,Italy,Throat cancer
2021,0,Italy,Throat cancer
2022,0,Italy,Throat cancer
2023,0,Italy,Throat cancer
2024,0,Italy,Throat cancer
2025,0,Italy,Throat cancer
1992,8,Italy,Thyroid cancer
1991,10,Italy,Thyroid cancer
2000,24,Italy,Thyroid cancer
2001,45,Italy,Thyroid cancer
2002,32,Italy,Thyroid cancer
2003,36,Italy,Thyroid cancer
1997,21,Italy,Thyroid cancer
2004,58,Italy,Thyroid cancer
2005,40,Italy,Thyroid cancer
2006,47,Italy,Thyroid cancer
2007,51,Italy,Thyroid cancer
2008,61,Italy,Thyroid cancer
2009,63,Italy,Thyroid cancer
2010,59,Italy,Thyroid cancer
2011,75,Italy,Thyroid cancer
1993,14,Italy,Thyroid cancer
2012,120,Italy,Thyroid cancer
1987,6,Italy,Thyroid cancer
1988,7,Italy,Thyroid cancer
1989,6,Italy,Thyroid cancer
1990,7,Italy,Thyroid cancer
2013,126,Italy,Thyroid cancer
2014,127,Italy,Thyroid cancer
2015,131,Italy,Thyroid cancer
2016,116,Italy,Thyroid cancer
2017,141,Italy,Thyroid cancer
2018,118,Italy,Thyroid cancer
2019,156,Italy,Thyroid cancer
2022,157,Italy,Thyroid cancer
2020,140,Italy,Thyroid cancer
2021,201,Italy,Thyroid cancer
2023,149,Italy,Thyroid cancer
1986,1,Italy,Thyroid cancer
2025,2,Italy,Thyroid cancer
2024,61,Italy,Thyroid cancer
1994,23,Italy,Thyroid cancer
1995,14,Italy,Thyroid cancer
1996,23,Italy,Thyroid cancer
1998,17,Italy,Thyroid cancer
1999,29,Italy,Thyroid cancer
1984,0,Italy,Thyroid cancer
1985,0,Italy,Thyroid cancer
1990,783,Italy,Undetermined cancer
1992,1112,Italy,Undetermined cancer
1991,1127,Italy,Undetermined cancer
1989,624,Italy,Undetermined cancer
1993,1095,Italy,Undetermined cancer
1994,1106,Italy,Undetermined cancer
1995,1210,Italy,Undetermined cancer
1996,1286,Italy,Undetermined cancer
1998,1287,Italy,Undetermined cancer
1999,1283,Italy,Undetermined cancer
2000,1342,Italy,Undetermined cancer
2001,1404,Italy,Undetermined cancer
2002,1428,Italy,Undetermined cancer
1997,1356,Italy,Undetermined cancer
2003,1555,Italy,Undetermined cancer
2004,1470,Italy,Undetermined cancer
2005,1477,Italy,Undetermined cancer
2006,1522,Italy,Undetermined cancer
2007,1603,Italy,Undetermined cancer
1984,4,Italy,Undetermined cancer
2008,1742,Italy,Undetermined cancer
2009,1811,Italy,Undetermined cancer
2010,1900,Italy,Undetermined cancer
2011,1947,Italy,Undetermined cancer
2012,2225,Italy,Undetermined cancer
2013,2177,Italy,Undetermined cancer
1986,21,Italy,Undetermined cancer
1987,257,Italy,Undetermined cancer
1988,551,Italy,Undetermined cancer
2014,2380,Italy,Undetermined cancer
2015,2455,Italy,Undetermined cancer
2017,2779,Italy,Undetermined cancer
2018,2930,Italy,Undetermined cancer
2016,2550,Italy,Undetermined cancer
2019,3239,Italy,Undetermined cancer
2020,4040,Italy,Undetermined cancer
2023,3656,Italy,Undetermined cancer
2021,4300,Italy,Undetermined cancer
2022,3827,Italy,Undetermined cancer
2024,2204,Italy,Undetermined cancer
1985,2,Italy,Undetermined cancer
2025,41,Italy,Undetermined cancer
1992,12,Italy,Uterine cancer
1991,11,Italy,Uterine cancer
2000,20,Italy,Uterine cancer
2001,19,Italy,Uterine cancer
1994,23,Italy,Uterine cancer
2002,18,Italy,Uterine cancer
2003,20,Italy,Uterine cancer
2004,23,Italy,Uterine cancer
2005,23,Italy,Uterine cancer
2006,28,Italy,Uterine cancer
2007,17,Italy,Uterine cancer
2008,30,Italy,Uterine cancer
2009,37,Italy,Uterine cancer
2010,35,Italy,Uterine cancer
2011,29,Italy,Uterine cancer
1997,14,Italy,Uterine cancer
1989,9,Italy,Uterine cancer
1990,11,Italy,Uterine cancer
2012,46,Italy,Uterine cancer
2013,53,Italy,Uterine cancer
2014,47,Italy,Uterine cancer
2015,45,Italy,Uterine cancer
2016,53,Italy,Uterine cancer
2017,54,Italy,Uterine cancer
2018,58,Italy,Uterine cancer
1988,6,Italy,Uterine cancer
2019,70,Italy,Uterine cancer
2020,103,Italy,Uterine cancer
2021,85,Italy,Uterine cancer
2022,105,Italy,Uterine cancer
2023,97,Italy,Uterine cancer
1987,1,Italy,Uterine cancer
2024,76,Italy,Uterine cancer
1993,16,Italy,Uterine cancer
1995,15,Italy,Uterine cancer
1996,23,Italy,Uterine cancer
1998,13,Italy,Uterine cancer
1999,15,Italy,Uterine cancer
1984,0,Italy,Uterine cancer
1985,0,Italy,Uterine cancer
1986,0,Italy,Uterine cancer
2025,0,Italy,Uterine cancer
2002,1,Italy,Vaginal cancer
2006,1,Italy,Vaginal cancer
2008,1,Italy,Vaginal cancer
2009,1,Italy,Vaginal cancer
2012,2,Italy,Vaginal cancer
2013,1,Italy,Vaginal cancer
2014,1,Italy,Vaginal cancer
2016,2,Italy,Vaginal cancer
2015,1,Italy,Vaginal cancer
2017,3,Italy,Vaginal cancer
2018,1,Italy,Vaginal cancer
2019,1,Italy,Vaginal cancer
2020,10,Italy,Vaginal cancer
2021,3,Italy,Vaginal cancer
2022,5,Italy,Vaginal cancer
2023,9,Italy,Vaginal cancer
2024,2,Italy,Vaginal cancer
1993,2,Italy,Vaginal cancer
1997,1,Italy,Vaginal cancer
2000,1,Italy,Vaginal cancer
1984,0,Italy,Vaginal cancer
1985,0,Italy,Vaginal cancer
1986,0,Italy,Vaginal cancer
1987,0,Italy,Vaginal cancer
1988,0,Italy,Vaginal cancer
1989,0,Italy,Vaginal cancer
1990,0,Italy,Vaginal cancer
1991,0,Italy,Vaginal cancer
1992,0,Italy,Vaginal cancer
1994,0,Italy,Vaginal cancer
1995,0,Italy,Vaginal cancer
1996,0,Italy,Vaginal cancer
1998,0,Italy,Vaginal cancer
1999,0,Italy,Vaginal cancer
2001,0,Italy,Vaginal cancer
2003,0,Italy,Vaginal cancer
2004,0,Italy,Vaginal cancer
2005,0,Italy,Vaginal cancer
2007,0,Italy,Vaginal cancer
2010,0,Italy,Vaginal cancer
2011,0,Italy,Vaginal cancer
2025,0,Italy,Vaginal cancer
1992,6,Italy,Vulvar cancer
1991,3,Italy,Vulvar cancer
2002,1,Italy,Vulvar cancer
2003,5,Italy,Vulvar cancer
2004,1,Italy,Vulvar cancer
2005,6,Italy,Vulvar cancer
2006,5,Italy,Vulvar cancer
2007,2,Italy,Vulvar cancer
2008,3,Italy,Vulvar cancer
2009,3,Italy,Vulvar cancer
2010,2,Italy,Vulvar cancer
2012,6,Italy,Vulvar cancer
1990,1,Italy,Vulvar cancer
2011,2,Italy,Vulvar cancer
2013,4,Italy,Vulvar cancer
2014,6,Italy,Vulvar cancer
2017,11,Italy,Vulvar cancer
2015,6,Italy,Vulvar cancer
2016,7,Italy,Vulvar cancer
1988,2,Italy,Vulvar cancer
2018,4,Italy,Vulvar cancer
2019,14,Italy,Vulvar cancer
2020,20,Italy,Vulvar cancer
2021,16,Italy,Vulvar cancer
2022,18,Italy,Vulvar cancer
2023,15,Italy,Vulvar cancer
2024,7,Italy,Vulvar cancer
1994,1,Italy,Vulvar cancer
1995,3,Italy,Vulvar cancer
1993,2,Italy,Vulvar cancer
1996,5,Italy,Vulvar cancer
1997,2,Italy,Vulvar cancer
1998,2,Italy,Vulvar cancer
2000,2,Italy,Vulvar cancer
1984,0,Italy,Vulvar cancer
1985,0,Italy,Vulvar cancer
1986,0,Italy,Vulvar cancer
1987,0,Italy,Vulvar cancer
1989,0,Italy,Vulvar cancer
1999,0,Italy,Vulvar cancer
2001,0,Italy,Vulvar cancer
2025,0,Italy,Vulvar cancer
2002,2,Netherlands,Anal cancer
2005,1,Netherlands,Anal cancer
2007,2,Netherlands,Anal cancer
2008,1,Netherlands,Anal cancer
2009,1,Netherlands,Anal cancer
2010,2,Netherlands,Anal cancer
2011,1,Netherlands,Anal cancer
2012,4,Netherlands,Anal cancer
2013,5,Netherlands,Anal cancer
2014,3,Netherlands,Anal cancer
2015,2,Netherlands,Anal cancer
2016,3,Netherlands,Anal cancer
2017,2,Netherlands,Anal cancer
2018,4,Netherlands,Anal cancer
2019,4,Netherlands,Anal cancer
2020,5,Netherlands,Anal cancer
2021,4,Netherlands,Anal cancer
2022,5,Netherlands,Anal cancer
2023,3,Netherlands,Anal cancer
2024,2,Netherlands,Anal cancer
1995,1,Netherlands,Anal cancer
1997,1,Netherlands,Anal cancer
2000,2,Netherlands,Anal cancer
2001,1,Netherlands,Anal cancer
1984,0,Netherlands,Anal cancer
1985,0,Netherlands,Anal cancer
1986,0,Netherlands,Anal cancer
1987,0,Netherlands,Anal cancer
1988,0,Netherlands,Anal cancer
1989,0,Netherlands,Anal cancer
1990,0,Netherlands,Anal cancer
1991,0,Netherlands,Anal cancer
1992,0,Netherlands,Anal cancer
1993,0,Netherlands,Anal cancer
1994,0,Netherlands,Anal cancer
1996,0,Netherlands,Anal cancer
1998,0,Netherlands,Anal cancer
1999,0,Netherlands,Anal cancer
2003,0,Netherlands,Anal cancer
2004,0,Netherlands,Anal cancer
2006,0,Netherlands,Anal cancer
2025,0,Netherlands,Anal cancer
1992,17,Netherlands,Bladder cancer
1991,13,Netherlands,Bladder cancer
2001,16,Netherlands,Bladder cancer
2002,13,Netherlands,Bladder cancer
2003,14,Netherlands,Bladder cancer
2004,13,Netherlands,Bladder cancer
2005,15,Netherlands,Bladder cancer
1998,19,Netherlands,Bladder cancer
2006,18,Netherlands,Bladder cancer
2007,16,Netherlands,Bladder cancer
2008,17,Netherlands,Bladder cancer
2009,21,Netherlands,Bladder cancer
2010,27,Netherlands,Bladder cancer
2012,32,Netherlands,Bladder cancer
2011,22,Netherlands,Bladder cancer
1988,9,Netherlands,Bladder cancer
1989,7,Netherlands,Bladder cancer
1990,9,Netherlands,Bladder cancer
2013,34,Netherlands,Bladder cancer
2014,34,Netherlands,Bladder cancer
2015,21,Netherlands,Bladder cancer
2016,37,Netherlands,Bladder cancer
2017,21,Netherlands,Bladder cancer
2018,47,Netherlands,Bladder cancer
2019,38,Netherlands,Bladder cancer
1987,4,Netherlands,Bladder cancer
2020,47,Netherlands,Bladder cancer
2021,50,Netherlands,Bladder cancer
2022,50,Netherlands,Bladder cancer
2023,50,Netherlands,Bladder cancer
2024,27,Netherlands,Bladder cancer
2025,1,Netherlands,Bladder cancer
1993,17,Netherlands,Bladder cancer
1994,17,Netherlands,Bladder cancer
1995,12,Netherlands,Bladder cancer
1996,18,Netherlands,Bladder cancer
1997,18,Netherlands,Bladder cancer
1999,11,Netherlands,Bladder cancer
2000,20,Netherlands,Bladder cancer
1984,0,Netherlands,Bladder cancer
1985,0,Netherlands,Bladder cancer
1986,0,Netherlands,Bladder cancer
1992,19,Netherlands,Brain cancer
1990,12,Netherlands,Brain cancer
1991,11,Netherlands,Brain cancer
2000,27,Netherlands,Brain cancer
2001,23,Netherlands,Brain cancer
2002,28,Netherlands,Brain cancer
2003,26,Netherlands,Brain cancer
2004,25,Netherlands,Brain cancer
2005,28,Netherlands,Brain cancer
2006,25,Netherlands,Brain cancer
2007,24,Netherlands,Brain cancer
2008,28,Netherlands,Brain cancer
2009,41,Netherlands,Brain cancer
2010,31,Netherlands,Brain cancer
2011,29,Netherlands,Brain cancer
2012,29,Netherlands,Brain cancer
1989,4,Netherlands,Brain cancer
2013,33,Netherlands,Brain cancer
2014,35,Netherlands,Brain cancer
2015,46,Netherlands,Brain cancer
2016,39,Netherlands,Brain cancer
2017,31,Netherlands,Brain cancer
1987,5,Netherlands,Brain cancer
1988,11,Netherlands,Brain cancer
2018,46,Netherlands,Brain cancer
2019,48,Netherlands,Brain cancer
2020,61,Netherlands,Brain cancer
2023,59,Netherlands,Brain cancer
2021,51,Netherlands,Brain cancer
1993,16,Netherlands,Brain cancer
2022,68,Netherlands,Brain cancer
2024,27,Netherlands,Brain cancer
1994,25,Netherlands,Brain cancer
1995,20,Netherlands,Brain cancer
1996,16,Netherlands,Brain cancer
1997,21,Netherlands,Brain cancer
1998,20,Netherlands,Brain cancer
1999,24,Netherlands,Brain cancer
1984,0,Netherlands,Brain cancer
1985,0,Netherlands,Brain cancer
1986,0,Netherlands,Brain cancer
2025,0,Netherlands,Brain cancer
1992,94,Netherlands,Breast cancer
1990,49,Netherlands,Breast cancer
1991,53,Netherlands,Breast cancer
2001,131,Netherlands,Breast cancer
2002,117,Netherlands,Breast cancer
2000,124,Netherlands,Breast cancer
2003,138,Netherlands,Breast cancer
1999,119,Netherlands,Breast cancer
2004,155,Netherlands,Breast cancer
2005,146,Netherlands,Breast cancer
1997,108,Netherlands,Breast cancer
2006,137,Netherlands,Breast cancer
1996,95,Netherlands,Breast cancer
2007,172,Netherlands,Breast cancer
2008,157,Netherlands,Breast cancer
2009,205,Netherlands,Breast cancer
2010,214,Netherlands,Breast cancer
1993,75,Netherlands,Breast cancer
2011,238,Netherlands,Breast cancer
2012,265,Netherlands,Breast cancer
1995,85,Netherlands,Breast cancer
2013,292,Netherlands,Breast cancer
1988,32,Netherlands,Breast cancer
1989,35,Netherlands,Breast cancer
2015,312,Netherlands,Breast cancer
2014,221,Netherlands,Breast cancer
2016,293,Netherlands,Breast cancer
2017,279,Netherlands,Breast cancer
2018,302,Netherlands,Breast cancer
1987,13,Netherlands,Breast cancer
2019,285,Netherlands,Breast cancer
2020,268,Netherlands,Breast cancer
2021,294,Netherlands,Breast cancer
2022,289,Netherlands,Breast cancer
2023,290,Netherlands,Breast cancer
2024,163,Netherlands,Breast cancer
2025,2,Netherlands,Breast cancer
1994,71,Netherlands,Breast cancer
1998,115,Netherlands,Breast cancer
1984,0,Netherlands,Breast cancer
1985,0,Netherlands,Breast cancer
1986,0,Netherlands,Breast cancer
1992,15,Netherlands,Cervical cancer
1990,8,Netherlands,Cervical cancer
1991,5,Netherlands,Cervical cancer
2001,17,Netherlands,Cervical cancer
1994,14,Netherlands,Cervical cancer
1993,9,Netherlands,Cervical cancer
2002,26,Netherlands,Cervical cancer
2003,17,Netherlands,Cervical cancer
2004,19,Netherlands,Cervical cancer
2005,28,Netherlands,Cervical cancer
2006,31,Netherlands,Cervical cancer
2007,29,Netherlands,Cervical cancer
2008,47,Netherlands,Cervical cancer
2009,41,Netherlands,Cervical cancer
2010,33,Netherlands,Cervical cancer
2011,41,Netherlands,Cervical cancer
1989,7,Netherlands,Cervical cancer
2012,41,Netherlands,Cervical cancer
2013,42,Netherlands,Cervical cancer
2014,44,Netherlands,Cervical cancer
2015,46,Netherlands,Cervical cancer
2016,51,Netherlands,Cervical cancer
2017,41,Netherlands,Cervical cancer
2018,39,Netherlands,Cervical cancer
1988,5,Netherlands,Cervical cancer
2019,52,Netherlands,Cervical cancer
2020,47,Netherlands,Cervical cancer
2021,59,Netherlands,Cervical cancer
2022,46,Netherlands,Cervical cancer
1987,1,Netherlands,Cervical cancer
2023,51,Netherlands,Cervical cancer
2024,39,Netherlands,Cervical cancer
1995,12,Netherlands,Cervical cancer
1996,10,Netherlands,Cervical cancer
1997,16,Netherlands,Cervical cancer
1998,13,Netherlands,Cervical cancer
1999,23,Netherlands,Cervical cancer
2000,28,Netherlands,Cervical cancer
1984,0,Netherlands,Cervical cancer
1985,0,Netherlands,Cervical cancer
1986,0,Netherlands,Cervical cancer
2025,0,Netherlands,Cervical cancer
1992,8,Netherlands,Colon cancer
1991,11,Netherlands,Colon cancer
2000,24,Netherlands,Colon cancer
2001,16,Netherlands,Colon cancer
2002,12,Netherlands,Colon cancer
2003,18,Netherlands,Colon cancer
2004,21,Netherlands,Colon cancer
2005,31,Netherlands,Colon cancer
2006,18,Netherlands,Colon cancer
2007,20,Netherlands,Colon cancer
2008,21,Netherlands,Colon cancer
2009,16,Netherlands,Colon cancer
2010,37,Netherlands,Colon cancer
2011,32,Netherlands,Colon cancer
1994,20,Netherlands,Colon cancer
2012,48,Netherlands,Colon cancer
1989,7,Netherlands,Colon cancer
1990,12,Netherlands,Colon cancer
2013,40,Netherlands,Colon cancer
2014,41,Netherlands,Colon cancer
2015,46,Netherlands,Colon cancer
2016,52,Netherlands,Colon cancer
2017,48,Netherlands,Colon cancer
1993,18,Netherlands,Colon cancer
2018,46,Netherlands,Colon cancer
1987,3,Netherlands,Colon cancer
1988,3,Netherlands,Colon cancer
2019,40,Netherlands,Colon cancer
2020,47,Netherlands,Colon cancer
2021,63,Netherlands,Colon cancer
2022,55,Netherlands,Colon cancer
2023,48,Netherlands,Colon cancer
2024,29,Netherlands,Colon cancer
1995,9,Netherlands,Colon cancer
1996,8,Netherlands,Colon cancer
1997,10,Netherlands,Colon cancer
1998,12,Netherlands,Colon cancer
1999,18,Netherlands,Colon cancer
1984,0,Netherlands,Colon cancer
1985,0,Netherlands,Colon cancer
1986,0,Netherlands,Colon cancer
2025,0,Netherlands,Colon cancer
1992,15,Netherlands,Colorectal cancer
1990,7,Netherlands,Colorectal cancer
1991,21,Netherlands,Colorectal cancer
2001,36,Netherlands,Colorectal cancer
2002,56,Netherlands,Colorectal cancer
2003,57,Netherlands,Colorectal cancer
2004,58,Netherlands,Colorectal cancer
2005,73,Netherlands,Colorectal cancer
2006,78,Netherlands,Colorectal cancer
2007,81,Netherlands,Colorectal cancer
2008,83,Netherlands,Colorectal cancer
2009,97,Netherlands,Colorectal cancer
2010,111,Netherlands,Colorectal cancer
2011,111,Netherlands,Colorectal cancer
2012,141,Netherlands,Colorectal cancer
1989,7,Netherlands,Colorectal cancer
2013,153,Netherlands,Colorectal cancer
1994,31,Netherlands,Colorectal cancer
1998,22,Netherlands,Colorectal cancer
2014,151,Netherlands,Colorectal cancer
2015,191,Netherlands,Colorectal cancer
2016,172,Netherlands,Colorectal cancer
2017,174,Netherlands,Colorectal cancer
2018,197,Netherlands,Colorectal cancer
1988,13,Netherlands,Colorectal cancer
2019,186,Netherlands,Colorectal cancer
2020,209,Netherlands,Colorectal cancer
2021,230,Netherlands,Colorectal cancer
2022,222,Netherlands,Colorectal cancer
1993,30,Netherlands,Colorectal cancer
2023,211,Netherlands,Colorectal cancer
1987,1,Netherlands,Colorectal cancer
2024,130,Netherlands,Colorectal cancer
1995,40,Netherlands,Colorectal cancer
1996,33,Netherlands,Colorectal cancer
1997,25,Netherlands,Colorectal cancer
1999,47,Netherlands,Colorectal cancer
2000,41,Netherlands,Colorectal cancer
1984,0,Netherlands,Colorectal cancer
1985,0,Netherlands,Colorectal cancer
1986,0,Netherlands,Colorectal cancer
2025,0,Netherlands,Colorectal cancer
1992,1,Netherlands,Esophageal cancer
1990,2,Netherlands,Esophageal cancer
2001,5,Netherlands,Esophageal cancer
2002,4,Netherlands,Esophageal cancer
2003,3,Netherlands,Esophageal cancer
2004,12,Netherlands,Esophageal cancer
2005,16,Netherlands,Esophageal cancer
2006,14,Netherlands,Esophageal cancer
1999,5,Netherlands,Esophageal cancer
2008,21,Netherlands,Esophageal cancer
2007,12,Netherlands,Esophageal cancer
2009,16,Netherlands,Esophageal cancer
2010,22,Netherlands,Esophageal cancer
2011,11,Netherlands,Esophageal cancer
2016,24,Netherlands,Esophageal cancer
1988,1,Netherlands,Esophageal cancer
2012,27,Netherlands,Esophageal cancer
2013,16,Netherlands,Esophageal cancer
2014,30,Netherlands,Esophageal cancer
2015,37,Netherlands,Esophageal cancer
2017,56,Netherlands,Esophageal cancer
2018,42,Netherlands,Esophageal cancer
2019,53,Netherlands,Esophageal cancer
2020,51,Netherlands,Esophageal cancer
2021,62,Netherlands,Esophageal cancer
2022,52,Netherlands,Esophageal cancer
2023,46,Netherlands,Esophageal cancer
2024,35,Netherlands,Esophageal cancer
1993,5,Netherlands,Esophageal cancer
1995,2,Netherlands,Esophageal cancer
1996,1,Netherlands,Esophageal cancer
1997,1,Netherlands,Esophageal cancer
1998,1,Netherlands,Esophageal cancer
2000,1,Netherlands,Esophageal cancer
1984,0,Netherlands,Esophageal cancer
1985,0,Netherlands,Esophageal cancer
1986,0,Netherlands,Esophageal cancer
1987,0,Netherlands,Esophageal cancer
1989,0,Netherlands,Esophageal cancer
1991,0,Netherlands,Esophageal cancer
1994,0,Netherlands,Esophageal cancer
2025,0,Netherlands,Esophageal cancer
2003,1,Netherlands,Gallbladder cancer
1987,1,Netherlands,Gallbladder cancer
2012,2,Netherlands,Gallbladder cancer
2014,2,Netherlands,Gallbladder cancer
2018,1,Netherlands,Gallbladder cancer
2019,5,Netherlands,Gallbladder cancer
2020,6,Netherlands,Gallbladder cancer
2021,5,Netherlands,Gallbladder cancer
2023,6,Netherlands,Gallbladder cancer
2022,3,Netherlands,Gallbladder cancer
2024,1,Netherlands,Gallbladder cancer
1993,1,Netherlands,Gallbladder cancer
1995,1,Netherlands,Gallbladder cancer
1999,1,Netherlands,Gallbladder cancer
1984,0,Netherlands,Gallbladder cancer
1985,0,Netherlands,Gallbladder cancer
1986,0,Netherlands,Gallbladder cancer
1988,0,Netherlands,Gallbladder cancer
1989,0,Netherlands,Gallbladder cancer
1990,0,Netherlands,Gallbladder cancer
1991,0,Netherlands,Gallbladder cancer
1992,0,Netherlands,Gallbladder cancer
1994,0,Netherlands,Gallbladder cancer
1996,0,Netherlands,Gallbladder cancer
1997,0,Netherlands,Gallbladder cancer
1998,0,Netherlands,Gallbladder cancer
2000,0,Netherlands,Gallbladder cancer
2001,0,Netherlands,Gallbladder cancer
2002,0,Netherlands,Gallbladder cancer
2004,0,Netherlands,Gallbladder cancer
2005,0,Netherlands,Gallbladder cancer
2006,0,Netherlands,Gallbladder cancer
2007,0,Netherlands,Gallbladder cancer
2008,0,Netherlands,Gallbladder cancer
2009,0,Netherlands,Gallbladder cancer
2010,0,Netherlands,Gallbladder cancer
2011,0,Netherlands,Gallbladder cancer
2013,0,Netherlands,Gallbladder cancer
2015,0,Netherlands,Gallbladder cancer
2016,0,Netherlands,Gallbladder cancer
2017,0,Netherlands,Gallbladder cancer
2025,0,Netherlands,Gallbladder cancer
1992,6,Netherlands,Hodgkin lymphoma
1991,5,Netherlands,Hodgkin lymphoma
2001,5,Netherlands,Hodgkin lymphoma
2002,13,Netherlands,Hodgkin lymphoma
2003,7,Netherlands,Hodgkin lymphoma
2004,8,Netherlands,Hodgkin lymphoma
2005,11,Netherlands,Hodgkin lymphoma
2006,6,Netherlands,Hodgkin lymphoma
2007,14,Netherlands,Hodgkin lymphoma
2008,11,Netherlands,Hodgkin lymphoma
2009,9,Netherlands,Hodgkin lymphoma
2010,13,Netherlands,Hodgkin lymphoma
2011,12,Netherlands,Hodgkin lymphoma
2012,14,Netherlands,Hodgkin lymphoma
1990,2,Netherlands,Hodgkin lymphoma
2013,13,Netherlands,Hodgkin lymphoma
2014,21,Netherlands,Hodgkin lymphoma
2015,18,Netherlands,Hodgkin lymphoma
2016,36,Netherlands,Hodgkin lymphoma
2017,33,Netherlands,Hodgkin lymphoma
2018,30,Netherlands,Hodgkin lymphoma
1987,6,Netherlands,Hodgkin lymphoma
1988,2,Netherlands,Hodgkin lymphoma
1989,1,Netherlands,Hodgkin lymphoma
2019,20,Netherlands,Hodgkin lymphoma
2020,20,Netherlands,Hodgkin lymphoma
2021,23,Netherlands,Hodgkin lymphoma
2022,28,Netherlands,Hodgkin lymphoma
2023,27,Netherlands,Hodgkin lymphoma
2024,11,Netherlands,Hodgkin lymphoma
1994,6,Netherlands,Hodgkin lymphoma
1995,2,Netherlands,Hodgkin lymphoma
1993,4,Netherlands,Hodgkin lymphoma
1996,6,Netherlands,Hodgkin lymphoma
1997,5,Netherlands,Hodgkin lymphoma
1998,4,Netherlands,Hodgkin lymphoma
1999,4,Netherlands,Hodgkin lymphoma
2000,5,Netherlands,Hodgkin lymphoma
1984,0,Netherlands,Hodgkin lymphoma
1985,0,Netherlands,Hodgkin lymphoma
1986,0,Netherlands,Hodgkin lymphoma
2025,0,Netherlands,Hodgkin lymphoma
2001,1,Netherlands,Kaposi sarcoma
2005,3,Netherlands,Kaposi sarcoma
2007,1,Netherlands,Kaposi sarcoma
2011,2,Netherlands,Kaposi sarcoma
2013,1,Netherlands,Kaposi sarcoma
2014,1,Netherlands,Kaposi sarcoma
2017,1,Netherlands,Kaposi sarcoma
2018,1,Netherlands,Kaposi sarcoma
2019,1,Netherlands,Kaposi sarcoma
2020,2,Netherlands,Kaposi sarcoma
2021,1,Netherlands,Kaposi sarcoma
2023,1,Netherlands,Kaposi sarcoma
1994,1,Netherlands,Kaposi sarcoma
1996,1,Netherlands,Kaposi sarcoma
1984,0,Netherlands,Kaposi sarcoma
1985,0,Netherlands,Kaposi sarcoma
1986,0,Netherlands,Kaposi sarcoma
1987,0,Netherlands,Kaposi sarcoma
1988,0,Netherlands,Kaposi sarcoma
1989,0,Netherlands,Kaposi sarcoma
1990,0,Netherlands,Kaposi sarcoma
1991,0,Netherlands,Kaposi sarcoma
1992,0,Netherlands,Kaposi sarcoma
1993,0,Netherlands,Kaposi sarcoma
1995,0,Netherlands,Kaposi sarcoma
1997,0,Netherlands,Kaposi sarcoma
1998,0,Netherlands,Kaposi sarcoma
1999,0,Netherlands,Kaposi sarcoma
2000,0,Netherlands,Kaposi sarcoma
2002,0,Netherlands,Kaposi sarcoma
2003,0,Netherlands,Kaposi sarcoma
2004,0,Netherlands,Kaposi sarcoma
2006,0,Netherlands,Kaposi sarcoma
2008,0,Netherlands,Kaposi sarcoma
2009,0,Netherlands,Kaposi sarcoma
2010,0,Netherlands,Kaposi sarcoma
2012,0,Netherlands,Kaposi sarcoma
2015,0,Netherlands,Kaposi sarcoma
2016,0,Netherlands,Kaposi sarcoma
2022,0,Netherlands,Kaposi sarcoma
2024,0,Netherlands,Kaposi sarcoma
2025,0,Netherlands,Kaposi sarcoma
1992,19,Netherlands,Kidney cancer
1990,9,Netherlands,Kidney cancer
1991,12,Netherlands,Kidney cancer
2000,16,Netherlands,Kidney cancer
2001,18,Netherlands,Kidney cancer
2002,22,Netherlands,Kidney cancer
2003,17,Netherlands,Kidney cancer
2004,14,Netherlands,Kidney cancer
2005,20,Netherlands,Kidney cancer
2006,9,Netherlands,Kidney cancer
2007,15,Netherlands,Kidney cancer
2008,26,Netherlands,Kidney cancer
2009,22,Netherlands,Kidney cancer
2010,24,Netherlands,Kidney cancer
2011,24,Netherlands,Kidney cancer
1993,11,Netherlands,Kidney cancer
2012,35,Netherlands,Kidney cancer
2013,31,Netherlands,Kidney cancer
1987,4,Netherlands,Kidney cancer
1988,10,Netherlands,Kidney cancer
1989,9,Netherlands,Kidney cancer
2014,20,Netherlands,Kidney cancer
2015,28,Netherlands,Kidney cancer
2016,38,Netherlands,Kidney cancer
2017,29,Netherlands,Kidney cancer
2018,35,Netherlands,Kidney cancer
2019,35,Netherlands,Kidney cancer
2020,24,Netherlands,Kidney cancer
2021,26,Netherlands,Kidney cancer
2022,33,Netherlands,Kidney cancer
2023,27,Netherlands,Kidney cancer
2024,14,Netherlands,Kidney cancer
1994,14,Netherlands,Kidney cancer
1995,14,Netherlands,Kidney cancer
1996,22,Netherlands,Kidney cancer
1997,13,Netherlands,Kidney cancer
1998,13,Netherlands,Kidney cancer
1999,19,Netherlands,Kidney cancer
1984,0,Netherlands,Kidney cancer
1985,0,Netherlands,Kidney cancer
1986,0,Netherlands,Kidney cancer
2025,0,Netherlands,Kidney cancer
1992,6,Netherlands,Laryngeal cancer
1991,3,Netherlands,Laryngeal cancer
2001,1,Netherlands,Laryngeal cancer
2002,6,Netherlands,Laryngeal cancer
2003,2,Netherlands,Laryngeal cancer
2004,1,Netherlands,Laryngeal cancer
2005,4,Netherlands,Laryngeal cancer
2006,3,Netherlands,Laryngeal cancer
2007,6,Netherlands,Laryngeal cancer
2008,1,Netherlands,Laryngeal cancer
2009,5,Netherlands,Laryngeal cancer
2010,3,Netherlands,Laryngeal cancer
2011,3,Netherlands,Laryngeal cancer
2012,5,Netherlands,Laryngeal cancer
1990,3,Netherlands,Laryngeal cancer
2013,7,Netherlands,Laryngeal cancer
2014,9,Netherlands,Laryngeal cancer
2015,10,Netherlands,Laryngeal cancer
2016,4,Netherlands,Laryngeal cancer
2017,3,Netherlands,Laryngeal cancer
1988,1,Netherlands,Laryngeal cancer
2018,6,Netherlands,Laryngeal cancer
2019,5,Netherlands,Laryngeal cancer
2020,6,Netherlands,Laryngeal cancer
2021,6,Netherlands,Laryngeal cancer
2022,3,Netherlands,Laryngeal cancer
2023,5,Netherlands,Laryngeal cancer
2024,5,Netherlands,Laryngeal cancer
1995,5,Netherlands,Laryngeal cancer
1993,3,Netherlands,Laryngeal cancer
1996,2,Netherlands,Laryngeal cancer
1998,5,Netherlands,Laryngeal cancer
1999,2,Netherlands,Laryngeal cancer
2000,2,Netherlands,Laryngeal cancer
1984,0,Netherlands,Laryngeal cancer
1985,0,Netherlands,Laryngeal cancer
1986,0,Netherlands,Laryngeal cancer
1987,0,Netherlands,Laryngeal cancer
1989,0,Netherlands,Laryngeal cancer
1994,0,Netherlands,Laryngeal cancer
1997,0,Netherlands,Laryngeal cancer
2025,0,Netherlands,Laryngeal cancer
1992,90,Netherlands,Leukemia
1990,96,Netherlands,Leukemia
1991,90,Netherlands,Leukemia
2000,94,Netherlands,Leukemia
2001,84,Netherlands,Leukemia
2002,85,Netherlands,Leukemia
1996,103,Netherlands,Leukemia
2003,93,Netherlands,Leukemia
2004,88,Netherlands,Leukemia
2005,106,Netherlands,Leukemia
2006,83,Netherlands,Leukemia
2007,92,Netherlands,Leukemia
2008,95,Netherlands,Leukemia
2009,98,Netherlands,Leukemia
2010,89,Netherlands,Leukemia
2011,116,Netherlands,Leukemia
2012,98,Netherlands,Leukemia
1987,41,Netherlands,Leukemia
1988,81,Netherlands,Leukemia
1989,84,Netherlands,Leukemia
2013,102,Netherlands,Leukemia
2014,107,Netherlands,Leukemia
2015,82,Netherlands,Leukemia
2016,123,Netherlands,Leukemia
2017,97,Netherlands,Leukemia
2018,94,Netherlands,Leukemia
2019,112,Netherlands,Leukemia
2020,106,Netherlands,Leukemia
2021,125,Netherlands,Leukemia
2023,113,Netherlands,Leukemia
2022,123,Netherlands,Leukemia
2024,67,Netherlands,Leukemia
2025,1,Netherlands,Leukemia
1993,134,Netherlands,Leukemia
1994,102,Netherlands,Leukemia
1995,110,Netherlands,Leukemia
1997,102,Netherlands,Leukemia
1998,81,Netherlands,Leukemia
1999,92,Netherlands,Leukemia
1984,0,Netherlands,Leukemia
1985,0,Netherlands,Leukemia
1986,0,Netherlands,Leukemia
1992,2,Netherlands,Liver cancer
1990,4,Netherlands,Liver cancer
1991,4,Netherlands,Liver cancer
2001,2,Netherlands,Liver cancer
2002,12,Netherlands,Liver cancer
1995,4,Netherlands,Liver cancer
2003,7,Netherlands,Liver cancer
2004,10,Netherlands,Liver cancer
2005,10,Netherlands,Liver cancer
2006,10,Netherlands,Liver cancer
2007,8,Netherlands,Liver cancer
2008,11,Netherlands,Liver cancer
2009,7,Netherlands,Liver cancer
2011,13,Netherlands,Liver cancer
2010,13,Netherlands,Liver cancer
1989,2,Netherlands,Liver cancer
2012,16,Netherlands,Liver cancer
2013,17,Netherlands,Liver cancer
2014,14,Netherlands,Liver cancer
2015,23,Netherlands,Liver cancer
2016,19,Netherlands,Liver cancer
2017,16,Netherlands,Liver cancer
1988,1,Netherlands,Liver cancer
2018,12,Netherlands,Liver cancer
2019,27,Netherlands,Liver cancer
2020,29,Netherlands,Liver cancer
2021,41,Netherlands,Liver cancer
2022,35,Netherlands,Liver cancer
2023,34,Netherlands,Liver cancer
2024,20,Netherlands,Liver cancer
1994,1,Netherlands,Liver cancer
1993,4,Netherlands,Liver cancer
1996,5,Netherlands,Liver cancer
1997,11,Netherlands,Liver cancer
1998,3,Netherlands,Liver cancer
1999,5,Netherlands,Liver cancer
2000,7,Netherlands,Liver cancer
1984,0,Netherlands,Liver cancer
1985,0,Netherlands,Liver cancer
1986,0,Netherlands,Liver cancer
1987,0,Netherlands,Liver cancer
2025,0,Netherlands,Liver cancer
1992,16,Netherlands,Lung cancer
1990,12,Netherlands,Lung cancer
1991,14,Netherlands,Lung cancer
2000,23,Netherlands,Lung cancer
2001,30,Netherlands,Lung cancer
2002,41,Netherlands,Lung cancer
1995,26,Netherlands,Lung cancer
2003,31,Netherlands,Lung cancer
2004,31,Netherlands,Lung cancer
2005,29,Netherlands,Lung cancer
2006,39,Netherlands,Lung cancer
2007,37,Netherlands,Lung cancer
2008,33,Netherlands,Lung cancer
1996,29,Netherlands,Lung cancer
1998,21,Netherlands,Lung cancer
1999,26,Netherlands,Lung cancer
2009,34,Netherlands,Lung cancer
2010,59,Netherlands,Lung cancer
2011,38,Netherlands,Lung cancer
2012,56,Netherlands,Lung cancer
2013,57,Netherlands,Lung cancer
1988,10,Netherlands,Lung cancer
1989,8,Netherlands,Lung cancer
2014,54,Netherlands,Lung cancer
2015,68,Netherlands,Lung cancer
2016,79,Netherlands,Lung cancer
2017,77,Netherlands,Lung cancer
1987,5,Netherlands,Lung cancer
2018,83,Netherlands,Lung cancer
2019,90,Netherlands,Lung cancer
2020,107,Netherlands,Lung cancer
2021,130,Netherlands,Lung cancer
2022,102,Netherlands,Lung cancer
2023,116,Netherlands,Lung cancer
2024,74,Netherlands,Lung cancer
1993,18,Netherlands,Lung cancer
1994,23,Netherlands,Lung cancer
1997,23,Netherlands,Lung cancer
1984,0,Netherlands,Lung cancer
1985,0,Netherlands,Lung cancer
1986,0,Netherlands,Lung cancer
2025,0,Netherlands,Lung cancer
1992,7,Netherlands,Mesothelioma
1990,6,Netherlands,Mesothelioma
1991,7,Netherlands,Mesothelioma
2001,5,Netherlands,Mesothelioma
2002,12,Netherlands,Mesothelioma
2003,13,Netherlands,Mesothelioma
2004,7,Netherlands,Mesothelioma
2005,7,Netherlands,Mesothelioma
2006,10,Netherlands,Mesothelioma
2008,6,Netherlands,Mesothelioma
2007,5,Netherlands,Mesothelioma
2009,3,Netherlands,Mesothelioma
2010,5,Netherlands,Mesothelioma
2011,3,Netherlands,Mesothelioma
1989,6,Netherlands,Mesothelioma
2012,6,Netherlands,Mesothelioma
2013,10,Netherlands,Mesothelioma
2014,8,Netherlands,Mesothelioma
2015,6,Netherlands,Mesothelioma
2016,7,Netherlands,Mesothelioma
2017,9,Netherlands,Mesothelioma
1988,4,Netherlands,Mesothelioma
2018,15,Netherlands,Mesothelioma
2019,14,Netherlands,Mesothelioma
2020,19,Netherlands,Mesothelioma
2021,16,Netherlands,Mesothelioma
2022,10,Netherlands,Mesothelioma
1987,1,Netherlands,Mesothelioma
2023,12,Netherlands,Mesothelioma
2024,7,Netherlands,Mesothelioma
1994,7,Netherlands,Mesothelioma
1995,6,Netherlands,Mesothelioma
1993,4,Netherlands,Mesothelioma
1996,6,Netherlands,Mesothelioma
1997,9,Netherlands,Mesothelioma
1998,4,Netherlands,Mesothelioma
1999,6,Netherlands,Mesothelioma
2000,7,Netherlands,Mesothelioma
1984,0,Netherlands,Mesothelioma
1985,0,Netherlands,Mesothelioma
1986,0,Netherlands,Mesothelioma
2025,0,Netherlands,Mesothelioma
1996,1,Netherlands,Mouth cancer
2016,1,Netherlands,Mouth cancer
1984,0,Netherlands,Mouth cancer
1985,0,Netherlands,Mouth cancer
1986,0,Netherlands,Mouth cancer
1987,0,Netherlands,Mouth cancer
1988,0,Netherlands,Mouth cancer
1989,0,Netherlands,Mouth cancer
1990,0,Netherlands,Mouth cancer
1991,0,Netherlands,Mouth cancer
1992,0,Netherlands,Mouth cancer
1993,0,Netherlands,Mouth cancer
1994,0,Netherlands,Mouth cancer
1995,0,Netherlands,Mouth cancer
1997,0,Netherlands,Mouth cancer
1998,0,Netherlands,Mouth cancer
1999,0,Netherlands,Mouth cancer
2000,0,Netherlands,Mouth cancer
2001,0,Netherlands,Mouth cancer
2002,0,Netherlands,Mouth cancer
2003,0,Netherlands,Mouth cancer
2004,0,Netherlands,Mouth cancer
2005,0,Netherlands,Mouth cancer
2006,0,Netherlands,Mouth cancer
2007,0,Netherlands,Mouth cancer
2008,0,Netherlands,Mouth cancer
2009,0,Netherlands,Mouth cancer
2010,0,Netherlands,Mouth cancer
2011,0,Netherlands,Mouth cancer
2012,0,Netherlands,Mouth cancer
2013,0,Netherlands,Mouth cancer
2014,0,Netherlands,Mouth cancer
2015,0,Netherlands,Mouth cancer
2017,0,Netherlands,Mouth cancer
2018,0,Netherlands,Mouth cancer
2019,0,Netherlands,Mouth cancer
2020,0,Netherlands,Mouth cancer
2021,0,Netherlands,Mouth cancer
2022,0,Netherlands,Mouth cancer
2023,0,Netherlands,Mouth cancer
2024,0,Netherlands,Mouth cancer
2025,0,Netherlands,Mouth cancer
1992,10,Netherlands,Multiple myeloma
1991,9,Netherlands,Multiple myeloma
2001,13,Netherlands,Multiple myeloma
2002,15,Netherlands,Multiple myeloma
1996,22,Netherlands,Multiple myeloma
2003,19,Netherlands,Multiple myeloma
2004,12,Netherlands,Multiple myeloma
2005,14,Netherlands,Multiple myeloma
2006,13,Netherlands,Multiple myeloma
2007,20,Netherlands,Multiple myeloma
2008,14,Netherlands,Multiple myeloma
2009,12,Netherlands,Multiple myeloma
2010,23,Netherlands,Multiple myeloma
2011,22,Netherlands,Multiple myeloma
1989,1,Netherlands,Multiple myeloma
1990,7,Netherlands,Multiple myeloma
2012,29,Netherlands,Multiple myeloma
2013,36,Netherlands,Multiple myeloma
2014,21,Netherlands,Multiple myeloma
2015,32,Netherlands,Multiple myeloma
2016,27,Netherlands,Multiple myeloma
2017,29,Netherlands,Multiple myeloma
2018,37,Netherlands,Multiple myeloma
1987,2,Netherlands,Multiple myeloma
1988,4,Netherlands,Multiple myeloma
2019,25,Netherlands,Multiple myeloma
2020,39,Netherlands,Multiple myeloma
2021,50,Netherlands,Multiple myeloma
2022,34,Netherlands,Multiple myeloma
2023,38,Netherlands,Multiple myeloma
2024,24,Netherlands,Multiple myeloma
1993,10,Netherlands,Multiple myeloma
1994,14,Netherlands,Multiple myeloma
1995,14,Netherlands,Multiple myeloma
1997,11,Netherlands,Multiple myeloma
1998,15,Netherlands,Multiple myeloma
1999,18,Netherlands,Multiple myeloma
2000,11,Netherlands,Multiple myeloma
1984,0,Netherlands,Multiple myeloma
1985,0,Netherlands,Multiple myeloma
1986,0,Netherlands,Multiple myeloma
2025,0,Netherlands,Multiple myeloma
1992,7,Netherlands,Non-Hodgkin lymphoma
1991,8,Netherlands,Non-Hodgkin lymphoma
2001,7,Netherlands,Non-Hodgkin lymphoma
2002,15,Netherlands,Non-Hodgkin lymphoma
2003,25,Netherlands,Non-Hodgkin lymphoma
2004,10,Netherlands,Non-Hodgkin lymphoma
2005,23,Netherlands,Non-Hodgkin lymphoma
2006,16,Netherlands,Non-Hodgkin lymphoma
2007,21,Netherlands,Non-Hodgkin lymphoma
2008,14,Netherlands,Non-Hodgkin lymphoma
2009,14,Netherlands,Non-Hodgkin lymphoma
2010,15,Netherlands,Non-Hodgkin lymphoma
2011,15,Netherlands,Non-Hodgkin lymphoma
1990,3,Netherlands,Non-Hodgkin lymphoma
2012,16,Netherlands,Non-Hodgkin lymphoma
2013,16,Netherlands,Non-Hodgkin lymphoma
2014,25,Netherlands,Non-Hodgkin lymphoma
2015,33,Netherlands,Non-Hodgkin lymphoma
2016,34,Netherlands,Non-Hodgkin lymphoma
2017,28,Netherlands,Non-Hodgkin lymphoma
2018,22,Netherlands,Non-Hodgkin lymphoma
1987,6,Netherlands,Non-Hodgkin lymphoma
1988,2,Netherlands,Non-Hodgkin lymphoma
1989,2,Netherlands,Non-Hodgkin lymphoma
2019,20,Netherlands,Non-Hodgkin lymphoma
2020,23,Netherlands,Non-Hodgkin lymphoma
2021,24,Netherlands,Non-Hodgkin lymphoma
2022,33,Netherlands,Non-Hodgkin lymphoma
2023,23,Netherlands,Non-Hodgkin lymphoma
2024,18,Netherlands,Non-Hodgkin lymphoma
1994,7,Netherlands,Non-Hodgkin lymphoma
1995,5,Netherlands,Non-Hodgkin lymphoma
1993,5,Netherlands,Non-Hodgkin lymphoma
1996,10,Netherlands,Non-Hodgkin lymphoma
1997,7,Netherlands,Non-Hodgkin lymphoma
1998,6,Netherlands,Non-Hodgkin lymphoma
1999,7,Netherlands,Non-Hodgkin lymphoma
2000,6,Netherlands,Non-Hodgkin lymphoma
1984,0,Netherlands,Non-Hodgkin lymphoma
1985,0,Netherlands,Non-Hodgkin lymphoma
1986,0,Netherlands,Non-Hodgkin lymphoma
2025,0,Netherlands,Non-Hodgkin lymphoma
1992,257,Netherlands,Other cancer
1990,216,Netherlands,Other cancer
1991,212,Netherlands,Other cancer
1993,300,Netherlands,Other cancer
1994,286,Netherlands,Other cancer
1995,322,Netherlands,Other cancer
1996,308,Netherlands,Other cancer
1997,316,Netherlands,Other cancer
1999,275,Netherlands,Other cancer
2000,292,Netherlands,Other cancer
2001,271,Netherlands,Other cancer
2002,283,Netherlands,Other cancer
2003,303,Netherlands,Other cancer
2004,293,Netherlands,Other cancer
2005,312,Netherlands,Other cancer
2006,304,Netherlands,Other cancer
2007,327,Netherlands,Other cancer
2008,328,Netherlands,Other cancer
2009,319,Netherlands,Other cancer
2010,310,Netherlands,Other cancer
2011,341,Netherlands,Other cancer
2012,386,Netherlands,Other cancer
2016,480,Netherlands,Other cancer
1987,69,Netherlands,Other cancer
1988,140,Netherlands,Other cancer
1989,178,Netherlands,Other cancer
2013,398,Netherlands,Other cancer
2014,439,Netherlands,Other cancer
2015,490,Netherlands,Other cancer
2017,429,Netherlands,Other cancer
2018,488,Netherlands,Other cancer
2019,496,Netherlands,Other cancer
2020,538,Netherlands,Other cancer
2021,576,Netherlands,Other cancer
2022,586,Netherlands,Other cancer
2023,523,Netherlands,Other cancer
2024,382,Netherlands,Other cancer
2025,8,Netherlands,Other cancer
1998,234,Netherlands,Other cancer
1984,0,Netherlands,Other cancer
1985,0,Netherlands,Other cancer
1986,0,Netherlands,Other cancer
1992,34,Netherlands,Ovarian cancer
1991,23,Netherlands,Ovarian cancer
1994,28,Netherlands,Ovarian cancer
1995,37,Netherlands,Ovarian cancer
2000,29,Netherlands,Ovarian cancer
2001,25,Netherlands,Ovarian cancer
2002,32,Netherlands,Ovarian cancer
2003,27,Netherlands,Ovarian cancer
2004,21,Netherlands,Ovarian cancer
2005,27,Netherlands,Ovarian cancer
2006,26,Netherlands,Ovarian cancer
2008,22,Netherlands,Ovarian cancer
2007,32,Netherlands,Ovarian cancer
2009,35,Netherlands,Ovarian cancer
1998,32,Netherlands,Ovarian cancer
2010,34,Netherlands,Ovarian cancer
2011,38,Netherlands,Ovarian cancer
2012,40,Netherlands,Ovarian cancer
1987,7,Netherlands,Ovarian cancer
1988,15,Netherlands,Ovarian cancer
1989,17,Netherlands,Ovarian cancer
1990,23,Netherlands,Ovarian cancer
2013,35,Netherlands,Ovarian cancer
2014,42,Netherlands,Ovarian cancer
2015,40,Netherlands,Ovarian cancer
2016,35,Netherlands,Ovarian cancer
2017,36,Netherlands,Ovarian cancer
2018,49,Netherlands,Ovarian cancer
2019,41,Netherlands,Ovarian cancer
2020,47,Netherlands,Ovarian cancer
2021,53,Netherlands,Ovarian cancer
2022,56,Netherlands,Ovarian cancer
2023,47,Netherlands,Ovarian cancer
2024,27,Netherlands,Ovarian cancer
1993,33,Netherlands,Ovarian cancer
1996,28,Netherlands,Ovarian cancer
1997,40,Netherlands,Ovarian cancer
1999,37,Netherlands,Ovarian cancer
1984,0,Netherlands,Ovarian cancer
1985,0,Netherlands,Ovarian cancer
1986,0,Netherlands,Ovarian cancer
2025,0,Netherlands,Ovarian cancer
1992,7,Netherlands,Pancreatic cancer
1990,8,Netherlands,Pancreatic cancer
1991,8,Netherlands,Pancreatic cancer
2001,1,Netherlands,Pancreatic cancer
2002,8,Netherlands,Pancreatic cancer
2003,4,Netherlands,Pancreatic cancer
2004,4,Netherlands,Pancreatic cancer
2005,10,Netherlands,Pancreatic cancer
2006,7,Netherlands,Pancreatic cancer
2007,11,Netherlands,Pancreatic cancer
2008,14,Netherlands,Pancreatic cancer
2009,14,Netherlands,Pancreatic cancer
2010,17,Netherlands,Pancreatic cancer
2011,20,Netherlands,Pancreatic cancer
2012,17,Netherlands,Pancreatic cancer
1989,7,Netherlands,Pancreatic cancer
2013,19,Netherlands,Pancreatic cancer
2014,29,Netherlands,Pancreatic cancer
2015,40,Netherlands,Pancreatic cancer
2016,41,Netherlands,Pancreatic cancer
2017,53,Netherlands,Pancreatic cancer
2018,54,Netherlands,Pancreatic cancer
1988,2,Netherlands,Pancreatic cancer
2019,54,Netherlands,Pancreatic cancer
2020,63,Netherlands,Pancreatic cancer
2021,78,Netherlands,Pancreatic cancer
2022,88,Netherlands,Pancreatic cancer
2023,83,Netherlands,Pancreatic cancer
1987,1,Netherlands,Pancreatic cancer
2024,61,Netherlands,Pancreatic cancer
2025,1,Netherlands,Pancreatic cancer
1993,4,Netherlands,Pancreatic cancer
1994,4,Netherlands,Pancreatic cancer
1995,6,Netherlands,Pancreatic cancer
1996,3,Netherlands,Pancreatic cancer
1997,4,Netherlands,Pancreatic cancer
1998,1,Netherlands,Pancreatic cancer
1999,22,Netherlands,Pancreatic cancer
2000,7,Netherlands,Pancreatic cancer
1984,0,Netherlands,Pancreatic cancer
1985,0,Netherlands,Pancreatic cancer
1986,0,Netherlands,Pancreatic cancer
2002,1,Netherlands,Penile cancer
2003,1,Netherlands,Penile cancer
2005,4,Netherlands,Penile cancer
2009,4,Netherlands,Penile cancer
2010,1,Netherlands,Penile cancer
2011,2,Netherlands,Penile cancer
2012,3,Netherlands,Penile cancer
2013,4,Netherlands,Penile cancer
2014,5,Netherlands,Penile cancer
2015,5,Netherlands,Penile cancer
2016,1,Netherlands,Penile cancer
2017,3,Netherlands,Penile cancer
2019,3,Netherlands,Penile cancer
2018,2,Netherlands,Penile cancer
2020,3,Netherlands,Penile cancer
2022,7,Netherlands,Penile cancer
2021,1,Netherlands,Penile cancer
2023,4,Netherlands,Penile cancer
2024,4,Netherlands,Penile cancer
1998,1,Netherlands,Penile cancer
1999,3,Netherlands,Penile cancer
2000,1,Netherlands,Penile cancer
1984,0,Netherlands,Penile cancer
1985,0,Netherlands,Penile cancer
1986,0,Netherlands,Penile cancer
1987,0,Netherlands,Penile cancer
1988,0,Netherlands,Penile cancer
1989,0,Netherlands,Penile cancer
1990,0,Netherlands,Penile cancer
1991,0,Netherlands,Penile cancer
1992,0,Netherlands,Penile cancer
1993,0,Netherlands,Penile cancer
1994,0,Netherlands,Penile cancer
1995,0,Netherlands,Penile cancer
1996,0,Netherlands,Penile cancer
1997,0,Netherlands,Penile cancer
2001,0,Netherlands,Penile cancer
2004,0,Netherlands,Penile cancer
2006,0,Netherlands,Penile cancer
2007,0,Netherlands,Penile cancer
2008,0,Netherlands,Penile cancer
2025,0,Netherlands,Penile cancer
1992,24,Netherlands,Prostate cancer
1990,12,Netherlands,Prostate cancer
1991,14,Netherlands,Prostate cancer
2001,58,Netherlands,Prostate cancer
2002,43,Netherlands,Prostate cancer
1995,37,Netherlands,Prostate cancer
1999,55,Netherlands,Prostate cancer
2000,67,Netherlands,Prostate cancer
2003,59,Netherlands,Prostate cancer
2004,49,Netherlands,Prostate cancer
2005,64,Netherlands,Prostate cancer
2006,73,Netherlands,Prostate cancer
2007,84,Netherlands,Prostate cancer
2008,81,Netherlands,Prostate cancer
2009,93,Netherlands,Prostate cancer
2010,102,Netherlands,Prostate cancer
2011,93,Netherlands,Prostate cancer
2012,116,Netherlands,Prostate cancer
2013,118,Netherlands,Prostate cancer
1988,14,Netherlands,Prostate cancer
1989,6,Netherlands,Prostate cancer
2014,107,Netherlands,Prostate cancer
2015,117,Netherlands,Prostate cancer
2016,128,Netherlands,Prostate cancer
2017,143,Netherlands,Prostate cancer
2018,142,Netherlands,Prostate cancer
2019,162,Netherlands,Prostate cancer
1987,2,Netherlands,Prostate cancer
2020,161,Netherlands,Prostate cancer
2021,176,Netherlands,Prostate cancer
2022,193,Netherlands,Prostate cancer
2023,175,Netherlands,Prostate cancer
2024,99,Netherlands,Prostate cancer
1993,26,Netherlands,Prostate cancer
1994,25,Netherlands,Prostate cancer
1996,36,Netherlands,Prostate cancer
1997,54,Netherlands,Prostate cancer
1998,33,Netherlands,Prostate cancer
1984,0,Netherlands,Prostate cancer
1985,0,Netherlands,Prostate cancer
1986,0,Netherlands,Prostate cancer
2025,0,Netherlands,Prostate cancer
1992,5,Netherlands,Rectal cancer
1991,5,Netherlands,Rectal cancer
2001,14,Netherlands,Rectal cancer
2002,18,Netherlands,Rectal cancer
2003,13,Netherlands,Rectal cancer
2004,18,Netherlands,Rectal cancer
2005,24,Netherlands,Rectal cancer
2006,19,Netherlands,Rectal cancer
2007,34,Netherlands,Rectal cancer
2008,33,Netherlands,Rectal cancer
2009,40,Netherlands,Rectal cancer
2010,32,Netherlands,Rectal cancer
2011,30,Netherlands,Rectal cancer
2012,35,Netherlands,Rectal cancer
1989,1,Netherlands,Rectal cancer
1990,2,Netherlands,Rectal cancer
2013,38,Netherlands,Rectal cancer
2014,55,Netherlands,Rectal cancer
2015,62,Netherlands,Rectal cancer
2016,51,Netherlands,Rectal cancer
2017,40,Netherlands,Rectal cancer
2018,65,Netherlands,Rectal cancer
2019,76,Netherlands,Rectal cancer
2020,79,Netherlands,Rectal cancer
2021,85,Netherlands,Rectal cancer
2022,85,Netherlands,Rectal cancer
2023,73,Netherlands,Rectal cancer
2024,43,Netherlands,Rectal cancer
1994,6,Netherlands,Rectal cancer
1995,3,Netherlands,Rectal cancer
1993,3,Netherlands,Rectal cancer
1996,7,Netherlands,Rectal cancer
1997,6,Netherlands,Rectal cancer
1998,4,Netherlands,Rectal cancer
1999,6,Netherlands,Rectal cancer
2000,9,Netherlands,Rectal cancer
1984,0,Netherlands,Rectal cancer
1985,0,Netherlands,Rectal cancer
1986,0,Netherlands,Rectal cancer
1987,0,Netherlands,Rectal cancer
1988,0,Netherlands,Rectal cancer
2025,0,Netherlands,Rectal cancer
2005,1,Netherlands,Salivary gland cancer
2008,1,Netherlands,Salivary gland cancer
2014,1,Netherlands,Salivary gland cancer
2015,1,Netherlands,Salivary gland cancer
2018,3,Netherlands,Salivary gland cancer
2019,2,Netherlands,Salivary gland cancer
2020,2,Netherlands,Salivary gland cancer
2021,3,Netherlands,Salivary gland cancer
2022,4,Netherlands,Salivary gland cancer
2023,1,Netherlands,Salivary gland cancer
2024,1,Netherlands,Salivary gland cancer
1993,1,Netherlands,Salivary gland cancer
1984,0,Netherlands,Salivary gland cancer
1985,0,Netherlands,Salivary gland cancer
1986,0,Netherlands,Salivary gland cancer
1987,0,Netherlands,Salivary gland cancer
1988,0,Netherlands,Salivary gland cancer
1989,0,Netherlands,Salivary gland cancer
1990,0,Netherlands,Salivary gland cancer
1991,0,Netherlands,Salivary gland cancer
1992,0,Netherlands,Salivary gland cancer
1994,0,Netherlands,Salivary gland cancer
1995,0,Netherlands,Salivary gland cancer
1996,0,Netherlands,Salivary gland cancer
1997,0,Netherlands,Salivary gland cancer
1998,0,Netherlands,Salivary gland cancer
1999,0,Netherlands,Salivary gland cancer
2000,0,Netherlands,Salivary gland cancer
2001,0,Netherlands,Salivary gland cancer
2002,0,Netherlands,Salivary gland cancer
2003,0,Netherlands,Salivary gland cancer
2004,0,Netherlands,Salivary gland cancer
2006,0,Netherlands,Salivary gland cancer
2007,0,Netherlands,Salivary gland cancer
2009,0,Netherlands,Salivary gland cancer
2010,0,Netherlands,Salivary gland cancer
2011,0,Netherlands,Salivary gland cancer
2012,0,Netherlands,Salivary gland cancer
2013,0,Netherlands,Salivary gland cancer
2016,0,Netherlands,Salivary gland cancer
2017,0,Netherlands,Salivary gland cancer
2025,0,Netherlands,Salivary gland cancer
1992,64,Netherlands,Skin cancer
1990,37,Netherlands,Skin cancer
1991,40,Netherlands,Skin cancer
2000,70,Netherlands,Skin cancer
2001,70,Netherlands,Skin cancer
2002,74,Netherlands,Skin cancer
1996,69,Netherlands,Skin cancer
2003,75,Netherlands,Skin cancer
2004,62,Netherlands,Skin cancer
2005,88,Netherlands,Skin cancer
2006,76,Netherlands,Skin cancer
2007,58,Netherlands,Skin cancer
2008,89,Netherlands,Skin cancer
2009,83,Netherlands,Skin cancer
2010,95,Netherlands,Skin cancer
2011,93,Netherlands,Skin cancer
2012,109,Netherlands,Skin cancer
1988,28,Netherlands,Skin cancer
1989,34,Netherlands,Skin cancer
2013,93,Netherlands,Skin cancer
2014,96,Netherlands,Skin cancer
2015,98,Netherlands,Skin cancer
2016,111,Netherlands,Skin cancer
2017,112,Netherlands,Skin cancer
2018,117,Netherlands,Skin cancer
1987,5,Netherlands,Skin cancer
2019,145,Netherlands,Skin cancer
2020,143,Netherlands,Skin cancer
2021,171,Netherlands,Skin cancer
2022,137,Netherlands,Skin cancer
1986,1,Netherlands,Skin cancer
2023,129,Netherlands,Skin cancer
2024,91,Netherlands,Skin cancer
2025,4,Netherlands,Skin cancer
1993,54,Netherlands,Skin cancer
1994,57,Netherlands,Skin cancer
1995,76,Netherlands,Skin cancer
1997,70,Netherlands,Skin cancer
1998,57,Netherlands,Skin cancer
1999,74,Netherlands,Skin cancer
1984,0,Netherlands,Skin cancer
1985,0,Netherlands,Skin cancer
1991,3,Netherlands,Stomach cancer
2000,3,Netherlands,Stomach cancer
2001,2,Netherlands,Stomach cancer
2002,2,Netherlands,Stomach cancer
2003,4,Netherlands,Stomach cancer
2004,1,Netherlands,Stomach cancer
2005,3,Netherlands,Stomach cancer
2006,3,Netherlands,Stomach cancer
2008,2,Netherlands,Stomach cancer
2009,2,Netherlands,Stomach cancer
2010,3,Netherlands,Stomach cancer
2011,5,Netherlands,Stomach cancer
1989,3,Netherlands,Stomach cancer
1990,3,Netherlands,Stomach cancer
2012,2,Netherlands,Stomach cancer
2013,2,Netherlands,Stomach cancer
2014,5,Netherlands,Stomach cancer
2015,3,Netherlands,Stomach cancer
2017,5,Netherlands,Stomach cancer
1988,2,Netherlands,Stomach cancer
2018,6,Netherlands,Stomach cancer
2019,7,Netherlands,Stomach cancer
2020,5,Netherlands,Stomach cancer
2021,10,Netherlands,Stomach cancer
2022,5,Netherlands,Stomach cancer
2023,7,Netherlands,Stomach cancer
2024,3,Netherlands,Stomach cancer
1995,3,Netherlands,Stomach cancer
1993,2,Netherlands,Stomach cancer
1994,1,Netherlands,Stomach cancer
1996,5,Netherlands,Stomach cancer
1997,1,Netherlands,Stomach cancer
1998,6,Netherlands,Stomach cancer
1999,3,Netherlands,Stomach cancer
1984,0,Netherlands,Stomach cancer
1985,0,Netherlands,Stomach cancer
1986,0,Netherlands,Stomach cancer
1987,0,Netherlands,Stomach cancer
1992,0,Netherlands,Stomach cancer
2007,0,Netherlands,Stomach cancer
2016,0,Netherlands,Stomach cancer
2025,0,Netherlands,Stomach cancer
1992,3,Netherlands,Testicular cancer
1990,9,Netherlands,Testicular cancer
1991,6,Netherlands,Testicular cancer
2000,7,Netherlands,Testicular cancer
2001,6,Netherlands,Testicular cancer
2002,7,Netherlands,Testicular cancer
2003,4,Netherlands,Testicular cancer
2004,8,Netherlands,Testicular cancer
2005,8,Netherlands,Testicular cancer
2006,8,Netherlands,Testicular cancer
2007,3,Netherlands,Testicular cancer
2008,6,Netherlands,Testicular cancer
2009,7,Netherlands,Testicular cancer
2010,12,Netherlands,Testicular cancer
2011,5,Netherlands,Testicular cancer
1987,3,Netherlands,Testicular cancer
1988,4,Netherlands,Testicular cancer
1989,2,Netherlands,Testicular cancer
2012,5,Netherlands,Testicular cancer
2013,6,Netherlands,Testicular cancer
2014,7,Netherlands,Testicular cancer
2015,6,Netherlands,Testicular cancer
2016,7,Netherlands,Testicular cancer
2017,5,Netherlands,Testicular cancer
2018,5,Netherlands,Testicular cancer
2019,6,Netherlands,Testicular cancer
2020,10,Netherlands,Testicular cancer
2021,9,Netherlands,Testicular cancer
2022,5,Netherlands,Testicular cancer
2023,3,Netherlands,Testicular cancer
2024,9,Netherlands,Testicular cancer
1994,4,Netherlands,Testicular cancer
1995,4,Netherlands,Testicular cancer
1993,5,Netherlands,Testicular cancer
1996,7,Netherlands,Testicular cancer
1997,9,Netherlands,Testicular cancer
1998,5,Netherlands,Testicular cancer
1999,12,Netherlands,Testicular cancer
1984,0,Netherlands,Testicular cancer
1985,0,Netherlands,Testicular cancer
1986,0,Netherlands,Testicular cancer
2025,0,Netherlands,Testicular cancer
1994,1,Netherlands,Throat cancer
1984,0,Netherlands,Throat cancer
1985,0,Netherlands,Throat cancer
1986,0,Netherlands,Throat cancer
1987,0,Netherlands,Throat cancer
1988,0,Netherlands,Throat cancer
1989,0,Netherlands,Throat cancer
1990,0,Netherlands,Throat cancer
1991,0,Netherlands,Throat cancer
1992,0,Netherlands,Throat cancer
1993,0,Netherlands,Throat cancer
1995,0,Netherlands,Throat cancer
1996,0,Netherlands,Throat cancer
1997,0,Netherlands,Throat cancer
1998,0,Netherlands,Throat cancer
1999,0,Netherlands,Throat cancer
2000,0,Netherlands,Throat cancer
2001,0,Netherlands,Throat cancer
2002,0,Netherlands,Throat cancer
2003,0,Netherlands,Throat cancer
2004,0,Netherlands,Throat cancer
2005,0,Netherlands,Throat cancer
2006,0,Netherlands,Throat cancer
2007,0,Netherlands,Throat cancer
2008,0,Netherlands,Throat cancer
2009,0,Netherlands,Throat cancer
2010,0,Netherlands,Throat cancer
2011,0,Netherlands,Throat cancer
2012,0,Netherlands,Throat cancer
2013,0,Netherlands,Throat cancer
2014,0,Netherlands,Throat cancer
2015,0,Netherlands,Throat cancer
2016,0,Netherlands,Throat cancer
2017,0,Netherlands,Throat cancer
2018,0,Netherlands,Throat cancer
2019,0,Netherlands,Throat cancer
2020,0,Netherlands,Throat cancer
2021,0,Netherlands,Throat cancer
2022,0,Netherlands,Throat cancer
2023,0,Netherlands,Throat cancer
2024,0,Netherlands,Throat cancer
2025,0,Netherlands,Throat cancer
1992,2,Netherlands,Thyroid cancer
1991,1,Netherlands,Thyroid cancer
2000,8,Netherlands,Thyroid cancer
2001,9,Netherlands,Thyroid cancer
2002,4,Netherlands,Thyroid cancer
2003,9,Netherlands,Thyroid cancer
2004,11,Netherlands,Thyroid cancer
2005,4,Netherlands,Thyroid cancer
2006,10,Netherlands,Thyroid cancer
2008,10,Netherlands,Thyroid cancer
2007,7,Netherlands,Thyroid cancer
2009,5,Netherlands,Thyroid cancer
2010,3,Netherlands,Thyroid cancer
2011,6,Netherlands,Thyroid cancer
2012,10,Netherlands,Thyroid cancer
2013,10,Netherlands,Thyroid cancer
2014,9,Netherlands,Thyroid cancer
2015,10,Netherlands,Thyroid cancer
2016,18,Netherlands,Thyroid cancer
2017,10,Netherlands,Thyroid cancer
2018,12,Netherlands,Thyroid cancer
1988,3,Netherlands,Thyroid cancer
1989,1,Netherlands,Thyroid cancer
2019,9,Netherlands,Thyroid cancer
2020,24,Netherlands,Thyroid cancer
2021,23,Netherlands,Thyroid cancer
2022,25,Netherlands,Thyroid cancer
2023,24,Netherlands,Thyroid cancer
1987,1,Netherlands,Thyroid cancer
2024,8,Netherlands,Thyroid cancer
2025,1,Netherlands,Thyroid cancer
1995,1,Netherlands,Thyroid cancer
1993,1,Netherlands,Thyroid cancer
1996,2,Netherlands,Thyroid cancer
1997,3,Netherlands,Thyroid cancer
1998,2,Netherlands,Thyroid cancer
1999,5,Netherlands,Thyroid cancer
1984,0,Netherlands,Thyroid cancer
1985,0,Netherlands,Thyroid cancer
1986,0,Netherlands,Thyroid cancer
1990,0,Netherlands,Thyroid cancer
1994,0,Netherlands,Thyroid cancer
1992,530,Netherlands,Undetermined cancer
1990,370,Netherlands,Undetermined cancer
1991,487,Netherlands,Undetermined cancer
1993,593,Netherlands,Undetermined cancer
1994,530,Netherlands,Undetermined cancer
1995,603,Netherlands,Undetermined cancer
1996,598,Netherlands,Undetermined cancer
1997,661,Netherlands,Undetermined cancer
1998,636,Netherlands,Undetermined cancer
1999,645,Netherlands,Undetermined cancer
2000,660,Netherlands,Undetermined cancer
2001,635,Netherlands,Undetermined cancer
2002,607,Netherlands,Undetermined cancer
2003,607,Netherlands,Undetermined cancer
2004,686,Netherlands,Undetermined cancer
2005,744,Netherlands,Undetermined cancer
2006,700,Netherlands,Undetermined cancer
1984,1,Netherlands,Undetermined cancer
2007,743,Netherlands,Undetermined cancer
2008,758,Netherlands,Undetermined cancer
2009,819,Netherlands,Undetermined cancer
1985,6,Netherlands,Undetermined cancer
1989,335,Netherlands,Undetermined cancer
2010,892,Netherlands,Undetermined cancer
2011,964,Netherlands,Undetermined cancer
2012,955,Netherlands,Undetermined cancer
2013,1012,Netherlands,Undetermined cancer
2014,1045,Netherlands,Undetermined cancer
1987,126,Netherlands,Undetermined cancer
1988,306,Netherlands,Undetermined cancer
2015,1136,Netherlands,Undetermined cancer
2016,1191,Netherlands,Undetermined cancer
2018,1318,Netherlands,Undetermined cancer
2017,1220,Netherlands,Undetermined cancer
2019,1412,Netherlands,Undetermined cancer
2020,1476,Netherlands,Undetermined cancer
1986,6,Netherlands,Undetermined cancer
2021,1705,Netherlands,Undetermined cancer
2023,1581,Netherlands,Undetermined cancer
2024,1026,Netherlands,Undetermined cancer
2022,1649,Netherlands,Undetermined cancer
2025,24,Netherlands,Undetermined cancer
1992,2,Netherlands,Uterine cancer
2001,6,Netherlands,Uterine cancer
1994,6,Netherlands,Uterine cancer
1995,3,Netherlands,Uterine cancer
2002,8,Netherlands,Uterine cancer
2003,11,Netherlands,Uterine cancer
2004,10,Netherlands,Uterine cancer
2005,14,Netherlands,Uterine cancer
2006,12,Netherlands,Uterine cancer
2007,15,Netherlands,Uterine cancer
2008,4,Netherlands,Uterine cancer
2009,19,Netherlands,Uterine cancer
2010,15,Netherlands,Uterine cancer
2011,14,Netherlands,Uterine cancer
1990,2,Netherlands,Uterine cancer
2012,10,Netherlands,Uterine cancer
2013,24,Netherlands,Uterine cancer
2014,9,Netherlands,Uterine cancer
2015,14,Netherlands,Uterine cancer
2016,23,Netherlands,Uterine cancer
2017,18,Netherlands,Uterine cancer
2020,29,Netherlands,Uterine cancer
2018,31,Netherlands,Uterine cancer
1988,1,Netherlands,Uterine cancer
2019,19,Netherlands,Uterine cancer
1993,3,Netherlands,Uterine cancer
2021,27,Netherlands,Uterine cancer
2022,26,Netherlands,Uterine cancer
2023,17,Netherlands,Uterine cancer
2024,18,Netherlands,Uterine cancer
1996,4,Netherlands,Uterine cancer
1997,2,Netherlands,Uterine cancer
1998,3,Netherlands,Uterine cancer
1999,6,Netherlands,Uterine cancer
2000,5,Netherlands,Uterine cancer
1984,0,Netherlands,Uterine cancer
1985,0,Netherlands,Uterine cancer
1986,0,Netherlands,Uterine cancer
1987,0,Netherlands,Uterine cancer
1989,0,Netherlands,Uterine cancer
1991,0,Netherlands,Uterine cancer
2025,0,Netherlands,Uterine cancer
1994,1,Netherlands,Vaginal cancer
2006,1,Netherlands,Vaginal cancer
2007,1,Netherlands,Vaginal cancer
2010,1,Netherlands,Vaginal cancer
2014,1,Netherlands,Vaginal cancer
2020,4,Netherlands,Vaginal cancer
2021,1,Netherlands,Vaginal cancer
2023,1,Netherlands,Vaginal cancer
1984,0,Netherlands,Vaginal cancer
1985,0,Netherlands,Vaginal cancer
1986,0,Netherlands,Vaginal cancer
1987,0,Netherlands,Vaginal cancer
1988,0,Netherlands,Vaginal cancer
1989,0,Netherlands,Vaginal cancer
1990,0,Netherlands,Vaginal cancer
1991,0,Netherlands,Vaginal cancer
1992,0,Netherlands,Vaginal cancer
1993,0,Netherlands,Vaginal cancer
1995,0,Netherlands,Vaginal cancer
1996,0,Netherlands,Vaginal cancer
1997,0,Netherlands,Vaginal cancer
1998,0,Netherlands,Vaginal cancer
1999,0,Netherlands,Vaginal cancer
2000,0,Netherlands,Vaginal cancer
2001,0,Netherlands,Vaginal cancer
2002,0,Netherlands,Vaginal cancer
2003,0,Netherlands,Vaginal cancer
2004,0,Netherlands,Vaginal cancer
2005,0,Netherlands,Vaginal cancer
2008,0,Netherlands,Vaginal cancer
2009,0,Netherlands,Vaginal cancer
2011,0,Netherlands,Vaginal cancer
2012,0,Netherlands,Vaginal cancer
2013,0,Netherlands,Vaginal cancer
2015,0,Netherlands,Vaginal cancer
2016,0,Netherlands,Vaginal cancer
2017,0,Netherlands,Vaginal cancer
2018,0,Netherlands,Vaginal cancer
2019,0,Netherlands,Vaginal cancer
2022,0,Netherlands,Vaginal cancer
2024,0,Netherlands,Vaginal cancer
2025,0,Netherlands,Vaginal cancer
2001,2,Netherlands,Vulvar cancer
1994,2,Netherlands,Vulvar cancer
2003,2,Netherlands,Vulvar cancer
2004,4,Netherlands,Vulvar cancer
2006,5,Netherlands,Vulvar cancer
2007,3,Netherlands,Vulvar cancer
2008,3,Netherlands,Vulvar cancer
2009,5,Netherlands,Vulvar cancer
2010,8,Netherlands,Vulvar cancer
2011,4,Netherlands,Vulvar cancer
2012,7,Netherlands,Vulvar cancer
2013,3,Netherlands,Vulvar cancer
2014,6,Netherlands,Vulvar cancer
2015,4,Netherlands,Vulvar cancer
2016,7,Netherlands,Vulvar cancer
2017,2,Netherlands,Vulvar cancer
2018,4,Netherlands,Vulvar cancer
2019,2,Netherlands,Vulvar cancer
2020,6,Netherlands,Vulvar cancer
2021,8,Netherlands,Vulvar cancer
2022,8,Netherlands,Vulvar cancer
2023,8,Netherlands,Vulvar cancer
2024,5,Netherlands,Vulvar cancer
1995,1,Netherlands,Vulvar cancer
1996,3,Netherlands,Vulvar cancer
1997,2,Netherlands,Vulvar cancer
1999,3,Netherlands,Vulvar cancer
2000,5,Netherlands,Vulvar cancer
1984,0,Netherlands,Vulvar cancer
1985,0,Netherlands,Vulvar cancer
1986,0,Netherlands,Vulvar cancer
1987,0,Netherlands,Vulvar cancer
1988,0,Netherlands,Vulvar cancer
1989,0,Netherlands,Vulvar cancer
1990,0,Netherlands,Vulvar cancer
1991,0,Netherlands,Vulvar cancer
1992,0,Netherlands,Vulvar cancer
1993,0,Netherlands,Vulvar cancer
1998,0,Netherlands,Vulvar cancer
2002,0,Netherlands,Vulvar cancer
2005,0,Netherlands,Vulvar cancer
2025,0,Netherlands,Vulvar cancer
1992,2,United Kingdom,Anal cancer
1990,2,United Kingdom,Anal cancer
1991,2,United Kingdom,Anal cancer
2001,2,United Kingdom,Anal cancer
2002,2,United Kingdom,Anal cancer
2003,4,United Kingdom,Anal cancer
2004,3,United Kingdom,Anal cancer
2005,7,United Kingdom,Anal cancer
2007,3,United Kingdom,Anal cancer
2006,2,United Kingdom,Anal cancer
2008,4,United Kingdom,Anal cancer
2009,10,United Kingdom,Anal cancer
2010,8,United Kingdom,Anal cancer
2011,10,United Kingdom,Anal cancer
2012,10,United Kingdom,Anal cancer
1989,1,United Kingdom,Anal cancer
2013,15,United Kingdom,Anal cancer
2014,15,United Kingdom,Anal cancer
2015,11,United Kingdom,Anal cancer
2016,11,United Kingdom,Anal cancer
2017,23,United Kingdom,Anal cancer
2018,12,United Kingdom,Anal cancer
2019,10,United Kingdom,Anal cancer
2020,14,United Kingdom,Anal cancer
2021,10,United Kingdom,Anal cancer
2022,7,United Kingdom,Anal cancer
2023,11,United Kingdom,Anal cancer
2024,11,United Kingdom,Anal cancer
1993,1,United Kingdom,Anal cancer
1994,1,United Kingdom,Anal cancer
1996,1,United Kingdom,Anal cancer
1997,1,United Kingdom,Anal cancer
1998,2,United Kingdom,Anal cancer
1999,1,United Kingdom,Anal cancer
2000,1,United Kingdom,Anal cancer
1984,0,United Kingdom,Anal cancer
1985,0,United Kingdom,Anal cancer
1986,0,United Kingdom,Anal cancer
1987,0,United Kingdom,Anal cancer
1988,0,United Kingdom,Anal cancer
1995,0,United Kingdom,Anal cancer
2025,0,United Kingdom,Anal cancer
1992,33,United Kingdom,Bladder cancer
1990,14,United Kingdom,Bladder cancer
1991,15,United Kingdom,Bladder cancer
2000,31,United Kingdom,Bladder cancer
2001,36,United Kingdom,Bladder cancer
2002,40,United Kingdom,Bladder cancer
2003,46,United Kingdom,Bladder cancer
2004,46,United Kingdom,Bladder cancer
1998,45,United Kingdom,Bladder cancer
2005,56,United Kingdom,Bladder cancer
2006,34,United Kingdom,Bladder cancer
1999,37,United Kingdom,Bladder cancer
1995,36,United Kingdom,Bladder cancer
2007,34,United Kingdom,Bladder cancer
2008,40,United Kingdom,Bladder cancer
2009,50,United Kingdom,Bladder cancer
2010,46,United Kingdom,Bladder cancer
2011,48,United Kingdom,Bladder cancer
1996,42,United Kingdom,Bladder cancer
1997,33,United Kingdom,Bladder cancer
2012,51,United Kingdom,Bladder cancer
1988,12,United Kingdom,Bladder cancer
1989,9,United Kingdom,Bladder cancer
2013,68,United Kingdom,Bladder cancer
2014,58,United Kingdom,Bladder cancer
2015,65,United Kingdom,Bladder cancer
2016,66,United Kingdom,Bladder cancer
2017,53,United Kingdom,Bladder cancer
2018,90,United Kingdom,Bladder cancer
2019,79,United Kingdom,Bladder cancer
2020,95,United Kingdom,Bladder cancer
2022,111,United Kingdom,Bladder cancer
2021,121,United Kingdom,Bladder cancer
1987,7,United Kingdom,Bladder cancer
2023,97,United Kingdom,Bladder cancer
2024,52,United Kingdom,Bladder cancer
2025,1,United Kingdom,Bladder cancer
1993,28,United Kingdom,Bladder cancer
1994,31,United Kingdom,Bladder cancer
1984,0,United Kingdom,Bladder cancer
1985,0,United Kingdom,Bladder cancer
1986,0,United Kingdom,Bladder cancer
1992,42,United Kingdom,Brain cancer
1990,28,United Kingdom,Brain cancer
1991,51,United Kingdom,Brain cancer
2001,58,United Kingdom,Brain cancer
2002,67,United Kingdom,Brain cancer
2003,59,United Kingdom,Brain cancer
2004,63,United Kingdom,Brain cancer
2005,58,United Kingdom,Brain cancer
2006,57,United Kingdom,Brain cancer
2007,71,United Kingdom,Brain cancer
2008,83,United Kingdom,Brain cancer
2009,82,United Kingdom,Brain cancer
2010,94,United Kingdom,Brain cancer
2011,80,United Kingdom,Brain cancer
1993,57,United Kingdom,Brain cancer
2012,78,United Kingdom,Brain cancer
1987,20,United Kingdom,Brain cancer
1989,30,United Kingdom,Brain cancer
2014,91,United Kingdom,Brain cancer
2013,98,United Kingdom,Brain cancer
2016,101,United Kingdom,Brain cancer
2015,116,United Kingdom,Brain cancer
2017,101,United Kingdom,Brain cancer
2018,123,United Kingdom,Brain cancer
2019,137,United Kingdom,Brain cancer
1986,2,United Kingdom,Brain cancer
1988,22,United Kingdom,Brain cancer
2020,141,United Kingdom,Brain cancer
2022,169,United Kingdom,Brain cancer
2023,126,United Kingdom,Brain cancer
2021,169,United Kingdom,Brain cancer
2024,106,United Kingdom,Brain cancer
2025,1,United Kingdom,Brain cancer
1994,43,United Kingdom,Brain cancer
1995,66,United Kingdom,Brain cancer
1996,42,United Kingdom,Brain cancer
1997,54,United Kingdom,Brain cancer
1998,61,United Kingdom,Brain cancer
1999,66,United Kingdom,Brain cancer
2000,48,United Kingdom,Brain cancer
1984,0,United Kingdom,Brain cancer
1985,0,United Kingdom,Brain cancer
1990,150,United Kingdom,Breast cancer
1991,204,United Kingdom,Breast cancer
1992,237,United Kingdom,Breast cancer
1997,268,United Kingdom,Breast cancer
1998,289,United Kingdom,Breast cancer
1999,326,United Kingdom,Breast cancer
2000,362,United Kingdom,Breast cancer
2001,384,United Kingdom,Breast cancer
2002,411,United Kingdom,Breast cancer
2003,416,United Kingdom,Breast cancer
2004,462,United Kingdom,Breast cancer
2005,459,United Kingdom,Breast cancer
2006,539,United Kingdom,Breast cancer
1995,260,United Kingdom,Breast cancer
2007,461,United Kingdom,Breast cancer
2008,549,United Kingdom,Breast cancer
2009,521,United Kingdom,Breast cancer
2011,597,United Kingdom,Breast cancer
2010,597,United Kingdom,Breast cancer
2012,535,United Kingdom,Breast cancer
1993,225,United Kingdom,Breast cancer
1994,228,United Kingdom,Breast cancer
1996,288,United Kingdom,Breast cancer
1987,66,United Kingdom,Breast cancer
1988,99,United Kingdom,Breast cancer
1989,129,United Kingdom,Breast cancer
2013,559,United Kingdom,Breast cancer
2014,550,United Kingdom,Breast cancer
2015,571,United Kingdom,Breast cancer
2016,610,United Kingdom,Breast cancer
2017,538,United Kingdom,Breast cancer
2018,616,United Kingdom,Breast cancer
2019,554,United Kingdom,Breast cancer
1986,3,United Kingdom,Breast cancer
2020,589,United Kingdom,Breast cancer
2022,645,United Kingdom,Breast cancer
2021,651,United Kingdom,Breast cancer
2025,8,United Kingdom,Breast cancer
2023,619,United Kingdom,Breast cancer
2024,431,United Kingdom,Breast cancer
1984,0,United Kingdom,Breast cancer
1985,0,United Kingdom,Breast cancer
1992,22,United Kingdom,Cervical cancer
1990,16,United Kingdom,Cervical cancer
1991,10,United Kingdom,Cervical cancer
1994,27,United Kingdom,Cervical cancer
1995,24,United Kingdom,Cervical cancer
1998,30,United Kingdom,Cervical cancer
2001,32,United Kingdom,Cervical cancer
2002,27,United Kingdom,Cervical cancer
2003,41,United Kingdom,Cervical cancer
1997,25,United Kingdom,Cervical cancer
1999,32,United Kingdom,Cervical cancer
2004,45,United Kingdom,Cervical cancer
2005,58,United Kingdom,Cervical cancer
2006,69,United Kingdom,Cervical cancer
2007,52,United Kingdom,Cervical cancer
2008,60,United Kingdom,Cervical cancer
2009,64,United Kingdom,Cervical cancer
2010,67,United Kingdom,Cervical cancer
2011,53,United Kingdom,Cervical cancer
1988,10,United Kingdom,Cervical cancer
1989,15,United Kingdom,Cervical cancer
2012,73,United Kingdom,Cervical cancer
2013,68,United Kingdom,Cervical cancer
2014,66,United Kingdom,Cervical cancer
2015,61,United Kingdom,Cervical cancer
2016,78,United Kingdom,Cervical cancer
2017,66,United Kingdom,Cervical cancer
2018,64,United Kingdom,Cervical cancer
2019,74,United Kingdom,Cervical cancer
2020,72,United Kingdom,Cervical cancer
2021,131,United Kingdom,Cervical cancer
2022,103,United Kingdom,Cervical cancer
2024,61,United Kingdom,Cervical cancer
2023,111,United Kingdom,Cervical cancer
1987,1,United Kingdom,Cervical cancer
2025,1,United Kingdom,Cervical cancer
1993,23,United Kingdom,Cervical cancer
1996,25,United Kingdom,Cervical cancer
2000,35,United Kingdom,Cervical cancer
1984,0,United Kingdom,Cervical cancer
1985,0,United Kingdom,Cervical cancer
1986,0,United Kingdom,Cervical cancer
1992,16,United Kingdom,Colon cancer
1990,8,United Kingdom,Colon cancer
1991,15,United Kingdom,Colon cancer
2001,36,United Kingdom,Colon cancer
2002,31,United Kingdom,Colon cancer
2000,28,United Kingdom,Colon cancer
2003,41,United Kingdom,Colon cancer
2004,43,United Kingdom,Colon cancer
2005,55,United Kingdom,Colon cancer
1999,30,United Kingdom,Colon cancer
2006,51,United Kingdom,Colon cancer
2007,57,United Kingdom,Colon cancer
2008,49,United Kingdom,Colon cancer
2009,39,United Kingdom,Colon cancer
2010,46,United Kingdom,Colon cancer
2011,48,United Kingdom,Colon cancer
2012,55,United Kingdom,Colon cancer
1989,2,United Kingdom,Colon cancer
2013,64,United Kingdom,Colon cancer
2014,50,United Kingdom,Colon cancer
2015,51,United Kingdom,Colon cancer
2016,55,United Kingdom,Colon cancer
2017,69,United Kingdom,Colon cancer
2019,70,United Kingdom,Colon cancer
2018,50,United Kingdom,Colon cancer
1988,4,United Kingdom,Colon cancer
2020,52,United Kingdom,Colon cancer
2021,66,United Kingdom,Colon cancer
2022,73,United Kingdom,Colon cancer
2023,59,United Kingdom,Colon cancer
1986,1,United Kingdom,Colon cancer
1987,1,United Kingdom,Colon cancer
2024,29,United Kingdom,Colon cancer
1993,13,United Kingdom,Colon cancer
1994,14,United Kingdom,Colon cancer
1995,16,United Kingdom,Colon cancer
1996,26,United Kingdom,Colon cancer
1997,26,United Kingdom,Colon cancer
1998,23,United Kingdom,Colon cancer
1984,0,United Kingdom,Colon cancer
1985,0,United Kingdom,Colon cancer
2025,0,United Kingdom,Colon cancer
1992,71,United Kingdom,Colorectal cancer
1990,44,United Kingdom,Colorectal cancer
1991,51,United Kingdom,Colorectal cancer
1999,138,United Kingdom,Colorectal cancer
2000,148,United Kingdom,Colorectal cancer
2001,159,United Kingdom,Colorectal cancer
2002,177,United Kingdom,Colorectal cancer
2003,171,United Kingdom,Colorectal cancer
2004,193,United Kingdom,Colorectal cancer
1997,116,United Kingdom,Colorectal cancer
2005,186,United Kingdom,Colorectal cancer
1998,115,United Kingdom,Colorectal cancer
2006,197,United Kingdom,Colorectal cancer
2007,256,United Kingdom,Colorectal cancer
2008,229,United Kingdom,Colorectal cancer
2009,224,United Kingdom,Colorectal cancer
2010,248,United Kingdom,Colorectal cancer
2011,262,United Kingdom,Colorectal cancer
1995,117,United Kingdom,Colorectal cancer
2012,311,United Kingdom,Colorectal cancer
1993,75,United Kingdom,Colorectal cancer
1988,24,United Kingdom,Colorectal cancer
1989,19,United Kingdom,Colorectal cancer
2013,314,United Kingdom,Colorectal cancer
2014,289,United Kingdom,Colorectal cancer
2015,314,United Kingdom,Colorectal cancer
2016,311,United Kingdom,Colorectal cancer
2017,297,United Kingdom,Colorectal cancer
2018,317,United Kingdom,Colorectal cancer
1987,20,United Kingdom,Colorectal cancer
2019,319,United Kingdom,Colorectal cancer
2020,333,United Kingdom,Colorectal cancer
2021,422,United Kingdom,Colorectal cancer
2022,389,United Kingdom,Colorectal cancer
2023,348,United Kingdom,Colorectal cancer
2024,193,United Kingdom,Colorectal cancer
2025,2,United Kingdom,Colorectal cancer
1994,77,United Kingdom,Colorectal cancer
1996,81,United Kingdom,Colorectal cancer
1984,0,United Kingdom,Colorectal cancer
1985,0,United Kingdom,Colorectal cancer
1986,0,United Kingdom,Colorectal cancer
1992,1,United Kingdom,Esophageal cancer
1991,1,United Kingdom,Esophageal cancer
2001,3,United Kingdom,Esophageal cancer
2002,4,United Kingdom,Esophageal cancer
2003,11,United Kingdom,Esophageal cancer
2004,5,United Kingdom,Esophageal cancer
2005,12,United Kingdom,Esophageal cancer
2006,6,United Kingdom,Esophageal cancer
2008,10,United Kingdom,Esophageal cancer
2007,9,United Kingdom,Esophageal cancer
2009,9,United Kingdom,Esophageal cancer
2010,16,United Kingdom,Esophageal cancer
2011,14,United Kingdom,Esophageal cancer
2012,20,United Kingdom,Esophageal cancer
2013,18,United Kingdom,Esophageal cancer
2014,17,United Kingdom,Esophageal cancer
2015,23,United Kingdom,Esophageal cancer
2016,24,United Kingdom,Esophageal cancer
2017,23,United Kingdom,Esophageal cancer
2018,26,United Kingdom,Esophageal cancer
1989,1,United Kingdom,Esophageal cancer
2019,29,United Kingdom,Esophageal cancer
2020,22,United Kingdom,Esophageal cancer
2021,34,United Kingdom,Esophageal cancer
2022,34,United Kingdom,Esophageal cancer
2025,1,United Kingdom,Esophageal cancer
2023,26,United Kingdom,Esophageal cancer
1987,2,United Kingdom,Esophageal cancer
2024,17,United Kingdom,Esophageal cancer
1994,4,United Kingdom,Esophageal cancer
1995,1,United Kingdom,Esophageal cancer
1996,5,United Kingdom,Esophageal cancer
1997,5,United Kingdom,Esophageal cancer
1998,4,United Kingdom,Esophageal cancer
1999,5,United Kingdom,Esophageal cancer
2000,4,United Kingdom,Esophageal cancer
1984,0,United Kingdom,Esophageal cancer
1985,0,United Kingdom,Esophageal cancer
1986,0,United Kingdom,Esophageal cancer
1988,0,United Kingdom,Esophageal cancer
1990,0,United Kingdom,Esophageal cancer
1993,0,United Kingdom,Esophageal cancer
1992,1,United Kingdom,Gallbladder cancer
1991,2,United Kingdom,Gallbladder cancer
2002,1,United Kingdom,Gallbladder cancer
2003,3,United Kingdom,Gallbladder cancer
2005,1,United Kingdom,Gallbladder cancer
2006,1,United Kingdom,Gallbladder cancer
2007,3,United Kingdom,Gallbladder cancer
2008,4,United Kingdom,Gallbladder cancer
2009,3,United Kingdom,Gallbladder cancer
2010,2,United Kingdom,Gallbladder cancer
2011,2,United Kingdom,Gallbladder cancer
1990,1,United Kingdom,Gallbladder cancer
2012,3,United Kingdom,Gallbladder cancer
2013,3,United Kingdom,Gallbladder cancer
2014,6,United Kingdom,Gallbladder cancer
2015,2,United Kingdom,Gallbladder cancer
2016,4,United Kingdom,Gallbladder cancer
2017,4,United Kingdom,Gallbladder cancer
2018,7,United Kingdom,Gallbladder cancer
2019,12,United Kingdom,Gallbladder cancer
2020,10,United Kingdom,Gallbladder cancer
2021,10,United Kingdom,Gallbladder cancer
2022,12,United Kingdom,Gallbladder cancer
2023,5,United Kingdom,Gallbladder cancer
2025,2,United Kingdom,Gallbladder cancer
2024,2,United Kingdom,Gallbladder cancer
1993,1,United Kingdom,Gallbladder cancer
1999,1,United Kingdom,Gallbladder cancer
1984,0,United Kingdom,Gallbladder cancer
1985,0,United Kingdom,Gallbladder cancer
1986,0,United Kingdom,Gallbladder cancer
1987,0,United Kingdom,Gallbladder cancer
1988,0,United Kingdom,Gallbladder cancer
1989,0,United Kingdom,Gallbladder cancer
1994,0,United Kingdom,Gallbladder cancer
1995,0,United Kingdom,Gallbladder cancer
1996,0,United Kingdom,Gallbladder cancer
1997,0,United Kingdom,Gallbladder cancer
1998,0,United Kingdom,Gallbladder cancer
2000,0,United Kingdom,Gallbladder cancer
2001,0,United Kingdom,Gallbladder cancer
2004,0,United Kingdom,Gallbladder cancer
1992,4,United Kingdom,Hodgkin lymphoma
1991,4,United Kingdom,Hodgkin lymphoma
2001,2,United Kingdom,Hodgkin lymphoma
2002,5,United Kingdom,Hodgkin lymphoma
2003,12,United Kingdom,Hodgkin lymphoma
2004,16,United Kingdom,Hodgkin lymphoma
2005,21,United Kingdom,Hodgkin lymphoma
2006,9,United Kingdom,Hodgkin lymphoma
2007,29,United Kingdom,Hodgkin lymphoma
2008,27,United Kingdom,Hodgkin lymphoma
2009,18,United Kingdom,Hodgkin lymphoma
2010,29,United Kingdom,Hodgkin lymphoma
2011,29,United Kingdom,Hodgkin lymphoma
2012,23,United Kingdom,Hodgkin lymphoma
2013,32,United Kingdom,Hodgkin lymphoma
2014,27,United Kingdom,Hodgkin lymphoma
2015,37,United Kingdom,Hodgkin lymphoma
2016,37,United Kingdom,Hodgkin lymphoma
2017,39,United Kingdom,Hodgkin lymphoma
2018,33,United Kingdom,Hodgkin lymphoma
1987,2,United Kingdom,Hodgkin lymphoma
1988,3,United Kingdom,Hodgkin lymphoma
2019,42,United Kingdom,Hodgkin lymphoma
2020,33,United Kingdom,Hodgkin lymphoma
2021,43,United Kingdom,Hodgkin lymphoma
2022,39,United Kingdom,Hodgkin lymphoma
2023,44,United Kingdom,Hodgkin lymphoma
2024,15,United Kingdom,Hodgkin lymphoma
1994,4,United Kingdom,Hodgkin lymphoma
1995,4,United Kingdom,Hodgkin lymphoma
1993,5,United Kingdom,Hodgkin lymphoma
1996,5,United Kingdom,Hodgkin lymphoma
1997,8,United Kingdom,Hodgkin lymphoma
1998,4,United Kingdom,Hodgkin lymphoma
1999,5,United Kingdom,Hodgkin lymphoma
2000,4,United Kingdom,Hodgkin lymphoma
1984,0,United Kingdom,Hodgkin lymphoma
1985,0,United Kingdom,Hodgkin lymphoma
1986,0,United Kingdom,Hodgkin lymphoma
1989,0,United Kingdom,Hodgkin lymphoma
1990,0,United Kingdom,Hodgkin lymphoma
2025,0,United Kingdom,Hodgkin lymphoma
2001,4,United Kingdom,Kaposi sarcoma
2002,1,United Kingdom,Kaposi sarcoma
2003,3,United Kingdom,Kaposi sarcoma
2004,5,United Kingdom,Kaposi sarcoma
2005,2,United Kingdom,Kaposi sarcoma
2006,1,United Kingdom,Kaposi sarcoma
2007,9,United Kingdom,Kaposi sarcoma
2008,4,United Kingdom,Kaposi sarcoma
2009,4,United Kingdom,Kaposi sarcoma
2010,7,United Kingdom,Kaposi sarcoma
2011,4,United Kingdom,Kaposi sarcoma
1990,1,United Kingdom,Kaposi sarcoma
2012,5,United Kingdom,Kaposi sarcoma
2013,1,United Kingdom,Kaposi sarcoma
2015,5,United Kingdom,Kaposi sarcoma
2016,8,United Kingdom,Kaposi sarcoma
2017,6,United Kingdom,Kaposi sarcoma
2018,2,United Kingdom,Kaposi sarcoma
2019,4,United Kingdom,Kaposi sarcoma
2021,6,United Kingdom,Kaposi sarcoma
2020,1,United Kingdom,Kaposi sarcoma
2022,2,United Kingdom,Kaposi sarcoma
2023,4,United Kingdom,Kaposi sarcoma
2024,2,United Kingdom,Kaposi sarcoma
1994,1,United Kingdom,Kaposi sarcoma
1995,3,United Kingdom,Kaposi sarcoma
1993,1,United Kingdom,Kaposi sarcoma
1996,1,United Kingdom,Kaposi sarcoma
1997,2,United Kingdom,Kaposi sarcoma
1999,2,United Kingdom,Kaposi sarcoma
2000,2,United Kingdom,Kaposi sarcoma
1984,0,United Kingdom,Kaposi sarcoma
1985,0,United Kingdom,Kaposi sarcoma
1986,0,United Kingdom,Kaposi sarcoma
1987,0,United Kingdom,Kaposi sarcoma
1988,0,United Kingdom,Kaposi sarcoma
1989,0,United Kingdom,Kaposi sarcoma
1991,0,United Kingdom,Kaposi sarcoma
1992,0,United Kingdom,Kaposi sarcoma
1998,0,United Kingdom,Kaposi sarcoma
2014,0,United Kingdom,Kaposi sarcoma
2025,0,United Kingdom,Kaposi sarcoma
1992,42,United Kingdom,Kidney cancer
1990,19,United Kingdom,Kidney cancer
1991,32,United Kingdom,Kidney cancer
2001,28,United Kingdom,Kidney cancer
2002,32,United Kingdom,Kidney cancer
2003,39,United Kingdom,Kidney cancer
2004,36,United Kingdom,Kidney cancer
2005,45,United Kingdom,Kidney cancer
2006,45,United Kingdom,Kidney cancer
2007,43,United Kingdom,Kidney cancer
2008,57,United Kingdom,Kidney cancer
2009,64,United Kingdom,Kidney cancer
2010,72,United Kingdom,Kidney cancer
2011,55,United Kingdom,Kidney cancer
1996,28,United Kingdom,Kidney cancer
2012,66,United Kingdom,Kidney cancer
1987,6,United Kingdom,Kidney cancer
1988,10,United Kingdom,Kidney cancer
1989,17,United Kingdom,Kidney cancer
2013,61,United Kingdom,Kidney cancer
2014,53,United Kingdom,Kidney cancer
2015,52,United Kingdom,Kidney cancer
2016,62,United Kingdom,Kidney cancer
2017,55,United Kingdom,Kidney cancer
2018,58,United Kingdom,Kidney cancer
2019,63,United Kingdom,Kidney cancer
2025,2,United Kingdom,Kidney cancer
2020,72,United Kingdom,Kidney cancer
2021,96,United Kingdom,Kidney cancer
2022,88,United Kingdom,Kidney cancer
2023,75,United Kingdom,Kidney cancer
2024,54,United Kingdom,Kidney cancer
1993,26,United Kingdom,Kidney cancer
1994,40,United Kingdom,Kidney cancer
1995,32,United Kingdom,Kidney cancer
1997,30,United Kingdom,Kidney cancer
1998,35,United Kingdom,Kidney cancer
1999,26,United Kingdom,Kidney cancer
2000,30,United Kingdom,Kidney cancer
1984,0,United Kingdom,Kidney cancer
1985,0,United Kingdom,Kidney cancer
1986,0,United Kingdom,Kidney cancer
1992,1,United Kingdom,Laryngeal cancer
1991,5,United Kingdom,Laryngeal cancer
2001,6,United Kingdom,Laryngeal cancer
2002,3,United Kingdom,Laryngeal cancer
2003,4,United Kingdom,Laryngeal cancer
2004,9,United Kingdom,Laryngeal cancer
2005,6,United Kingdom,Laryngeal cancer
2006,6,United Kingdom,Laryngeal cancer
2008,5,United Kingdom,Laryngeal cancer
2007,2,United Kingdom,Laryngeal cancer
2009,8,United Kingdom,Laryngeal cancer
2010,7,United Kingdom,Laryngeal cancer
2011,6,United Kingdom,Laryngeal cancer
2012,5,United Kingdom,Laryngeal cancer
1989,1,United Kingdom,Laryngeal cancer
1990,2,United Kingdom,Laryngeal cancer
2013,9,United Kingdom,Laryngeal cancer
2014,14,United Kingdom,Laryngeal cancer
2015,9,United Kingdom,Laryngeal cancer
2016,13,United Kingdom,Laryngeal cancer
2017,11,United Kingdom,Laryngeal cancer
2018,6,United Kingdom,Laryngeal cancer
2019,10,United Kingdom,Laryngeal cancer
2020,4,United Kingdom,Laryngeal cancer
2021,9,United Kingdom,Laryngeal cancer
2022,9,United Kingdom,Laryngeal cancer
1987,2,United Kingdom,Laryngeal cancer
2023,11,United Kingdom,Laryngeal cancer
2024,6,United Kingdom,Laryngeal cancer
1994,5,United Kingdom,Laryngeal cancer
1995,2,United Kingdom,Laryngeal cancer
1993,2,United Kingdom,Laryngeal cancer
1996,4,United Kingdom,Laryngeal cancer
1997,4,United Kingdom,Laryngeal cancer
1998,1,United Kingdom,Laryngeal cancer
2000,5,United Kingdom,Laryngeal cancer
1984,0,United Kingdom,Laryngeal cancer
1985,0,United Kingdom,Laryngeal cancer
1986,0,United Kingdom,Laryngeal cancer
1988,0,United Kingdom,Laryngeal cancer
1999,0,United Kingdom,Laryngeal cancer
2025,0,United Kingdom,Laryngeal cancer
1990,211,United Kingdom,Leukemia
1992,254,United Kingdom,Leukemia
1991,268,United Kingdom,Leukemia
1998,277,United Kingdom,Leukemia
1999,286,United Kingdom,Leukemia
2000,261,United Kingdom,Leukemia
2001,301,United Kingdom,Leukemia
2002,256,United Kingdom,Leukemia
1993,330,United Kingdom,Leukemia
2003,264,United Kingdom,Leukemia
2004,252,United Kingdom,Leukemia
2005,280,United Kingdom,Leukemia
2006,223,United Kingdom,Leukemia
1996,305,United Kingdom,Leukemia
2007,248,United Kingdom,Leukemia
2008,233,United Kingdom,Leukemia
2009,244,United Kingdom,Leukemia
2010,273,United Kingdom,Leukemia
2011,274,United Kingdom,Leukemia
2012,259,United Kingdom,Leukemia
1987,106,United Kingdom,Leukemia
1988,165,United Kingdom,Leukemia
1989,164,United Kingdom,Leukemia
2013,253,United Kingdom,Leukemia
2014,249,United Kingdom,Leukemia
2015,263,United Kingdom,Leukemia
2016,260,United Kingdom,Leukemia
2017,255,United Kingdom,Leukemia
2018,241,United Kingdom,Leukemia
1986,7,United Kingdom,Leukemia
2019,242,United Kingdom,Leukemia
2020,269,United Kingdom,Leukemia
2025,3,United Kingdom,Leukemia
2021,273,United Kingdom,Leukemia
2022,243,United Kingdom,Leukemia
2023,223,United Kingdom,Leukemia
2024,138,United Kingdom,Leukemia
1994,324,United Kingdom,Leukemia
1995,323,United Kingdom,Leukemia
1997,289,United Kingdom,Leukemia
1984,0,United Kingdom,Leukemia
1985,0,United Kingdom,Leukemia
1992,17,United Kingdom,Liver cancer
1990,15,United Kingdom,Liver cancer
1991,23,United Kingdom,Liver cancer
2001,27,United Kingdom,Liver cancer
2002,19,United Kingdom,Liver cancer
2003,25,United Kingdom,Liver cancer
2004,29,United Kingdom,Liver cancer
2005,40,United Kingdom,Liver cancer
2006,28,United Kingdom,Liver cancer
2007,30,United Kingdom,Liver cancer
2008,39,United Kingdom,Liver cancer
2009,33,United Kingdom,Liver cancer
2010,36,United Kingdom,Liver cancer
1997,19,United Kingdom,Liver cancer
2000,28,United Kingdom,Liver cancer
2011,39,United Kingdom,Liver cancer
2012,43,United Kingdom,Liver cancer
1987,8,United Kingdom,Liver cancer
1988,11,United Kingdom,Liver cancer
1989,5,United Kingdom,Liver cancer
2013,56,United Kingdom,Liver cancer
2014,72,United Kingdom,Liver cancer
2015,69,United Kingdom,Liver cancer
2016,80,United Kingdom,Liver cancer
2017,110,United Kingdom,Liver cancer
2018,98,United Kingdom,Liver cancer
1986,2,United Kingdom,Liver cancer
2019,105,United Kingdom,Liver cancer
2020,112,United Kingdom,Liver cancer
2021,158,United Kingdom,Liver cancer
2023,126,United Kingdom,Liver cancer
2022,159,United Kingdom,Liver cancer
2024,75,United Kingdom,Liver cancer
1993,19,United Kingdom,Liver cancer
1994,29,United Kingdom,Liver cancer
1995,20,United Kingdom,Liver cancer
1996,29,United Kingdom,Liver cancer
1998,21,United Kingdom,Liver cancer
1999,22,United Kingdom,Liver cancer
1984,0,United Kingdom,Liver cancer
1985,0,United Kingdom,Liver cancer
2025,0,United Kingdom,Liver cancer
1992,48,United Kingdom,Lung cancer
1990,30,United Kingdom,Lung cancer
1991,55,United Kingdom,Lung cancer
2000,61,United Kingdom,Lung cancer
2001,69,United Kingdom,Lung cancer
2002,63,United Kingdom,Lung cancer
2003,59,United Kingdom,Lung cancer
2004,73,United Kingdom,Lung cancer
2005,77,United Kingdom,Lung cancer
1997,44,United Kingdom,Lung cancer
1999,42,United Kingdom,Lung cancer
2006,60,United Kingdom,Lung cancer
2007,63,United Kingdom,Lung cancer
2008,79,United Kingdom,Lung cancer
2009,75,United Kingdom,Lung cancer
2010,89,United Kingdom,Lung cancer
2011,98,United Kingdom,Lung cancer
2012,113,United Kingdom,Lung cancer
1987,14,United Kingdom,Lung cancer
1988,31,United Kingdom,Lung cancer
1989,29,United Kingdom,Lung cancer
2013,118,United Kingdom,Lung cancer
2014,147,United Kingdom,Lung cancer
2015,141,United Kingdom,Lung cancer
2016,177,United Kingdom,Lung cancer
2017,197,United Kingdom,Lung cancer
2018,203,United Kingdom,Lung cancer
1986,2,United Kingdom,Lung cancer
2019,197,United Kingdom,Lung cancer
2020,217,United Kingdom,Lung cancer
2025,4,United Kingdom,Lung cancer
2021,291,United Kingdom,Lung cancer
2023,249,United Kingdom,Lung cancer
2022,279,United Kingdom,Lung cancer
2024,140,United Kingdom,Lung cancer
1993,42,United Kingdom,Lung cancer
1994,55,United Kingdom,Lung cancer
1995,45,United Kingdom,Lung cancer
1996,65,United Kingdom,Lung cancer
1998,31,United Kingdom,Lung cancer
1984,0,United Kingdom,Lung cancer
1985,0,United Kingdom,Lung cancer
1992,21,United Kingdom,Mesothelioma
1990,15,United Kingdom,Mesothelioma
1991,16,United Kingdom,Mesothelioma
2000,25,United Kingdom,Mesothelioma
2001,29,United Kingdom,Mesothelioma
2002,24,United Kingdom,Mesothelioma
2003,23,United Kingdom,Mesothelioma
2004,26,United Kingdom,Mesothelioma
2005,31,United Kingdom,Mesothelioma
2006,24,United Kingdom,Mesothelioma
2007,25,United Kingdom,Mesothelioma
2008,36,United Kingdom,Mesothelioma
2009,23,United Kingdom,Mesothelioma
2010,31,United Kingdom,Mesothelioma
2011,34,United Kingdom,Mesothelioma
1988,11,United Kingdom,Mesothelioma
1989,10,United Kingdom,Mesothelioma
2012,36,United Kingdom,Mesothelioma
2013,29,United Kingdom,Mesothelioma
2014,32,United Kingdom,Mesothelioma
2015,30,United Kingdom,Mesothelioma
2016,35,United Kingdom,Mesothelioma
2017,44,United Kingdom,Mesothelioma
1987,9,United Kingdom,Mesothelioma
2018,34,United Kingdom,Mesothelioma
2019,36,United Kingdom,Mesothelioma
2020,40,United Kingdom,Mesothelioma
2021,50,United Kingdom,Mesothelioma
2022,39,United Kingdom,Mesothelioma
2023,31,United Kingdom,Mesothelioma
2024,21,United Kingdom,Mesothelioma
1993,19,United Kingdom,Mesothelioma
1994,10,United Kingdom,Mesothelioma
1995,20,United Kingdom,Mesothelioma
1996,15,United Kingdom,Mesothelioma
1997,14,United Kingdom,Mesothelioma
1998,18,United Kingdom,Mesothelioma
1999,24,United Kingdom,Mesothelioma
1984,0,United Kingdom,Mesothelioma
1985,0,United Kingdom,Mesothelioma
1986,0,United Kingdom,Mesothelioma
2025,0,United Kingdom,Mesothelioma
1992,1,United Kingdom,Mouth cancer
1991,1,United Kingdom,Mouth cancer
2003,1,United Kingdom,Mouth cancer
2004,2,United Kingdom,Mouth cancer
2005,1,United Kingdom,Mouth cancer
2006,1,United Kingdom,Mouth cancer
2007,2,United Kingdom,Mouth cancer
2008,1,United Kingdom,Mouth cancer
2009,1,United Kingdom,Mouth cancer
2010,1,United Kingdom,Mouth cancer
2011,1,United Kingdom,Mouth cancer
2012,2,United Kingdom,Mouth cancer
2013,1,United Kingdom,Mouth cancer
2014,2,United Kingdom,Mouth cancer
2015,1,United Kingdom,Mouth cancer
2016,3,United Kingdom,Mouth cancer
1989,1,United Kingdom,Mouth cancer
2018,7,United Kingdom,Mouth cancer
2019,2,United Kingdom,Mouth cancer
2020,4,United Kingdom,Mouth cancer
2021,1,United Kingdom,Mouth cancer
2022,1,United Kingdom,Mouth cancer
2023,2,United Kingdom,Mouth cancer
2024,3,United Kingdom,Mouth cancer
1994,2,United Kingdom,Mouth cancer
1996,1,United Kingdom,Mouth cancer
1997,1,United Kingdom,Mouth cancer
1999,1,United Kingdom,Mouth cancer
1984,0,United Kingdom,Mouth cancer
1985,0,United Kingdom,Mouth cancer
1986,0,United Kingdom,Mouth cancer
1987,0,United Kingdom,Mouth cancer
1988,0,United Kingdom,Mouth cancer
1990,0,United Kingdom,Mouth cancer
1993,0,United Kingdom,Mouth cancer
1995,0,United Kingdom,Mouth cancer
1998,0,United Kingdom,Mouth cancer
2000,0,United Kingdom,Mouth cancer
2001,0,United Kingdom,Mouth cancer
2002,0,United Kingdom,Mouth cancer
2017,0,United Kingdom,Mouth cancer
2025,0,United Kingdom,Mouth cancer
1990,23,United Kingdom,Multiple myeloma
1991,24,United Kingdom,Multiple myeloma
1992,35,United Kingdom,Multiple myeloma
2000,51,United Kingdom,Multiple myeloma
2001,46,United Kingdom,Multiple myeloma
2002,45,United Kingdom,Multiple myeloma
1999,44,United Kingdom,Multiple myeloma
2003,52,United Kingdom,Multiple myeloma
2004,43,United Kingdom,Multiple myeloma
2005,48,United Kingdom,Multiple myeloma
2006,44,United Kingdom,Multiple myeloma
2007,58,United Kingdom,Multiple myeloma
2008,34,United Kingdom,Multiple myeloma
1998,42,United Kingdom,Multiple myeloma
2009,39,United Kingdom,Multiple myeloma
2010,51,United Kingdom,Multiple myeloma
2011,72,United Kingdom,Multiple myeloma
2012,57,United Kingdom,Multiple myeloma
1987,10,United Kingdom,Multiple myeloma
1988,22,United Kingdom,Multiple myeloma
1989,21,United Kingdom,Multiple myeloma
2013,63,United Kingdom,Multiple myeloma
2014,62,United Kingdom,Multiple myeloma
2015,76,United Kingdom,Multiple myeloma
2016,78,United Kingdom,Multiple myeloma
2017,64,United Kingdom,Multiple myeloma
2018,73,United Kingdom,Multiple myeloma
2019,86,United Kingdom,Multiple myeloma
2025,3,United Kingdom,Multiple myeloma
2020,70,United Kingdom,Multiple myeloma
2021,99,United Kingdom,Multiple myeloma
2023,91,United Kingdom,Multiple myeloma
2022,86,United Kingdom,Multiple myeloma
2024,45,United Kingdom,Multiple myeloma
1993,32,United Kingdom,Multiple myeloma
1994,47,United Kingdom,Multiple myeloma
1995,39,United Kingdom,Multiple myeloma
1996,39,United Kingdom,Multiple myeloma
1997,36,United Kingdom,Multiple myeloma
1984,0,United Kingdom,Multiple myeloma
1985,0,United Kingdom,Multiple myeloma
1986,0,United Kingdom,Multiple myeloma
1992,10,United Kingdom,Non-Hodgkin lymphoma
1991,20,United Kingdom,Non-Hodgkin lymphoma
2000,21,United Kingdom,Non-Hodgkin lymphoma
2001,15,United Kingdom,Non-Hodgkin lymphoma
2002,30,United Kingdom,Non-Hodgkin lymphoma
2003,24,United Kingdom,Non-Hodgkin lymphoma
2004,35,United Kingdom,Non-Hodgkin lymphoma
1998,14,United Kingdom,Non-Hodgkin lymphoma
2005,38,United Kingdom,Non-Hodgkin lymphoma
2006,34,United Kingdom,Non-Hodgkin lymphoma
2008,44,United Kingdom,Non-Hodgkin lymphoma
2007,55,United Kingdom,Non-Hodgkin lymphoma
2009,31,United Kingdom,Non-Hodgkin lymphoma
2010,37,United Kingdom,Non-Hodgkin lymphoma
2011,48,United Kingdom,Non-Hodgkin lymphoma
2012,49,United Kingdom,Non-Hodgkin lymphoma
1989,4,United Kingdom,Non-Hodgkin lymphoma
1990,5,United Kingdom,Non-Hodgkin lymphoma
2013,51,United Kingdom,Non-Hodgkin lymphoma
2014,47,United Kingdom,Non-Hodgkin lymphoma
2015,56,United Kingdom,Non-Hodgkin lymphoma
2016,61,United Kingdom,Non-Hodgkin lymphoma
2017,50,United Kingdom,Non-Hodgkin lymphoma
2018,44,United Kingdom,Non-Hodgkin lymphoma
1987,2,United Kingdom,Non-Hodgkin lymphoma
1988,4,United Kingdom,Non-Hodgkin lymphoma
2019,54,United Kingdom,Non-Hodgkin lymphoma
2020,55,United Kingdom,Non-Hodgkin lymphoma
2021,76,United Kingdom,Non-Hodgkin lymphoma
2022,51,United Kingdom,Non-Hodgkin lymphoma
2023,53,United Kingdom,Non-Hodgkin lymphoma
2024,29,United Kingdom,Non-Hodgkin lymphoma
1993,12,United Kingdom,Non-Hodgkin lymphoma
1994,16,United Kingdom,Non-Hodgkin lymphoma
1995,12,United Kingdom,Non-Hodgkin lymphoma
1996,11,United Kingdom,Non-Hodgkin lymphoma
1997,13,United Kingdom,Non-Hodgkin lymphoma
1999,22,United Kingdom,Non-Hodgkin lymphoma
1984,0,United Kingdom,Non-Hodgkin lymphoma
1985,0,United Kingdom,Non-Hodgkin lymphoma
1986,0,United Kingdom,Non-Hodgkin lymphoma
2025,0,United Kingdom,Non-Hodgkin lymphoma
1990,492,United Kingdom,Other cancer
1992,742,United Kingdom,Other cancer
1991,681,United Kingdom,Other cancer
1993,801,United Kingdom,Other cancer
1994,773,United Kingdom,Other cancer
1995,788,United Kingdom,Other cancer
1996,733,United Kingdom,Other cancer
1998,737,United Kingdom,Other cancer
1999,746,United Kingdom,Other cancer
2000,742,United Kingdom,Other cancer
2001,759,United Kingdom,Other cancer
2002,786,United Kingdom,Other cancer
2003,836,United Kingdom,Other cancer
2004,801,United Kingdom,Other cancer
1989,333,United Kingdom,Other cancer
1997,753,United Kingdom,Other cancer
2005,807,United Kingdom,Other cancer
2006,748,United Kingdom,Other cancer
2007,839,United Kingdom,Other cancer
2008,865,United Kingdom,Other cancer
2009,862,United Kingdom,Other cancer
2010,912,United Kingdom,Other cancer
2011,926,United Kingdom,Other cancer
2012,986,United Kingdom,Other cancer
1987,196,United Kingdom,Other cancer
1988,308,United Kingdom,Other cancer
2013,1018,United Kingdom,Other cancer
2014,964,United Kingdom,Other cancer
2015,979,United Kingdom,Other cancer
2016,1023,United Kingdom,Other cancer
2017,1001,United Kingdom,Other cancer
2018,1032,United Kingdom,Other cancer
2019,1060,United Kingdom,Other cancer
1986,7,United Kingdom,Other cancer
2020,1148,United Kingdom,Other cancer
2022,1098,United Kingdom,Other cancer
2021,1271,United Kingdom,Other cancer
2023,1028,United Kingdom,Other cancer
2025,21,United Kingdom,Other cancer
2024,666,United Kingdom,Other cancer
1985,1,United Kingdom,Other cancer
1984,0,United Kingdom,Other cancer
1992,36,United Kingdom,Ovarian cancer
1991,36,United Kingdom,Ovarian cancer
1990,31,United Kingdom,Ovarian cancer
1993,59,United Kingdom,Ovarian cancer
1994,55,United Kingdom,Ovarian cancer
1995,69,United Kingdom,Ovarian cancer
2000,65,United Kingdom,Ovarian cancer
2001,78,United Kingdom,Ovarian cancer
2002,84,United Kingdom,Ovarian cancer
2003,69,United Kingdom,Ovarian cancer
1997,57,United Kingdom,Ovarian cancer
1998,67,United Kingdom,Ovarian cancer
2004,67,United Kingdom,Ovarian cancer
2005,65,United Kingdom,Ovarian cancer
2006,90,United Kingdom,Ovarian cancer
2007,89,United Kingdom,Ovarian cancer
2008,73,United Kingdom,Ovarian cancer
2009,85,United Kingdom,Ovarian cancer
2010,103,United Kingdom,Ovarian cancer
2011,110,United Kingdom,Ovarian cancer
1996,66,United Kingdom,Ovarian cancer
2012,110,United Kingdom,Ovarian cancer
1987,14,United Kingdom,Ovarian cancer
1988,19,United Kingdom,Ovarian cancer
1989,28,United Kingdom,Ovarian cancer
2013,105,United Kingdom,Ovarian cancer
2014,99,United Kingdom,Ovarian cancer
2015,129,United Kingdom,Ovarian cancer
2016,165,United Kingdom,Ovarian cancer
2017,126,United Kingdom,Ovarian cancer
2018,128,United Kingdom,Ovarian cancer
2019,136,United Kingdom,Ovarian cancer
2025,3,United Kingdom,Ovarian cancer
2020,152,United Kingdom,Ovarian cancer
2021,174,United Kingdom,Ovarian cancer
2022,184,United Kingdom,Ovarian cancer
2023,142,United Kingdom,Ovarian cancer
2024,78,United Kingdom,Ovarian cancer
1999,72,United Kingdom,Ovarian cancer
1984,0,United Kingdom,Ovarian cancer
1985,0,United Kingdom,Ovarian cancer
1986,0,United Kingdom,Ovarian cancer
1992,15,United Kingdom,Pancreatic cancer
1990,7,United Kingdom,Pancreatic cancer
1991,7,United Kingdom,Pancreatic cancer
2000,27,United Kingdom,Pancreatic cancer
2001,28,United Kingdom,Pancreatic cancer
2002,32,United Kingdom,Pancreatic cancer
2003,24,United Kingdom,Pancreatic cancer
2004,33,United Kingdom,Pancreatic cancer
2005,37,United Kingdom,Pancreatic cancer
2006,30,United Kingdom,Pancreatic cancer
1995,24,United Kingdom,Pancreatic cancer
2007,48,United Kingdom,Pancreatic cancer
2008,43,United Kingdom,Pancreatic cancer
2009,43,United Kingdom,Pancreatic cancer
2010,55,United Kingdom,Pancreatic cancer
2011,54,United Kingdom,Pancreatic cancer
1997,29,United Kingdom,Pancreatic cancer
1998,22,United Kingdom,Pancreatic cancer
2013,58,United Kingdom,Pancreatic cancer
1989,5,United Kingdom,Pancreatic cancer
2012,58,United Kingdom,Pancreatic cancer
2014,69,United Kingdom,Pancreatic cancer
2015,76,United Kingdom,Pancreatic cancer
2016,89,United Kingdom,Pancreatic cancer
2017,72,United Kingdom,Pancreatic cancer
2018,89,United Kingdom,Pancreatic cancer
1987,2,United Kingdom,Pancreatic cancer
1988,5,United Kingdom,Pancreatic cancer
2019,76,United Kingdom,Pancreatic cancer
2021,139,United Kingdom,Pancreatic cancer
2020,114,United Kingdom,Pancreatic cancer
2022,109,United Kingdom,Pancreatic cancer
2023,115,United Kingdom,Pancreatic cancer
2024,71,United Kingdom,Pancreatic cancer
1994,11,United Kingdom,Pancreatic cancer
1993,10,United Kingdom,Pancreatic cancer
1996,9,United Kingdom,Pancreatic cancer
1999,24,United Kingdom,Pancreatic cancer
1984,0,United Kingdom,Pancreatic cancer
1985,0,United Kingdom,Pancreatic cancer
1986,0,United Kingdom,Pancreatic cancer
2025,0,United Kingdom,Pancreatic cancer
2001,1,United Kingdom,Penile cancer
2002,1,United Kingdom,Penile cancer
2004,4,United Kingdom,Penile cancer
2005,4,United Kingdom,Penile cancer
2006,3,United Kingdom,Penile cancer
2007,9,United Kingdom,Penile cancer
2008,5,United Kingdom,Penile cancer
2009,8,United Kingdom,Penile cancer
2010,5,United Kingdom,Penile cancer
2011,7,United Kingdom,Penile cancer
2012,6,United Kingdom,Penile cancer
2013,5,United Kingdom,Penile cancer
2014,7,United Kingdom,Penile cancer
2015,11,United Kingdom,Penile cancer
2016,8,United Kingdom,Penile cancer
2017,11,United Kingdom,Penile cancer
2018,9,United Kingdom,Penile cancer
2019,11,United Kingdom,Penile cancer
2020,8,United Kingdom,Penile cancer
2021,16,United Kingdom,Penile cancer
2022,17,United Kingdom,Penile cancer
2023,11,United Kingdom,Penile cancer
2024,7,United Kingdom,Penile cancer
2025,1,United Kingdom,Penile cancer
1997,1,United Kingdom,Penile cancer
1999,2,United Kingdom,Penile cancer
2000,1,United Kingdom,Penile cancer
1984,0,United Kingdom,Penile cancer
1985,0,United Kingdom,Penile cancer
1986,0,United Kingdom,Penile cancer
1987,0,United Kingdom,Penile cancer
1988,0,United Kingdom,Penile cancer
1989,0,United Kingdom,Penile cancer
1990,0,United Kingdom,Penile cancer
1991,0,United Kingdom,Penile cancer
1992,0,United Kingdom,Penile cancer
1993,0,United Kingdom,Penile cancer
1994,0,United Kingdom,Penile cancer
1995,0,United Kingdom,Penile cancer
1996,0,United Kingdom,Penile cancer
1998,0,United Kingdom,Penile cancer
2003,0,United Kingdom,Penile cancer
1992,26,United Kingdom,Prostate cancer
1990,18,United Kingdom,Prostate cancer
1991,9,United Kingdom,Prostate cancer
2000,111,United Kingdom,Prostate cancer
2001,81,United Kingdom,Prostate cancer
2002,109,United Kingdom,Prostate cancer
1998,54,United Kingdom,Prostate cancer
1997,75,United Kingdom,Prostate cancer
1999,69,United Kingdom,Prostate cancer
2003,122,United Kingdom,Prostate cancer
2004,176,United Kingdom,Prostate cancer
2005,165,United Kingdom,Prostate cancer
2006,187,United Kingdom,Prostate cancer
2007,199,United Kingdom,Prostate cancer
2008,222,United Kingdom,Prostate cancer
2009,233,United Kingdom,Prostate cancer
2010,231,United Kingdom,Prostate cancer
2011,230,United Kingdom,Prostate cancer
2012,267,United Kingdom,Prostate cancer
2013,278,United Kingdom,Prostate cancer
1988,8,United Kingdom,Prostate cancer
1989,9,United Kingdom,Prostate cancer
2014,281,United Kingdom,Prostate cancer
2016,338,United Kingdom,Prostate cancer
2015,329,United Kingdom,Prostate cancer
2017,330,United Kingdom,Prostate cancer
2018,339,United Kingdom,Prostate cancer
2019,352,United Kingdom,Prostate cancer
2020,383,United Kingdom,Prostate cancer
2021,411,United Kingdom,Prostate cancer
2022,372,United Kingdom,Prostate cancer
2025,3,United Kingdom,Prostate cancer
2023,346,United Kingdom,Prostate cancer
1987,2,United Kingdom,Prostate cancer
2024,219,United Kingdom,Prostate cancer
1993,19,United Kingdom,Prostate cancer
1994,36,United Kingdom,Prostate cancer
1995,43,United Kingdom,Prostate cancer
1996,31,United Kingdom,Prostate cancer
1984,0,United Kingdom,Prostate cancer
1985,0,United Kingdom,Prostate cancer
1986,0,United Kingdom,Prostate cancer
1992,11,United Kingdom,Rectal cancer
1990,10,United Kingdom,Rectal cancer
1991,5,United Kingdom,Rectal cancer
2001,16,United Kingdom,Rectal cancer
2002,28,United Kingdom,Rectal cancer
1999,18,United Kingdom,Rectal cancer
2003,33,United Kingdom,Rectal cancer
2000,17,United Kingdom,Rectal cancer
2004,25,United Kingdom,Rectal cancer
2005,45,United Kingdom,Rectal cancer
2006,48,United Kingdom,Rectal cancer
2007,52,United Kingdom,Rectal cancer
2008,48,United Kingdom,Rectal cancer
2009,46,United Kingdom,Rectal cancer
2010,50,United Kingdom,Rectal cancer
2011,55,United Kingdom,Rectal cancer
2012,78,United Kingdom,Rectal cancer
1987,4,United Kingdom,Rectal cancer
1988,5,United Kingdom,Rectal cancer
1989,13,United Kingdom,Rectal cancer
2013,54,United Kingdom,Rectal cancer
2014,75,United Kingdom,Rectal cancer
2015,63,United Kingdom,Rectal cancer
2016,79,United Kingdom,Rectal cancer
2017,94,United Kingdom,Rectal cancer
2018,93,United Kingdom,Rectal cancer
1985,1,United Kingdom,Rectal cancer
2019,52,United Kingdom,Rectal cancer
2020,70,United Kingdom,Rectal cancer
2021,85,United Kingdom,Rectal cancer
2022,82,United Kingdom,Rectal cancer
2023,75,United Kingdom,Rectal cancer
2024,44,United Kingdom,Rectal cancer
2025,2,United Kingdom,Rectal cancer
1994,15,United Kingdom,Rectal cancer
1995,15,United Kingdom,Rectal cancer
1993,7,United Kingdom,Rectal cancer
1996,4,United Kingdom,Rectal cancer
1997,7,United Kingdom,Rectal cancer
1998,10,United Kingdom,Rectal cancer
1984,0,United Kingdom,Rectal cancer
1986,0,United Kingdom,Rectal cancer
1992,1,United Kingdom,Salivary gland cancer
2005,1,United Kingdom,Salivary gland cancer
2012,1,United Kingdom,Salivary gland cancer
2015,1,United Kingdom,Salivary gland cancer
2019,1,United Kingdom,Salivary gland cancer
2020,2,United Kingdom,Salivary gland cancer
2021,2,United Kingdom,Salivary gland cancer
2022,3,United Kingdom,Salivary gland cancer
2023,2,United Kingdom,Salivary gland cancer
1984,0,United Kingdom,Salivary gland cancer
1985,0,United Kingdom,Salivary gland cancer
1986,0,United Kingdom,Salivary gland cancer
1987,0,United Kingdom,Salivary gland cancer
1988,0,United Kingdom,Salivary gland cancer
1989,0,United Kingdom,Salivary gland cancer
1990,0,United Kingdom,Salivary gland cancer
1991,0,United Kingdom,Salivary gland cancer
1993,0,United Kingdom,Salivary gland cancer
1994,0,United Kingdom,Salivary gland cancer
1995,0,United Kingdom,Salivary gland cancer
1996,0,United Kingdom,Salivary gland cancer
1997,0,United Kingdom,Salivary gland cancer
1998,0,United Kingdom,Salivary gland cancer
1999,0,United Kingdom,Salivary gland cancer
2000,0,United Kingdom,Salivary gland cancer
2001,0,United Kingdom,Salivary gland cancer
2002,0,United Kingdom,Salivary gland cancer
2003,0,United Kingdom,Salivary gland cancer
2004,0,United Kingdom,Salivary gland cancer
2006,0,United Kingdom,Salivary gland cancer
2007,0,United Kingdom,Salivary gland cancer
2008,0,United Kingdom,Salivary gland cancer
2009,0,United Kingdom,Salivary gland cancer
2010,0,United Kingdom,Salivary gland cancer
2011,0,United Kingdom,Salivary gland cancer
2013,0,United Kingdom,Salivary gland cancer
2014,0,United Kingdom,Salivary gland cancer
2016,0,United Kingdom,Salivary gland cancer
2017,0,United Kingdom,Salivary gland cancer
2018,0,United Kingdom,Salivary gland cancer
2024,0,United Kingdom,Salivary gland cancer
2025,0,United Kingdom,Salivary gland cancer
1992,144,United Kingdom,Skin cancer
1990,60,United Kingdom,Skin cancer
1991,91,United Kingdom,Skin cancer
1993,132,United Kingdom,Skin cancer
1994,117,United Kingdom,Skin cancer
1995,119,United Kingdom,Skin cancer
2000,164,United Kingdom,Skin cancer
2001,134,United Kingdom,Skin cancer
2002,172,United Kingdom,Skin cancer
2003,154,United Kingdom,Skin cancer
2004,164,United Kingdom,Skin cancer
2005,149,United Kingdom,Skin cancer
1999,152,United Kingdom,Skin cancer
2006,171,United Kingdom,Skin cancer
2007,169,United Kingdom,Skin cancer
2008,155,United Kingdom,Skin cancer
2009,201,United Kingdom,Skin cancer
2010,189,United Kingdom,Skin cancer
2011,181,United Kingdom,Skin cancer
2012,179,United Kingdom,Skin cancer
1987,33,United Kingdom,Skin cancer
1988,38,United Kingdom,Skin cancer
1989,60,United Kingdom,Skin cancer
2013,249,United Kingdom,Skin cancer
2014,241,United Kingdom,Skin cancer
2015,239,United Kingdom,Skin cancer
2016,253,United Kingdom,Skin cancer
2017,222,United Kingdom,Skin cancer
2018,262,United Kingdom,Skin cancer
2019,251,United Kingdom,Skin cancer
1986,1,United Kingdom,Skin cancer
2020,283,United Kingdom,Skin cancer
2021,276,United Kingdom,Skin cancer
2022,269,United Kingdom,Skin cancer
2023,245,United Kingdom,Skin cancer
2024,173,United Kingdom,Skin cancer
2025,2,United Kingdom,Skin cancer
1996,152,United Kingdom,Skin cancer
1997,131,United Kingdom,Skin cancer
1998,122,United Kingdom,Skin cancer
1984,0,United Kingdom,Skin cancer
1985,0,United Kingdom,Skin cancer
1992,7,United Kingdom,Stomach cancer
1991,4,United Kingdom,Stomach cancer
2001,8,United Kingdom,Stomach cancer
2002,13,United Kingdom,Stomach cancer
2003,12,United Kingdom,Stomach cancer
2004,18,United Kingdom,Stomach cancer
2005,16,United Kingdom,Stomach cancer
2006,7,United Kingdom,Stomach cancer
2008,11,United Kingdom,Stomach cancer
2007,16,United Kingdom,Stomach cancer
2009,9,United Kingdom,Stomach cancer
2010,5,United Kingdom,Stomach cancer
2011,12,United Kingdom,Stomach cancer
1989,5,United Kingdom,Stomach cancer
1990,5,United Kingdom,Stomach cancer
2012,9,United Kingdom,Stomach cancer
2013,8,United Kingdom,Stomach cancer
2014,15,United Kingdom,Stomach cancer
2015,18,United Kingdom,Stomach cancer
2016,19,United Kingdom,Stomach cancer
2017,14,United Kingdom,Stomach cancer
1988,3,United Kingdom,Stomach cancer
2018,14,United Kingdom,Stomach cancer
2019,4,United Kingdom,Stomach cancer
2020,14,United Kingdom,Stomach cancer
2021,18,United Kingdom,Stomach cancer
2022,27,United Kingdom,Stomach cancer
2023,10,United Kingdom,Stomach cancer
1987,5,United Kingdom,Stomach cancer
2024,10,United Kingdom,Stomach cancer
1993,6,United Kingdom,Stomach cancer
1994,11,United Kingdom,Stomach cancer
1995,12,United Kingdom,Stomach cancer
1996,8,United Kingdom,Stomach cancer
1997,4,United Kingdom,Stomach cancer
1998,9,United Kingdom,Stomach cancer
1999,10,United Kingdom,Stomach cancer
2000,8,United Kingdom,Stomach cancer
1984,0,United Kingdom,Stomach cancer
1985,0,United Kingdom,Stomach cancer
1986,0,United Kingdom,Stomach cancer
2025,0,United Kingdom,Stomach cancer
1992,7,United Kingdom,Testicular cancer
1991,8,United Kingdom,Testicular cancer
2001,16,United Kingdom,Testicular cancer
2002,8,United Kingdom,Testicular cancer
2003,18,United Kingdom,Testicular cancer
2004,15,United Kingdom,Testicular cancer
2005,16,United Kingdom,Testicular cancer
2008,11,United Kingdom,Testicular cancer
2006,8,United Kingdom,Testicular cancer
2007,9,United Kingdom,Testicular cancer
2009,9,United Kingdom,Testicular cancer
2010,14,United Kingdom,Testicular cancer
2016,8,United Kingdom,Testicular cancer
2011,9,United Kingdom,Testicular cancer
1999,15,United Kingdom,Testicular cancer
1987,3,United Kingdom,Testicular cancer
1989,4,United Kingdom,Testicular cancer
1990,6,United Kingdom,Testicular cancer
2012,7,United Kingdom,Testicular cancer
2013,13,United Kingdom,Testicular cancer
2014,9,United Kingdom,Testicular cancer
2015,17,United Kingdom,Testicular cancer
2017,11,United Kingdom,Testicular cancer
1988,6,United Kingdom,Testicular cancer
2018,24,United Kingdom,Testicular cancer
2019,16,United Kingdom,Testicular cancer
2020,17,United Kingdom,Testicular cancer
2021,16,United Kingdom,Testicular cancer
2022,11,United Kingdom,Testicular cancer
2023,8,United Kingdom,Testicular cancer
2024,7,United Kingdom,Testicular cancer
2025,1,United Kingdom,Testicular cancer
1994,10,United Kingdom,Testicular cancer
1995,10,United Kingdom,Testicular cancer
1993,9,United Kingdom,Testicular cancer
1996,6,United Kingdom,Testicular cancer
1998,6,United Kingdom,Testicular cancer
1997,12,United Kingdom,Testicular cancer
2000,10,United Kingdom,Testicular cancer
1984,0,United Kingdom,Testicular cancer
1985,0,United Kingdom,Testicular cancer
1986,0,United Kingdom,Testicular cancer
2004,1,United Kingdom,Throat cancer
2006,1,United Kingdom,Throat cancer
2008,1,United Kingdom,Throat cancer
2010,1,United Kingdom,Throat cancer
2016,1,United Kingdom,Throat cancer
2019,2,United Kingdom,Throat cancer
2020,1,United Kingdom,Throat cancer
1984,0,United Kingdom,Throat cancer
1985,0,United Kingdom,Throat cancer
1986,0,United Kingdom,Throat cancer
1987,0,United Kingdom,Throat cancer
1988,0,United Kingdom,Throat cancer
1989,0,United Kingdom,Throat cancer
1990,0,United Kingdom,Throat cancer
1991,0,United Kingdom,Throat cancer
1992,0,United Kingdom,Throat cancer
1993,0,United Kingdom,Throat cancer
1994,0,United Kingdom,Throat cancer
1995,0,United Kingdom,Throat cancer
1996,0,United Kingdom,Throat cancer
1997,0,United Kingdom,Throat cancer
1998,0,United Kingdom,Throat cancer
1999,0,United Kingdom,Throat cancer
2000,0,United Kingdom,Throat cancer
2001,0,United Kingdom,Throat cancer
2002,0,United Kingdom,Throat cancer
2003,0,United Kingdom,Throat cancer
2005,0,United Kingdom,Throat cancer
2007,0,United Kingdom,Throat cancer
2009,0,United Kingdom,Throat cancer
2011,0,United Kingdom,Throat cancer
2012,0,United Kingdom,Throat cancer
2013,0,United Kingdom,Throat cancer
2014,0,United Kingdom,Throat cancer
2015,0,United Kingdom,Throat cancer
2017,0,United Kingdom,Throat cancer
2018,0,United Kingdom,Throat cancer
2021,0,United Kingdom,Throat cancer
2022,0,United Kingdom,Throat cancer
2023,0,United Kingdom,Throat cancer
2024,0,United Kingdom,Throat cancer
2025,0,United Kingdom,Throat cancer
1992,4,United Kingdom,Thyroid cancer
1991,5,United Kingdom,Thyroid cancer
2001,10,United Kingdom,Thyroid cancer
2002,9,United Kingdom,Thyroid cancer
2003,14,United Kingdom,Thyroid cancer
2004,16,United Kingdom,Thyroid cancer
2005,16,United Kingdom,Thyroid cancer
2006,13,United Kingdom,Thyroid cancer
2007,10,United Kingdom,Thyroid cancer
2009,16,United Kingdom,Thyroid cancer
2008,14,United Kingdom,Thyroid cancer
2010,19,United Kingdom,Thyroid cancer
2011,17,United Kingdom,Thyroid cancer
1987,2,United Kingdom,Thyroid cancer
1989,2,United Kingdom,Thyroid cancer
1990,3,United Kingdom,Thyroid cancer
2012,26,United Kingdom,Thyroid cancer
2013,16,United Kingdom,Thyroid cancer
2014,35,United Kingdom,Thyroid cancer
2015,24,United Kingdom,Thyroid cancer
2016,41,United Kingdom,Thyroid cancer
2000,7,United Kingdom,Thyroid cancer
2017,36,United Kingdom,Thyroid cancer
2018,37,United Kingdom,Thyroid cancer
1988,2,United Kingdom,Thyroid cancer
2019,36,United Kingdom,Thyroid cancer
2020,36,United Kingdom,Thyroid cancer
2021,41,United Kingdom,Thyroid cancer
2025,2,United Kingdom,Thyroid cancer
2022,50,United Kingdom,Thyroid cancer
2023,52,United Kingdom,Thyroid cancer
2024,34,United Kingdom,Thyroid cancer
1994,9,United Kingdom,Thyroid cancer
1995,13,United Kingdom,Thyroid cancer
1993,6,United Kingdom,Thyroid cancer
1996,12,United Kingdom,Thyroid cancer
1997,4,United Kingdom,Thyroid cancer
1998,8,United Kingdom,Thyroid cancer
1999,13,United Kingdom,Thyroid cancer
1984,0,United Kingdom,Thyroid cancer
1985,0,United Kingdom,Thyroid cancer
1986,0,United Kingdom,Thyroid cancer
1990,1302,United Kingdom,Undetermined cancer
1991,1712,United Kingdom,Undetermined cancer
1992,1978,United Kingdom,Undetermined cancer
1993,1922,United Kingdom,Undetermined cancer
1994,1957,United Kingdom,Undetermined cancer
1995,1891,United Kingdom,Undetermined cancer
1996,1959,United Kingdom,Undetermined cancer
1998,1880,United Kingdom,Undetermined cancer
1999,1993,United Kingdom,Undetermined cancer
2000,2202,United Kingdom,Undetermined cancer
2001,2093,United Kingdom,Undetermined cancer
2002,2227,United Kingdom,Undetermined cancer
1989,1069,United Kingdom,Undetermined cancer
1997,1997,United Kingdom,Undetermined cancer
2003,2310,United Kingdom,Undetermined cancer
2004,2404,United Kingdom,Undetermined cancer
1986,35,United Kingdom,Undetermined cancer
2005,2291,United Kingdom,Undetermined cancer
2006,2387,United Kingdom,Undetermined cancer
2007,2653,United Kingdom,Undetermined cancer
1984,4,United Kingdom,Undetermined cancer
1985,19,United Kingdom,Undetermined cancer
1987,593,United Kingdom,Undetermined cancer
1988,927,United Kingdom,Undetermined cancer
2008,2771,United Kingdom,Undetermined cancer
2009,2836,United Kingdom,Undetermined cancer
2010,3048,United Kingdom,Undetermined cancer
2011,3273,United Kingdom,Undetermined cancer
2012,3435,United Kingdom,Undetermined cancer
2013,3590,United Kingdom,Undetermined cancer
2016,4228,United Kingdom,Undetermined cancer
2014,3821,United Kingdom,Undetermined cancer
2015,4145,United Kingdom,Undetermined cancer
2017,4373,United Kingdom,Undetermined cancer
2018,4604,United Kingdom,Undetermined cancer
2019,4793,United Kingdom,Undetermined cancer
2020,5143,United Kingdom,Undetermined cancer
2021,5744,United Kingdom,Undetermined cancer
2022,5023,United Kingdom,Undetermined cancer
2025,57,United Kingdom,Undetermined cancer
2023,4612,United Kingdom,Undetermined cancer
2024,2749,United Kingdom,Undetermined cancer
1992,6,United Kingdom,Uterine cancer
1991,6,United Kingdom,Uterine cancer
2000,13,United Kingdom,Uterine cancer
2001,17,United Kingdom,Uterine cancer
2002,20,United Kingdom,Uterine cancer
2003,14,United Kingdom,Uterine cancer
1998,12,United Kingdom,Uterine cancer
2004,18,United Kingdom,Uterine cancer
2005,22,United Kingdom,Uterine cancer
2006,28,United Kingdom,Uterine cancer
2007,17,United Kingdom,Uterine cancer
2008,35,United Kingdom,Uterine cancer
2009,30,United Kingdom,Uterine cancer
2010,32,United Kingdom,Uterine cancer
2011,36,United Kingdom,Uterine cancer
2012,40,United Kingdom,Uterine cancer
1989,2,United Kingdom,Uterine cancer
1990,6,United Kingdom,Uterine cancer
2013,35,United Kingdom,Uterine cancer
2014,25,United Kingdom,Uterine cancer
2015,39,United Kingdom,Uterine cancer
2016,30,United Kingdom,Uterine cancer
2017,51,United Kingdom,Uterine cancer
2018,48,United Kingdom,Uterine cancer
1988,2,United Kingdom,Uterine cancer
2019,49,United Kingdom,Uterine cancer
2020,68,United Kingdom,Uterine cancer
2025,1,United Kingdom,Uterine cancer
2021,80,United Kingdom,Uterine cancer
2022,65,United Kingdom,Uterine cancer
2024,41,United Kingdom,Uterine cancer
1987,1,United Kingdom,Uterine cancer
2023,47,United Kingdom,Uterine cancer
1993,6,United Kingdom,Uterine cancer
1994,4,United Kingdom,Uterine cancer
1995,4,United Kingdom,Uterine cancer
1996,12,United Kingdom,Uterine cancer
1997,4,United Kingdom,Uterine cancer
1999,16,United Kingdom,Uterine cancer
1984,0,United Kingdom,Uterine cancer
1985,0,United Kingdom,Uterine cancer
1986,0,United Kingdom,Uterine cancer
2001,1,United Kingdom,Vaginal cancer
2006,3,United Kingdom,Vaginal cancer
2013,1,United Kingdom,Vaginal cancer
2016,1,United Kingdom,Vaginal cancer
2017,2,United Kingdom,Vaginal cancer
2018,2,United Kingdom,Vaginal cancer
2019,4,United Kingdom,Vaginal cancer
2020,4,United Kingdom,Vaginal cancer
2021,2,United Kingdom,Vaginal cancer
2023,5,United Kingdom,Vaginal cancer
2024,1,United Kingdom,Vaginal cancer
1999,1,United Kingdom,Vaginal cancer
2000,1,United Kingdom,Vaginal cancer
1984,0,United Kingdom,Vaginal cancer
1985,0,United Kingdom,Vaginal cancer
1986,0,United Kingdom,Vaginal cancer
1987,0,United Kingdom,Vaginal cancer
1988,0,United Kingdom,Vaginal cancer
1989,0,United Kingdom,Vaginal cancer
1990,0,United Kingdom,Vaginal cancer
1991,0,United Kingdom,Vaginal cancer
1992,0,United Kingdom,Vaginal cancer
1993,0,United Kingdom,Vaginal cancer
1994,0,United Kingdom,Vaginal cancer
1995,0,United Kingdom,Vaginal cancer
1996,0,United Kingdom,Vaginal cancer
1997,0,United Kingdom,Vaginal cancer
1998,0,United Kingdom,Vaginal cancer
2002,0,United Kingdom,Vaginal cancer
2003,0,United Kingdom,Vaginal cancer
2004,0,United Kingdom,Vaginal cancer
2005,0,United Kingdom,Vaginal cancer
2007,0,United Kingdom,Vaginal cancer
2008,0,United Kingdom,Vaginal cancer
2009,0,United Kingdom,Vaginal cancer
2010,0,United Kingdom,Vaginal cancer
2011,0,United Kingdom,Vaginal cancer
2012,0,United Kingdom,Vaginal cancer
2014,0,United Kingdom,Vaginal cancer
2015,0,United Kingdom,Vaginal cancer
2022,0,United Kingdom,Vaginal cancer
2025,0,United Kingdom,Vaginal cancer
2001,2,United Kingdom,Vulvar cancer
2002,2,United Kingdom,Vulvar cancer
1993,2,United Kingdom,Vulvar cancer
2003,11,United Kingdom,Vulvar cancer
2004,3,United Kingdom,Vulvar cancer
1998,4,United Kingdom,Vulvar cancer
2005,3,United Kingdom,Vulvar cancer
2006,6,United Kingdom,Vulvar cancer
2007,1,United Kingdom,Vulvar cancer
2008,3,United Kingdom,Vulvar cancer
2009,9,United Kingdom,Vulvar cancer
2010,5,United Kingdom,Vulvar cancer
2011,6,United Kingdom,Vulvar cancer
1990,1,United Kingdom,Vulvar cancer
2012,1,United Kingdom,Vulvar cancer
2013,4,United Kingdom,Vulvar cancer
2014,7,United Kingdom,Vulvar cancer
2015,6,United Kingdom,Vulvar cancer
2016,9,United Kingdom,Vulvar cancer
2017,5,United Kingdom,Vulvar cancer
1988,1,United Kingdom,Vulvar cancer
2018,2,United Kingdom,Vulvar cancer
2019,6,United Kingdom,Vulvar cancer
2020,7,United Kingdom,Vulvar cancer
2021,5,United Kingdom,Vulvar cancer
2022,5,United Kingdom,Vulvar cancer
2023,4,United Kingdom,Vulvar cancer
2024,8,United Kingdom,Vulvar cancer
1994,1,United Kingdom,Vulvar cancer
1999,3,United Kingdom,Vulvar cancer
2000,4,United Kingdom,Vulvar cancer
1984,0,United Kingdom,Vulvar cancer
1985,0,United Kingdom,Vulvar cancer
1986,0,United Kingdom,Vulvar cancer
1987,0,United Kingdom,Vulvar cancer
1989,0,United Kingdom,Vulvar cancer
1991,0,United Kingdom,Vulvar cancer
1992,0,United Kingdom,Vulvar cancer
1995,0,United Kingdom,Vulvar cancer
1996,0,United Kingdom,Vulvar cancer
1997,0,United Kingdom,Vulvar cancer
2025,0,United Kingdom,Vulvar cancer
2002,1,Spain,Anal cancer
2005,1,Spain,Anal cancer
2011,1,Spain,Anal cancer
2012,1,Spain,Anal cancer
2014,5,Spain,Anal cancer
2013,7,Spain,Anal cancer
2015,4,Spain,Anal cancer
2017,6,Spain,Anal cancer
2018,3,Spain,Anal cancer
2019,3,Spain,Anal cancer
2020,3,Spain,Anal cancer
2021,3,Spain,Anal cancer
2022,7,Spain,Anal cancer
2023,6,Spain,Anal cancer
2024,7,Spain,Anal cancer
1997,1,Spain,Anal cancer
1999,1,Spain,Anal cancer
1984,0,Spain,Anal cancer
1985,0,Spain,Anal cancer
1986,0,Spain,Anal cancer
1987,0,Spain,Anal cancer
1988,0,Spain,Anal cancer
1989,0,Spain,Anal cancer
1990,0,Spain,Anal cancer
1991,0,Spain,Anal cancer
1992,0,Spain,Anal cancer
1993,0,Spain,Anal cancer
1994,0,Spain,Anal cancer
1995,0,Spain,Anal cancer
1996,0,Spain,Anal cancer
1998,0,Spain,Anal cancer
2000,0,Spain,Anal cancer
2001,0,Spain,Anal cancer
2003,0,Spain,Anal cancer
2004,0,Spain,Anal cancer
2006,0,Spain,Anal cancer
2007,0,Spain,Anal cancer
2008,0,Spain,Anal cancer
2009,0,Spain,Anal cancer
2010,0,Spain,Anal cancer
2016,0,Spain,Anal cancer
2025,0,Spain,Anal cancer
1992,9,Spain,Bladder cancer
1990,14,Spain,Bladder cancer
1991,12,Spain,Bladder cancer
2001,24,Spain,Bladder cancer
2002,18,Spain,Bladder cancer
2003,24,Spain,Bladder cancer
2000,31,Spain,Bladder cancer
2004,14,Spain,Bladder cancer
2005,25,Spain,Bladder cancer
2006,23,Spain,Bladder cancer
2007,36,Spain,Bladder cancer
2008,28,Spain,Bladder cancer
2009,25,Spain,Bladder cancer
2010,26,Spain,Bladder cancer
2011,25,Spain,Bladder cancer
2012,34,Spain,Bladder cancer
1989,4,Spain,Bladder cancer
2013,31,Spain,Bladder cancer
2014,32,Spain,Bladder cancer
2015,35,Spain,Bladder cancer
2016,34,Spain,Bladder cancer
2017,33,Spain,Bladder cancer
2018,42,Spain,Bladder cancer
1987,4,Spain,Bladder cancer
1988,5,Spain,Bladder cancer
2019,56,Spain,Bladder cancer
2020,65,Spain,Bladder cancer
2021,54,Spain,Bladder cancer
2022,55,Spain,Bladder cancer
2023,55,Spain,Bladder cancer
2024,28,Spain,Bladder cancer
1994,14,Spain,Bladder cancer
1995,15,Spain,Bladder cancer
1993,9,Spain,Bladder cancer
1996,16,Spain,Bladder cancer
1997,15,Spain,Bladder cancer
1998,13,Spain,Bladder cancer
1999,41,Spain,Bladder cancer
1984,0,Spain,Bladder cancer
1985,0,Spain,Bladder cancer
1986,0,Spain,Bladder cancer
2025,0,Spain,Bladder cancer
1992,22,Spain,Brain cancer
1990,10,Spain,Brain cancer
1991,21,Spain,Brain cancer
2000,30,Spain,Brain cancer
2001,28,Spain,Brain cancer
2002,33,Spain,Brain cancer
2003,27,Spain,Brain cancer
2004,33,Spain,Brain cancer
2005,32,Spain,Brain cancer
2006,40,Spain,Brain cancer
2007,30,Spain,Brain cancer
2008,33,Spain,Brain cancer
2009,39,Spain,Brain cancer
2010,38,Spain,Brain cancer
2011,60,Spain,Brain cancer
1993,19,Spain,Brain cancer
2012,50,Spain,Brain cancer
1989,13,Spain,Brain cancer
2013,39,Spain,Brain cancer
2014,84,Spain,Brain cancer
2015,55,Spain,Brain cancer
2016,64,Spain,Brain cancer
2018,79,Spain,Brain cancer
2017,66,Spain,Brain cancer
2019,90,Spain,Brain cancer
1987,6,Spain,Brain cancer
1988,9,Spain,Brain cancer
2020,102,Spain,Brain cancer
2021,118,Spain,Brain cancer
2022,74,Spain,Brain cancer
2023,77,Spain,Brain cancer
2024,57,Spain,Brain cancer
2025,1,Spain,Brain cancer
1994,22,Spain,Brain cancer
1995,23,Spain,Brain cancer
1996,27,Spain,Brain cancer
1997,26,Spain,Brain cancer
1998,24,Spain,Brain cancer
1999,18,Spain,Brain cancer
1984,0,Spain,Brain cancer
1985,0,Spain,Brain cancer
1986,0,Spain,Brain cancer
1992,29,Spain,Breast cancer
1990,19,Spain,Breast cancer
1991,26,Spain,Breast cancer
2000,74,Spain,Breast cancer
2001,89,Spain,Breast cancer
2002,79,Spain,Breast cancer
1999,66,Spain,Breast cancer
2003,94,Spain,Breast cancer
2004,93,Spain,Breast cancer
2005,127,Spain,Breast cancer
2006,143,Spain,Breast cancer
2008,161,Spain,Breast cancer
2007,134,Spain,Breast cancer
2009,153,Spain,Breast cancer
2010,213,Spain,Breast cancer
2011,192,Spain,Breast cancer
2012,243,Spain,Breast cancer
1996,63,Spain,Breast cancer
1997,65,Spain,Breast cancer
1989,11,Spain,Breast cancer
2013,248,Spain,Breast cancer
2014,241,Spain,Breast cancer
2015,239,Spain,Breast cancer
2016,253,Spain,Breast cancer
2017,228,Spain,Breast cancer
2018,281,Spain,Breast cancer
2019,344,Spain,Breast cancer
1987,6,Spain,Breast cancer
1988,4,Spain,Breast cancer
2020,388,Spain,Breast cancer
2021,415,Spain,Breast cancer
2022,397,Spain,Breast cancer
2023,372,Spain,Breast cancer
1985,2,Spain,Breast cancer
1986,1,Spain,Breast cancer
2024,257,Spain,Breast cancer
2025,5,Spain,Breast cancer
1993,30,Spain,Breast cancer
1994,36,Spain,Breast cancer
1995,40,Spain,Breast cancer
1998,50,Spain,Breast cancer
1984,0,Spain,Breast cancer
1992,5,Spain,Cervical cancer
1991,4,Spain,Cervical cancer
2001,3,Spain,Cervical cancer
2002,8,Spain,Cervical cancer
2003,9,Spain,Cervical cancer
2004,7,Spain,Cervical cancer
2005,10,Spain,Cervical cancer
2006,8,Spain,Cervical cancer
2008,34,Spain,Cervical cancer
2007,8,Spain,Cervical cancer
2009,20,Spain,Cervical cancer
2010,23,Spain,Cervical cancer
2011,26,Spain,Cervical cancer
1990,1,Spain,Cervical cancer
2012,31,Spain,Cervical cancer
2013,33,Spain,Cervical cancer
2014,26,Spain,Cervical cancer
2015,25,Spain,Cervical cancer
2016,22,Spain,Cervical cancer
2017,19,Spain,Cervical cancer
1987,1,Spain,Cervical cancer
1988,1,Spain,Cervical cancer
2018,33,Spain,Cervical cancer
2019,32,Spain,Cervical cancer
2020,37,Spain,Cervical cancer
2021,41,Spain,Cervical cancer
2022,42,Spain,Cervical cancer
1985,2,Spain,Cervical cancer
2023,27,Spain,Cervical cancer
2024,20,Spain,Cervical cancer
1993,2,Spain,Cervical cancer
1994,2,Spain,Cervical cancer
1995,7,Spain,Cervical cancer
1996,7,Spain,Cervical cancer
1997,8,Spain,Cervical cancer
1998,4,Spain,Cervical cancer
1999,8,Spain,Cervical cancer
2000,3,Spain,Cervical cancer
1984,0,Spain,Cervical cancer
1986,0,Spain,Cervical cancer
1989,0,Spain,Cervical cancer
2025,0,Spain,Cervical cancer
1992,6,Spain,Colon cancer
1991,3,Spain,Colon cancer
2001,14,Spain,Colon cancer
2002,11,Spain,Colon cancer
2003,12,Spain,Colon cancer
2004,20,Spain,Colon cancer
2005,25,Spain,Colon cancer
2006,37,Spain,Colon cancer
2007,31,Spain,Colon cancer
2008,36,Spain,Colon cancer
2009,40,Spain,Colon cancer
2010,33,Spain,Colon cancer
2011,38,Spain,Colon cancer
1993,11,Spain,Colon cancer
1989,1,Spain,Colon cancer
1990,1,Spain,Colon cancer
2012,57,Spain,Colon cancer
2013,48,Spain,Colon cancer
2014,56,Spain,Colon cancer
2015,54,Spain,Colon cancer
2016,59,Spain,Colon cancer
2017,54,Spain,Colon cancer
2018,75,Spain,Colon cancer
1988,1,Spain,Colon cancer
2019,72,Spain,Colon cancer
2020,73,Spain,Colon cancer
2021,65,Spain,Colon cancer
2022,57,Spain,Colon cancer
2023,56,Spain,Colon cancer
2024,25,Spain,Colon cancer
1995,6,Spain,Colon cancer
1994,1,Spain,Colon cancer
1996,7,Spain,Colon cancer
1997,7,Spain,Colon cancer
1998,15,Spain,Colon cancer
1999,11,Spain,Colon cancer
2000,10,Spain,Colon cancer
1984,0,Spain,Colon cancer
1985,0,Spain,Colon cancer
1986,0,Spain,Colon cancer
1987,0,Spain,Colon cancer
2025,0,Spain,Colon cancer
1992,12,Spain,Colorectal cancer
1990,8,Spain,Colorectal cancer
1991,14,Spain,Colorectal cancer
2000,28,Spain,Colorectal cancer
2001,30,Spain,Colorectal cancer
2002,31,Spain,Colorectal cancer
1999,25,Spain,Colorectal cancer
2003,41,Spain,Colorectal cancer
2004,46,Spain,Colorectal cancer
2005,76,Spain,Colorectal cancer
2006,66,Spain,Colorectal cancer
2007,81,Spain,Colorectal cancer
2008,66,Spain,Colorectal cancer
2009,79,Spain,Colorectal cancer
2010,107,Spain,Colorectal cancer
2011,115,Spain,Colorectal cancer
1993,9,Spain,Colorectal cancer
1995,12,Spain,Colorectal cancer
2012,148,Spain,Colorectal cancer
1989,1,Spain,Colorectal cancer
2013,116,Spain,Colorectal cancer
2014,138,Spain,Colorectal cancer
2016,153,Spain,Colorectal cancer
2015,148,Spain,Colorectal cancer
2017,169,Spain,Colorectal cancer
2018,183,Spain,Colorectal cancer
1988,3,Spain,Colorectal cancer
2019,237,Spain,Colorectal cancer
2020,257,Spain,Colorectal cancer
2021,248,Spain,Colorectal cancer
2022,258,Spain,Colorectal cancer
2023,244,Spain,Colorectal cancer
2024,166,Spain,Colorectal cancer
2025,2,Spain,Colorectal cancer
1994,11,Spain,Colorectal cancer
1996,15,Spain,Colorectal cancer
1997,18,Spain,Colorectal cancer
1998,22,Spain,Colorectal cancer
1984,0,Spain,Colorectal cancer
1985,0,Spain,Colorectal cancer
1986,0,Spain,Colorectal cancer
1987,0,Spain,Colorectal cancer
1992,6,Spain,Esophageal cancer
2001,2,Spain,Esophageal cancer
2002,1,Spain,Esophageal cancer
2003,4,Spain,Esophageal cancer
2004,2,Spain,Esophageal cancer
2005,6,Spain,Esophageal cancer
2006,3,Spain,Esophageal cancer
2007,1,Spain,Esophageal cancer
2008,4,Spain,Esophageal cancer
2009,3,Spain,Esophageal cancer
1988,1,Spain,Esophageal cancer
2011,1,Spain,Esophageal cancer
2012,1,Spain,Esophageal cancer
2013,3,Spain,Esophageal cancer
2014,3,Spain,Esophageal cancer
2015,3,Spain,Esophageal cancer
2016,6,Spain,Esophageal cancer
2017,2,Spain,Esophageal cancer
2018,7,Spain,Esophageal cancer
2019,7,Spain,Esophageal cancer
2020,3,Spain,Esophageal cancer
2021,13,Spain,Esophageal cancer
2022,8,Spain,Esophageal cancer
2023,8,Spain,Esophageal cancer
2024,7,Spain,Esophageal cancer
1994,3,Spain,Esophageal cancer
1993,1,Spain,Esophageal cancer
1995,1,Spain,Esophageal cancer
1996,3,Spain,Esophageal cancer
1997,2,Spain,Esophageal cancer
1998,2,Spain,Esophageal cancer
1999,3,Spain,Esophageal cancer
2000,6,Spain,Esophageal cancer
1984,0,Spain,Esophageal cancer
1985,0,Spain,Esophageal cancer
1986,0,Spain,Esophageal cancer
1987,0,Spain,Esophageal cancer
1989,0,Spain,Esophageal cancer
1990,0,Spain,Esophageal cancer
1991,0,Spain,Esophageal cancer
2010,0,Spain,Esophageal cancer
2025,0,Spain,Esophageal cancer
1992,2,Spain,Gallbladder cancer
1991,1,Spain,Gallbladder cancer
2001,1,Spain,Gallbladder cancer
2002,1,Spain,Gallbladder cancer
2004,1,Spain,Gallbladder cancer
2006,2,Spain,Gallbladder cancer
2009,2,Spain,Gallbladder cancer
2012,2,Spain,Gallbladder cancer
2013,1,Spain,Gallbladder cancer
2014,3,Spain,Gallbladder cancer
2018,2,Spain,Gallbladder cancer
2019,2,Spain,Gallbladder cancer
2020,2,Spain,Gallbladder cancer
2021,1,Spain,Gallbladder cancer
2022,2,Spain,Gallbladder cancer
2023,2,Spain,Gallbladder cancer
2024,1,Spain,Gallbladder cancer
1994,2,Spain,Gallbladder cancer
1999,1,Spain,Gallbladder cancer
1984,0,Spain,Gallbladder cancer
1985,0,Spain,Gallbladder cancer
1986,0,Spain,Gallbladder cancer
1987,0,Spain,Gallbladder cancer
1988,0,Spain,Gallbladder cancer
1989,0,Spain,Gallbladder cancer
1990,0,Spain,Gallbladder cancer
1993,0,Spain,Gallbladder cancer
1995,0,Spain,Gallbladder cancer
1996,0,Spain,Gallbladder cancer
1997,0,Spain,Gallbladder cancer
1998,0,Spain,Gallbladder cancer
2000,0,Spain,Gallbladder cancer
2003,0,Spain,Gallbladder cancer
2005,0,Spain,Gallbladder cancer
2007,0,Spain,Gallbladder cancer
2008,0,Spain,Gallbladder cancer
2010,0,Spain,Gallbladder cancer
2011,0,Spain,Gallbladder cancer
2015,0,Spain,Gallbladder cancer
2016,0,Spain,Gallbladder cancer
2017,0,Spain,Gallbladder cancer
2025,0,Spain,Gallbladder cancer
1992,5,Spain,Hodgkin lymphoma
1991,4,Spain,Hodgkin lymphoma
2000,3,Spain,Hodgkin lymphoma
2001,7,Spain,Hodgkin lymphoma
2002,4,Spain,Hodgkin lymphoma
2003,10,Spain,Hodgkin lymphoma
2004,8,Spain,Hodgkin lymphoma
2005,7,Spain,Hodgkin lymphoma
2006,10,Spain,Hodgkin lymphoma
2007,10,Spain,Hodgkin lymphoma
2008,10,Spain,Hodgkin lymphoma
2009,10,Spain,Hodgkin lymphoma
2010,8,Spain,Hodgkin lymphoma
2011,12,Spain,Hodgkin lymphoma
1989,3,Spain,Hodgkin lymphoma
1990,1,Spain,Hodgkin lymphoma
2012,10,Spain,Hodgkin lymphoma
2013,15,Spain,Hodgkin lymphoma
2014,11,Spain,Hodgkin lymphoma
2015,27,Spain,Hodgkin lymphoma
2016,9,Spain,Hodgkin lymphoma
2017,28,Spain,Hodgkin lymphoma
2018,15,Spain,Hodgkin lymphoma
2019,15,Spain,Hodgkin lymphoma
2020,24,Spain,Hodgkin lymphoma
2021,31,Spain,Hodgkin lymphoma
2022,24,Spain,Hodgkin lymphoma
2023,21,Spain,Hodgkin lymphoma
2024,16,Spain,Hodgkin lymphoma
1993,5,Spain,Hodgkin lymphoma
1994,7,Spain,Hodgkin lymphoma
1995,3,Spain,Hodgkin lymphoma
1996,3,Spain,Hodgkin lymphoma
1997,6,Spain,Hodgkin lymphoma
1998,6,Spain,Hodgkin lymphoma
1999,6,Spain,Hodgkin lymphoma
1984,0,Spain,Hodgkin lymphoma
1985,0,Spain,Hodgkin lymphoma
1986,0,Spain,Hodgkin lymphoma
1987,0,Spain,Hodgkin lymphoma
1988,0,Spain,Hodgkin lymphoma
2025,0,Spain,Hodgkin lymphoma
1992,1,Spain,Kaposi sarcoma
2001,1,Spain,Kaposi sarcoma
2002,2,Spain,Kaposi sarcoma
2003,1,Spain,Kaposi sarcoma
2005,1,Spain,Kaposi sarcoma
2006,3,Spain,Kaposi sarcoma
2007,2,Spain,Kaposi sarcoma
2008,2,Spain,Kaposi sarcoma
2009,1,Spain,Kaposi sarcoma
2010,2,Spain,Kaposi sarcoma
1990,1,Spain,Kaposi sarcoma
2011,2,Spain,Kaposi sarcoma
2012,2,Spain,Kaposi sarcoma
2013,4,Spain,Kaposi sarcoma
2014,1,Spain,Kaposi sarcoma
2015,6,Spain,Kaposi sarcoma
2016,3,Spain,Kaposi sarcoma
2017,4,Spain,Kaposi sarcoma
2018,5,Spain,Kaposi sarcoma
2019,7,Spain,Kaposi sarcoma
2020,8,Spain,Kaposi sarcoma
2021,6,Spain,Kaposi sarcoma
2022,6,Spain,Kaposi sarcoma
2023,2,Spain,Kaposi sarcoma
1993,1,Spain,Kaposi sarcoma
1994,1,Spain,Kaposi sarcoma
1996,3,Spain,Kaposi sarcoma
1997,1,Spain,Kaposi sarcoma
1998,1,Spain,Kaposi sarcoma
1999,2,Spain,Kaposi sarcoma
2000,2,Spain,Kaposi sarcoma
1984,0,Spain,Kaposi sarcoma
1985,0,Spain,Kaposi sarcoma
1986,0,Spain,Kaposi sarcoma
1987,0,Spain,Kaposi sarcoma
1988,0,Spain,Kaposi sarcoma
1989,0,Spain,Kaposi sarcoma
1991,0,Spain,Kaposi sarcoma
1995,0,Spain,Kaposi sarcoma
2004,0,Spain,Kaposi sarcoma
2024,0,Spain,Kaposi sarcoma
2025,0,Spain,Kaposi sarcoma
1992,9,Spain,Kidney cancer
1991,15,Spain,Kidney cancer
2001,19,Spain,Kidney cancer
2002,17,Spain,Kidney cancer
1998,18,Spain,Kidney cancer
2000,18,Spain,Kidney cancer
2003,19,Spain,Kidney cancer
2004,24,Spain,Kidney cancer
2005,22,Spain,Kidney cancer
2006,24,Spain,Kidney cancer
2007,22,Spain,Kidney cancer
2008,21,Spain,Kidney cancer
2009,27,Spain,Kidney cancer
2010,32,Spain,Kidney cancer
2011,30,Spain,Kidney cancer
2012,36,Spain,Kidney cancer
1988,4,Spain,Kidney cancer
1989,3,Spain,Kidney cancer
1990,4,Spain,Kidney cancer
2013,34,Spain,Kidney cancer
2014,23,Spain,Kidney cancer
2015,20,Spain,Kidney cancer
2016,32,Spain,Kidney cancer
2017,41,Spain,Kidney cancer
2018,38,Spain,Kidney cancer
1987,1,Spain,Kidney cancer
2019,39,Spain,Kidney cancer
2020,49,Spain,Kidney cancer
2021,57,Spain,Kidney cancer
2022,42,Spain,Kidney cancer
2023,42,Spain,Kidney cancer
2024,22,Spain,Kidney cancer
2025,1,Spain,Kidney cancer
1994,8,Spain,Kidney cancer
1995,19,Spain,Kidney cancer
1993,9,Spain,Kidney cancer
1996,13,Spain,Kidney cancer
1997,12,Spain,Kidney cancer
1999,13,Spain,Kidney cancer
1984,0,Spain,Kidney cancer
1985,0,Spain,Kidney cancer
1986,0,Spain,Kidney cancer
1992,3,Spain,Laryngeal cancer
1991,2,Spain,Laryngeal cancer
2001,1,Spain,Laryngeal cancer
2002,4,Spain,Laryngeal cancer
2003,4,Spain,Laryngeal cancer
2004,2,Spain,Laryngeal cancer
2005,4,Spain,Laryngeal cancer
2006,5,Spain,Laryngeal cancer
2007,5,Spain,Laryngeal cancer
2008,6,Spain,Laryngeal cancer
2009,4,Spain,Laryngeal cancer
2010,6,Spain,Laryngeal cancer
2011,10,Spain,Laryngeal cancer
1990,1,Spain,Laryngeal cancer
2012,3,Spain,Laryngeal cancer
2013,7,Spain,Laryngeal cancer
2017,7,Spain,Laryngeal cancer
2015,4,Spain,Laryngeal cancer
2014,1,Spain,Laryngeal cancer
2016,10,Spain,Laryngeal cancer
2018,4,Spain,Laryngeal cancer
2019,5,Spain,Laryngeal cancer
2020,3,Spain,Laryngeal cancer
2021,8,Spain,Laryngeal cancer
2022,3,Spain,Laryngeal cancer
2023,3,Spain,Laryngeal cancer
1994,4,Spain,Laryngeal cancer
1995,4,Spain,Laryngeal cancer
1993,1,Spain,Laryngeal cancer
1996,4,Spain,Laryngeal cancer
1997,5,Spain,Laryngeal cancer
1998,6,Spain,Laryngeal cancer
1999,6,Spain,Laryngeal cancer
2000,7,Spain,Laryngeal cancer
1984,0,Spain,Laryngeal cancer
1985,0,Spain,Laryngeal cancer
1986,0,Spain,Laryngeal cancer
1987,0,Spain,Laryngeal cancer
1988,0,Spain,Laryngeal cancer
1989,0,Spain,Laryngeal cancer
2024,0,Spain,Laryngeal cancer
2025,0,Spain,Laryngeal cancer
1992,81,Spain,Leukemia
1990,37,Spain,Leukemia
1991,67,Spain,Leukemia
2000,98,Spain,Leukemia
2001,95,Spain,Leukemia
2002,100,Spain,Leukemia
1999,103,Spain,Leukemia
2003,101,Spain,Leukemia
2004,100,Spain,Leukemia
2005,95,Spain,Leukemia
2006,108,Spain,Leukemia
2007,80,Spain,Leukemia
2008,104,Spain,Leukemia
2009,85,Spain,Leukemia
2010,99,Spain,Leukemia
2011,123,Spain,Leukemia
2012,121,Spain,Leukemia
1988,30,Spain,Leukemia
1989,26,Spain,Leukemia
2013,132,Spain,Leukemia
2014,125,Spain,Leukemia
2015,133,Spain,Leukemia
2016,126,Spain,Leukemia
2017,141,Spain,Leukemia
2018,148,Spain,Leukemia
1986,2,Spain,Leukemia
1987,5,Spain,Leukemia
2019,153,Spain,Leukemia
2020,199,Spain,Leukemia
2021,186,Spain,Leukemia
2022,215,Spain,Leukemia
2023,166,Spain,Leukemia
1985,1,Spain,Leukemia
2024,98,Spain,Leukemia
2025,1,Spain,Leukemia
1993,85,Spain,Leukemia
1994,75,Spain,Leukemia
1995,108,Spain,Leukemia
1996,101,Spain,Leukemia
1997,104,Spain,Leukemia
1998,98,Spain,Leukemia
1984,0,Spain,Leukemia
1992,7,Spain,Liver cancer
1991,5,Spain,Liver cancer
2000,26,Spain,Liver cancer
2001,28,Spain,Liver cancer
2002,35,Spain,Liver cancer
2003,30,Spain,Liver cancer
2004,32,Spain,Liver cancer
2005,33,Spain,Liver cancer
2006,30,Spain,Liver cancer
2007,32,Spain,Liver cancer
2008,26,Spain,Liver cancer
2009,46,Spain,Liver cancer
2010,42,Spain,Liver cancer
2011,37,Spain,Liver cancer
2012,51,Spain,Liver cancer
1989,2,Spain,Liver cancer
1990,6,Spain,Liver cancer
2013,58,Spain,Liver cancer
2014,54,Spain,Liver cancer
2015,76,Spain,Liver cancer
2017,57,Spain,Liver cancer
2016,59,Spain,Liver cancer
2018,72,Spain,Liver cancer
1988,4,Spain,Liver cancer
2019,82,Spain,Liver cancer
2020,82,Spain,Liver cancer
2021,104,Spain,Liver cancer
2022,96,Spain,Liver cancer
2023,84,Spain,Liver cancer
2024,65,Spain,Liver cancer
1994,11,Spain,Liver cancer
1995,18,Spain,Liver cancer
1993,11,Spain,Liver cancer
1996,18,Spain,Liver cancer
1997,16,Spain,Liver cancer
1998,12,Spain,Liver cancer
1999,12,Spain,Liver cancer
1984,0,Spain,Liver cancer
1985,0,Spain,Liver cancer
1986,0,Spain,Liver cancer
1987,0,Spain,Liver cancer
2025,0,Spain,Liver cancer
1992,16,Spain,Lung cancer
1991,10,Spain,Lung cancer
2000,43,Spain,Lung cancer
2001,43,Spain,Lung cancer
2002,62,Spain,Lung cancer
2003,53,Spain,Lung cancer
2004,53,Spain,Lung cancer
1998,19,Spain,Lung cancer
2005,59,Spain,Lung cancer
2006,53,Spain,Lung cancer
2007,52,Spain,Lung cancer
2008,48,Spain,Lung cancer
2009,71,Spain,Lung cancer
2010,60,Spain,Lung cancer
2011,73,Spain,Lung cancer
1996,27,Spain,Lung cancer
2012,78,Spain,Lung cancer
1989,4,Spain,Lung cancer
1990,8,Spain,Lung cancer
2013,99,Spain,Lung cancer
2014,117,Spain,Lung cancer
2015,125,Spain,Lung cancer
2016,128,Spain,Lung cancer
2017,106,Spain,Lung cancer
2018,128,Spain,Lung cancer
1988,4,Spain,Lung cancer
2019,165,Spain,Lung cancer
2020,177,Spain,Lung cancer
2021,213,Spain,Lung cancer
2022,176,Spain,Lung cancer
2023,189,Spain,Lung cancer
2024,122,Spain,Lung cancer
2025,1,Spain,Lung cancer
1993,17,Spain,Lung cancer
1994,19,Spain,Lung cancer
1995,26,Spain,Lung cancer
1997,29,Spain,Lung cancer
1999,25,Spain,Lung cancer
1984,0,Spain,Lung cancer
1985,0,Spain,Lung cancer
1986,0,Spain,Lung cancer
1987,0,Spain,Lung cancer
1992,4,Spain,Mesothelioma
1991,4,Spain,Mesothelioma
2001,6,Spain,Mesothelioma
2002,7,Spain,Mesothelioma
2003,6,Spain,Mesothelioma
2004,4,Spain,Mesothelioma
2005,5,Spain,Mesothelioma
2006,7,Spain,Mesothelioma
2008,6,Spain,Mesothelioma
2007,4,Spain,Mesothelioma
2009,4,Spain,Mesothelioma
2010,4,Spain,Mesothelioma
2011,11,Spain,Mesothelioma
1990,2,Spain,Mesothelioma
2012,6,Spain,Mesothelioma
2013,10,Spain,Mesothelioma
2014,3,Spain,Mesothelioma
2016,5,Spain,Mesothelioma
2015,8,Spain,Mesothelioma
2017,6,Spain,Mesothelioma
1989,1,Spain,Mesothelioma
2018,12,Spain,Mesothelioma
2019,5,Spain,Mesothelioma
2020,14,Spain,Mesothelioma
2021,14,Spain,Mesothelioma
2022,10,Spain,Mesothelioma
1987,1,Spain,Mesothelioma
2023,11,Spain,Mesothelioma
2024,3,Spain,Mesothelioma
2025,1,Spain,Mesothelioma
1994,7,Spain,Mesothelioma
1995,7,Spain,Mesothelioma
1993,3,Spain,Mesothelioma
1996,6,Spain,Mesothelioma
1997,10,Spain,Mesothelioma
1998,5,Spain,Mesothelioma
1999,5,Spain,Mesothelioma
2000,4,Spain,Mesothelioma
1984,0,Spain,Mesothelioma
1985,0,Spain,Mesothelioma
1986,0,Spain,Mesothelioma
1988,0,Spain,Mesothelioma
2015,3,Spain,Mouth cancer
1984,0,Spain,Mouth cancer
1985,0,Spain,Mouth cancer
1986,0,Spain,Mouth cancer
1987,0,Spain,Mouth cancer
1988,0,Spain,Mouth cancer
1989,0,Spain,Mouth cancer
1990,0,Spain,Mouth cancer
1991,0,Spain,Mouth cancer
1992,0,Spain,Mouth cancer
1993,0,Spain,Mouth cancer
1994,0,Spain,Mouth cancer
1995,0,Spain,Mouth cancer
1996,0,Spain,Mouth cancer
1997,0,Spain,Mouth cancer
1998,0,Spain,Mouth cancer
1999,0,Spain,Mouth cancer
2000,0,Spain,Mouth cancer
2001,0,Spain,Mouth cancer
2002,0,Spain,Mouth cancer
2003,0,Spain,Mouth cancer
2004,0,Spain,Mouth cancer
2005,0,Spain,Mouth cancer
2006,0,Spain,Mouth cancer
2007,0,Spain,Mouth cancer
2008,0,Spain,Mouth cancer
2009,0,Spain,Mouth cancer
2010,0,Spain,Mouth cancer
2011,0,Spain,Mouth cancer
2012,0,Spain,Mouth cancer
2013,0,Spain,Mouth cancer
2014,0,Spain,Mouth cancer
2016,0,Spain,Mouth cancer
2017,0,Spain,Mouth cancer
2018,0,Spain,Mouth cancer
2019,0,Spain,Mouth cancer
2020,0,Spain,Mouth cancer
2021,0,Spain,Mouth cancer
2022,0,Spain,Mouth cancer
2023,0,Spain,Mouth cancer
2024,0,Spain,Mouth cancer
2025,0,Spain,Mouth cancer
1992,17,Spain,Multiple myeloma
1991,18,Spain,Multiple myeloma
2000,20,Spain,Multiple myeloma
2001,24,Spain,Multiple myeloma
2002,19,Spain,Multiple myeloma
2003,30,Spain,Multiple myeloma
2004,25,Spain,Multiple myeloma
2005,36,Spain,Multiple myeloma
2006,31,Spain,Multiple myeloma
2007,26,Spain,Multiple myeloma
2008,41,Spain,Multiple myeloma
2009,23,Spain,Multiple myeloma
2010,32,Spain,Multiple myeloma
2011,36,Spain,Multiple myeloma
2012,39,Spain,Multiple myeloma
1989,6,Spain,Multiple myeloma
1990,7,Spain,Multiple myeloma
2013,35,Spain,Multiple myeloma
2014,41,Spain,Multiple myeloma
2015,55,Spain,Multiple myeloma
2016,45,Spain,Multiple myeloma
2017,50,Spain,Multiple myeloma
2018,40,Spain,Multiple myeloma
2019,42,Spain,Multiple myeloma
2020,72,Spain,Multiple myeloma
2021,90,Spain,Multiple myeloma
2022,75,Spain,Multiple myeloma
2023,65,Spain,Multiple myeloma
2024,40,Spain,Multiple myeloma
2025,1,Spain,Multiple myeloma
1993,11,Spain,Multiple myeloma
1994,13,Spain,Multiple myeloma
1995,20,Spain,Multiple myeloma
1996,27,Spain,Multiple myeloma
1997,12,Spain,Multiple myeloma
1998,21,Spain,Multiple myeloma
1999,28,Spain,Multiple myeloma
1984,0,Spain,Multiple myeloma
1985,0,Spain,Multiple myeloma
1986,0,Spain,Multiple myeloma
1987,0,Spain,Multiple myeloma
1988,0,Spain,Multiple myeloma
1992,6,Spain,Non-Hodgkin lymphoma
1991,4,Spain,Non-Hodgkin lymphoma
2000,5,Spain,Non-Hodgkin lymphoma
2001,19,Spain,Non-Hodgkin lymphoma
2002,16,Spain,Non-Hodgkin lymphoma
2003,28,Spain,Non-Hodgkin lymphoma
2004,20,Spain,Non-Hodgkin lymphoma
2005,22,Spain,Non-Hodgkin lymphoma
2006,27,Spain,Non-Hodgkin lymphoma
2007,18,Spain,Non-Hodgkin lymphoma
2008,34,Spain,Non-Hodgkin lymphoma
2009,32,Spain,Non-Hodgkin lymphoma
2010,23,Spain,Non-Hodgkin lymphoma
2011,31,Spain,Non-Hodgkin lymphoma
1989,3,Spain,Non-Hodgkin lymphoma
1990,3,Spain,Non-Hodgkin lymphoma
2012,22,Spain,Non-Hodgkin lymphoma
2013,26,Spain,Non-Hodgkin lymphoma
2014,36,Spain,Non-Hodgkin lymphoma
2015,34,Spain,Non-Hodgkin lymphoma
2016,30,Spain,Non-Hodgkin lymphoma
2017,45,Spain,Non-Hodgkin lymphoma
2018,30,Spain,Non-Hodgkin lymphoma
2019,38,Spain,Non-Hodgkin lymphoma
2020,54,Spain,Non-Hodgkin lymphoma
2021,62,Spain,Non-Hodgkin lymphoma
2022,45,Spain,Non-Hodgkin lymphoma
2023,48,Spain,Non-Hodgkin lymphoma
2024,24,Spain,Non-Hodgkin lymphoma
2025,1,Spain,Non-Hodgkin lymphoma
1993,6,Spain,Non-Hodgkin lymphoma
1994,9,Spain,Non-Hodgkin lymphoma
1995,4,Spain,Non-Hodgkin lymphoma
1996,5,Spain,Non-Hodgkin lymphoma
1997,10,Spain,Non-Hodgkin lymphoma
1998,11,Spain,Non-Hodgkin lymphoma
1999,16,Spain,Non-Hodgkin lymphoma
1984,0,Spain,Non-Hodgkin lymphoma
1985,0,Spain,Non-Hodgkin lymphoma
1986,0,Spain,Non-Hodgkin lymphoma
1987,0,Spain,Non-Hodgkin lymphoma
1988,0,Spain,Non-Hodgkin lymphoma
1992,273,Spain,Other cancer
1990,135,Spain,Other cancer
1991,237,Spain,Other cancer
1998,373,Spain,Other cancer
1999,385,Spain,Other cancer
2000,341,Spain,Other cancer
2001,366,Spain,Other cancer
2002,379,Spain,Other cancer
1997,374,Spain,Other cancer
2003,437,Spain,Other cancer
2004,361,Spain,Other cancer
2005,448,Spain,Other cancer
2006,373,Spain,Other cancer
2007,393,Spain,Other cancer
2008,412,Spain,Other cancer
2009,426,Spain,Other cancer
2010,413,Spain,Other cancer
2011,478,Spain,Other cancer
1993,290,Spain,Other cancer
2012,524,Spain,Other cancer
1996,350,Spain,Other cancer
1987,23,Spain,Other cancer
1988,51,Spain,Other cancer
1989,84,Spain,Other cancer
2013,485,Spain,Other cancer
2014,485,Spain,Other cancer
2015,527,Spain,Other cancer
2016,536,Spain,Other cancer
2017,559,Spain,Other cancer
2018,613,Spain,Other cancer
2019,689,Spain,Other cancer
1986,2,Spain,Other cancer
2020,708,Spain,Other cancer
2021,820,Spain,Other cancer
2022,734,Spain,Other cancer
2023,733,Spain,Other cancer
2024,457,Spain,Other cancer
1985,4,Spain,Other cancer
2025,9,Spain,Other cancer
1994,298,Spain,Other cancer
1995,310,Spain,Other cancer
1984,0,Spain,Other cancer
1992,3,Spain,Ovarian cancer
1991,2,Spain,Ovarian cancer
2000,10,Spain,Ovarian cancer
2001,14,Spain,Ovarian cancer
2002,9,Spain,Ovarian cancer
2003,17,Spain,Ovarian cancer
2004,10,Spain,Ovarian cancer
1999,7,Spain,Ovarian cancer
2005,16,Spain,Ovarian cancer
2006,14,Spain,Ovarian cancer
2007,24,Spain,Ovarian cancer
2008,16,Spain,Ovarian cancer
2009,21,Spain,Ovarian cancer
2010,24,Spain,Ovarian cancer
2011,35,Spain,Ovarian cancer
2012,32,Spain,Ovarian cancer
1989,2,Spain,Ovarian cancer
1990,3,Spain,Ovarian cancer
2013,38,Spain,Ovarian cancer
2014,34,Spain,Ovarian cancer
2015,43,Spain,Ovarian cancer
2016,41,Spain,Ovarian cancer
2017,37,Spain,Ovarian cancer
2018,47,Spain,Ovarian cancer
1988,2,Spain,Ovarian cancer
2019,57,Spain,Ovarian cancer
2020,62,Spain,Ovarian cancer
2021,76,Spain,Ovarian cancer
2022,76,Spain,Ovarian cancer
2023,68,Spain,Ovarian cancer
1987,1,Spain,Ovarian cancer
2024,39,Spain,Ovarian cancer
1993,2,Spain,Ovarian cancer
1994,3,Spain,Ovarian cancer
1995,8,Spain,Ovarian cancer
1996,2,Spain,Ovarian cancer
1997,3,Spain,Ovarian cancer
1998,14,Spain,Ovarian cancer
1984,0,Spain,Ovarian cancer
1985,0,Spain,Ovarian cancer
1986,0,Spain,Ovarian cancer
2025,0,Spain,Ovarian cancer
1992,2,Spain,Pancreatic cancer
1991,2,Spain,Pancreatic cancer
2000,10,Spain,Pancreatic cancer
2001,9,Spain,Pancreatic cancer
2002,7,Spain,Pancreatic cancer
2003,8,Spain,Pancreatic cancer
2004,10,Spain,Pancreatic cancer
2005,10,Spain,Pancreatic cancer
2006,11,Spain,Pancreatic cancer
2007,13,Spain,Pancreatic cancer
2008,14,Spain,Pancreatic cancer
2009,22,Spain,Pancreatic cancer
2010,20,Spain,Pancreatic cancer
2011,30,Spain,Pancreatic cancer
1993,2,Spain,Pancreatic cancer
1990,2,Spain,Pancreatic cancer
2012,28,Spain,Pancreatic cancer
2013,25,Spain,Pancreatic cancer
2014,37,Spain,Pancreatic cancer
2015,32,Spain,Pancreatic cancer
2016,36,Spain,Pancreatic cancer
2017,44,Spain,Pancreatic cancer
2018,38,Spain,Pancreatic cancer
2019,43,Spain,Pancreatic cancer
2020,59,Spain,Pancreatic cancer
2021,58,Spain,Pancreatic cancer
2022,60,Spain,Pancreatic cancer
2024,43,Spain,Pancreatic cancer
2023,60,Spain,Pancreatic cancer
1994,6,Spain,Pancreatic cancer
1995,3,Spain,Pancreatic cancer
1996,3,Spain,Pancreatic cancer
1997,1,Spain,Pancreatic cancer
1998,7,Spain,Pancreatic cancer
1999,14,Spain,Pancreatic cancer
1984,0,Spain,Pancreatic cancer
1985,0,Spain,Pancreatic cancer
1986,0,Spain,Pancreatic cancer
1987,0,Spain,Pancreatic cancer
1988,0,Spain,Pancreatic cancer
1989,0,Spain,Pancreatic cancer
2025,0,Spain,Pancreatic cancer
1992,1,Spain,Penile cancer
1991,1,Spain,Penile cancer
2002,3,Spain,Penile cancer
2003,2,Spain,Penile cancer
2004,1,Spain,Penile cancer
2005,1,Spain,Penile cancer
2008,1,Spain,Penile cancer
2009,2,Spain,Penile cancer
2010,1,Spain,Penile cancer
2011,1,Spain,Penile cancer
2012,1,Spain,Penile cancer
2013,6,Spain,Penile cancer
2015,2,Spain,Penile cancer
2016,1,Spain,Penile cancer
2017,2,Spain,Penile cancer
2018,1,Spain,Penile cancer
2019,1,Spain,Penile cancer
2021,6,Spain,Penile cancer
2020,2,Spain,Penile cancer
2022,4,Spain,Penile cancer
2023,1,Spain,Penile cancer
2024,1,Spain,Penile cancer
1995,1,Spain,Penile cancer
1996,1,Spain,Penile cancer
1997,1,Spain,Penile cancer
2000,1,Spain,Penile cancer
1984,0,Spain,Penile cancer
1985,0,Spain,Penile cancer
1986,0,Spain,Penile cancer
1987,0,Spain,Penile cancer
1988,0,Spain,Penile cancer
1989,0,Spain,Penile cancer
1990,0,Spain,Penile cancer
1993,0,Spain,Penile cancer
1994,0,Spain,Penile cancer
1998,0,Spain,Penile cancer
1999,0,Spain,Penile cancer
2001,0,Spain,Penile cancer
2006,0,Spain,Penile cancer
2007,0,Spain,Penile cancer
2014,0,Spain,Penile cancer
2025,0,Spain,Penile cancer
1992,7,Spain,Prostate cancer
1990,4,Spain,Prostate cancer
1991,3,Spain,Prostate cancer
2001,37,Spain,Prostate cancer
2002,31,Spain,Prostate cancer
2000,34,Spain,Prostate cancer
2003,46,Spain,Prostate cancer
2004,43,Spain,Prostate cancer
2005,53,Spain,Prostate cancer
2006,49,Spain,Prostate cancer
2007,42,Spain,Prostate cancer
2008,44,Spain,Prostate cancer
2009,52,Spain,Prostate cancer
2010,73,Spain,Prostate cancer
2011,66,Spain,Prostate cancer
2012,84,Spain,Prostate cancer
1988,2,Spain,Prostate cancer
1989,1,Spain,Prostate cancer
2013,82,Spain,Prostate cancer
2014,98,Spain,Prostate cancer
2015,97,Spain,Prostate cancer
2016,108,Spain,Prostate cancer
2017,95,Spain,Prostate cancer
2018,139,Spain,Prostate cancer
2019,154,Spain,Prostate cancer
2020,148,Spain,Prostate cancer
2021,153,Spain,Prostate cancer
2022,163,Spain,Prostate cancer
2023,143,Spain,Prostate cancer
2024,104,Spain,Prostate cancer
2025,2,Spain,Prostate cancer
1993,8,Spain,Prostate cancer
1994,17,Spain,Prostate cancer
1995,17,Spain,Prostate cancer
1996,17,Spain,Prostate cancer
1997,31,Spain,Prostate cancer
1998,22,Spain,Prostate cancer
1999,28,Spain,Prostate cancer
1984,0,Spain,Prostate cancer
1985,0,Spain,Prostate cancer
1986,0,Spain,Prostate cancer
1987,0,Spain,Prostate cancer
1992,1,Spain,Rectal cancer
1991,3,Spain,Rectal cancer
2001,3,Spain,Rectal cancer
2002,3,Spain,Rectal cancer
2003,2,Spain,Rectal cancer
2004,12,Spain,Rectal cancer
2005,7,Spain,Rectal cancer
2006,14,Spain,Rectal cancer
2008,16,Spain,Rectal cancer
2007,12,Spain,Rectal cancer
2009,10,Spain,Rectal cancer
2010,17,Spain,Rectal cancer
2011,27,Spain,Rectal cancer
2012,16,Spain,Rectal cancer
1990,2,Spain,Rectal cancer
2013,22,Spain,Rectal cancer
2014,30,Spain,Rectal cancer
2015,20,Spain,Rectal cancer
2016,30,Spain,Rectal cancer
2017,30,Spain,Rectal cancer
2018,28,Spain,Rectal cancer
1988,1,Spain,Rectal cancer
2019,30,Spain,Rectal cancer
2020,50,Spain,Rectal cancer
2021,44,Spain,Rectal cancer
2022,32,Spain,Rectal cancer
2023,38,Spain,Rectal cancer
2024,34,Spain,Rectal cancer
1994,2,Spain,Rectal cancer
1995,4,Spain,Rectal cancer
1993,5,Spain,Rectal cancer
1996,3,Spain,Rectal cancer
1997,6,Spain,Rectal cancer
1998,1,Spain,Rectal cancer
1999,2,Spain,Rectal cancer
2000,5,Spain,Rectal cancer
1984,0,Spain,Rectal cancer
1985,0,Spain,Rectal cancer
1986,0,Spain,Rectal cancer
1987,0,Spain,Rectal cancer
1989,0,Spain,Rectal cancer
2025,0,Spain,Rectal cancer
2022,2,Spain,Salivary gland cancer
1984,0,Spain,Salivary gland cancer
1985,0,Spain,Salivary gland cancer
1986,0,Spain,Salivary gland cancer
1987,0,Spain,Salivary gland cancer
1988,0,Spain,Salivary gland cancer
1989,0,Spain,Salivary gland cancer
1990,0,Spain,Salivary gland cancer
1991,0,Spain,Salivary gland cancer
1992,0,Spain,Salivary gland cancer
1993,0,Spain,Salivary gland cancer
1994,0,Spain,Salivary gland cancer
1995,0,Spain,Salivary gland cancer
1996,0,Spain,Salivary gland cancer
1997,0,Spain,Salivary gland cancer
1998,0,Spain,Salivary gland cancer
1999,0,Spain,Salivary gland cancer
2000,0,Spain,Salivary gland cancer
2001,0,Spain,Salivary gland cancer
2002,0,Spain,Salivary gland cancer
2003,0,Spain,Salivary gland cancer
2004,0,Spain,Salivary gland cancer
2005,0,Spain,Salivary gland cancer
2006,0,Spain,Salivary gland cancer
2007,0,Spain,Salivary gland cancer
2008,0,Spain,Salivary gland cancer
2009,0,Spain,Salivary gland cancer
2010,0,Spain,Salivary gland cancer
2011,0,Spain,Salivary gland cancer
2012,0,Spain,Salivary gland cancer
2013,0,Spain,Salivary gland cancer
2014,0,Spain,Salivary gland cancer
2015,0,Spain,Salivary gland cancer
2016,0,Spain,Salivary gland cancer
2017,0,Spain,Salivary gland cancer
2018,0,Spain,Salivary gland cancer
2019,0,Spain,Salivary gland cancer
2020,0,Spain,Salivary gland cancer
2021,0,Spain,Salivary gland cancer
2023,0,Spain,Salivary gland cancer
2024,0,Spain,Salivary gland cancer
2025,0,Spain,Salivary gland cancer
1992,29,Spain,Skin cancer
1990,15,Spain,Skin cancer
1991,21,Spain,Skin cancer
2000,51,Spain,Skin cancer
2001,65,Spain,Skin cancer
2002,47,Spain,Skin cancer
2003,47,Spain,Skin cancer
2004,72,Spain,Skin cancer
2005,93,Spain,Skin cancer
2006,60,Spain,Skin cancer
2007,65,Spain,Skin cancer
2008,91,Spain,Skin cancer
2009,105,Spain,Skin cancer
2010,68,Spain,Skin cancer
2011,95,Spain,Skin cancer
2012,120,Spain,Skin cancer
1988,11,Spain,Skin cancer
1989,17,Spain,Skin cancer
2013,111,Spain,Skin cancer
2014,125,Spain,Skin cancer
2015,141,Spain,Skin cancer
2016,142,Spain,Skin cancer
2017,154,Spain,Skin cancer
2018,159,Spain,Skin cancer
1987,5,Spain,Skin cancer
2019,145,Spain,Skin cancer
2020,183,Spain,Skin cancer
2021,239,Spain,Skin cancer
2022,201,Spain,Skin cancer
2023,200,Spain,Skin cancer
2024,110,Spain,Skin cancer
2025,2,Spain,Skin cancer
1993,28,Spain,Skin cancer
1994,24,Spain,Skin cancer
1995,32,Spain,Skin cancer
1996,46,Spain,Skin cancer
1997,35,Spain,Skin cancer
1998,41,Spain,Skin cancer
1999,43,Spain,Skin cancer
1984,0,Spain,Skin cancer
1985,0,Spain,Skin cancer
1986,0,Spain,Skin cancer
1992,2,Spain,Stomach cancer
1991,5,Spain,Stomach cancer
2000,4,Spain,Stomach cancer
2001,4,Spain,Stomach cancer
2002,6,Spain,Stomach cancer
2003,9,Spain,Stomach cancer
2004,9,Spain,Stomach cancer
2005,8,Spain,Stomach cancer
2006,13,Spain,Stomach cancer
2007,6,Spain,Stomach cancer
2008,5,Spain,Stomach cancer
2009,7,Spain,Stomach cancer
2010,9,Spain,Stomach cancer
2011,5,Spain,Stomach cancer
2012,12,Spain,Stomach cancer
1989,5,Spain,Stomach cancer
1990,2,Spain,Stomach cancer
2013,5,Spain,Stomach cancer
2014,4,Spain,Stomach cancer
2015,5,Spain,Stomach cancer
2016,6,Spain,Stomach cancer
2017,8,Spain,Stomach cancer
2018,4,Spain,Stomach cancer
2019,9,Spain,Stomach cancer
2020,10,Spain,Stomach cancer
2021,10,Spain,Stomach cancer
2022,11,Spain,Stomach cancer
2023,8,Spain,Stomach cancer
2024,8,Spain,Stomach cancer
1994,2,Spain,Stomach cancer
1995,5,Spain,Stomach cancer
1993,3,Spain,Stomach cancer
1996,8,Spain,Stomach cancer
1997,4,Spain,Stomach cancer
1998,10,Spain,Stomach cancer
1999,10,Spain,Stomach cancer
1984,0,Spain,Stomach cancer
1985,0,Spain,Stomach cancer
1986,0,Spain,Stomach cancer
1987,0,Spain,Stomach cancer
1988,0,Spain,Stomach cancer
2025,0,Spain,Stomach cancer
1992,1,Spain,Testicular cancer
1990,1,Spain,Testicular cancer
1991,3,Spain,Testicular cancer
2001,2,Spain,Testicular cancer
2000,5,Spain,Testicular cancer
2002,1,Spain,Testicular cancer
2003,2,Spain,Testicular cancer
2005,1,Spain,Testicular cancer
2006,2,Spain,Testicular cancer
2007,2,Spain,Testicular cancer
2008,5,Spain,Testicular cancer
2010,4,Spain,Testicular cancer
2011,4,Spain,Testicular cancer
2012,2,Spain,Testicular cancer
2013,4,Spain,Testicular cancer
2014,3,Spain,Testicular cancer
2016,3,Spain,Testicular cancer
2017,1,Spain,Testicular cancer
2015,1,Spain,Testicular cancer
2018,3,Spain,Testicular cancer
2019,3,Spain,Testicular cancer
2004,1,Spain,Testicular cancer
2020,4,Spain,Testicular cancer
2021,4,Spain,Testicular cancer
2022,4,Spain,Testicular cancer
2023,4,Spain,Testicular cancer
2024,2,Spain,Testicular cancer
1995,3,Spain,Testicular cancer
1993,1,Spain,Testicular cancer
1996,1,Spain,Testicular cancer
1997,2,Spain,Testicular cancer
1998,1,Spain,Testicular cancer
1999,1,Spain,Testicular cancer
1984,0,Spain,Testicular cancer
1985,0,Spain,Testicular cancer
1986,0,Spain,Testicular cancer
1987,0,Spain,Testicular cancer
1988,0,Spain,Testicular cancer
1989,0,Spain,Testicular cancer
1994,0,Spain,Testicular cancer
2009,0,Spain,Testicular cancer
2025,0,Spain,Testicular cancer
2014,1,Spain,Throat cancer
2015,1,Spain,Throat cancer
2021,1,Spain,Throat cancer
1984,0,Spain,Throat cancer
1985,0,Spain,Throat cancer
1986,0,Spain,Throat cancer
1987,0,Spain,Throat cancer
1988,0,Spain,Throat cancer
1989,0,Spain,Throat cancer
1990,0,Spain,Throat cancer
1991,0,Spain,Throat cancer
1992,0,Spain,Throat cancer
1993,0,Spain,Throat cancer
1994,0,Spain,Throat cancer
1995,0,Spain,Throat cancer
1996,0,Spain,Throat cancer
1997,0,Spain,Throat cancer
1998,0,Spain,Throat cancer
1999,0,Spain,Throat cancer
2000,0,Spain,Throat cancer
2001,0,Spain,Throat cancer
2002,0,Spain,Throat cancer
2003,0,Spain,Throat cancer
2004,0,Spain,Throat cancer
2005,0,Spain,Throat cancer
2006,0,Spain,Throat cancer
2007,0,Spain,Throat cancer
2008,0,Spain,Throat cancer
2009,0,Spain,Throat cancer
2010,0,Spain,Throat cancer
2011,0,Spain,Throat cancer
2012,0,Spain,Throat cancer
2013,0,Spain,Throat cancer
2016,0,Spain,Throat cancer
2017,0,Spain,Throat cancer
2018,0,Spain,Throat cancer
2019,0,Spain,Throat cancer
2020,0,Spain,Throat cancer
2022,0,Spain,Throat cancer
2023,0,Spain,Throat cancer
2024,0,Spain,Throat cancer
2025,0,Spain,Throat cancer
1991,3,Spain,Thyroid cancer
2001,2,Spain,Thyroid cancer
2002,4,Spain,Thyroid cancer
2003,8,Spain,Thyroid cancer
2004,4,Spain,Thyroid cancer
2005,12,Spain,Thyroid cancer
2006,11,Spain,Thyroid cancer
2008,9,Spain,Thyroid cancer
2007,7,Spain,Thyroid cancer
2009,10,Spain,Thyroid cancer
2010,10,Spain,Thyroid cancer
2011,19,Spain,Thyroid cancer
1990,1,Spain,Thyroid cancer
2012,15,Spain,Thyroid cancer
2013,23,Spain,Thyroid cancer
2014,18,Spain,Thyroid cancer
2015,20,Spain,Thyroid cancer
2016,23,Spain,Thyroid cancer
2017,24,Spain,Thyroid cancer
2018,25,Spain,Thyroid cancer
2019,24,Spain,Thyroid cancer
2020,40,Spain,Thyroid cancer
2021,44,Spain,Thyroid cancer
2022,35,Spain,Thyroid cancer
2023,37,Spain,Thyroid cancer
2024,15,Spain,Thyroid cancer
1994,5,Spain,Thyroid cancer
1995,3,Spain,Thyroid cancer
1993,1,Spain,Thyroid cancer
1996,2,Spain,Thyroid cancer
1997,7,Spain,Thyroid cancer
1998,5,Spain,Thyroid cancer
1999,12,Spain,Thyroid cancer
2000,6,Spain,Thyroid cancer
1984,0,Spain,Thyroid cancer
1985,0,Spain,Thyroid cancer
1986,0,Spain,Thyroid cancer
1987,0,Spain,Thyroid cancer
1988,0,Spain,Thyroid cancer
1989,0,Spain,Thyroid cancer
1992,0,Spain,Thyroid cancer
2025,0,Spain,Thyroid cancer
1992,398,Spain,Undetermined cancer
1990,214,Spain,Undetermined cancer
1991,389,Spain,Undetermined cancer
1993,417,Spain,Undetermined cancer
1994,428,Spain,Undetermined cancer
1996,547,Spain,Undetermined cancer
1997,560,Spain,Undetermined cancer
1998,620,Spain,Undetermined cancer
1999,558,Spain,Undetermined cancer
2000,643,Spain,Undetermined cancer
2001,568,Spain,Undetermined cancer
2002,654,Spain,Undetermined cancer
2003,652,Spain,Undetermined cancer
2004,677,Spain,Undetermined cancer
2005,757,Spain,Undetermined cancer
2006,698,Spain,Undetermined cancer
2007,785,Spain,Undetermined cancer
2008,812,Spain,Undetermined cancer
1995,450,Spain,Undetermined cancer
2009,828,Spain,Undetermined cancer
2010,886,Spain,Undetermined cancer
2011,1003,Spain,Undetermined cancer
2013,1053,Spain,Undetermined cancer
2012,1063,Spain,Undetermined cancer
1987,63,Spain,Undetermined cancer
1988,120,Spain,Undetermined cancer
1989,148,Spain,Undetermined cancer
2014,1176,Spain,Undetermined cancer
2015,1272,Spain,Undetermined cancer
2016,1248,Spain,Undetermined cancer
2017,1428,Spain,Undetermined cancer
2018,1563,Spain,Undetermined cancer
2019,1745,Spain,Undetermined cancer
1986,1,Spain,Undetermined cancer
2020,1971,Spain,Undetermined cancer
2021,2222,Spain,Undetermined cancer
2022,2064,Spain,Undetermined cancer
2023,1870,Spain,Undetermined cancer
2024,1236,Spain,Undetermined cancer
2025,16,Spain,Undetermined cancer
1985,17,Spain,Undetermined cancer
1984,0,Spain,Undetermined cancer
1992,1,Spain,Uterine cancer
2001,5,Spain,Uterine cancer
2002,4,Spain,Uterine cancer
2003,8,Spain,Uterine cancer
2004,4,Spain,Uterine cancer
2005,6,Spain,Uterine cancer
2006,7,Spain,Uterine cancer
2007,6,Spain,Uterine cancer
2008,9,Spain,Uterine cancer
2009,11,Spain,Uterine cancer
2010,10,Spain,Uterine cancer
2011,9,Spain,Uterine cancer
2012,13,Spain,Uterine cancer
2013,16,Spain,Uterine cancer
2014,15,Spain,Uterine cancer
2015,20,Spain,Uterine cancer
2016,20,Spain,Uterine cancer
2017,22,Spain,Uterine cancer
2018,21,Spain,Uterine cancer
2019,17,Spain,Uterine cancer
2020,29,Spain,Uterine cancer
2023,55,Spain,Uterine cancer
2021,44,Spain,Uterine cancer
2022,48,Spain,Uterine cancer
2024,18,Spain,Uterine cancer
2025,1,Spain,Uterine cancer
1993,3,Spain,Uterine cancer
1994,5,Spain,Uterine cancer
1995,3,Spain,Uterine cancer
1996,2,Spain,Uterine cancer
1997,6,Spain,Uterine cancer
1998,2,Spain,Uterine cancer
1999,5,Spain,Uterine cancer
2000,3,Spain,Uterine cancer
1984,0,Spain,Uterine cancer
1985,0,Spain,Uterine cancer
1986,0,Spain,Uterine cancer
1987,0,Spain,Uterine cancer
1988,0,Spain,Uterine cancer
1989,0,Spain,Uterine cancer
1990,0,Spain,Uterine cancer
1991,0,Spain,Uterine cancer
2013,4,Spain,Vaginal cancer
2014,1,Spain,Vaginal cancer
2015,1,Spain,Vaginal cancer
2017,1,Spain,Vaginal cancer
2021,2,Spain,Vaginal cancer
2023,3,Spain,Vaginal cancer
1984,0,Spain,Vaginal cancer
1985,0,Spain,Vaginal cancer
1986,0,Spain,Vaginal cancer
1987,0,Spain,Vaginal cancer
1988,0,Spain,Vaginal cancer
1989,0,Spain,Vaginal cancer
1990,0,Spain,Vaginal cancer
1991,0,Spain,Vaginal cancer
1992,0,Spain,Vaginal cancer
1993,0,Spain,Vaginal cancer
1994,0,Spain,Vaginal cancer
1995,0,Spain,Vaginal cancer
1996,0,Spain,Vaginal cancer
1997,0,Spain,Vaginal cancer
1998,0,Spain,Vaginal cancer
1999,0,Spain,Vaginal cancer
2000,0,Spain,Vaginal cancer
2001,0,Spain,Vaginal cancer
2002,0,Spain,Vaginal cancer
2003,0,Spain,Vaginal cancer
2004,0,Spain,Vaginal cancer
2005,0,Spain,Vaginal cancer
2006,0,Spain,Vaginal cancer
2007,0,Spain,Vaginal cancer
2008,0,Spain,Vaginal cancer
2009,0,Spain,Vaginal cancer
2010,0,Spain,Vaginal cancer
2011,0,Spain,Vaginal cancer
2012,0,Spain,Vaginal cancer
2016,0,Spain,Vaginal cancer
2018,0,Spain,Vaginal cancer
2019,0,Spain,Vaginal cancer
2020,0,Spain,Vaginal cancer
2022,0,Spain,Vaginal cancer
2024,0,Spain,Vaginal cancer
2025,0,Spain,Vaginal cancer
1992,1,Spain,Vulvar cancer
2003,1,Spain,Vulvar cancer
2004,1,Spain,Vulvar cancer
2005,1,Spain,Vulvar cancer
2006,1,Spain,Vulvar cancer
2007,2,Spain,Vulvar cancer
2010,1,Spain,Vulvar cancer
2011,1,Spain,Vulvar cancer
2012,1,Spain,Vulvar cancer
2013,8,Spain,Vulvar cancer
2016,3,Spain,Vulvar cancer
2015,1,Spain,Vulvar cancer
2017,7,Spain,Vulvar cancer
2018,1,Spain,Vulvar cancer
2019,1,Spain,Vulvar cancer
2020,4,Spain,Vulvar cancer
2021,6,Spain,Vulvar cancer
2023,9,Spain,Vulvar cancer
2024,5,Spain,Vulvar cancer
1997,1,Spain,Vulvar cancer
1984,0,Spain,Vulvar cancer
1985,0,Spain,Vulvar cancer
1986,0,Spain,Vulvar cancer
1987,0,Spain,Vulvar cancer
1988,0,Spain,Vulvar cancer
1989,0,Spain,Vulvar cancer
1990,0,Spain,Vulvar cancer
1991,0,Spain,Vulvar cancer
1993,0,Spain,Vulvar cancer
1994,0,Spain,Vulvar cancer
1995,0,Spain,Vulvar cancer
1996,0,Spain,Vulvar cancer
1998,0,Spain,Vulvar cancer
1999,0,Spain,Vulvar cancer
2000,0,Spain,Vulvar cancer
2001,0,Spain,Vulvar cancer
2002,0,Spain,Vulvar cancer
2008,0,Spain,Vulvar cancer
2009,0,Spain,Vulvar cancer
2014,0,Spain,Vulvar cancer
2022,0,Spain,Vulvar cancer
2025,0,Spain,Vulvar cancer
2005,1,India,Anal cancer
2008,2,India,Anal cancer
2012,2,India,Anal cancer
2013,2,India,Anal cancer
2014,1,India,Anal cancer
2018,1,India,Anal cancer
2020,1,India,Anal cancer
2021,2,India,Anal cancer
2024,2,India,Anal cancer
1984,0,India,Anal cancer
1985,0,India,Anal cancer
1986,0,India,Anal cancer
1987,0,India,Anal cancer
1988,0,India,Anal cancer
1989,0,India,Anal cancer
1990,0,India,Anal cancer
1991,0,India,Anal cancer
1992,0,India,Anal cancer
1993,0,India,Anal cancer
1994,0,India,Anal cancer
1995,0,India,Anal cancer
1996,0,India,Anal cancer
1997,0,India,Anal cancer
1998,0,India,Anal cancer
1999,0,India,Anal cancer
2000,0,India,Anal cancer
2001,0,India,Anal cancer
2002,0,India,Anal cancer
2003,0,India,Anal cancer
2004,0,India,Anal cancer
2006,0,India,Anal cancer
2007,0,India,Anal cancer
2009,0,India,Anal cancer
2010,0,India,Anal cancer
2011,0,India,Anal cancer
2015,0,India,Anal cancer
2016,0,India,Anal cancer
2017,0,India,Anal cancer
2019,0,India,Anal cancer
2022,0,India,Anal cancer
2023,0,India,Anal cancer
2025,0,India,Anal cancer
1992,2,India,Bladder cancer
1991,1,India,Bladder cancer
2001,6,India,Bladder cancer
2002,6,India,Bladder cancer
2003,4,India,Bladder cancer
2004,11,India,Bladder cancer
2005,7,India,Bladder cancer
2006,12,India,Bladder cancer
2008,19,India,Bladder cancer
2007,11,India,Bladder cancer
2009,15,India,Bladder cancer
2010,29,India,Bladder cancer
2011,20,India,Bladder cancer
2012,22,India,Bladder cancer
2013,31,India,Bladder cancer
2014,29,India,Bladder cancer
2016,40,India,Bladder cancer
2015,32,India,Bladder cancer
2017,33,India,Bladder cancer
1989,1,India,Bladder cancer
2018,24,India,Bladder cancer
2019,41,India,Bladder cancer
2020,35,India,Bladder cancer
2021,50,India,Bladder cancer
2022,46,India,Bladder cancer
2023,58,India,Bladder cancer
1988,1,India,Bladder cancer
2024,31,India,Bladder cancer
2025,3,India,Bladder cancer
1994,3,India,Bladder cancer
1995,3,India,Bladder cancer
1993,4,India,Bladder cancer
1996,1,India,Bladder cancer
1997,1,India,Bladder cancer
1998,1,India,Bladder cancer
1999,3,India,Bladder cancer
1984,0,India,Bladder cancer
1985,0,India,Bladder cancer
1986,0,India,Bladder cancer
1987,0,India,Bladder cancer
1990,0,India,Bladder cancer
2000,0,India,Bladder cancer
1992,12,India,Brain cancer
1990,9,India,Brain cancer
1991,6,India,Brain cancer
2001,30,India,Brain cancer
2002,27,India,Brain cancer
1998,12,India,Brain cancer
2003,36,India,Brain cancer
2004,44,India,Brain cancer
2005,29,India,Brain cancer
2006,32,India,Brain cancer
2007,48,India,Brain cancer
2008,45,India,Brain cancer
2009,70,India,Brain cancer
2010,72,India,Brain cancer
2011,72,India,Brain cancer
2012,95,India,Brain cancer
1987,4,India,Brain cancer
1989,9,India,Brain cancer
2013,74,India,Brain cancer
2014,94,India,Brain cancer
2015,103,India,Brain cancer
2016,122,India,Brain cancer
2017,131,India,Brain cancer
2018,118,India,Brain cancer
1988,2,India,Brain cancer
2019,121,India,Brain cancer
2020,131,India,Brain cancer
2022,196,India,Brain cancer
2021,172,India,Brain cancer
2023,175,India,Brain cancer
2024,137,India,Brain cancer
2025,2,India,Brain cancer
1993,21,India,Brain cancer
1994,20,India,Brain cancer
1995,19,India,Brain cancer
1996,15,India,Brain cancer
1997,13,India,Brain cancer
1999,21,India,Brain cancer
2000,27,India,Brain cancer
1984,0,India,Brain cancer
1985,0,India,Brain cancer
1986,0,India,Brain cancer
1992,14,India,Breast cancer
1991,19,India,Breast cancer
2000,29,India,Breast cancer
2001,32,India,Breast cancer
2002,28,India,Breast cancer
2003,38,India,Breast cancer
2004,39,India,Breast cancer
2005,68,India,Breast cancer
2006,60,India,Breast cancer
2007,84,India,Breast cancer
2008,95,India,Breast cancer
1999,25,India,Breast cancer
2009,130,India,Breast cancer
2010,145,India,Breast cancer
2011,185,India,Breast cancer
2012,241,India,Breast cancer
1989,4,India,Breast cancer
1990,9,India,Breast cancer
2013,267,India,Breast cancer
2014,375,India,Breast cancer
1998,32,India,Breast cancer
2015,378,India,Breast cancer
2016,423,India,Breast cancer
2017,425,India,Breast cancer
2018,479,India,Breast cancer
2019,436,India,Breast cancer
1987,4,India,Breast cancer
1988,4,India,Breast cancer
2020,568,India,Breast cancer
2021,668,India,Breast cancer
2025,20,India,Breast cancer
2022,760,India,Breast cancer
2023,868,India,Breast cancer
2024,700,India,Breast cancer
1993,14,India,Breast cancer
1994,21,India,Breast cancer
1995,18,India,Breast cancer
1996,25,India,Breast cancer
1997,24,India,Breast cancer
1984,0,India,Breast cancer
1985,0,India,Breast cancer
1986,0,India,Breast cancer
1992,12,India,Cervical cancer
1990,4,India,Cervical cancer
1991,4,India,Cervical cancer
2000,16,India,Cervical cancer
2001,9,India,Cervical cancer
2002,22,India,Cervical cancer
2003,19,India,Cervical cancer
2004,17,India,Cervical cancer
2005,27,India,Cervical cancer
2006,31,India,Cervical cancer
2007,34,India,Cervical cancer
2008,38,India,Cervical cancer
2009,72,India,Cervical cancer
2010,70,India,Cervical cancer
2011,66,India,Cervical cancer
1996,7,India,Cervical cancer
1997,10,India,Cervical cancer
2012,92,India,Cervical cancer
1989,2,India,Cervical cancer
2013,105,India,Cervical cancer
2014,152,India,Cervical cancer
2015,148,India,Cervical cancer
2016,129,India,Cervical cancer
2017,106,India,Cervical cancer
2018,146,India,Cervical cancer
1988,2,India,Cervical cancer
2019,143,India,Cervical cancer
2020,141,India,Cervical cancer
2021,180,India,Cervical cancer
2022,235,India,Cervical cancer
2023,208,India,Cervical cancer
2024,159,India,Cervical cancer
2025,3,India,Cervical cancer
1993,12,India,Cervical cancer
1994,5,India,Cervical cancer
1995,11,India,Cervical cancer
1998,14,India,Cervical cancer
1999,10,India,Cervical cancer
1984,0,India,Cervical cancer
1985,0,India,Cervical cancer
1986,0,India,Cervical cancer
1987,0,India,Cervical cancer
1992,2,India,Colon cancer
2000,3,India,Colon cancer
2001,3,India,Colon cancer
2002,4,India,Colon cancer
2003,5,India,Colon cancer
2004,6,India,Colon cancer
2005,5,India,Colon cancer
2006,15,India,Colon cancer
2007,15,India,Colon cancer
2008,25,India,Colon cancer
2009,32,India,Colon cancer
2010,45,India,Colon cancer
2011,27,India,Colon cancer
2012,46,India,Colon cancer
2013,47,India,Colon cancer
2014,72,India,Colon cancer
1996,1,India,Colon cancer
2016,63,India,Colon cancer
2015,62,India,Colon cancer
2017,61,India,Colon cancer
2018,80,India,Colon cancer
2019,72,India,Colon cancer
2020,88,India,Colon cancer
2021,98,India,Colon cancer
2022,85,India,Colon cancer
2023,90,India,Colon cancer
2024,73,India,Colon cancer
2025,2,India,Colon cancer
1994,1,India,Colon cancer
1997,3,India,Colon cancer
1998,1,India,Colon cancer
1999,3,India,Colon cancer
1984,0,India,Colon cancer
1985,0,India,Colon cancer
1986,0,India,Colon cancer
1987,0,India,Colon cancer
1988,0,India,Colon cancer
1989,0,India,Colon cancer
1990,0,India,Colon cancer
1991,0,India,Colon cancer
1993,0,India,Colon cancer
1995,0,India,Colon cancer
1992,2,India,Colorectal cancer
2000,3,India,Colorectal cancer
2001,5,India,Colorectal cancer
2002,4,India,Colorectal cancer
2003,2,India,Colorectal cancer
1999,3,India,Colorectal cancer
2004,6,India,Colorectal cancer
2005,5,India,Colorectal cancer
2006,11,India,Colorectal cancer
2007,5,India,Colorectal cancer
2008,4,India,Colorectal cancer
2009,15,India,Colorectal cancer
2010,17,India,Colorectal cancer
2011,29,India,Colorectal cancer
2012,29,India,Colorectal cancer
2013,39,India,Colorectal cancer
2014,53,India,Colorectal cancer
2015,54,India,Colorectal cancer
2016,67,India,Colorectal cancer
2017,72,India,Colorectal cancer
2018,69,India,Colorectal cancer
2019,72,India,Colorectal cancer
1990,1,India,Colorectal cancer
2020,93,India,Colorectal cancer
2021,117,India,Colorectal cancer
2022,134,India,Colorectal cancer
2023,152,India,Colorectal cancer
2024,125,India,Colorectal cancer
2025,2,India,Colorectal cancer
1994,3,India,Colorectal cancer
1993,4,India,Colorectal cancer
1997,3,India,Colorectal cancer
1998,2,India,Colorectal cancer
1984,0,India,Colorectal cancer
1985,0,India,Colorectal cancer
1986,0,India,Colorectal cancer
1987,0,India,Colorectal cancer
1988,0,India,Colorectal cancer
1989,0,India,Colorectal cancer
1991,0,India,Colorectal cancer
1995,0,India,Colorectal cancer
1996,0,India,Colorectal cancer
1992,3,India,Esophageal cancer
2000,5,India,Esophageal cancer
2001,7,India,Esophageal cancer
2002,2,India,Esophageal cancer
2003,2,India,Esophageal cancer
2004,4,India,Esophageal cancer
2005,6,India,Esophageal cancer
2006,4,India,Esophageal cancer
2007,11,India,Esophageal cancer
2008,9,India,Esophageal cancer
2009,10,India,Esophageal cancer
2010,9,India,Esophageal cancer
2011,14,India,Esophageal cancer
2012,18,India,Esophageal cancer
1989,5,India,Esophageal cancer
1990,1,India,Esophageal cancer
2013,15,India,Esophageal cancer
2014,20,India,Esophageal cancer
2015,18,India,Esophageal cancer
2016,11,India,Esophageal cancer
2018,17,India,Esophageal cancer
2017,13,India,Esophageal cancer
1988,3,India,Esophageal cancer
2019,12,India,Esophageal cancer
2020,28,India,Esophageal cancer
2021,20,India,Esophageal cancer
2022,30,India,Esophageal cancer
2023,25,India,Esophageal cancer
2024,27,India,Esophageal cancer
2025,4,India,Esophageal cancer
1994,5,India,Esophageal cancer
1995,1,India,Esophageal cancer
1993,1,India,Esophageal cancer
1996,1,India,Esophageal cancer
1997,4,India,Esophageal cancer
1984,0,India,Esophageal cancer
1985,0,India,Esophageal cancer
1986,0,India,Esophageal cancer
1987,0,India,Esophageal cancer
1991,0,India,Esophageal cancer
1998,0,India,Esophageal cancer
1999,0,India,Esophageal cancer
2001,2,India,Gallbladder cancer
2002,4,India,Gallbladder cancer
2003,6,India,Gallbladder cancer
2004,4,India,Gallbladder cancer
2005,5,India,Gallbladder cancer
2006,19,India,Gallbladder cancer
2008,16,India,Gallbladder cancer
2007,8,India,Gallbladder cancer
2009,9,India,Gallbladder cancer
2010,16,India,Gallbladder cancer
2011,9,India,Gallbladder cancer
2012,17,India,Gallbladder cancer
2013,20,India,Gallbladder cancer
2014,24,India,Gallbladder cancer
2015,23,India,Gallbladder cancer
2016,29,India,Gallbladder cancer
2017,15,India,Gallbladder cancer
2018,19,India,Gallbladder cancer
1989,1,India,Gallbladder cancer
2019,27,India,Gallbladder cancer
2020,23,India,Gallbladder cancer
2021,39,India,Gallbladder cancer
2022,39,India,Gallbladder cancer
2023,39,India,Gallbladder cancer
2024,33,India,Gallbladder cancer
1994,2,India,Gallbladder cancer
1996,1,India,Gallbladder cancer
1998,2,India,Gallbladder cancer
1999,4,India,Gallbladder cancer
2000,4,India,Gallbladder cancer
1995,1,India,Gallbladder cancer
1984,0,India,Gallbladder cancer
1985,0,India,Gallbladder cancer
1986,0,India,Gallbladder cancer
1987,0,India,Gallbladder cancer
1988,0,India,Gallbladder cancer
1990,0,India,Gallbladder cancer
1991,0,India,Gallbladder cancer
1992,0,India,Gallbladder cancer
1993,0,India,Gallbladder cancer
1997,0,India,Gallbladder cancer
2025,0,India,Gallbladder cancer
2002,3,India,Hodgkin lymphoma
2003,1,India,Hodgkin lymphoma
2004,2,India,Hodgkin lymphoma
2006,2,India,Hodgkin lymphoma
2005,1,India,Hodgkin lymphoma
2008,11,India,Hodgkin lymphoma
2007,7,India,Hodgkin lymphoma
2009,13,India,Hodgkin lymphoma
2010,15,India,Hodgkin lymphoma
2011,14,India,Hodgkin lymphoma
2012,14,India,Hodgkin lymphoma
2013,21,India,Hodgkin lymphoma
2014,18,India,Hodgkin lymphoma
2015,22,India,Hodgkin lymphoma
2016,17,India,Hodgkin lymphoma
2017,33,India,Hodgkin lymphoma
2018,17,India,Hodgkin lymphoma
2019,13,India,Hodgkin lymphoma
2020,22,India,Hodgkin lymphoma
2025,3,India,Hodgkin lymphoma
2021,25,India,Hodgkin lymphoma
2022,31,India,Hodgkin lymphoma
2023,38,India,Hodgkin lymphoma
2024,24,India,Hodgkin lymphoma
1994,1,India,Hodgkin lymphoma
1995,3,India,Hodgkin lymphoma
1993,1,India,Hodgkin lymphoma
1997,1,India,Hodgkin lymphoma
1998,1,India,Hodgkin lymphoma
2000,1,India,Hodgkin lymphoma
1996,1,India,Hodgkin lymphoma
1984,0,India,Hodgkin lymphoma
1985,0,India,Hodgkin lymphoma
1986,0,India,Hodgkin lymphoma
1987,0,India,Hodgkin lymphoma
1988,0,India,Hodgkin lymphoma
1989,0,India,Hodgkin lymphoma
1990,0,India,Hodgkin lymphoma
1991,0,India,Hodgkin lymphoma
1992,0,India,Hodgkin lymphoma
1999,0,India,Hodgkin lymphoma
2001,0,India,Hodgkin lymphoma
2008,1,India,Kaposi sarcoma
2009,1,India,Kaposi sarcoma
2011,2,India,Kaposi sarcoma
2012,1,India,Kaposi sarcoma
2013,2,India,Kaposi sarcoma
2014,2,India,Kaposi sarcoma
2015,2,India,Kaposi sarcoma
2016,3,India,Kaposi sarcoma
2017,1,India,Kaposi sarcoma
2019,4,India,Kaposi sarcoma
2018,1,India,Kaposi sarcoma
2025,1,India,Kaposi sarcoma
2020,1,India,Kaposi sarcoma
2021,1,India,Kaposi sarcoma
2022,2,India,Kaposi sarcoma
2023,5,India,Kaposi sarcoma
2024,2,India,Kaposi sarcoma
1984,0,India,Kaposi sarcoma
1985,0,India,Kaposi sarcoma
1986,0,India,Kaposi sarcoma
1987,0,India,Kaposi sarcoma
1988,0,India,Kaposi sarcoma
1989,0,India,Kaposi sarcoma
1990,0,India,Kaposi sarcoma
1991,0,India,Kaposi sarcoma
1992,0,India,Kaposi sarcoma
1993,0,India,Kaposi sarcoma
1994,0,India,Kaposi sarcoma
1995,0,India,Kaposi sarcoma
1996,0,India,Kaposi sarcoma
1997,0,India,Kaposi sarcoma
1998,0,India,Kaposi sarcoma
1999,0,India,Kaposi sarcoma
2000,0,India,Kaposi sarcoma
2001,0,India,Kaposi sarcoma
2002,0,India,Kaposi sarcoma
2003,0,India,Kaposi sarcoma
2004,0,India,Kaposi sarcoma
2005,0,India,Kaposi sarcoma
2006,0,India,Kaposi sarcoma
2007,0,India,Kaposi sarcoma
2010,0,India,Kaposi sarcoma
1992,11,India,Kidney cancer
1991,1,India,Kidney cancer
2000,9,India,Kidney cancer
2001,12,India,Kidney cancer
2002,7,India,Kidney cancer
2003,9,India,Kidney cancer
2004,18,India,Kidney cancer
2005,11,India,Kidney cancer
2006,10,India,Kidney cancer
2008,18,India,Kidney cancer
2007,17,India,Kidney cancer
2009,18,India,Kidney cancer
2010,21,India,Kidney cancer
2011,25,India,Kidney cancer
2012,36,India,Kidney cancer
1989,3,India,Kidney cancer
1990,4,India,Kidney cancer
2013,33,India,Kidney cancer
2014,39,India,Kidney cancer
2015,40,India,Kidney cancer
2016,42,India,Kidney cancer
2017,46,India,Kidney cancer
2018,44,India,Kidney cancer
2019,36,India,Kidney cancer
2020,42,India,Kidney cancer
2021,50,India,Kidney cancer
2022,50,India,Kidney cancer
2023,73,India,Kidney cancer
2024,53,India,Kidney cancer
2025,2,India,Kidney cancer
1994,6,India,Kidney cancer
1995,10,India,Kidney cancer
1993,6,India,Kidney cancer
1996,5,India,Kidney cancer
1997,8,India,Kidney cancer
1998,9,India,Kidney cancer
1999,7,India,Kidney cancer
1984,0,India,Kidney cancer
1985,0,India,Kidney cancer
1986,0,India,Kidney cancer
1987,0,India,Kidney cancer
1988,0,India,Kidney cancer
2002,1,India,Laryngeal cancer
2003,2,India,Laryngeal cancer
2005,3,India,Laryngeal cancer
2006,2,India,Laryngeal cancer
2008,3,India,Laryngeal cancer
2010,1,India,Laryngeal cancer
2011,4,India,Laryngeal cancer
1990,1,India,Laryngeal cancer
2012,2,India,Laryngeal cancer
2013,7,India,Laryngeal cancer
2016,4,India,Laryngeal cancer
2014,7,India,Laryngeal cancer
2015,8,India,Laryngeal cancer
2017,5,India,Laryngeal cancer
2018,9,India,Laryngeal cancer
2019,5,India,Laryngeal cancer
2020,10,India,Laryngeal cancer
2021,5,India,Laryngeal cancer
2022,7,India,Laryngeal cancer
2023,5,India,Laryngeal cancer
2024,5,India,Laryngeal cancer
1993,1,India,Laryngeal cancer
1994,1,India,Laryngeal cancer
1996,1,India,Laryngeal cancer
1998,1,India,Laryngeal cancer
2000,3,India,Laryngeal cancer
1984,0,India,Laryngeal cancer
1985,0,India,Laryngeal cancer
1986,0,India,Laryngeal cancer
1987,0,India,Laryngeal cancer
1988,0,India,Laryngeal cancer
1989,0,India,Laryngeal cancer
1991,0,India,Laryngeal cancer
1992,0,India,Laryngeal cancer
1995,0,India,Laryngeal cancer
1997,0,India,Laryngeal cancer
1999,0,India,Laryngeal cancer
2001,0,India,Laryngeal cancer
2004,0,India,Laryngeal cancer
2007,0,India,Laryngeal cancer
2009,0,India,Laryngeal cancer
2025,0,India,Laryngeal cancer
1992,55,India,Leukemia
1990,37,India,Leukemia
1991,47,India,Leukemia
2000,44,India,Leukemia
2001,38,India,Leukemia
2002,53,India,Leukemia
2003,43,India,Leukemia
2004,58,India,Leukemia
2005,47,India,Leukemia
2006,56,India,Leukemia
2007,72,India,Leukemia
2008,86,India,Leukemia
2009,92,India,Leukemia
2010,126,India,Leukemia
2011,126,India,Leukemia
2012,138,India,Leukemia
1987,9,India,Leukemia
1988,23,India,Leukemia
1989,19,India,Leukemia
2013,171,India,Leukemia
2015,207,India,Leukemia
2014,183,India,Leukemia
2016,191,India,Leukemia
2017,178,India,Leukemia
2018,176,India,Leukemia
2019,179,India,Leukemia
2020,215,India,Leukemia
2021,219,India,Leukemia
2022,218,India,Leukemia
2023,219,India,Leukemia
2024,178,India,Leukemia
2025,5,India,Leukemia
1993,37,India,Leukemia
1994,40,India,Leukemia
1995,42,India,Leukemia
1996,39,India,Leukemia
1997,28,India,Leukemia
1998,47,India,Leukemia
1999,41,India,Leukemia
1984,0,India,Leukemia
1985,0,India,Leukemia
1986,0,India,Leukemia
1992,4,India,Liver cancer
1990,2,India,Liver cancer
1991,5,India,Liver cancer
2001,6,India,Liver cancer
2002,7,India,Liver cancer
2003,14,India,Liver cancer
2004,7,India,Liver cancer
2005,11,India,Liver cancer
2006,15,India,Liver cancer
2007,26,India,Liver cancer
2008,26,India,Liver cancer
2009,30,India,Liver cancer
2010,21,India,Liver cancer
2011,32,India,Liver cancer
1988,2,India,Liver cancer
1989,1,India,Liver cancer
2012,46,India,Liver cancer
2013,60,India,Liver cancer
2014,71,India,Liver cancer
2016,67,India,Liver cancer
2015,71,India,Liver cancer
2017,69,India,Liver cancer
2018,96,India,Liver cancer
2019,82,India,Liver cancer
2020,102,India,Liver cancer
2021,152,India,Liver cancer
2022,139,India,Liver cancer
2023,163,India,Liver cancer
2024,146,India,Liver cancer
2025,7,India,Liver cancer
1993,4,India,Liver cancer
1994,6,India,Liver cancer
1995,2,India,Liver cancer
1996,5,India,Liver cancer
1997,5,India,Liver cancer
1998,6,India,Liver cancer
1999,7,India,Liver cancer
2000,11,India,Liver cancer
1984,0,India,Liver cancer
1985,0,India,Liver cancer
1986,0,India,Liver cancer
1987,0,India,Liver cancer
1992,5,India,Lung cancer
1990,2,India,Lung cancer
1991,8,India,Lung cancer
2000,12,India,Lung cancer
2001,6,India,Lung cancer
2002,9,India,Lung cancer
2003,20,India,Lung cancer
2004,14,India,Lung cancer
2005,12,India,Lung cancer
2006,22,India,Lung cancer
1995,4,India,Lung cancer
2007,28,India,Lung cancer
2008,33,India,Lung cancer
2009,38,India,Lung cancer
2010,34,India,Lung cancer
2011,46,India,Lung cancer
1988,2,India,Lung cancer
1989,1,India,Lung cancer
2012,65,India,Lung cancer
2013,92,India,Lung cancer
2014,99,India,Lung cancer
2015,107,India,Lung cancer
2016,112,India,Lung cancer
2017,106,India,Lung cancer
2018,132,India,Lung cancer
2019,137,India,Lung cancer
2020,159,India,Lung cancer
2021,239,India,Lung cancer
2022,222,India,Lung cancer
2023,252,India,Lung cancer
2024,218,India,Lung cancer
2025,7,India,Lung cancer
1993,4,India,Lung cancer
1994,7,India,Lung cancer
1996,6,India,Lung cancer
1997,5,India,Lung cancer
1998,7,India,Lung cancer
1999,9,India,Lung cancer
1984,0,India,Lung cancer
1985,0,India,Lung cancer
1986,0,India,Lung cancer
1987,0,India,Lung cancer
1992,4,India,Mesothelioma
1991,6,India,Mesothelioma
2000,3,India,Mesothelioma
2001,7,India,Mesothelioma
2002,1,India,Mesothelioma
2004,3,India,Mesothelioma
2005,3,India,Mesothelioma
2006,2,India,Mesothelioma
2007,3,India,Mesothelioma
2009,3,India,Mesothelioma
2010,3,India,Mesothelioma
2011,2,India,Mesothelioma
2012,4,India,Mesothelioma
1988,1,India,Mesothelioma
1990,1,India,Mesothelioma
2013,5,India,Mesothelioma
2014,3,India,Mesothelioma
2015,5,India,Mesothelioma
2016,6,India,Mesothelioma
2017,2,India,Mesothelioma
2018,4,India,Mesothelioma
2019,6,India,Mesothelioma
2020,4,India,Mesothelioma
2021,8,India,Mesothelioma
2022,5,India,Mesothelioma
2023,9,India,Mesothelioma
2024,2,India,Mesothelioma
1994,2,India,Mesothelioma
1996,3,India,Mesothelioma
1998,2,India,Mesothelioma
1999,4,India,Mesothelioma
1995,1,India,Mesothelioma
1984,0,India,Mesothelioma
1985,0,India,Mesothelioma
1986,0,India,Mesothelioma
1987,0,India,Mesothelioma
1989,0,India,Mesothelioma
1993,0,India,Mesothelioma
1997,0,India,Mesothelioma
2003,0,India,Mesothelioma
2008,0,India,Mesothelioma
2025,0,India,Mesothelioma
2009,1,India,Mouth cancer
2011,1,India,Mouth cancer
2012,1,India,Mouth cancer
2013,1,India,Mouth cancer
2014,1,India,Mouth cancer
2016,1,India,Mouth cancer
2018,2,India,Mouth cancer
2020,1,India,Mouth cancer
2021,2,India,Mouth cancer
2022,2,India,Mouth cancer
2024,5,India,Mouth cancer
2023,5,India,Mouth cancer
2000,1,India,Mouth cancer
1999,1,India,Mouth cancer
1984,0,India,Mouth cancer
1985,0,India,Mouth cancer
1986,0,India,Mouth cancer
1987,0,India,Mouth cancer
1988,0,India,Mouth cancer
1989,0,India,Mouth cancer
1990,0,India,Mouth cancer
1991,0,India,Mouth cancer
1992,0,India,Mouth cancer
1993,0,India,Mouth cancer
1994,0,India,Mouth cancer
1995,0,India,Mouth cancer
1996,0,India,Mouth cancer
1997,0,India,Mouth cancer
1998,0,India,Mouth cancer
2001,0,India,Mouth cancer
2002,0,India,Mouth cancer
2003,0,India,Mouth cancer
2004,0,India,Mouth cancer
2005,0,India,Mouth cancer
2006,0,India,Mouth cancer
2007,0,India,Mouth cancer
2008,0,India,Mouth cancer
2010,0,India,Mouth cancer
2015,0,India,Mouth cancer
2017,0,India,Mouth cancer
2019,0,India,Mouth cancer
2025,0,India,Mouth cancer
1992,5,India,Multiple myeloma
1991,3,India,Multiple myeloma
2000,7,India,Multiple myeloma
2001,2,India,Multiple myeloma
2002,7,India,Multiple myeloma
2003,11,India,Multiple myeloma
2004,6,India,Multiple myeloma
2005,9,India,Multiple myeloma
2006,7,India,Multiple myeloma
2007,17,India,Multiple myeloma
2008,8,India,Multiple myeloma
2009,16,India,Multiple myeloma
2010,17,India,Multiple myeloma
2011,19,India,Multiple myeloma
1990,1,India,Multiple myeloma
2012,18,India,Multiple myeloma
2013,17,India,Multiple myeloma
2014,29,India,Multiple myeloma
2015,27,India,Multiple myeloma
2016,34,India,Multiple myeloma
2017,37,India,Multiple myeloma
2018,50,India,Multiple myeloma
2019,33,India,Multiple myeloma
2020,43,India,Multiple myeloma
2025,1,India,Multiple myeloma
2021,39,India,Multiple myeloma
2023,56,India,Multiple myeloma
2022,49,India,Multiple myeloma
2024,38,India,Multiple myeloma
1993,5,India,Multiple myeloma
1994,4,India,Multiple myeloma
1995,6,India,Multiple myeloma
1996,6,India,Multiple myeloma
1997,8,India,Multiple myeloma
1998,2,India,Multiple myeloma
1999,5,India,Multiple myeloma
1984,0,India,Multiple myeloma
1985,0,India,Multiple myeloma
1986,0,India,Multiple myeloma
1987,0,India,Multiple myeloma
1988,0,India,Multiple myeloma
1989,0,India,Multiple myeloma
2002,5,India,Non-Hodgkin lymphoma
2003,2,India,Non-Hodgkin lymphoma
2004,4,India,Non-Hodgkin lymphoma
2005,3,India,Non-Hodgkin lymphoma
2006,4,India,Non-Hodgkin lymphoma
2008,15,India,Non-Hodgkin lymphoma
2007,9,India,Non-Hodgkin lymphoma
2009,9,India,Non-Hodgkin lymphoma
2010,17,India,Non-Hodgkin lymphoma
2011,26,India,Non-Hodgkin lymphoma
2012,19,India,Non-Hodgkin lymphoma
2013,31,India,Non-Hodgkin lymphoma
2014,26,India,Non-Hodgkin lymphoma
2015,30,India,Non-Hodgkin lymphoma
2016,22,India,Non-Hodgkin lymphoma
2017,25,India,Non-Hodgkin lymphoma
2018,37,India,Non-Hodgkin lymphoma
2019,30,India,Non-Hodgkin lymphoma
2020,25,India,Non-Hodgkin lymphoma
2025,4,India,Non-Hodgkin lymphoma
2021,36,India,Non-Hodgkin lymphoma
2022,49,India,Non-Hodgkin lymphoma
2023,42,India,Non-Hodgkin lymphoma
2024,30,India,Non-Hodgkin lymphoma
1994,1,India,Non-Hodgkin lymphoma
1995,3,India,Non-Hodgkin lymphoma
1993,1,India,Non-Hodgkin lymphoma
1997,1,India,Non-Hodgkin lymphoma
1998,1,India,Non-Hodgkin lymphoma
2000,2,India,Non-Hodgkin lymphoma
1984,0,India,Non-Hodgkin lymphoma
1985,0,India,Non-Hodgkin lymphoma
1986,0,India,Non-Hodgkin lymphoma
1987,0,India,Non-Hodgkin lymphoma
1988,0,India,Non-Hodgkin lymphoma
1989,0,India,Non-Hodgkin lymphoma
1990,0,India,Non-Hodgkin lymphoma
1991,0,India,Non-Hodgkin lymphoma
1992,0,India,Non-Hodgkin lymphoma
1996,0,India,Non-Hodgkin lymphoma
1999,0,India,Non-Hodgkin lymphoma
2001,0,India,Non-Hodgkin lymphoma
1992,157,India,Other cancer
1990,104,India,Other cancer
1991,107,India,Other cancer
1998,166,India,Other cancer
1999,149,India,Other cancer
2000,175,India,Other cancer
2001,192,India,Other cancer
2002,214,India,Other cancer
1997,141,India,Other cancer
2003,239,India,Other cancer
2004,233,India,Other cancer
2005,238,India,Other cancer
2006,277,India,Other cancer
1996,142,India,Other cancer
2007,319,India,Other cancer
2008,425,India,Other cancer
2009,447,India,Other cancer
2010,510,India,Other cancer
2011,579,India,Other cancer
2012,649,India,Other cancer
1994,160,India,Other cancer
1988,40,India,Other cancer
1989,61,India,Other cancer
2013,770,India,Other cancer
1986,1,India,Other cancer
2014,869,India,Other cancer
2016,865,India,Other cancer
2015,962,India,Other cancer
2017,910,India,Other cancer
2018,852,India,Other cancer
2019,896,India,Other cancer
1987,19,India,Other cancer
2020,1037,India,Other cancer
2022,1262,India,Other cancer
2021,1258,India,Other cancer
2025,40,India,Other cancer
2023,1337,India,Other cancer
2024,996,India,Other cancer
1993,153,India,Other cancer
1995,144,India,Other cancer
1984,0,India,Other cancer
1985,0,India,Other cancer
1992,1,India,Ovarian cancer
1991,1,India,Ovarian cancer
2001,8,India,Ovarian cancer
2002,4,India,Ovarian cancer
2003,4,India,Ovarian cancer
2004,11,India,Ovarian cancer
2005,13,India,Ovarian cancer
2006,11,India,Ovarian cancer
2007,12,India,Ovarian cancer
2008,10,India,Ovarian cancer
2009,20,India,Ovarian cancer
2010,29,India,Ovarian cancer
2011,14,India,Ovarian cancer
2012,30,India,Ovarian cancer
2013,36,India,Ovarian cancer
2014,42,India,Ovarian cancer
2015,48,India,Ovarian cancer
2016,46,India,Ovarian cancer
2017,48,India,Ovarian cancer
2018,54,India,Ovarian cancer
1988,1,India,Ovarian cancer
2019,71,India,Ovarian cancer
2020,64,India,Ovarian cancer
2021,94,India,Ovarian cancer
2022,107,India,Ovarian cancer
2023,117,India,Ovarian cancer
2024,73,India,Ovarian cancer
2025,2,India,Ovarian cancer
1993,1,India,Ovarian cancer
1994,3,India,Ovarian cancer
1995,5,India,Ovarian cancer
1996,3,India,Ovarian cancer
1997,2,India,Ovarian cancer
1998,1,India,Ovarian cancer
2000,5,India,Ovarian cancer
1999,2,India,Ovarian cancer
1984,0,India,Ovarian cancer
1985,0,India,Ovarian cancer
1986,0,India,Ovarian cancer
1987,0,India,Ovarian cancer
1989,0,India,Ovarian cancer
1990,0,India,Ovarian cancer
1992,1,India,Pancreatic cancer
2001,1,India,Pancreatic cancer
2002,2,India,Pancreatic cancer
2003,3,India,Pancreatic cancer
2004,4,India,Pancreatic cancer
2005,5,India,Pancreatic cancer
2006,4,India,Pancreatic cancer
2007,2,India,Pancreatic cancer
2008,3,India,Pancreatic cancer
2009,12,India,Pancreatic cancer
2010,6,India,Pancreatic cancer
1996,4,India,Pancreatic cancer
2011,11,India,Pancreatic cancer
2012,15,India,Pancreatic cancer
2013,21,India,Pancreatic cancer
2014,20,India,Pancreatic cancer
2015,36,India,Pancreatic cancer
2016,25,India,Pancreatic cancer
2017,20,India,Pancreatic cancer
2018,30,India,Pancreatic cancer
2019,38,India,Pancreatic cancer
1998,3,India,Pancreatic cancer
2020,31,India,Pancreatic cancer
2021,56,India,Pancreatic cancer
2022,67,India,Pancreatic cancer
2023,65,India,Pancreatic cancer
2000,1,India,Pancreatic cancer
2024,51,India,Pancreatic cancer
2025,2,India,Pancreatic cancer
1994,2,India,Pancreatic cancer
1995,1,India,Pancreatic cancer
1999,1,India,Pancreatic cancer
1984,0,India,Pancreatic cancer
1985,0,India,Pancreatic cancer
1986,0,India,Pancreatic cancer
1987,0,India,Pancreatic cancer
1988,0,India,Pancreatic cancer
1989,0,India,Pancreatic cancer
1990,0,India,Pancreatic cancer
1991,0,India,Pancreatic cancer
1993,0,India,Pancreatic cancer
1997,0,India,Pancreatic cancer
1991,1,India,Penile cancer
2003,1,India,Penile cancer
2005,1,India,Penile cancer
2006,1,India,Penile cancer
2009,2,India,Penile cancer
2010,3,India,Penile cancer
2011,2,India,Penile cancer
2012,2,India,Penile cancer
2013,4,India,Penile cancer
2014,1,India,Penile cancer
2015,3,India,Penile cancer
2016,8,India,Penile cancer
2017,4,India,Penile cancer
1989,1,India,Penile cancer
2018,2,India,Penile cancer
2019,8,India,Penile cancer
2021,7,India,Penile cancer
2020,4,India,Penile cancer
2022,6,India,Penile cancer
2023,7,India,Penile cancer
2024,4,India,Penile cancer
1995,2,India,Penile cancer
1993,2,India,Penile cancer
1997,1,India,Penile cancer
1984,0,India,Penile cancer
1985,0,India,Penile cancer
1986,0,India,Penile cancer
1987,0,India,Penile cancer
1988,0,India,Penile cancer
1990,0,India,Penile cancer
1992,0,India,Penile cancer
1994,0,India,Penile cancer
1996,0,India,Penile cancer
1998,0,India,Penile cancer
1999,0,India,Penile cancer
2000,0,India,Penile cancer
2001,0,India,Penile cancer
2002,0,India,Penile cancer
2004,0,India,Penile cancer
2007,0,India,Penile cancer
2008,0,India,Penile cancer
2025,0,India,Penile cancer
2001,6,India,Prostate cancer
2002,5,India,Prostate cancer
2003,3,India,Prostate cancer
2004,9,India,Prostate cancer
2005,21,India,Prostate cancer
2006,20,India,Prostate cancer
2007,34,India,Prostate cancer
2008,33,India,Prostate cancer
2009,30,India,Prostate cancer
2010,37,India,Prostate cancer
2011,57,India,Prostate cancer
2012,60,India,Prostate cancer
1988,1,India,Prostate cancer
1990,1,India,Prostate cancer
2013,45,India,Prostate cancer
2000,3,India,Prostate cancer
2014,61,India,Prostate cancer
2015,76,India,Prostate cancer
2016,82,India,Prostate cancer
2017,97,India,Prostate cancer
2018,91,India,Prostate cancer
2019,96,India,Prostate cancer
2020,120,India,Prostate cancer
2021,134,India,Prostate cancer
2022,140,India,Prostate cancer
2023,155,India,Prostate cancer
2024,123,India,Prostate cancer
2025,6,India,Prostate cancer
1994,3,India,Prostate cancer
1993,1,India,Prostate cancer
1997,3,India,Prostate cancer
1998,1,India,Prostate cancer
1999,2,India,Prostate cancer
1984,0,India,Prostate cancer
1985,0,India,Prostate cancer
1986,0,India,Prostate cancer
1987,0,India,Prostate cancer
1989,0,India,Prostate cancer
1991,0,India,Prostate cancer
1992,0,India,Prostate cancer
1995,0,India,Prostate cancer
1996,0,India,Prostate cancer
2000,1,India,Rectal cancer
2001,2,India,Rectal cancer
2004,2,India,Rectal cancer
2005,1,India,Rectal cancer
2006,2,India,Rectal cancer
2007,2,India,Rectal cancer
2008,2,India,Rectal cancer
2009,5,India,Rectal cancer
2010,3,India,Rectal cancer
2011,6,India,Rectal cancer
1991,1,India,Rectal cancer
2012,5,India,Rectal cancer
2013,7,India,Rectal cancer
2014,13,India,Rectal cancer
2015,13,India,Rectal cancer
2016,20,India,Rectal cancer
2017,12,India,Rectal cancer
2018,15,India,Rectal cancer
2019,15,India,Rectal cancer
2020,28,India,Rectal cancer
2021,37,India,Rectal cancer
2022,34,India,Rectal cancer
2023,38,India,Rectal cancer
2024,26,India,Rectal cancer
1994,1,India,Rectal cancer
1995,1,India,Rectal cancer
1997,2,India,Rectal cancer
1998,1,India,Rectal cancer
1999,1,India,Rectal cancer
1984,0,India,Rectal cancer
1985,0,India,Rectal cancer
1986,0,India,Rectal cancer
1987,0,India,Rectal cancer
1988,0,India,Rectal cancer
1989,0,India,Rectal cancer
1990,0,India,Rectal cancer
1992,0,India,Rectal cancer
1993,0,India,Rectal cancer
1996,0,India,Rectal cancer
2002,0,India,Rectal cancer
2003,0,India,Rectal cancer
2025,0,India,Rectal cancer
2010,1,India,Salivary gland cancer
2014,2,India,Salivary gland cancer
2019,2,India,Salivary gland cancer
2024,1,India,Salivary gland cancer
1984,0,India,Salivary gland cancer
1985,0,India,Salivary gland cancer
1986,0,India,Salivary gland cancer
1987,0,India,Salivary gland cancer
1988,0,India,Salivary gland cancer
1989,0,India,Salivary gland cancer
1990,0,India,Salivary gland cancer
1991,0,India,Salivary gland cancer
1992,0,India,Salivary gland cancer
1993,0,India,Salivary gland cancer
1994,0,India,Salivary gland cancer
1995,0,India,Salivary gland cancer
1996,0,India,Salivary gland cancer
1997,0,India,Salivary gland cancer
1998,0,India,Salivary gland cancer
1999,0,India,Salivary gland cancer
2000,0,India,Salivary gland cancer
2001,0,India,Salivary gland cancer
2002,0,India,Salivary gland cancer
2003,0,India,Salivary gland cancer
2004,0,India,Salivary gland cancer
2005,0,India,Salivary gland cancer
2006,0,India,Salivary gland cancer
2007,0,India,Salivary gland cancer
2008,0,India,Salivary gland cancer
2009,0,India,Salivary gland cancer
2011,0,India,Salivary gland cancer
2012,0,India,Salivary gland cancer
2013,0,India,Salivary gland cancer
2015,0,India,Salivary gland cancer
2016,0,India,Salivary gland cancer
2017,0,India,Salivary gland cancer
2018,0,India,Salivary gland cancer
2020,0,India,Salivary gland cancer
2021,0,India,Salivary gland cancer
2022,0,India,Salivary gland cancer
2023,0,India,Salivary gland cancer
2025,0,India,Salivary gland cancer
1992,10,India,Skin cancer
1991,9,India,Skin cancer
2000,15,India,Skin cancer
2001,19,India,Skin cancer
2002,22,India,Skin cancer
2003,37,India,Skin cancer
2004,29,India,Skin cancer
1999,14,India,Skin cancer
2005,23,India,Skin cancer
2006,32,India,Skin cancer
2007,42,India,Skin cancer
2008,50,India,Skin cancer
2009,52,India,Skin cancer
2010,59,India,Skin cancer
2011,73,India,Skin cancer
2012,87,India,Skin cancer
2014,104,India,Skin cancer
1989,3,India,Skin cancer
1990,7,India,Skin cancer
2013,97,India,Skin cancer
2015,119,India,Skin cancer
2016,119,India,Skin cancer
2017,114,India,Skin cancer
2018,116,India,Skin cancer
2019,125,India,Skin cancer
1988,1,India,Skin cancer
2025,8,India,Skin cancer
2020,139,India,Skin cancer
2021,141,India,Skin cancer
2022,143,India,Skin cancer
2023,169,India,Skin cancer
2024,142,India,Skin cancer
1994,13,India,Skin cancer
1995,8,India,Skin cancer
1993,5,India,Skin cancer
1996,9,India,Skin cancer
1997,15,India,Skin cancer
1998,17,India,Skin cancer
1984,0,India,Skin cancer
1985,0,India,Skin cancer
1986,0,India,Skin cancer
1987,0,India,Skin cancer
2002,2,India,Stomach cancer
2003,1,India,Stomach cancer
2004,2,India,Stomach cancer
2005,3,India,Stomach cancer
2006,4,India,Stomach cancer
2007,2,India,Stomach cancer
2008,3,India,Stomach cancer
2009,5,India,Stomach cancer
2010,6,India,Stomach cancer
2011,8,India,Stomach cancer
1989,1,India,Stomach cancer
2012,11,India,Stomach cancer
2013,10,India,Stomach cancer
2014,12,India,Stomach cancer
2015,11,India,Stomach cancer
2016,11,India,Stomach cancer
2018,11,India,Stomach cancer
2017,11,India,Stomach cancer
2019,14,India,Stomach cancer
2020,8,India,Stomach cancer
2021,10,India,Stomach cancer
2022,20,India,Stomach cancer
2023,16,India,Stomach cancer
2024,16,India,Stomach cancer
2025,1,India,Stomach cancer
1994,3,India,Stomach cancer
1996,1,India,Stomach cancer
1998,1,India,Stomach cancer
1999,3,India,Stomach cancer
2000,2,India,Stomach cancer
1984,0,India,Stomach cancer
1985,0,India,Stomach cancer
1986,0,India,Stomach cancer
1987,0,India,Stomach cancer
1988,0,India,Stomach cancer
1990,0,India,Stomach cancer
1991,0,India,Stomach cancer
1992,0,India,Stomach cancer
1993,0,India,Stomach cancer
1995,0,India,Stomach cancer
1997,0,India,Stomach cancer
2001,0,India,Stomach cancer
2003,1,India,Testicular cancer
2006,2,India,Testicular cancer
2008,4,India,Testicular cancer
2000,1,India,Testicular cancer
2009,2,India,Testicular cancer
2007,1,India,Testicular cancer
2010,1,India,Testicular cancer
2012,2,India,Testicular cancer
2013,2,India,Testicular cancer
2014,5,India,Testicular cancer
2016,2,India,Testicular cancer
2017,5,India,Testicular cancer
2018,1,India,Testicular cancer
2019,4,India,Testicular cancer
2020,3,India,Testicular cancer
2021,3,India,Testicular cancer
2022,3,India,Testicular cancer
2023,4,India,Testicular cancer
2024,5,India,Testicular cancer
1993,1,India,Testicular cancer
1998,1,India,Testicular cancer
1984,0,India,Testicular cancer
1985,0,India,Testicular cancer
1986,0,India,Testicular cancer
1987,0,India,Testicular cancer
1988,0,India,Testicular cancer
1989,0,India,Testicular cancer
1990,0,India,Testicular cancer
1991,0,India,Testicular cancer
1992,0,India,Testicular cancer
1994,0,India,Testicular cancer
1995,0,India,Testicular cancer
1996,0,India,Testicular cancer
1997,0,India,Testicular cancer
1999,0,India,Testicular cancer
2001,0,India,Testicular cancer
2002,0,India,Testicular cancer
2004,0,India,Testicular cancer
2005,0,India,Testicular cancer
2011,0,India,Testicular cancer
2015,0,India,Testicular cancer
2025,0,India,Testicular cancer
2019,1,India,Throat cancer
2022,1,India,Throat cancer
1984,0,India,Throat cancer
1985,0,India,Throat cancer
1986,0,India,Throat cancer
1987,0,India,Throat cancer
1988,0,India,Throat cancer
1989,0,India,Throat cancer
1990,0,India,Throat cancer
1991,0,India,Throat cancer
1992,0,India,Throat cancer
1993,0,India,Throat cancer
1994,0,India,Throat cancer
1995,0,India,Throat cancer
1996,0,India,Throat cancer
1997,0,India,Throat cancer
1998,0,India,Throat cancer
1999,0,India,Throat cancer
2000,0,India,Throat cancer
2001,0,India,Throat cancer
2002,0,India,Throat cancer
2003,0,India,Throat cancer
2004,0,India,Throat cancer
2005,0,India,Throat cancer
2006,0,India,Throat cancer
2007,0,India,Throat cancer
2008,0,India,Throat cancer
2009,0,India,Throat cancer
2010,0,India,Throat cancer
2011,0,India,Throat cancer
2012,0,India,Throat cancer
2013,0,India,Throat cancer
2014,0,India,Throat cancer
2015,0,India,Throat cancer
2016,0,India,Throat cancer
2017,0,India,Throat cancer
2018,0,India,Throat cancer
2020,0,India,Throat cancer
2021,0,India,Throat cancer
2023,0,India,Throat cancer
2024,0,India,Throat cancer
2025,0,India,Throat cancer
2001,4,India,Thyroid cancer
2002,7,India,Thyroid cancer
2003,5,India,Thyroid cancer
2004,6,India,Thyroid cancer
2005,6,India,Thyroid cancer
2006,4,India,Thyroid cancer
2007,4,India,Thyroid cancer
2008,5,India,Thyroid cancer
2009,4,India,Thyroid cancer
2010,8,India,Thyroid cancer
2011,16,India,Thyroid cancer
1991,1,India,Thyroid cancer
1989,2,India,Thyroid cancer
1990,1,India,Thyroid cancer
2012,22,India,Thyroid cancer
2013,22,India,Thyroid cancer
2014,20,India,Thyroid cancer
2015,34,India,Thyroid cancer
2016,34,India,Thyroid cancer
2017,27,India,Thyroid cancer
1988,2,India,Thyroid cancer
2018,31,India,Thyroid cancer
2019,30,India,Thyroid cancer
2020,32,India,Thyroid cancer
2021,38,India,Thyroid cancer
2022,68,India,Thyroid cancer
2023,64,India,Thyroid cancer
2024,46,India,Thyroid cancer
2025,1,India,Thyroid cancer
1993,1,India,Thyroid cancer
1994,4,India,Thyroid cancer
1995,2,India,Thyroid cancer
1996,6,India,Thyroid cancer
1997,2,India,Thyroid cancer
1998,3,India,Thyroid cancer
1999,1,India,Thyroid cancer
2000,1,India,Thyroid cancer
1984,0,India,Thyroid cancer
1985,0,India,Thyroid cancer
1986,0,India,Thyroid cancer
1987,0,India,Thyroid cancer
1992,0,India,Thyroid cancer
1992,319,India,Undetermined cancer
1990,204,India,Undetermined cancer
1991,274,India,Undetermined cancer
1998,333,India,Undetermined cancer
1999,373,India,Undetermined cancer
2000,363,India,Undetermined cancer
2001,456,India,Undetermined cancer
2002,459,India,Undetermined cancer
1997,295,India,Undetermined cancer
2003,501,India,Undetermined cancer
2004,559,India,Undetermined cancer
2005,578,India,Undetermined cancer
1995,320,India,Undetermined cancer
2006,617,India,Undetermined cancer
1996,301,India,Undetermined cancer
2007,669,India,Undetermined cancer
2008,824,India,Undetermined cancer
1987,52,India,Undetermined cancer
2009,886,India,Undetermined cancer
2010,1133,India,Undetermined cancer
2011,1251,India,Undetermined cancer
2012,1461,India,Undetermined cancer
1993,300,India,Undetermined cancer
1994,335,India,Undetermined cancer
2013,1733,India,Undetermined cancer
1988,103,India,Undetermined cancer
1989,135,India,Undetermined cancer
2014,1964,India,Undetermined cancer
2015,2039,India,Undetermined cancer
2016,2166,India,Undetermined cancer
1986,2,India,Undetermined cancer
2017,2231,India,Undetermined cancer
2018,2330,India,Undetermined cancer
2019,2478,India,Undetermined cancer
2020,2974,India,Undetermined cancer
2025,106,India,Undetermined cancer
2021,3627,India,Undetermined cancer
2022,3863,India,Undetermined cancer
2023,3834,India,Undetermined cancer
2024,2864,India,Undetermined cancer
1984,0,India,Undetermined cancer
1985,0,India,Undetermined cancer
2001,2,India,Uterine cancer
2002,1,India,Uterine cancer
2004,1,India,Uterine cancer
2008,2,India,Uterine cancer
2007,3,India,Uterine cancer
2009,2,India,Uterine cancer
2010,1,India,Uterine cancer
2011,6,India,Uterine cancer
2012,3,India,Uterine cancer
2013,11,India,Uterine cancer
2014,13,India,Uterine cancer
2015,6,India,Uterine cancer
2016,14,India,Uterine cancer
2017,17,India,Uterine cancer
2018,14,India,Uterine cancer
2019,19,India,Uterine cancer
2020,19,India,Uterine cancer
2021,36,India,Uterine cancer
2022,22,India,Uterine cancer
2023,34,India,Uterine cancer
2024,29,India,Uterine cancer
2025,2,India,Uterine cancer
1995,1,India,Uterine cancer
1993,1,India,Uterine cancer
1997,1,India,Uterine cancer
1984,0,India,Uterine cancer
1985,0,India,Uterine cancer
1986,0,India,Uterine cancer
1987,0,India,Uterine cancer
1988,0,India,Uterine cancer
1989,0,India,Uterine cancer
1990,0,India,Uterine cancer
1991,0,India,Uterine cancer
1992,0,India,Uterine cancer
1994,0,India,Uterine cancer
1996,0,India,Uterine cancer
1998,0,India,Uterine cancer
1999,0,India,Uterine cancer
2000,0,India,Uterine cancer
2003,0,India,Uterine cancer
2005,0,India,Uterine cancer
2006,0,India,Uterine cancer
2008,1,India,Vaginal cancer
2009,1,India,Vaginal cancer
2012,3,India,Vaginal cancer
2013,1,India,Vaginal cancer
2015,2,India,Vaginal cancer
2016,3,India,Vaginal cancer
2018,1,India,Vaginal cancer
2021,1,India,Vaginal cancer
2022,1,India,Vaginal cancer
2023,2,India,Vaginal cancer
2024,2,India,Vaginal cancer
1984,0,India,Vaginal cancer
1985,0,India,Vaginal cancer
1986,0,India,Vaginal cancer
1987,0,India,Vaginal cancer
1988,0,India,Vaginal cancer
1989,0,India,Vaginal cancer
1990,0,India,Vaginal cancer
1991,0,India,Vaginal cancer
1992,0,India,Vaginal cancer
1993,0,India,Vaginal cancer
1994,0,India,Vaginal cancer
1995,0,India,Vaginal cancer
1996,0,India,Vaginal cancer
1997,0,India,Vaginal cancer
1998,0,India,Vaginal cancer
1999,0,India,Vaginal cancer
2000,0,India,Vaginal cancer
2001,0,India,Vaginal cancer
2002,0,India,Vaginal cancer
2003,0,India,Vaginal cancer
2004,0,India,Vaginal cancer
2005,0,India,Vaginal cancer
2006,0,India,Vaginal cancer
2007,0,India,Vaginal cancer
2010,0,India,Vaginal cancer
2011,0,India,Vaginal cancer
2014,0,India,Vaginal cancer
2017,0,India,Vaginal cancer
2019,0,India,Vaginal cancer
2020,0,India,Vaginal cancer
2025,0,India,Vaginal cancer
2004,1,India,Vulvar cancer
2009,1,India,Vulvar cancer
2012,2,India,Vulvar cancer
2013,1,India,Vulvar cancer
2014,2,India,Vulvar cancer
2015,2,India,Vulvar cancer
2017,2,India,Vulvar cancer
2016,1,India,Vulvar cancer
2019,7,India,Vulvar cancer
2020,4,India,Vulvar cancer
2021,1,India,Vulvar cancer
2022,4,India,Vulvar cancer
2023,4,India,Vulvar cancer
2024,2,India,Vulvar cancer
1984,0,India,Vulvar cancer
1985,0,India,Vulvar cancer
1986,0,India,Vulvar cancer
1987,0,India,Vulvar cancer
1988,0,India,Vulvar cancer
1989,0,India,Vulvar cancer
1990,0,India,Vulvar cancer
1991,0,India,Vulvar cancer
1992,0,India,Vulvar cancer
1993,0,India,Vulvar cancer
1994,0,India,Vulvar cancer
1995,0,India,Vulvar cancer
1996,0,India,Vulvar cancer
1997,0,India,Vulvar cancer
1998,0,India,Vulvar cancer
1999,0,India,Vulvar cancer
2000,0,India,Vulvar cancer
2001,0,India,Vulvar cancer
2002,0,India,Vulvar cancer
2003,0,India,Vulvar cancer
2005,0,India,Vulvar cancer
2006,0,India,Vulvar cancer
2007,0,India,Vulvar cancer
2008,0,India,Vulvar cancer
2010,0,India,Vulvar cancer
2011,0,India,Vulvar cancer
2018,0,India,Vulvar cancer
2025,0,India,Vulvar cancer
2001,1,Germany,Anal cancer
2002,1,Germany,Anal cancer
2003,4,Germany,Anal cancer
2004,1,Germany,Anal cancer
2005,1,Germany,Anal cancer
2006,2,Germany,Anal cancer
2007,4,Germany,Anal cancer
2008,6,Germany,Anal cancer
2009,7,Germany,Anal cancer
2010,7,Germany,Anal cancer
2011,5,Germany,Anal cancer
2012,6,Germany,Anal cancer
2013,4,Germany,Anal cancer
2014,8,Germany,Anal cancer
2015,9,Germany,Anal cancer
2016,9,Germany,Anal cancer
2017,8,Germany,Anal cancer
2018,10,Germany,Anal cancer
2019,10,Germany,Anal cancer
2020,16,Germany,Anal cancer
2021,8,Germany,Anal cancer
2022,9,Germany,Anal cancer
2023,6,Germany,Anal cancer
2024,1,Germany,Anal cancer
1994,2,Germany,Anal cancer
1995,1,Germany,Anal cancer
1996,1,Germany,Anal cancer
1997,1,Germany,Anal cancer
1998,2,Germany,Anal cancer
2000,1,Germany,Anal cancer
1984,0,Germany,Anal cancer
1985,0,Germany,Anal cancer
1986,0,Germany,Anal cancer
1987,0,Germany,Anal cancer
1988,0,Germany,Anal cancer
1989,0,Germany,Anal cancer
1990,0,Germany,Anal cancer
1991,0,Germany,Anal cancer
1992,0,Germany,Anal cancer
1993,0,Germany,Anal cancer
1999,0,Germany,Anal cancer
2025,0,Germany,Anal cancer
1992,22,Germany,Bladder cancer
1991,10,Germany,Bladder cancer
2000,53,Germany,Bladder cancer
2001,49,Germany,Bladder cancer
2002,56,Germany,Bladder cancer
1998,29,Germany,Bladder cancer
2003,61,Germany,Bladder cancer
2004,58,Germany,Bladder cancer
2005,69,Germany,Bladder cancer
2006,43,Germany,Bladder cancer
2007,57,Germany,Bladder cancer
2008,67,Germany,Bladder cancer
2009,53,Germany,Bladder cancer
2010,50,Germany,Bladder cancer
2011,57,Germany,Bladder cancer
1994,34,Germany,Bladder cancer
1997,16,Germany,Bladder cancer
1988,5,Germany,Bladder cancer
1989,3,Germany,Bladder cancer
1990,6,Germany,Bladder cancer
2012,58,Germany,Bladder cancer
2013,75,Germany,Bladder cancer
2014,78,Germany,Bladder cancer
2015,65,Germany,Bladder cancer
2016,65,Germany,Bladder cancer
2017,85,Germany,Bladder cancer
2018,98,Germany,Bladder cancer
2020,126,Germany,Bladder cancer
2019,87,Germany,Bladder cancer
2022,119,Germany,Bladder cancer
2021,116,Germany,Bladder cancer
2023,101,Germany,Bladder cancer
1987,5,Germany,Bladder cancer
2024,78,Germany,Bladder cancer
2025,2,Germany,Bladder cancer
1993,20,Germany,Bladder cancer
1995,20,Germany,Bladder cancer
1996,29,Germany,Bladder cancer
1999,39,Germany,Bladder cancer
1984,0,Germany,Bladder cancer
1985,0,Germany,Bladder cancer
1986,0,Germany,Bladder cancer
1992,70,Germany,Brain cancer
1990,49,Germany,Brain cancer
1991,54,Germany,Brain cancer
2000,131,Germany,Brain cancer
2001,161,Germany,Brain cancer
2002,145,Germany,Brain cancer
2003,156,Germany,Brain cancer
2004,155,Germany,Brain cancer
2005,182,Germany,Brain cancer
2006,150,Germany,Brain cancer
2007,136,Germany,Brain cancer
2008,137,Germany,Brain cancer
2009,165,Germany,Brain cancer
2010,172,Germany,Brain cancer
2011,200,Germany,Brain cancer
2012,194,Germany,Brain cancer
1987,27,Germany,Brain cancer
1988,24,Germany,Brain cancer
1989,35,Germany,Brain cancer
2013,196,Germany,Brain cancer
2014,211,Germany,Brain cancer
2015,218,Germany,Brain cancer
2016,231,Germany,Brain cancer
2017,242,Germany,Brain cancer
2018,238,Germany,Brain cancer
2020,275,Germany,Brain cancer
1986,1,Germany,Brain cancer
2019,312,Germany,Brain cancer
2021,329,Germany,Brain cancer
2022,278,Germany,Brain cancer
2023,299,Germany,Brain cancer
2024,183,Germany,Brain cancer
2025,2,Germany,Brain cancer
1993,76,Germany,Brain cancer
1994,86,Germany,Brain cancer
1995,89,Germany,Brain cancer
1996,109,Germany,Brain cancer
1997,116,Germany,Brain cancer
1998,116,Germany,Brain cancer
1999,148,Germany,Brain cancer
1984,0,Germany,Brain cancer
1985,0,Germany,Brain cancer
1992,89,Germany,Breast cancer
1990,49,Germany,Breast cancer
1991,98,Germany,Breast cancer
2000,241,Germany,Breast cancer
2001,246,Germany,Breast cancer
2002,269,Germany,Breast cancer
2003,291,Germany,Breast cancer
2004,324,Germany,Breast cancer
1993,121,Germany,Breast cancer
1998,232,Germany,Breast cancer
1999,194,Germany,Breast cancer
2005,354,Germany,Breast cancer
2006,285,Germany,Breast cancer
1989,28,Germany,Breast cancer
1996,155,Germany,Breast cancer
2007,299,Germany,Breast cancer
2008,341,Germany,Breast cancer
2009,302,Germany,Breast cancer
2010,392,Germany,Breast cancer
2011,399,Germany,Breast cancer
1994,97,Germany,Breast cancer
1995,127,Germany,Breast cancer
1997,159,Germany,Breast cancer
2012,431,Germany,Breast cancer
2013,447,Germany,Breast cancer
1987,25,Germany,Breast cancer
1988,30,Germany,Breast cancer
2014,405,Germany,Breast cancer
2015,409,Germany,Breast cancer
2016,459,Germany,Breast cancer
2017,459,Germany,Breast cancer
2018,482,Germany,Breast cancer
2019,541,Germany,Breast cancer
2020,567,Germany,Breast cancer
2021,566,Germany,Breast cancer
2022,542,Germany,Breast cancer
2023,503,Germany,Breast cancer
2024,294,Germany,Breast cancer
2025,5,Germany,Breast cancer
1984,0,Germany,Breast cancer
1985,0,Germany,Breast cancer
1986,0,Germany,Breast cancer
1992,8,Germany,Cervical cancer
1990,7,Germany,Cervical cancer
1991,10,Germany,Cervical cancer
2000,21,Germany,Cervical cancer
2001,56,Germany,Cervical cancer
2002,43,Germany,Cervical cancer
2003,38,Germany,Cervical cancer
2004,28,Germany,Cervical cancer
2005,34,Germany,Cervical cancer
2006,31,Germany,Cervical cancer
2007,33,Germany,Cervical cancer
2008,31,Germany,Cervical cancer
2009,46,Germany,Cervical cancer
2010,36,Germany,Cervical cancer
2011,42,Germany,Cervical cancer
2012,43,Germany,Cervical cancer
1989,2,Germany,Cervical cancer
2013,40,Germany,Cervical cancer
2014,45,Germany,Cervical cancer
2015,33,Germany,Cervical cancer
2017,51,Germany,Cervical cancer
2016,41,Germany,Cervical cancer
2018,48,Germany,Cervical cancer
1987,2,Germany,Cervical cancer
1988,3,Germany,Cervical cancer
2019,68,Germany,Cervical cancer
2020,69,Germany,Cervical cancer
2021,66,Germany,Cervical cancer
2022,75,Germany,Cervical cancer
2023,77,Germany,Cervical cancer
2024,43,Germany,Cervical cancer
1993,12,Germany,Cervical cancer
1994,12,Germany,Cervical cancer
1995,20,Germany,Cervical cancer
1996,18,Germany,Cervical cancer
1997,15,Germany,Cervical cancer
1998,22,Germany,Cervical cancer
1999,22,Germany,Cervical cancer
1984,0,Germany,Cervical cancer
1985,0,Germany,Cervical cancer
1986,0,Germany,Cervical cancer
2025,0,Germany,Cervical cancer
1992,9,Germany,Colon cancer
1990,4,Germany,Colon cancer
1991,5,Germany,Colon cancer
2000,43,Germany,Colon cancer
2001,55,Germany,Colon cancer
2002,46,Germany,Colon cancer
2003,45,Germany,Colon cancer
2004,44,Germany,Colon cancer
2005,73,Germany,Colon cancer
1998,36,Germany,Colon cancer
2006,58,Germany,Colon cancer
2007,68,Germany,Colon cancer
2008,57,Germany,Colon cancer
2009,70,Germany,Colon cancer
1996,17,Germany,Colon cancer
2010,60,Germany,Colon cancer
2011,76,Germany,Colon cancer
2012,81,Germany,Colon cancer
1987,4,Germany,Colon cancer
2013,72,Germany,Colon cancer
2014,61,Germany,Colon cancer
2015,81,Germany,Colon cancer
2016,74,Germany,Colon cancer
2017,65,Germany,Colon cancer
2018,70,Germany,Colon cancer
1988,1,Germany,Colon cancer
2019,87,Germany,Colon cancer
2020,72,Germany,Colon cancer
2021,82,Germany,Colon cancer
2022,63,Germany,Colon cancer
2023,60,Germany,Colon cancer
2024,25,Germany,Colon cancer
1993,6,Germany,Colon cancer
1994,15,Germany,Colon cancer
1995,14,Germany,Colon cancer
1997,17,Germany,Colon cancer
1999,19,Germany,Colon cancer
1984,0,Germany,Colon cancer
1985,0,Germany,Colon cancer
1986,0,Germany,Colon cancer
1989,0,Germany,Colon cancer
2025,0,Germany,Colon cancer
1992,41,Germany,Colorectal cancer
1990,17,Germany,Colorectal cancer
1991,33,Germany,Colorectal cancer
2000,86,Germany,Colorectal cancer
2001,103,Germany,Colorectal cancer
2002,114,Germany,Colorectal cancer
2003,112,Germany,Colorectal cancer
2004,122,Germany,Colorectal cancer
1998,71,Germany,Colorectal cancer
2005,155,Germany,Colorectal cancer
2006,118,Germany,Colorectal cancer
1995,32,Germany,Colorectal cancer
2007,167,Germany,Colorectal cancer
2008,137,Germany,Colorectal cancer
2009,127,Germany,Colorectal cancer
2010,163,Germany,Colorectal cancer
2011,146,Germany,Colorectal cancer
2012,180,Germany,Colorectal cancer
1987,7,Germany,Colorectal cancer
1988,12,Germany,Colorectal cancer
1989,6,Germany,Colorectal cancer
2013,177,Germany,Colorectal cancer
2014,199,Germany,Colorectal cancer
2015,197,Germany,Colorectal cancer
2016,219,Germany,Colorectal cancer
2017,229,Germany,Colorectal cancer
2018,252,Germany,Colorectal cancer
2019,268,Germany,Colorectal cancer
2020,264,Germany,Colorectal cancer
2021,307,Germany,Colorectal cancer
2022,294,Germany,Colorectal cancer
2023,262,Germany,Colorectal cancer
2024,156,Germany,Colorectal cancer
2025,1,Germany,Colorectal cancer
1993,29,Germany,Colorectal cancer
1994,27,Germany,Colorectal cancer
1996,43,Germany,Colorectal cancer
1997,51,Germany,Colorectal cancer
1999,82,Germany,Colorectal cancer
1984,0,Germany,Colorectal cancer
1985,0,Germany,Colorectal cancer
1986,0,Germany,Colorectal cancer
1992,12,Germany,Esophageal cancer
1990,7,Germany,Esophageal cancer
1991,8,Germany,Esophageal cancer
2000,15,Germany,Esophageal cancer
2001,26,Germany,Esophageal cancer
2002,17,Germany,Esophageal cancer
2003,13,Germany,Esophageal cancer
2004,24,Germany,Esophageal cancer
2005,29,Germany,Esophageal cancer
1998,12,Germany,Esophageal cancer
1997,19,Germany,Esophageal cancer
2006,18,Germany,Esophageal cancer
2007,15,Germany,Esophageal cancer
1999,10,Germany,Esophageal cancer
2008,23,Germany,Esophageal cancer
2009,26,Germany,Esophageal cancer
2010,29,Germany,Esophageal cancer
2011,29,Germany,Esophageal cancer
1987,2,Germany,Esophageal cancer
1989,2,Germany,Esophageal cancer
2012,18,Germany,Esophageal cancer
2013,25,Germany,Esophageal cancer
2014,38,Germany,Esophageal cancer
2015,44,Germany,Esophageal cancer
2016,25,Germany,Esophageal cancer
2017,31,Germany,Esophageal cancer
2018,46,Germany,Esophageal cancer
2020,51,Germany,Esophageal cancer
1988,1,Germany,Esophageal cancer
2019,33,Germany,Esophageal cancer
2021,63,Germany,Esophageal cancer
2022,70,Germany,Esophageal cancer
2023,35,Germany,Esophageal cancer
2025,1,Germany,Esophageal cancer
2024,25,Germany,Esophageal cancer
1994,10,Germany,Esophageal cancer
1995,9,Germany,Esophageal cancer
1993,7,Germany,Esophageal cancer
1996,17,Germany,Esophageal cancer
1984,0,Germany,Esophageal cancer
1985,0,Germany,Esophageal cancer
1986,0,Germany,Esophageal cancer
1992,1,Germany,Gallbladder cancer
2001,4,Germany,Gallbladder cancer
2002,3,Germany,Gallbladder cancer
2003,2,Germany,Gallbladder cancer
2004,2,Germany,Gallbladder cancer
2005,1,Germany,Gallbladder cancer
2006,3,Germany,Gallbladder cancer
2007,4,Germany,Gallbladder cancer
2008,1,Germany,Gallbladder cancer
2009,3,Germany,Gallbladder cancer
2010,4,Germany,Gallbladder cancer
2012,4,Germany,Gallbladder cancer
2013,5,Germany,Gallbladder cancer
2014,1,Germany,Gallbladder cancer
2016,4,Germany,Gallbladder cancer
2015,4,Germany,Gallbladder cancer
2019,5,Germany,Gallbladder cancer
2020,11,Germany,Gallbladder cancer
2021,6,Germany,Gallbladder cancer
2022,5,Germany,Gallbladder cancer
2023,4,Germany,Gallbladder cancer
2024,1,Germany,Gallbladder cancer
1993,3,Germany,Gallbladder cancer
1995,1,Germany,Gallbladder cancer
1996,1,Germany,Gallbladder cancer
1997,1,Germany,Gallbladder cancer
1998,3,Germany,Gallbladder cancer
2000,2,Germany,Gallbladder cancer
1984,0,Germany,Gallbladder cancer
1985,0,Germany,Gallbladder cancer
1986,0,Germany,Gallbladder cancer
1987,0,Germany,Gallbladder cancer
1988,0,Germany,Gallbladder cancer
1989,0,Germany,Gallbladder cancer
1990,0,Germany,Gallbladder cancer
1991,0,Germany,Gallbladder cancer
1994,0,Germany,Gallbladder cancer
1999,0,Germany,Gallbladder cancer
2011,0,Germany,Gallbladder cancer
2017,0,Germany,Gallbladder cancer
2018,0,Germany,Gallbladder cancer
2025,0,Germany,Gallbladder cancer
1992,14,Germany,Hodgkin lymphoma
1990,5,Germany,Hodgkin lymphoma
1991,10,Germany,Hodgkin lymphoma
2001,20,Germany,Hodgkin lymphoma
2002,21,Germany,Hodgkin lymphoma
2003,31,Germany,Hodgkin lymphoma
2004,19,Germany,Hodgkin lymphoma
2005,34,Germany,Hodgkin lymphoma
2006,23,Germany,Hodgkin lymphoma
2008,42,Germany,Hodgkin lymphoma
2007,36,Germany,Hodgkin lymphoma
2009,43,Germany,Hodgkin lymphoma
2010,28,Germany,Hodgkin lymphoma
2011,40,Germany,Hodgkin lymphoma
2012,40,Germany,Hodgkin lymphoma
1989,3,Germany,Hodgkin lymphoma
2013,58,Germany,Hodgkin lymphoma
2014,51,Germany,Hodgkin lymphoma
2015,61,Germany,Hodgkin lymphoma
2016,64,Germany,Hodgkin lymphoma
2017,51,Germany,Hodgkin lymphoma
2018,55,Germany,Hodgkin lymphoma
1988,2,Germany,Hodgkin lymphoma
2019,65,Germany,Hodgkin lymphoma
2020,54,Germany,Hodgkin lymphoma
2021,73,Germany,Hodgkin lymphoma
2022,57,Germany,Hodgkin lymphoma
1987,2,Germany,Hodgkin lymphoma
2024,26,Germany,Hodgkin lymphoma
2023,51,Germany,Hodgkin lymphoma
1993,8,Germany,Hodgkin lymphoma
1994,9,Germany,Hodgkin lymphoma
1995,13,Germany,Hodgkin lymphoma
1996,15,Germany,Hodgkin lymphoma
1997,12,Germany,Hodgkin lymphoma
1998,21,Germany,Hodgkin lymphoma
1999,15,Germany,Hodgkin lymphoma
2000,26,Germany,Hodgkin lymphoma
1984,0,Germany,Hodgkin lymphoma
1985,0,Germany,Hodgkin lymphoma
1986,0,Germany,Hodgkin lymphoma
2025,0,Germany,Hodgkin lymphoma
1992,5,Germany,Kaposi sarcoma
1990,1,Germany,Kaposi sarcoma
1991,3,Germany,Kaposi sarcoma
2001,2,Germany,Kaposi sarcoma
2002,1,Germany,Kaposi sarcoma
2003,2,Germany,Kaposi sarcoma
2004,2,Germany,Kaposi sarcoma
2005,1,Germany,Kaposi sarcoma
2006,3,Germany,Kaposi sarcoma
2007,4,Germany,Kaposi sarcoma
2008,7,Germany,Kaposi sarcoma
2009,2,Germany,Kaposi sarcoma
2010,1,Germany,Kaposi sarcoma
2011,3,Germany,Kaposi sarcoma
2012,2,Germany,Kaposi sarcoma
2013,3,Germany,Kaposi sarcoma
2014,4,Germany,Kaposi sarcoma
2015,1,Germany,Kaposi sarcoma
2016,1,Germany,Kaposi sarcoma
2017,5,Germany,Kaposi sarcoma
2018,2,Germany,Kaposi sarcoma
2019,1,Germany,Kaposi sarcoma
2020,10,Germany,Kaposi sarcoma
2021,4,Germany,Kaposi sarcoma
1987,1,Germany,Kaposi sarcoma
2022,3,Germany,Kaposi sarcoma
2023,3,Germany,Kaposi sarcoma
2024,1,Germany,Kaposi sarcoma
1994,2,Germany,Kaposi sarcoma
1995,1,Germany,Kaposi sarcoma
1993,1,Germany,Kaposi sarcoma
1996,1,Germany,Kaposi sarcoma
1997,3,Germany,Kaposi sarcoma
1998,1,Germany,Kaposi sarcoma
1984,0,Germany,Kaposi sarcoma
1985,0,Germany,Kaposi sarcoma
1986,0,Germany,Kaposi sarcoma
1988,0,Germany,Kaposi sarcoma
1989,0,Germany,Kaposi sarcoma
1999,0,Germany,Kaposi sarcoma
2000,0,Germany,Kaposi sarcoma
2025,0,Germany,Kaposi sarcoma
1992,44,Germany,Kidney cancer
1990,19,Germany,Kidney cancer
1991,37,Germany,Kidney cancer
2000,67,Germany,Kidney cancer
2001,65,Germany,Kidney cancer
2002,75,Germany,Kidney cancer
2003,66,Germany,Kidney cancer
2004,79,Germany,Kidney cancer
2005,87,Germany,Kidney cancer
2006,68,Germany,Kidney cancer
2007,78,Germany,Kidney cancer
2008,81,Germany,Kidney cancer
2009,80,Germany,Kidney cancer
2010,91,Germany,Kidney cancer
2011,109,Germany,Kidney cancer
2012,78,Germany,Kidney cancer
2013,89,Germany,Kidney cancer
1987,3,Germany,Kidney cancer
1989,8,Germany,Kidney cancer
2014,89,Germany,Kidney cancer
2016,86,Germany,Kidney cancer
2015,84,Germany,Kidney cancer
2017,97,Germany,Kidney cancer
2018,99,Germany,Kidney cancer
1988,10,Germany,Kidney cancer
2019,96,Germany,Kidney cancer
2020,107,Germany,Kidney cancer
2022,92,Germany,Kidney cancer
2021,100,Germany,Kidney cancer
2023,74,Germany,Kidney cancer
2024,52,Germany,Kidney cancer
1993,49,Germany,Kidney cancer
1994,47,Germany,Kidney cancer
1995,63,Germany,Kidney cancer
1996,64,Germany,Kidney cancer
1997,71,Germany,Kidney cancer
1998,70,Germany,Kidney cancer
1999,104,Germany,Kidney cancer
1984,0,Germany,Kidney cancer
1985,0,Germany,Kidney cancer
1986,0,Germany,Kidney cancer
2025,0,Germany,Kidney cancer
1992,11,Germany,Laryngeal cancer
1991,5,Germany,Laryngeal cancer
2001,4,Germany,Laryngeal cancer
2002,8,Germany,Laryngeal cancer
2003,8,Germany,Laryngeal cancer
2004,6,Germany,Laryngeal cancer
2005,3,Germany,Laryngeal cancer
2006,5,Germany,Laryngeal cancer
2007,6,Germany,Laryngeal cancer
2008,6,Germany,Laryngeal cancer
2009,9,Germany,Laryngeal cancer
2010,11,Germany,Laryngeal cancer
2011,9,Germany,Laryngeal cancer
1990,1,Germany,Laryngeal cancer
2012,6,Germany,Laryngeal cancer
2013,3,Germany,Laryngeal cancer
2014,5,Germany,Laryngeal cancer
2015,5,Germany,Laryngeal cancer
2016,18,Germany,Laryngeal cancer
2017,12,Germany,Laryngeal cancer
2018,3,Germany,Laryngeal cancer
2019,7,Germany,Laryngeal cancer
2020,12,Germany,Laryngeal cancer
2021,12,Germany,Laryngeal cancer
2022,10,Germany,Laryngeal cancer
2023,8,Germany,Laryngeal cancer
2024,2,Germany,Laryngeal cancer
1994,4,Germany,Laryngeal cancer
1995,6,Germany,Laryngeal cancer
1993,3,Germany,Laryngeal cancer
1996,3,Germany,Laryngeal cancer
1997,5,Germany,Laryngeal cancer
1998,5,Germany,Laryngeal cancer
1999,10,Germany,Laryngeal cancer
2000,9,Germany,Laryngeal cancer
1984,0,Germany,Laryngeal cancer
1985,0,Germany,Laryngeal cancer
1986,0,Germany,Laryngeal cancer
1987,0,Germany,Laryngeal cancer
1988,0,Germany,Laryngeal cancer
1989,0,Germany,Laryngeal cancer
2025,0,Germany,Laryngeal cancer
1992,240,Germany,Leukemia
1990,141,Germany,Leukemia
1991,197,Germany,Leukemia
2000,306,Germany,Leukemia
2001,294,Germany,Leukemia
2002,328,Germany,Leukemia
2003,366,Germany,Leukemia
2004,350,Germany,Leukemia
2005,368,Germany,Leukemia
1989,83,Germany,Leukemia
2006,282,Germany,Leukemia
2007,300,Germany,Leukemia
2008,314,Germany,Leukemia
1999,253,Germany,Leukemia
2009,333,Germany,Leukemia
2010,311,Germany,Leukemia
2011,319,Germany,Leukemia
2012,346,Germany,Leukemia
2013,336,Germany,Leukemia
1987,54,Germany,Leukemia
1988,86,Germany,Leukemia
2014,337,Germany,Leukemia
2015,385,Germany,Leukemia
2016,381,Germany,Leukemia
2017,375,Germany,Leukemia
2018,345,Germany,Leukemia
1986,4,Germany,Leukemia
2019,386,Germany,Leukemia
2020,411,Germany,Leukemia
2021,434,Germany,Leukemia
2022,397,Germany,Leukemia
2023,354,Germany,Leukemia
1985,1,Germany,Leukemia
2024,203,Germany,Leukemia
2025,1,Germany,Leukemia
1993,252,Germany,Leukemia
1994,263,Germany,Leukemia
1995,273,Germany,Leukemia
1996,302,Germany,Leukemia
1997,292,Germany,Leukemia
1998,287,Germany,Leukemia
1984,0,Germany,Leukemia
1992,21,Germany,Liver cancer
1990,11,Germany,Liver cancer
1991,16,Germany,Liver cancer
2000,54,Germany,Liver cancer
2001,64,Germany,Liver cancer
1994,35,Germany,Liver cancer
2002,49,Germany,Liver cancer
2003,56,Germany,Liver cancer
2005,81,Germany,Liver cancer
2004,66,Germany,Liver cancer
1997,36,Germany,Liver cancer
2006,68,Germany,Liver cancer
2007,51,Germany,Liver cancer
2008,94,Germany,Liver cancer
2009,91,Germany,Liver cancer
2010,87,Germany,Liver cancer
2011,110,Germany,Liver cancer
2012,128,Germany,Liver cancer
1987,4,Germany,Liver cancer
1988,6,Germany,Liver cancer
1989,7,Germany,Liver cancer
2013,129,Germany,Liver cancer
2014,128,Germany,Liver cancer
2015,142,Germany,Liver cancer
2016,141,Germany,Liver cancer
2017,149,Germany,Liver cancer
2018,154,Germany,Liver cancer
2019,171,Germany,Liver cancer
2020,191,Germany,Liver cancer
2021,231,Germany,Liver cancer
2022,221,Germany,Liver cancer
2023,175,Germany,Liver cancer
2024,112,Germany,Liver cancer
1993,15,Germany,Liver cancer
1995,25,Germany,Liver cancer
1996,28,Germany,Liver cancer
1998,46,Germany,Liver cancer
1999,32,Germany,Liver cancer
1984,0,Germany,Liver cancer
1985,0,Germany,Liver cancer
1986,0,Germany,Liver cancer
2025,0,Germany,Liver cancer
1992,33,Germany,Lung cancer
1990,18,Germany,Lung cancer
1991,22,Germany,Lung cancer
2000,83,Germany,Lung cancer
2001,112,Germany,Lung cancer
1994,53,Germany,Lung cancer
2002,98,Germany,Lung cancer
2003,102,Germany,Lung cancer
2005,120,Germany,Lung cancer
2004,122,Germany,Lung cancer
1997,57,Germany,Lung cancer
2006,109,Germany,Lung cancer
1998,68,Germany,Lung cancer
2007,108,Germany,Lung cancer
2008,142,Germany,Lung cancer
2009,156,Germany,Lung cancer
2010,151,Germany,Lung cancer
2011,170,Germany,Lung cancer
2012,197,Germany,Lung cancer
2013,211,Germany,Lung cancer
1987,6,Germany,Lung cancer
1988,9,Germany,Lung cancer
1989,9,Germany,Lung cancer
2014,206,Germany,Lung cancer
2015,228,Germany,Lung cancer
2016,237,Germany,Lung cancer
2017,240,Germany,Lung cancer
2018,256,Germany,Lung cancer
2019,252,Germany,Lung cancer
2020,293,Germany,Lung cancer
2021,348,Germany,Lung cancer
2022,333,Germany,Lung cancer
2023,285,Germany,Lung cancer
2024,191,Germany,Lung cancer
1986,1,Germany,Lung cancer
1993,26,Germany,Lung cancer
1995,42,Germany,Lung cancer
1996,54,Germany,Lung cancer
1999,61,Germany,Lung cancer
1984,0,Germany,Lung cancer
1985,0,Germany,Lung cancer
2025,0,Germany,Lung cancer
1992,15,Germany,Mesothelioma
1990,7,Germany,Mesothelioma
1991,20,Germany,Mesothelioma
2001,14,Germany,Mesothelioma
2002,20,Germany,Mesothelioma
2003,14,Germany,Mesothelioma
2004,21,Germany,Mesothelioma
2005,13,Germany,Mesothelioma
2006,12,Germany,Mesothelioma
2007,9,Germany,Mesothelioma
2008,15,Germany,Mesothelioma
2009,13,Germany,Mesothelioma
2010,9,Germany,Mesothelioma
2011,7,Germany,Mesothelioma
1988,4,Germany,Mesothelioma
1989,6,Germany,Mesothelioma
2012,9,Germany,Mesothelioma
2013,14,Germany,Mesothelioma
2014,13,Germany,Mesothelioma
2015,9,Germany,Mesothelioma
2016,10,Germany,Mesothelioma
2017,25,Germany,Mesothelioma
1987,2,Germany,Mesothelioma
2018,17,Germany,Mesothelioma
2019,11,Germany,Mesothelioma
2020,13,Germany,Mesothelioma
2021,19,Germany,Mesothelioma
2022,28,Germany,Mesothelioma
2023,12,Germany,Mesothelioma
2024,16,Germany,Mesothelioma
1994,12,Germany,Mesothelioma
1995,18,Germany,Mesothelioma
1993,4,Germany,Mesothelioma
1996,11,Germany,Mesothelioma
1997,9,Germany,Mesothelioma
1998,18,Germany,Mesothelioma
1999,20,Germany,Mesothelioma
2000,19,Germany,Mesothelioma
1984,0,Germany,Mesothelioma
1985,0,Germany,Mesothelioma
1986,0,Germany,Mesothelioma
2025,0,Germany,Mesothelioma
1992,8,Germany,Mouth cancer
2013,1,Germany,Mouth cancer
2019,1,Germany,Mouth cancer
1997,1,Germany,Mouth cancer
1984,0,Germany,Mouth cancer
1985,0,Germany,Mouth cancer
1986,0,Germany,Mouth cancer
1987,0,Germany,Mouth cancer
1988,0,Germany,Mouth cancer
1989,0,Germany,Mouth cancer
1990,0,Germany,Mouth cancer
1991,0,Germany,Mouth cancer
1993,0,Germany,Mouth cancer
1994,0,Germany,Mouth cancer
1995,0,Germany,Mouth cancer
1996,0,Germany,Mouth cancer
1998,0,Germany,Mouth cancer
1999,0,Germany,Mouth cancer
2000,0,Germany,Mouth cancer
2001,0,Germany,Mouth cancer
2002,0,Germany,Mouth cancer
2003,0,Germany,Mouth cancer
2004,0,Germany,Mouth cancer
2005,0,Germany,Mouth cancer
2006,0,Germany,Mouth cancer
2007,0,Germany,Mouth cancer
2008,0,Germany,Mouth cancer
2009,0,Germany,Mouth cancer
2010,0,Germany,Mouth cancer
2011,0,Germany,Mouth cancer
2012,0,Germany,Mouth cancer
2014,0,Germany,Mouth cancer
2015,0,Germany,Mouth cancer
2016,0,Germany,Mouth cancer
2017,0,Germany,Mouth cancer
2018,0,Germany,Mouth cancer
2020,0,Germany,Mouth cancer
2021,0,Germany,Mouth cancer
2022,0,Germany,Mouth cancer
2023,0,Germany,Mouth cancer
2024,0,Germany,Mouth cancer
2025,0,Germany,Mouth cancer
1992,21,Germany,Multiple myeloma
1990,10,Germany,Multiple myeloma
1991,10,Germany,Multiple myeloma
2001,45,Germany,Multiple myeloma
2002,44,Germany,Multiple myeloma
2003,53,Germany,Multiple myeloma
2004,51,Germany,Multiple myeloma
2005,66,Germany,Multiple myeloma
1989,8,Germany,Multiple myeloma
2006,67,Germany,Multiple myeloma
2007,50,Germany,Multiple myeloma
2008,59,Germany,Multiple myeloma
2009,59,Germany,Multiple myeloma
2010,63,Germany,Multiple myeloma
2011,53,Germany,Multiple myeloma
2012,72,Germany,Multiple myeloma
2013,64,Germany,Multiple myeloma
2014,73,Germany,Multiple myeloma
2015,70,Germany,Multiple myeloma
2016,63,Germany,Multiple myeloma
2017,101,Germany,Multiple myeloma
2018,77,Germany,Multiple myeloma
1987,2,Germany,Multiple myeloma
1988,6,Germany,Multiple myeloma
2019,90,Germany,Multiple myeloma
2020,106,Germany,Multiple myeloma
2021,105,Germany,Multiple myeloma
2022,101,Germany,Multiple myeloma
2023,99,Germany,Multiple myeloma
2024,63,Germany,Multiple myeloma
2025,3,Germany,Multiple myeloma
1993,19,Germany,Multiple myeloma
1994,18,Germany,Multiple myeloma
1995,31,Germany,Multiple myeloma
1996,37,Germany,Multiple myeloma
1997,42,Germany,Multiple myeloma
1998,33,Germany,Multiple myeloma
1999,31,Germany,Multiple myeloma
2000,37,Germany,Multiple myeloma
1984,0,Germany,Multiple myeloma
1985,0,Germany,Multiple myeloma
1986,0,Germany,Multiple myeloma
1992,14,Germany,Non-Hodgkin lymphoma
1990,5,Germany,Non-Hodgkin lymphoma
1991,10,Germany,Non-Hodgkin lymphoma
2001,34,Germany,Non-Hodgkin lymphoma
2002,30,Germany,Non-Hodgkin lymphoma
2003,30,Germany,Non-Hodgkin lymphoma
2004,34,Germany,Non-Hodgkin lymphoma
2005,42,Germany,Non-Hodgkin lymphoma
2006,52,Germany,Non-Hodgkin lymphoma
2008,48,Germany,Non-Hodgkin lymphoma
2007,54,Germany,Non-Hodgkin lymphoma
2009,44,Germany,Non-Hodgkin lymphoma
2010,41,Germany,Non-Hodgkin lymphoma
2011,71,Germany,Non-Hodgkin lymphoma
2012,51,Germany,Non-Hodgkin lymphoma
1989,3,Germany,Non-Hodgkin lymphoma
2013,63,Germany,Non-Hodgkin lymphoma
2014,55,Germany,Non-Hodgkin lymphoma
2015,66,Germany,Non-Hodgkin lymphoma
2016,58,Germany,Non-Hodgkin lymphoma
2017,55,Germany,Non-Hodgkin lymphoma
2018,63,Germany,Non-Hodgkin lymphoma
1988,3,Germany,Non-Hodgkin lymphoma
2019,73,Germany,Non-Hodgkin lymphoma
2020,60,Germany,Non-Hodgkin lymphoma
2021,92,Germany,Non-Hodgkin lymphoma
2022,77,Germany,Non-Hodgkin lymphoma
1987,2,Germany,Non-Hodgkin lymphoma
2023,70,Germany,Non-Hodgkin lymphoma
2024,34,Germany,Non-Hodgkin lymphoma
1993,10,Germany,Non-Hodgkin lymphoma
1994,9,Germany,Non-Hodgkin lymphoma
1995,16,Germany,Non-Hodgkin lymphoma
1996,21,Germany,Non-Hodgkin lymphoma
1997,19,Germany,Non-Hodgkin lymphoma
1998,27,Germany,Non-Hodgkin lymphoma
1999,22,Germany,Non-Hodgkin lymphoma
2000,34,Germany,Non-Hodgkin lymphoma
1984,0,Germany,Non-Hodgkin lymphoma
1985,0,Germany,Non-Hodgkin lymphoma
1986,0,Germany,Non-Hodgkin lymphoma
2025,0,Germany,Non-Hodgkin lymphoma
1992,626,Germany,Other cancer
1990,296,Germany,Other cancer
1991,514,Germany,Other cancer
1993,620,Germany,Other cancer
1994,655,Germany,Other cancer
1998,940,Germany,Other cancer
1999,941,Germany,Other cancer
2000,1035,Germany,Other cancer
2001,1052,Germany,Other cancer
2002,1043,Germany,Other cancer
2003,1089,Germany,Other cancer
2004,1053,Germany,Other cancer
2005,1123,Germany,Other cancer
1989,162,Germany,Other cancer
2006,970,Germany,Other cancer
2007,935,Germany,Other cancer
2008,955,Germany,Other cancer
2009,960,Germany,Other cancer
2010,958,Germany,Other cancer
2011,1006,Germany,Other cancer
2012,1053,Germany,Other cancer
1997,841,Germany,Other cancer
2013,1044,Germany,Other cancer
1986,2,Germany,Other cancer
1987,130,Germany,Other cancer
1988,159,Germany,Other cancer
2014,1125,Germany,Other cancer
2015,1163,Germany,Other cancer
2016,1179,Germany,Other cancer
2017,1201,Germany,Other cancer
2018,1257,Germany,Other cancer
2020,1384,Germany,Other cancer
2019,1327,Germany,Other cancer
2021,1616,Germany,Other cancer
2022,1514,Germany,Other cancer
2023,1342,Germany,Other cancer
2024,816,Germany,Other cancer
2025,7,Germany,Other cancer
1984,1,Germany,Other cancer
1995,744,Germany,Other cancer
1996,812,Germany,Other cancer
1985,0,Germany,Other cancer
1992,28,Germany,Ovarian cancer
1991,15,Germany,Ovarian cancer
2000,45,Germany,Ovarian cancer
2001,55,Germany,Ovarian cancer
2002,47,Germany,Ovarian cancer
2003,69,Germany,Ovarian cancer
2004,50,Germany,Ovarian cancer
1998,61,Germany,Ovarian cancer
2005,61,Germany,Ovarian cancer
2006,57,Germany,Ovarian cancer
2007,70,Germany,Ovarian cancer
2008,59,Germany,Ovarian cancer
2009,71,Germany,Ovarian cancer
2010,75,Germany,Ovarian cancer
2011,73,Germany,Ovarian cancer
1995,42,Germany,Ovarian cancer
2012,84,Germany,Ovarian cancer
1988,4,Germany,Ovarian cancer
1989,4,Germany,Ovarian cancer
1990,2,Germany,Ovarian cancer
2013,78,Germany,Ovarian cancer
2014,84,Germany,Ovarian cancer
2015,82,Germany,Ovarian cancer
2016,96,Germany,Ovarian cancer
2017,104,Germany,Ovarian cancer
1999,60,Germany,Ovarian cancer
2018,92,Germany,Ovarian cancer
2019,109,Germany,Ovarian cancer
2020,101,Germany,Ovarian cancer
2021,129,Germany,Ovarian cancer
2022,121,Germany,Ovarian cancer
1987,4,Germany,Ovarian cancer
2023,109,Germany,Ovarian cancer
2024,55,Germany,Ovarian cancer
1993,22,Germany,Ovarian cancer
1994,37,Germany,Ovarian cancer
1996,24,Germany,Ovarian cancer
1997,56,Germany,Ovarian cancer
1984,0,Germany,Ovarian cancer
1985,0,Germany,Ovarian cancer
1986,0,Germany,Ovarian cancer
2025,0,Germany,Ovarian cancer
1992,20,Germany,Pancreatic cancer
1990,11,Germany,Pancreatic cancer
1991,10,Germany,Pancreatic cancer
2000,64,Germany,Pancreatic cancer
2001,57,Germany,Pancreatic cancer
2002,76,Germany,Pancreatic cancer
2003,70,Germany,Pancreatic cancer
2004,81,Germany,Pancreatic cancer
2005,89,Germany,Pancreatic cancer
1998,50,Germany,Pancreatic cancer
2006,86,Germany,Pancreatic cancer
2007,112,Germany,Pancreatic cancer
2008,111,Germany,Pancreatic cancer
2009,89,Germany,Pancreatic cancer
2010,99,Germany,Pancreatic cancer
2011,103,Germany,Pancreatic cancer
1996,29,Germany,Pancreatic cancer
2012,118,Germany,Pancreatic cancer
2013,104,Germany,Pancreatic cancer
1989,1,Germany,Pancreatic cancer
2014,124,Germany,Pancreatic cancer
2015,114,Germany,Pancreatic cancer
2016,132,Germany,Pancreatic cancer
2017,138,Germany,Pancreatic cancer
2018,129,Germany,Pancreatic cancer
2019,172,Germany,Pancreatic cancer
1988,1,Germany,Pancreatic cancer
2020,192,Germany,Pancreatic cancer
2021,232,Germany,Pancreatic cancer
2022,188,Germany,Pancreatic cancer
2023,184,Germany,Pancreatic cancer
2024,108,Germany,Pancreatic cancer
1987,1,Germany,Pancreatic cancer
2025,2,Germany,Pancreatic cancer
1993,13,Germany,Pancreatic cancer
1994,15,Germany,Pancreatic cancer
1995,17,Germany,Pancreatic cancer
1997,32,Germany,Pancreatic cancer
1999,68,Germany,Pancreatic cancer
1984,0,Germany,Pancreatic cancer
1985,0,Germany,Pancreatic cancer
1986,0,Germany,Pancreatic cancer
1992,1,Germany,Penile cancer
1991,1,Germany,Penile cancer
2001,4,Germany,Penile cancer
2004,2,Germany,Penile cancer
2003,2,Germany,Penile cancer
2005,8,Germany,Penile cancer
2006,4,Germany,Penile cancer
2007,5,Germany,Penile cancer
2008,5,Germany,Penile cancer
2009,2,Germany,Penile cancer
2010,2,Germany,Penile cancer
2011,2,Germany,Penile cancer
2012,5,Germany,Penile cancer
2013,6,Germany,Penile cancer
2014,4,Germany,Penile cancer
2015,4,Germany,Penile cancer
2016,6,Germany,Penile cancer
2017,2,Germany,Penile cancer
2018,19,Germany,Penile cancer
2019,7,Germany,Penile cancer
2020,7,Germany,Penile cancer
2021,14,Germany,Penile cancer
2022,9,Germany,Penile cancer
2023,10,Germany,Penile cancer
1987,1,Germany,Penile cancer
2024,8,Germany,Penile cancer
1994,1,Germany,Penile cancer
1995,1,Germany,Penile cancer
1997,1,Germany,Penile cancer
1999,2,Germany,Penile cancer
2000,3,Germany,Penile cancer
1984,0,Germany,Penile cancer
1985,0,Germany,Penile cancer
1986,0,Germany,Penile cancer
1988,0,Germany,Penile cancer
1989,0,Germany,Penile cancer
1990,0,Germany,Penile cancer
1993,0,Germany,Penile cancer
1996,0,Germany,Penile cancer
1998,0,Germany,Penile cancer
2002,0,Germany,Penile cancer
2025,0,Germany,Penile cancer
1992,10,Germany,Prostate cancer
1990,5,Germany,Prostate cancer
1991,19,Germany,Prostate cancer
2000,84,Germany,Prostate cancer
2001,94,Germany,Prostate cancer
2002,108,Germany,Prostate cancer
1998,65,Germany,Prostate cancer
1999,76,Germany,Prostate cancer
2003,132,Germany,Prostate cancer
2004,141,Germany,Prostate cancer
2005,160,Germany,Prostate cancer
2006,157,Germany,Prostate cancer
2007,178,Germany,Prostate cancer
2008,172,Germany,Prostate cancer
2009,181,Germany,Prostate cancer
2010,174,Germany,Prostate cancer
2011,201,Germany,Prostate cancer
2012,257,Germany,Prostate cancer
1997,45,Germany,Prostate cancer
2013,224,Germany,Prostate cancer
1987,4,Germany,Prostate cancer
1989,1,Germany,Prostate cancer
2014,254,Germany,Prostate cancer
2015,278,Germany,Prostate cancer
2016,302,Germany,Prostate cancer
2017,369,Germany,Prostate cancer
2018,304,Germany,Prostate cancer
1988,2,Germany,Prostate cancer
2019,336,Germany,Prostate cancer
2020,417,Germany,Prostate cancer
2021,475,Germany,Prostate cancer
2022,428,Germany,Prostate cancer
2023,344,Germany,Prostate cancer
2024,219,Germany,Prostate cancer
2025,5,Germany,Prostate cancer
1993,33,Germany,Prostate cancer
1994,23,Germany,Prostate cancer
1995,33,Germany,Prostate cancer
1996,37,Germany,Prostate cancer
1984,0,Germany,Prostate cancer
1985,0,Germany,Prostate cancer
1986,0,Germany,Prostate cancer
1992,15,Germany,Rectal cancer
1990,11,Germany,Rectal cancer
1991,8,Germany,Rectal cancer
2001,32,Germany,Rectal cancer
2002,34,Germany,Rectal cancer
2003,43,Germany,Rectal cancer
2004,50,Germany,Rectal cancer
1998,37,Germany,Rectal cancer
2005,45,Germany,Rectal cancer
2006,31,Germany,Rectal cancer
2007,42,Germany,Rectal cancer
2008,30,Germany,Rectal cancer
2009,40,Germany,Rectal cancer
2010,32,Germany,Rectal cancer
2011,25,Germany,Rectal cancer
2012,49,Germany,Rectal cancer
1987,3,Germany,Rectal cancer
1989,6,Germany,Rectal cancer
2013,32,Germany,Rectal cancer
2014,37,Germany,Rectal cancer
2015,45,Germany,Rectal cancer
2016,44,Germany,Rectal cancer
1997,19,Germany,Rectal cancer
2017,37,Germany,Rectal cancer
2018,67,Germany,Rectal cancer
1988,1,Germany,Rectal cancer
2019,66,Germany,Rectal cancer
2020,54,Germany,Rectal cancer
2021,65,Germany,Rectal cancer
2022,54,Germany,Rectal cancer
2023,54,Germany,Rectal cancer
2024,33,Germany,Rectal cancer
1993,5,Germany,Rectal cancer
1994,13,Germany,Rectal cancer
1995,16,Germany,Rectal cancer
1996,16,Germany,Rectal cancer
1999,15,Germany,Rectal cancer
2000,29,Germany,Rectal cancer
1984,0,Germany,Rectal cancer
1985,0,Germany,Rectal cancer
1986,0,Germany,Rectal cancer
2025,0,Germany,Rectal cancer
2003,1,Germany,Salivary gland cancer
2004,3,Germany,Salivary gland cancer
2008,2,Germany,Salivary gland cancer
2009,1,Germany,Salivary gland cancer
2010,2,Germany,Salivary gland cancer
2011,1,Germany,Salivary gland cancer
2012,4,Germany,Salivary gland cancer
2013,2,Germany,Salivary gland cancer
2014,1,Germany,Salivary gland cancer
2016,4,Germany,Salivary gland cancer
2015,2,Germany,Salivary gland cancer
2017,1,Germany,Salivary gland cancer
2018,2,Germany,Salivary gland cancer
2019,4,Germany,Salivary gland cancer
2020,2,Germany,Salivary gland cancer
2021,3,Germany,Salivary gland cancer
2022,7,Germany,Salivary gland cancer
2023,8,Germany,Salivary gland cancer
1984,0,Germany,Salivary gland cancer
1985,0,Germany,Salivary gland cancer
1986,0,Germany,Salivary gland cancer
1987,0,Germany,Salivary gland cancer
1988,0,Germany,Salivary gland cancer
1989,0,Germany,Salivary gland cancer
1990,0,Germany,Salivary gland cancer
1991,0,Germany,Salivary gland cancer
1992,0,Germany,Salivary gland cancer
1993,0,Germany,Salivary gland cancer
1994,0,Germany,Salivary gland cancer
1995,0,Germany,Salivary gland cancer
1996,0,Germany,Salivary gland cancer
1997,0,Germany,Salivary gland cancer
1998,0,Germany,Salivary gland cancer
1999,0,Germany,Salivary gland cancer
2000,0,Germany,Salivary gland cancer
2001,0,Germany,Salivary gland cancer
2002,0,Germany,Salivary gland cancer
2005,0,Germany,Salivary gland cancer
2006,0,Germany,Salivary gland cancer
2007,0,Germany,Salivary gland cancer
2024,0,Germany,Salivary gland cancer
2025,0,Germany,Salivary gland cancer
1992,134,Germany,Skin cancer
1990,47,Germany,Skin cancer
1991,83,Germany,Skin cancer
1996,151,Germany,Skin cancer
1998,173,Germany,Skin cancer
2000,216,Germany,Skin cancer
2001,266,Germany,Skin cancer
2002,270,Germany,Skin cancer
2003,236,Germany,Skin cancer
2004,238,Germany,Skin cancer
2005,239,Germany,Skin cancer
2006,228,Germany,Skin cancer
2007,223,Germany,Skin cancer
2008,223,Germany,Skin cancer
2009,215,Germany,Skin cancer
2010,226,Germany,Skin cancer
2011,247,Germany,Skin cancer
2012,268,Germany,Skin cancer
1987,26,Germany,Skin cancer
1988,27,Germany,Skin cancer
1989,43,Germany,Skin cancer
2013,278,Germany,Skin cancer
2014,290,Germany,Skin cancer
2015,264,Germany,Skin cancer
2016,321,Germany,Skin cancer
2017,321,Germany,Skin cancer
2018,350,Germany,Skin cancer
2019,393,Germany,Skin cancer
1986,2,Germany,Skin cancer
2020,430,Germany,Skin cancer
2021,395,Germany,Skin cancer
2022,374,Germany,Skin cancer
2023,327,Germany,Skin cancer
1984,1,Germany,Skin cancer
2024,217,Germany,Skin cancer
2025,5,Germany,Skin cancer
1993,129,Germany,Skin cancer
1994,121,Germany,Skin cancer
1995,145,Germany,Skin cancer
1997,159,Germany,Skin cancer
1999,224,Germany,Skin cancer
1985,0,Germany,Skin cancer
1992,14,Germany,Stomach cancer
1990,5,Germany,Stomach cancer
1991,6,Germany,Stomach cancer
2001,11,Germany,Stomach cancer
2002,11,Germany,Stomach cancer
2003,12,Germany,Stomach cancer
2004,14,Germany,Stomach cancer
2005,12,Germany,Stomach cancer
1998,11,Germany,Stomach cancer
2006,9,Germany,Stomach cancer
2007,12,Germany,Stomach cancer
2008,5,Germany,Stomach cancer
2009,13,Germany,Stomach cancer
2010,6,Germany,Stomach cancer
2011,10,Germany,Stomach cancer
1989,2,Germany,Stomach cancer
2012,17,Germany,Stomach cancer
2013,8,Germany,Stomach cancer
2014,6,Germany,Stomach cancer
2015,10,Germany,Stomach cancer
2016,7,Germany,Stomach cancer
2017,6,Germany,Stomach cancer
1988,4,Germany,Stomach cancer
2018,10,Germany,Stomach cancer
2019,9,Germany,Stomach cancer
2020,10,Germany,Stomach cancer
2021,16,Germany,Stomach cancer
2022,15,Germany,Stomach cancer
1987,6,Germany,Stomach cancer
2023,11,Germany,Stomach cancer
2024,10,Germany,Stomach cancer
1993,16,Germany,Stomach cancer
1994,10,Germany,Stomach cancer
1995,12,Germany,Stomach cancer
1996,4,Germany,Stomach cancer
1997,5,Germany,Stomach cancer
1999,10,Germany,Stomach cancer
2000,9,Germany,Stomach cancer
1984,0,Germany,Stomach cancer
1985,0,Germany,Stomach cancer
1986,0,Germany,Stomach cancer
2025,0,Germany,Stomach cancer
1992,6,Germany,Testicular cancer
1990,5,Germany,Testicular cancer
1991,4,Germany,Testicular cancer
2000,11,Germany,Testicular cancer
2001,12,Germany,Testicular cancer
2002,13,Germany,Testicular cancer
1998,14,Germany,Testicular cancer
2003,19,Germany,Testicular cancer
2004,16,Germany,Testicular cancer
2005,22,Germany,Testicular cancer
2006,8,Germany,Testicular cancer
2007,12,Germany,Testicular cancer
2008,12,Germany,Testicular cancer
2009,11,Germany,Testicular cancer
2010,8,Germany,Testicular cancer
2011,11,Germany,Testicular cancer
2012,8,Germany,Testicular cancer
1988,2,Germany,Testicular cancer
1989,1,Germany,Testicular cancer
2013,9,Germany,Testicular cancer
2014,7,Germany,Testicular cancer
2016,15,Germany,Testicular cancer
2015,9,Germany,Testicular cancer
2017,12,Germany,Testicular cancer
2018,15,Germany,Testicular cancer
2019,13,Germany,Testicular cancer
2020,10,Germany,Testicular cancer
2021,13,Germany,Testicular cancer
2022,14,Germany,Testicular cancer
2023,13,Germany,Testicular cancer
2024,12,Germany,Testicular cancer
1993,18,Germany,Testicular cancer
1994,19,Germany,Testicular cancer
1995,4,Germany,Testicular cancer
1996,23,Germany,Testicular cancer
1997,13,Germany,Testicular cancer
1999,18,Germany,Testicular cancer
1984,0,Germany,Testicular cancer
1985,0,Germany,Testicular cancer
1986,0,Germany,Testicular cancer
1987,0,Germany,Testicular cancer
2025,0,Germany,Testicular cancer
2018,1,Germany,Throat cancer
2021,1,Germany,Throat cancer
1998,1,Germany,Throat cancer
1984,0,Germany,Throat cancer
1985,0,Germany,Throat cancer
1986,0,Germany,Throat cancer
1987,0,Germany,Throat cancer
1988,0,Germany,Throat cancer
1989,0,Germany,Throat cancer
1990,0,Germany,Throat cancer
1991,0,Germany,Throat cancer
1992,0,Germany,Throat cancer
1993,0,Germany,Throat cancer
1994,0,Germany,Throat cancer
1995,0,Germany,Throat cancer
1996,0,Germany,Throat cancer
1997,0,Germany,Throat cancer
1999,0,Germany,Throat cancer
2000,0,Germany,Throat cancer
2001,0,Germany,Throat cancer
2002,0,Germany,Throat cancer
2003,0,Germany,Throat cancer
2004,0,Germany,Throat cancer
2005,0,Germany,Throat cancer
2006,0,Germany,Throat cancer
2007,0,Germany,Throat cancer
2008,0,Germany,Throat cancer
2009,0,Germany,Throat cancer
2010,0,Germany,Throat cancer
2011,0,Germany,Throat cancer
2012,0,Germany,Throat cancer
2013,0,Germany,Throat cancer
2014,0,Germany,Throat cancer
2015,0,Germany,Throat cancer
2016,0,Germany,Throat cancer
2017,0,Germany,Throat cancer
2019,0,Germany,Throat cancer
2020,0,Germany,Throat cancer
2022,0,Germany,Throat cancer
2023,0,Germany,Throat cancer
2024,0,Germany,Throat cancer
2025,0,Germany,Throat cancer
1992,12,Germany,Thyroid cancer
1990,11,Germany,Thyroid cancer
1991,9,Germany,Thyroid cancer
2001,31,Germany,Thyroid cancer
2002,23,Germany,Thyroid cancer
2003,28,Germany,Thyroid cancer
2004,27,Germany,Thyroid cancer
1998,28,Germany,Thyroid cancer
2005,22,Germany,Thyroid cancer
2006,32,Germany,Thyroid cancer
2007,20,Germany,Thyroid cancer
2008,23,Germany,Thyroid cancer
2009,31,Germany,Thyroid cancer
1997,20,Germany,Thyroid cancer
2010,41,Germany,Thyroid cancer
2011,31,Germany,Thyroid cancer
2012,41,Germany,Thyroid cancer
2013,36,Germany,Thyroid cancer
2014,45,Germany,Thyroid cancer
2015,39,Germany,Thyroid cancer
2016,51,Germany,Thyroid cancer
2017,30,Germany,Thyroid cancer
2018,54,Germany,Thyroid cancer
1988,5,Germany,Thyroid cancer
1989,3,Germany,Thyroid cancer
2019,40,Germany,Thyroid cancer
2020,46,Germany,Thyroid cancer
2021,56,Germany,Thyroid cancer
2022,48,Germany,Thyroid cancer
1987,2,Germany,Thyroid cancer
2023,41,Germany,Thyroid cancer
2024,29,Germany,Thyroid cancer
2025,1,Germany,Thyroid cancer
1993,5,Germany,Thyroid cancer
1994,9,Germany,Thyroid cancer
1995,10,Germany,Thyroid cancer
1996,24,Germany,Thyroid cancer
1999,27,Germany,Thyroid cancer
2000,25,Germany,Thyroid cancer
1984,0,Germany,Thyroid cancer
1985,0,Germany,Thyroid cancer
1986,0,Germany,Thyroid cancer
1992,1451,Germany,Undetermined cancer
1990,644,Germany,Undetermined cancer
1991,1273,Germany,Undetermined cancer
1989,439,Germany,Undetermined cancer
1993,1434,Germany,Undetermined cancer
1994,1439,Germany,Undetermined cancer
1995,1580,Germany,Undetermined cancer
1996,1784,Germany,Undetermined cancer
1998,1943,Germany,Undetermined cancer
1999,1737,Germany,Undetermined cancer
2000,1925,Germany,Undetermined cancer
2001,1889,Germany,Undetermined cancer
2002,1971,Germany,Undetermined cancer
1997,1856,Germany,Undetermined cancer
2003,1926,Germany,Undetermined cancer
2004,2023,Germany,Undetermined cancer
1987,394,Germany,Undetermined cancer
2005,2085,Germany,Undetermined cancer
2006,1706,Germany,Undetermined cancer
2007,1837,Germany,Undetermined cancer
1986,2,Germany,Undetermined cancer
2008,1684,Germany,Undetermined cancer
2013,2155,Germany,Undetermined cancer
2009,1895,Germany,Undetermined cancer
2010,1945,Germany,Undetermined cancer
2011,1986,Germany,Undetermined cancer
2015,2404,Germany,Undetermined cancer
2012,2043,Germany,Undetermined cancer
1988,394,Germany,Undetermined cancer
2014,2318,Germany,Undetermined cancer
2016,2605,Germany,Undetermined cancer
1984,2,Germany,Undetermined cancer
2017,2778,Germany,Undetermined cancer
2018,3007,Germany,Undetermined cancer
2021,3975,Germany,Undetermined cancer
2019,3207,Germany,Undetermined cancer
2020,3470,Germany,Undetermined cancer
1985,3,Germany,Undetermined cancer
2023,3421,Germany,Undetermined cancer
2022,3660,Germany,Undetermined cancer
2024,2129,Germany,Undetermined cancer
2025,43,Germany,Undetermined cancer
1992,9,Germany,Uterine cancer
1990,6,Germany,Uterine cancer
1991,13,Germany,Uterine cancer
2000,14,Germany,Uterine cancer
2001,16,Germany,Uterine cancer
1994,12,Germany,Uterine cancer
2002,19,Germany,Uterine cancer
2003,17,Germany,Uterine cancer
2004,24,Germany,Uterine cancer
1999,12,Germany,Uterine cancer
2005,10,Germany,Uterine cancer
2006,22,Germany,Uterine cancer
2007,17,Germany,Uterine cancer
2008,11,Germany,Uterine cancer
2009,16,Germany,Uterine cancer
1997,11,Germany,Uterine cancer
2010,22,Germany,Uterine cancer
2011,21,Germany,Uterine cancer
2012,22,Germany,Uterine cancer
1989,3,Germany,Uterine cancer
2013,22,Germany,Uterine cancer
2014,25,Germany,Uterine cancer
2015,15,Germany,Uterine cancer
2016,27,Germany,Uterine cancer
2017,26,Germany,Uterine cancer
1988,2,Germany,Uterine cancer
2018,28,Germany,Uterine cancer
2019,20,Germany,Uterine cancer
2020,46,Germany,Uterine cancer
2021,35,Germany,Uterine cancer
2022,29,Germany,Uterine cancer
2023,40,Germany,Uterine cancer
1987,1,Germany,Uterine cancer
2024,18,Germany,Uterine cancer
2025,1,Germany,Uterine cancer
1993,7,Germany,Uterine cancer
1995,10,Germany,Uterine cancer
1996,7,Germany,Uterine cancer
1998,8,Germany,Uterine cancer
1984,0,Germany,Uterine cancer
1985,0,Germany,Uterine cancer
1986,0,Germany,Uterine cancer
1992,1,Germany,Vaginal cancer
1991,1,Germany,Vaginal cancer
2000,1,Germany,Vaginal cancer
2001,1,Germany,Vaginal cancer
2002,1,Germany,Vaginal cancer
2006,1,Germany,Vaginal cancer
2008,1,Germany,Vaginal cancer
2007,1,Germany,Vaginal cancer
2011,3,Germany,Vaginal cancer
2013,1,Germany,Vaginal cancer
2014,1,Germany,Vaginal cancer
2016,2,Germany,Vaginal cancer
2017,1,Germany,Vaginal cancer
2019,3,Germany,Vaginal cancer
2020,2,Germany,Vaginal cancer
2023,5,Germany,Vaginal cancer
2022,2,Germany,Vaginal cancer
2024,2,Germany,Vaginal cancer
1994,1,Germany,Vaginal cancer
1997,1,Germany,Vaginal cancer
1998,1,Germany,Vaginal cancer
1984,0,Germany,Vaginal cancer
1985,0,Germany,Vaginal cancer
1986,0,Germany,Vaginal cancer
1987,0,Germany,Vaginal cancer
1988,0,Germany,Vaginal cancer
1989,0,Germany,Vaginal cancer
1990,0,Germany,Vaginal cancer
1993,0,Germany,Vaginal cancer
1995,0,Germany,Vaginal cancer
1996,0,Germany,Vaginal cancer
1999,0,Germany,Vaginal cancer
2003,0,Germany,Vaginal cancer
2004,0,Germany,Vaginal cancer
2005,0,Germany,Vaginal cancer
2009,0,Germany,Vaginal cancer
2010,0,Germany,Vaginal cancer
2012,0,Germany,Vaginal cancer
2015,0,Germany,Vaginal cancer
2018,0,Germany,Vaginal cancer
2021,0,Germany,Vaginal cancer
2025,0,Germany,Vaginal cancer
1992,3,Germany,Vulvar cancer
1991,2,Germany,Vulvar cancer
2001,1,Germany,Vulvar cancer
2004,4,Germany,Vulvar cancer
2003,2,Germany,Vulvar cancer
2005,4,Germany,Vulvar cancer
2006,6,Germany,Vulvar cancer
2007,1,Germany,Vulvar cancer
2008,4,Germany,Vulvar cancer
2009,6,Germany,Vulvar cancer
2010,6,Germany,Vulvar cancer
2011,9,Germany,Vulvar cancer
2012,9,Germany,Vulvar cancer
2013,4,Germany,Vulvar cancer
2014,4,Germany,Vulvar cancer
2015,8,Germany,Vulvar cancer
2016,8,Germany,Vulvar cancer
2017,7,Germany,Vulvar cancer
2018,5,Germany,Vulvar cancer
2019,7,Germany,Vulvar cancer
2020,16,Germany,Vulvar cancer
2021,10,Germany,Vulvar cancer
2022,10,Germany,Vulvar cancer
2023,11,Germany,Vulvar cancer
2024,9,Germany,Vulvar cancer
1993,3,Germany,Vulvar cancer
1994,1,Germany,Vulvar cancer
1997,2,Germany,Vulvar cancer
2000,1,Germany,Vulvar cancer
1984,0,Germany,Vulvar cancer
1985,0,Germany,Vulvar cancer
1986,0,Germany,Vulvar cancer
1987,0,Germany,Vulvar cancer
1988,0,Germany,Vulvar cancer
1989,0,Germany,Vulvar cancer
1990,0,Germany,Vulvar cancer
1995,0,Germany,Vulvar cancer
1996,0,Germany,Vulvar cancer
1998,0,Germany,Vulvar cancer
1999,0,Germany,Vulvar cancer
2002,0,Germany,Vulvar cancer
2025,0,Germany,Vulvar cancer
2001,1,Brazil,Anal cancer
2003,1,Brazil,Anal cancer
2005,1,Brazil,Anal cancer
2006,2,Brazil,Anal cancer
2008,1,Brazil,Anal cancer
2009,1,Brazil,Anal cancer
2010,1,Brazil,Anal cancer
2011,5,Brazil,Anal cancer
2012,1,Brazil,Anal cancer
2013,3,Brazil,Anal cancer
2014,2,Brazil,Anal cancer
2015,5,Brazil,Anal cancer
2016,3,Brazil,Anal cancer
2017,1,Brazil,Anal cancer
2018,1,Brazil,Anal cancer
2019,4,Brazil,Anal cancer
2020,1,Brazil,Anal cancer
2021,5,Brazil,Anal cancer
2022,5,Brazil,Anal cancer
2023,5,Brazil,Anal cancer
2024,3,Brazil,Anal cancer
1984,0,Brazil,Anal cancer
1985,0,Brazil,Anal cancer
1986,0,Brazil,Anal cancer
1987,0,Brazil,Anal cancer
1988,0,Brazil,Anal cancer
1989,0,Brazil,Anal cancer
1990,0,Brazil,Anal cancer
1991,0,Brazil,Anal cancer
1992,0,Brazil,Anal cancer
1993,0,Brazil,Anal cancer
1994,0,Brazil,Anal cancer
1995,0,Brazil,Anal cancer
1996,0,Brazil,Anal cancer
1997,0,Brazil,Anal cancer
1998,0,Brazil,Anal cancer
1999,0,Brazil,Anal cancer
2000,0,Brazil,Anal cancer
2002,0,Brazil,Anal cancer
2004,0,Brazil,Anal cancer
2007,0,Brazil,Anal cancer
2025,0,Brazil,Anal cancer
1991,3,Brazil,Bladder cancer
2001,3,Brazil,Bladder cancer
2002,2,Brazil,Bladder cancer
2004,4,Brazil,Bladder cancer
2003,1,Brazil,Bladder cancer
2005,3,Brazil,Bladder cancer
2006,2,Brazil,Bladder cancer
2007,4,Brazil,Bladder cancer
2008,4,Brazil,Bladder cancer
2009,7,Brazil,Bladder cancer
2010,5,Brazil,Bladder cancer
2011,4,Brazil,Bladder cancer
2012,9,Brazil,Bladder cancer
2013,8,Brazil,Bladder cancer
2014,8,Brazil,Bladder cancer
2015,10,Brazil,Bladder cancer
2017,7,Brazil,Bladder cancer
2016,8,Brazil,Bladder cancer
2018,10,Brazil,Bladder cancer
2020,16,Brazil,Bladder cancer
2019,15,Brazil,Bladder cancer
2021,25,Brazil,Bladder cancer
2022,26,Brazil,Bladder cancer
2023,19,Brazil,Bladder cancer
2024,23,Brazil,Bladder cancer
2025,2,Brazil,Bladder cancer
1994,1,Brazil,Bladder cancer
1996,1,Brazil,Bladder cancer
1998,1,Brazil,Bladder cancer
2000,1,Brazil,Bladder cancer
1984,0,Brazil,Bladder cancer
1985,0,Brazil,Bladder cancer
1986,0,Brazil,Bladder cancer
1987,0,Brazil,Bladder cancer
1988,0,Brazil,Bladder cancer
1989,0,Brazil,Bladder cancer
1990,0,Brazil,Bladder cancer
1992,0,Brazil,Bladder cancer
1993,0,Brazil,Bladder cancer
1995,0,Brazil,Bladder cancer
1997,0,Brazil,Bladder cancer
1999,0,Brazil,Bladder cancer
1992,3,Brazil,Brain cancer
1991,8,Brazil,Brain cancer
2001,15,Brazil,Brain cancer
2002,14,Brazil,Brain cancer
2003,26,Brazil,Brain cancer
2004,12,Brazil,Brain cancer
2005,14,Brazil,Brain cancer
2006,29,Brazil,Brain cancer
2007,21,Brazil,Brain cancer
2008,36,Brazil,Brain cancer
2009,25,Brazil,Brain cancer
2010,29,Brazil,Brain cancer
2011,34,Brazil,Brain cancer
2012,37,Brazil,Brain cancer
2013,42,Brazil,Brain cancer
2014,34,Brazil,Brain cancer
2015,40,Brazil,Brain cancer
2016,31,Brazil,Brain cancer
2017,44,Brazil,Brain cancer
2018,55,Brazil,Brain cancer
2019,74,Brazil,Brain cancer
1988,1,Brazil,Brain cancer
1989,1,Brazil,Brain cancer
2020,82,Brazil,Brain cancer
2021,79,Brazil,Brain cancer
2022,63,Brazil,Brain cancer
2023,66,Brazil,Brain cancer
2024,35,Brazil,Brain cancer
2025,1,Brazil,Brain cancer
1994,3,Brazil,Brain cancer
1995,7,Brazil,Brain cancer
1993,7,Brazil,Brain cancer
1996,3,Brazil,Brain cancer
1997,4,Brazil,Brain cancer
1998,8,Brazil,Brain cancer
1999,8,Brazil,Brain cancer
2000,9,Brazil,Brain cancer
1984,0,Brazil,Brain cancer
1985,0,Brazil,Brain cancer
1986,0,Brazil,Brain cancer
1987,0,Brazil,Brain cancer
1990,0,Brazil,Brain cancer
1992,6,Brazil,Breast cancer
1990,2,Brazil,Breast cancer
1991,4,Brazil,Breast cancer
2001,29,Brazil,Breast cancer
2002,22,Brazil,Breast cancer
2003,26,Brazil,Breast cancer
2004,26,Brazil,Breast cancer
2005,32,Brazil,Breast cancer
2006,37,Brazil,Breast cancer
2007,52,Brazil,Breast cancer
2008,47,Brazil,Breast cancer
2009,67,Brazil,Breast cancer
2010,74,Brazil,Breast cancer
2011,81,Brazil,Breast cancer
2012,105,Brazil,Breast cancer
1998,7,Brazil,Breast cancer
1989,1,Brazil,Breast cancer
2013,122,Brazil,Breast cancer
2014,148,Brazil,Breast cancer
2016,158,Brazil,Breast cancer
2015,141,Brazil,Breast cancer
2017,197,Brazil,Breast cancer
2018,249,Brazil,Breast cancer
2019,249,Brazil,Breast cancer
1988,2,Brazil,Breast cancer
2020,267,Brazil,Breast cancer
2021,309,Brazil,Breast cancer
2022,305,Brazil,Breast cancer
2023,286,Brazil,Breast cancer
2024,199,Brazil,Breast cancer
2025,6,Brazil,Breast cancer
1993,8,Brazil,Breast cancer
1994,5,Brazil,Breast cancer
1995,8,Brazil,Breast cancer
1996,9,Brazil,Breast cancer
1997,8,Brazil,Breast cancer
1999,5,Brazil,Breast cancer
2000,11,Brazil,Breast cancer
1984,0,Brazil,Breast cancer
1985,0,Brazil,Breast cancer
1986,0,Brazil,Breast cancer
1987,0,Brazil,Breast cancer
1991,2,Brazil,Cervical cancer
2001,5,Brazil,Cervical cancer
2002,11,Brazil,Cervical cancer
2003,13,Brazil,Cervical cancer
2004,12,Brazil,Cervical cancer
2005,21,Brazil,Cervical cancer
2006,15,Brazil,Cervical cancer
2008,34,Brazil,Cervical cancer
2007,16,Brazil,Cervical cancer
2009,26,Brazil,Cervical cancer
2010,29,Brazil,Cervical cancer
2011,21,Brazil,Cervical cancer
1997,2,Brazil,Cervical cancer
1989,1,Brazil,Cervical cancer
2012,33,Brazil,Cervical cancer
2013,38,Brazil,Cervical cancer
2014,38,Brazil,Cervical cancer
2015,49,Brazil,Cervical cancer
2016,39,Brazil,Cervical cancer
2017,47,Brazil,Cervical cancer
2018,71,Brazil,Cervical cancer
2019,61,Brazil,Cervical cancer
2020,76,Brazil,Cervical cancer
2021,85,Brazil,Cervical cancer
2022,78,Brazil,Cervical cancer
2023,68,Brazil,Cervical cancer
2024,35,Brazil,Cervical cancer
2025,2,Brazil,Cervical cancer
1994,2,Brazil,Cervical cancer
1993,1,Brazil,Cervical cancer
1995,1,Brazil,Cervical cancer
1996,4,Brazil,Cervical cancer
1998,4,Brazil,Cervical cancer
1999,1,Brazil,Cervical cancer
2000,11,Brazil,Cervical cancer
1984,0,Brazil,Cervical cancer
1985,0,Brazil,Cervical cancer
1986,0,Brazil,Cervical cancer
1987,0,Brazil,Cervical cancer
1988,0,Brazil,Cervical cancer
1990,0,Brazil,Cervical cancer
1992,0,Brazil,Cervical cancer
1992,2,Brazil,Colon cancer
2001,2,Brazil,Colon cancer
2002,2,Brazil,Colon cancer
2003,2,Brazil,Colon cancer
2004,3,Brazil,Colon cancer
2005,4,Brazil,Colon cancer
2006,4,Brazil,Colon cancer
2008,5,Brazil,Colon cancer
2007,5,Brazil,Colon cancer
2009,6,Brazil,Colon cancer
2010,7,Brazil,Colon cancer
2011,14,Brazil,Colon cancer
2012,10,Brazil,Colon cancer
2013,9,Brazil,Colon cancer
2014,6,Brazil,Colon cancer
2015,17,Brazil,Colon cancer
2016,10,Brazil,Colon cancer
2017,11,Brazil,Colon cancer
2018,10,Brazil,Colon cancer
2019,13,Brazil,Colon cancer
2020,14,Brazil,Colon cancer
2021,24,Brazil,Colon cancer
2022,14,Brazil,Colon cancer
2023,17,Brazil,Colon cancer
2024,10,Brazil,Colon cancer
1997,1,Brazil,Colon cancer
1998,2,Brazil,Colon cancer
1999,3,Brazil,Colon cancer
2000,6,Brazil,Colon cancer
1996,1,Brazil,Colon cancer
1984,0,Brazil,Colon cancer
1985,0,Brazil,Colon cancer
1986,0,Brazil,Colon cancer
1987,0,Brazil,Colon cancer
1988,0,Brazil,Colon cancer
1989,0,Brazil,Colon cancer
1990,0,Brazil,Colon cancer
1991,0,Brazil,Colon cancer
1993,0,Brazil,Colon cancer
1994,0,Brazil,Colon cancer
1995,0,Brazil,Colon cancer
2025,0,Brazil,Colon cancer
1991,1,Brazil,Colorectal cancer
2001,6,Brazil,Colorectal cancer
2002,3,Brazil,Colorectal cancer
2003,14,Brazil,Colorectal cancer
2004,6,Brazil,Colorectal cancer
2005,17,Brazil,Colorectal cancer
2006,6,Brazil,Colorectal cancer
2007,11,Brazil,Colorectal cancer
2008,13,Brazil,Colorectal cancer
2009,19,Brazil,Colorectal cancer
1997,7,Brazil,Colorectal cancer
2010,17,Brazil,Colorectal cancer
2011,18,Brazil,Colorectal cancer
2012,35,Brazil,Colorectal cancer
2013,21,Brazil,Colorectal cancer
2014,36,Brazil,Colorectal cancer
2015,40,Brazil,Colorectal cancer
2016,36,Brazil,Colorectal cancer
2017,64,Brazil,Colorectal cancer
2018,47,Brazil,Colorectal cancer
2019,51,Brazil,Colorectal cancer
2020,79,Brazil,Colorectal cancer
2021,76,Brazil,Colorectal cancer
2022,81,Brazil,Colorectal cancer
2023,75,Brazil,Colorectal cancer
2024,43,Brazil,Colorectal cancer
2025,1,Brazil,Colorectal cancer
1995,2,Brazil,Colorectal cancer
1998,4,Brazil,Colorectal cancer
1999,3,Brazil,Colorectal cancer
2000,5,Brazil,Colorectal cancer
1984,0,Brazil,Colorectal cancer
1985,0,Brazil,Colorectal cancer
1986,0,Brazil,Colorectal cancer
1987,0,Brazil,Colorectal cancer
1988,0,Brazil,Colorectal cancer
1989,0,Brazil,Colorectal cancer
1990,0,Brazil,Colorectal cancer
1992,0,Brazil,Colorectal cancer
1993,0,Brazil,Colorectal cancer
1994,0,Brazil,Colorectal cancer
1996,0,Brazil,Colorectal cancer
2001,2,Brazil,Esophageal cancer
2002,1,Brazil,Esophageal cancer
2003,4,Brazil,Esophageal cancer
2004,2,Brazil,Esophageal cancer
2005,2,Brazil,Esophageal cancer
2006,1,Brazil,Esophageal cancer
2008,2,Brazil,Esophageal cancer
2009,7,Brazil,Esophageal cancer
2007,2,Brazil,Esophageal cancer
2010,5,Brazil,Esophageal cancer
2011,3,Brazil,Esophageal cancer
2012,4,Brazil,Esophageal cancer
2013,11,Brazil,Esophageal cancer
2014,3,Brazil,Esophageal cancer
2016,7,Brazil,Esophageal cancer
2015,3,Brazil,Esophageal cancer
2017,8,Brazil,Esophageal cancer
2018,9,Brazil,Esophageal cancer
2019,11,Brazil,Esophageal cancer
2020,11,Brazil,Esophageal cancer
2021,10,Brazil,Esophageal cancer
2022,11,Brazil,Esophageal cancer
2023,12,Brazil,Esophageal cancer
2024,2,Brazil,Esophageal cancer
2025,1,Brazil,Esophageal cancer
1993,1,Brazil,Esophageal cancer
1995,4,Brazil,Esophageal cancer
1996,2,Brazil,Esophageal cancer
1997,4,Brazil,Esophageal cancer
1998,2,Brazil,Esophageal cancer
1999,3,Brazil,Esophageal cancer
2000,3,Brazil,Esophageal cancer
1984,0,Brazil,Esophageal cancer
1985,0,Brazil,Esophageal cancer
1986,0,Brazil,Esophageal cancer
1987,0,Brazil,Esophageal cancer
1988,0,Brazil,Esophageal cancer
1989,0,Brazil,Esophageal cancer
1990,0,Brazil,Esophageal cancer
1991,0,Brazil,Esophageal cancer
1992,0,Brazil,Esophageal cancer
1994,0,Brazil,Esophageal cancer
2003,1,Brazil,Gallbladder cancer
2004,1,Brazil,Gallbladder cancer
2009,1,Brazil,Gallbladder cancer
2010,1,Brazil,Gallbladder cancer
2012,1,Brazil,Gallbladder cancer
2015,1,Brazil,Gallbladder cancer
2016,1,Brazil,Gallbladder cancer
2019,3,Brazil,Gallbladder cancer
2020,8,Brazil,Gallbladder cancer
2021,1,Brazil,Gallbladder cancer
2023,3,Brazil,Gallbladder cancer
1984,0,Brazil,Gallbladder cancer
1985,0,Brazil,Gallbladder cancer
1986,0,Brazil,Gallbladder cancer
1987,0,Brazil,Gallbladder cancer
1988,0,Brazil,Gallbladder cancer
1989,0,Brazil,Gallbladder cancer
1990,0,Brazil,Gallbladder cancer
1991,0,Brazil,Gallbladder cancer
1992,0,Brazil,Gallbladder cancer
1993,0,Brazil,Gallbladder cancer
1994,0,Brazil,Gallbladder cancer
1995,0,Brazil,Gallbladder cancer
1996,0,Brazil,Gallbladder cancer
1997,0,Brazil,Gallbladder cancer
1998,0,Brazil,Gallbladder cancer
1999,0,Brazil,Gallbladder cancer
2000,0,Brazil,Gallbladder cancer
2001,0,Brazil,Gallbladder cancer
2002,0,Brazil,Gallbladder cancer
2005,0,Brazil,Gallbladder cancer
2006,0,Brazil,Gallbladder cancer
2007,0,Brazil,Gallbladder cancer
2008,0,Brazil,Gallbladder cancer
2011,0,Brazil,Gallbladder cancer
2013,0,Brazil,Gallbladder cancer
2014,0,Brazil,Gallbladder cancer
2017,0,Brazil,Gallbladder cancer
2018,0,Brazil,Gallbladder cancer
2022,0,Brazil,Gallbladder cancer
2024,0,Brazil,Gallbladder cancer
2025,0,Brazil,Gallbladder cancer
1992,1,Brazil,Hodgkin lymphoma
2001,1,Brazil,Hodgkin lymphoma
2003,4,Brazil,Hodgkin lymphoma
2004,4,Brazil,Hodgkin lymphoma
2006,3,Brazil,Hodgkin lymphoma
2007,4,Brazil,Hodgkin lymphoma
2008,8,Brazil,Hodgkin lymphoma
2009,11,Brazil,Hodgkin lymphoma
2010,7,Brazil,Hodgkin lymphoma
2011,6,Brazil,Hodgkin lymphoma
2012,6,Brazil,Hodgkin lymphoma
2013,8,Brazil,Hodgkin lymphoma
2014,7,Brazil,Hodgkin lymphoma
2015,5,Brazil,Hodgkin lymphoma
2016,7,Brazil,Hodgkin lymphoma
2017,10,Brazil,Hodgkin lymphoma
2018,17,Brazil,Hodgkin lymphoma
1989,1,Brazil,Hodgkin lymphoma
2019,14,Brazil,Hodgkin lymphoma
2020,10,Brazil,Hodgkin lymphoma
2021,11,Brazil,Hodgkin lymphoma
2022,11,Brazil,Hodgkin lymphoma
2023,9,Brazil,Hodgkin lymphoma
2024,7,Brazil,Hodgkin lymphoma
1994,1,Brazil,Hodgkin lymphoma
1993,1,Brazil,Hodgkin lymphoma
1996,3,Brazil,Hodgkin lymphoma
1998,1,Brazil,Hodgkin lymphoma
2000,2,Brazil,Hodgkin lymphoma
1984,0,Brazil,Hodgkin lymphoma
1985,0,Brazil,Hodgkin lymphoma
1986,0,Brazil,Hodgkin lymphoma
1987,0,Brazil,Hodgkin lymphoma
1988,0,Brazil,Hodgkin lymphoma
1990,0,Brazil,Hodgkin lymphoma
1991,0,Brazil,Hodgkin lymphoma
1995,0,Brazil,Hodgkin lymphoma
1997,0,Brazil,Hodgkin lymphoma
1999,0,Brazil,Hodgkin lymphoma
2002,0,Brazil,Hodgkin lymphoma
2005,0,Brazil,Hodgkin lymphoma
2025,0,Brazil,Hodgkin lymphoma
2001,1,Brazil,Kaposi sarcoma
2006,1,Brazil,Kaposi sarcoma
2007,2,Brazil,Kaposi sarcoma
2008,4,Brazil,Kaposi sarcoma
2009,2,Brazil,Kaposi sarcoma
2010,1,Brazil,Kaposi sarcoma
2011,2,Brazil,Kaposi sarcoma
2013,3,Brazil,Kaposi sarcoma
2014,2,Brazil,Kaposi sarcoma
2015,2,Brazil,Kaposi sarcoma
2016,1,Brazil,Kaposi sarcoma
2017,1,Brazil,Kaposi sarcoma
2018,2,Brazil,Kaposi sarcoma
2019,2,Brazil,Kaposi sarcoma
2021,4,Brazil,Kaposi sarcoma
2022,1,Brazil,Kaposi sarcoma
2023,1,Brazil,Kaposi sarcoma
2024,1,Brazil,Kaposi sarcoma
1995,1,Brazil,Kaposi sarcoma
2000,1,Brazil,Kaposi sarcoma
1984,0,Brazil,Kaposi sarcoma
1985,0,Brazil,Kaposi sarcoma
1986,0,Brazil,Kaposi sarcoma
1987,0,Brazil,Kaposi sarcoma
1988,0,Brazil,Kaposi sarcoma
1989,0,Brazil,Kaposi sarcoma
1990,0,Brazil,Kaposi sarcoma
1991,0,Brazil,Kaposi sarcoma
1992,0,Brazil,Kaposi sarcoma
1993,0,Brazil,Kaposi sarcoma
1994,0,Brazil,Kaposi sarcoma
1996,0,Brazil,Kaposi sarcoma
1997,0,Brazil,Kaposi sarcoma
1998,0,Brazil,Kaposi sarcoma
1999,0,Brazil,Kaposi sarcoma
2002,0,Brazil,Kaposi sarcoma
2003,0,Brazil,Kaposi sarcoma
2004,0,Brazil,Kaposi sarcoma
2005,0,Brazil,Kaposi sarcoma
2012,0,Brazil,Kaposi sarcoma
2020,0,Brazil,Kaposi sarcoma
2025,0,Brazil,Kaposi sarcoma
1992,3,Brazil,Kidney cancer
1991,2,Brazil,Kidney cancer
2001,2,Brazil,Kidney cancer
2002,3,Brazil,Kidney cancer
2003,3,Brazil,Kidney cancer
2004,8,Brazil,Kidney cancer
2005,4,Brazil,Kidney cancer
2006,7,Brazil,Kidney cancer
2007,11,Brazil,Kidney cancer
2008,10,Brazil,Kidney cancer
2009,7,Brazil,Kidney cancer
2010,12,Brazil,Kidney cancer
2011,10,Brazil,Kidney cancer
2012,18,Brazil,Kidney cancer
2013,14,Brazil,Kidney cancer
2014,21,Brazil,Kidney cancer
2015,11,Brazil,Kidney cancer
2016,10,Brazil,Kidney cancer
2017,14,Brazil,Kidney cancer
1987,1,Brazil,Kidney cancer
1988,3,Brazil,Kidney cancer
2018,10,Brazil,Kidney cancer
2019,14,Brazil,Kidney cancer
2020,25,Brazil,Kidney cancer
2021,16,Brazil,Kidney cancer
2022,19,Brazil,Kidney cancer
2023,15,Brazil,Kidney cancer
2024,7,Brazil,Kidney cancer
1994,5,Brazil,Kidney cancer
1993,2,Brazil,Kidney cancer
1995,1,Brazil,Kidney cancer
1996,1,Brazil,Kidney cancer
1997,1,Brazil,Kidney cancer
1998,3,Brazil,Kidney cancer
1999,3,Brazil,Kidney cancer
2000,2,Brazil,Kidney cancer
1984,0,Brazil,Kidney cancer
1985,0,Brazil,Kidney cancer
1986,0,Brazil,Kidney cancer
1989,0,Brazil,Kidney cancer
1990,0,Brazil,Kidney cancer
2025,0,Brazil,Kidney cancer
1991,1,Brazil,Laryngeal cancer
2001,3,Brazil,Laryngeal cancer
2004,3,Brazil,Laryngeal cancer
2005,3,Brazil,Laryngeal cancer
2006,1,Brazil,Laryngeal cancer
2007,5,Brazil,Laryngeal cancer
2008,1,Brazil,Laryngeal cancer
2009,3,Brazil,Laryngeal cancer
2010,3,Brazil,Laryngeal cancer
2011,4,Brazil,Laryngeal cancer
2012,4,Brazil,Laryngeal cancer
2013,5,Brazil,Laryngeal cancer
2014,4,Brazil,Laryngeal cancer
2015,1,Brazil,Laryngeal cancer
2016,2,Brazil,Laryngeal cancer
2017,2,Brazil,Laryngeal cancer
2018,3,Brazil,Laryngeal cancer
2019,7,Brazil,Laryngeal cancer
2020,5,Brazil,Laryngeal cancer
2022,2,Brazil,Laryngeal cancer
2021,9,Brazil,Laryngeal cancer
2023,3,Brazil,Laryngeal cancer
2024,4,Brazil,Laryngeal cancer
1993,1,Brazil,Laryngeal cancer
1996,1,Brazil,Laryngeal cancer
1997,1,Brazil,Laryngeal cancer
1999,2,Brazil,Laryngeal cancer
1984,0,Brazil,Laryngeal cancer
1985,0,Brazil,Laryngeal cancer
1986,0,Brazil,Laryngeal cancer
1987,0,Brazil,Laryngeal cancer
1988,0,Brazil,Laryngeal cancer
1989,0,Brazil,Laryngeal cancer
1990,0,Brazil,Laryngeal cancer
1992,0,Brazil,Laryngeal cancer
1994,0,Brazil,Laryngeal cancer
1995,0,Brazil,Laryngeal cancer
1998,0,Brazil,Laryngeal cancer
2000,0,Brazil,Laryngeal cancer
2002,0,Brazil,Laryngeal cancer
2003,0,Brazil,Laryngeal cancer
2025,0,Brazil,Laryngeal cancer
1992,11,Brazil,Leukemia
1990,6,Brazil,Leukemia
1991,6,Brazil,Leukemia
2001,32,Brazil,Leukemia
2002,24,Brazil,Leukemia
2003,48,Brazil,Leukemia
1999,17,Brazil,Leukemia
2004,30,Brazil,Leukemia
2005,33,Brazil,Leukemia
1998,24,Brazil,Leukemia
2006,43,Brazil,Leukemia
2007,33,Brazil,Leukemia
2008,44,Brazil,Leukemia
2009,59,Brazil,Leukemia
2010,51,Brazil,Leukemia
2011,58,Brazil,Leukemia
2012,72,Brazil,Leukemia
2013,57,Brazil,Leukemia
2014,60,Brazil,Leukemia
2015,80,Brazil,Leukemia
2016,74,Brazil,Leukemia
2017,78,Brazil,Leukemia
2018,87,Brazil,Leukemia
1988,1,Brazil,Leukemia
2019,89,Brazil,Leukemia
2020,109,Brazil,Leukemia
2021,114,Brazil,Leukemia
2022,76,Brazil,Leukemia
2023,96,Brazil,Leukemia
1987,2,Brazil,Leukemia
2024,60,Brazil,Leukemia
2025,3,Brazil,Leukemia
1993,13,Brazil,Leukemia
1994,13,Brazil,Leukemia
1995,17,Brazil,Leukemia
1996,18,Brazil,Leukemia
1997,17,Brazil,Leukemia
2000,25,Brazil,Leukemia
1984,0,Brazil,Leukemia
1985,0,Brazil,Leukemia
1986,0,Brazil,Leukemia
1989,0,Brazil,Leukemia
1992,1,Brazil,Liver cancer
2001,1,Brazil,Liver cancer
2002,4,Brazil,Liver cancer
2003,1,Brazil,Liver cancer
2004,8,Brazil,Liver cancer
2005,5,Brazil,Liver cancer
2006,4,Brazil,Liver cancer
2008,5,Brazil,Liver cancer
2007,5,Brazil,Liver cancer
2009,15,Brazil,Liver cancer
2010,6,Brazil,Liver cancer
2011,10,Brazil,Liver cancer
1989,1,Brazil,Liver cancer
1990,1,Brazil,Liver cancer
2012,16,Brazil,Liver cancer
2013,15,Brazil,Liver cancer
2014,24,Brazil,Liver cancer
2016,34,Brazil,Liver cancer
2015,19,Brazil,Liver cancer
2017,29,Brazil,Liver cancer
2018,29,Brazil,Liver cancer
2019,31,Brazil,Liver cancer
2020,36,Brazil,Liver cancer
2021,40,Brazil,Liver cancer
2022,53,Brazil,Liver cancer
2023,41,Brazil,Liver cancer
2024,21,Brazil,Liver cancer
1994,2,Brazil,Liver cancer
1995,3,Brazil,Liver cancer
1996,2,Brazil,Liver cancer
1997,1,Brazil,Liver cancer
1998,1,Brazil,Liver cancer
1999,2,Brazil,Liver cancer
2000,3,Brazil,Liver cancer
1984,0,Brazil,Liver cancer
1985,0,Brazil,Liver cancer
1986,0,Brazil,Liver cancer
1987,0,Brazil,Liver cancer
1988,0,Brazil,Liver cancer
1991,0,Brazil,Liver cancer
1993,0,Brazil,Liver cancer
2025,0,Brazil,Liver cancer
1992,1,Brazil,Lung cancer
2001,1,Brazil,Lung cancer
2002,5,Brazil,Lung cancer
2003,2,Brazil,Lung cancer
2004,12,Brazil,Lung cancer
2005,5,Brazil,Lung cancer
2006,5,Brazil,Lung cancer
2008,7,Brazil,Lung cancer
2007,9,Brazil,Lung cancer
2009,21,Brazil,Lung cancer
2010,11,Brazil,Lung cancer
2011,21,Brazil,Lung cancer
2012,23,Brazil,Lung cancer
1989,1,Brazil,Lung cancer
1990,1,Brazil,Lung cancer
2013,27,Brazil,Lung cancer
2014,34,Brazil,Lung cancer
2016,37,Brazil,Lung cancer
2015,26,Brazil,Lung cancer
2017,41,Brazil,Lung cancer
2018,41,Brazil,Lung cancer
2019,48,Brazil,Lung cancer
2020,54,Brazil,Lung cancer
2021,70,Brazil,Lung cancer
2022,71,Brazil,Lung cancer
2023,67,Brazil,Lung cancer
2024,28,Brazil,Lung cancer
1994,2,Brazil,Lung cancer
1995,4,Brazil,Lung cancer
1996,2,Brazil,Lung cancer
1997,2,Brazil,Lung cancer
1998,1,Brazil,Lung cancer
1999,4,Brazil,Lung cancer
2000,4,Brazil,Lung cancer
1984,0,Brazil,Lung cancer
1985,0,Brazil,Lung cancer
1986,0,Brazil,Lung cancer
1987,0,Brazil,Lung cancer
1988,0,Brazil,Lung cancer
1991,0,Brazil,Lung cancer
1993,0,Brazil,Lung cancer
2025,0,Brazil,Lung cancer
2003,1,Brazil,Mesothelioma
2005,1,Brazil,Mesothelioma
2006,2,Brazil,Mesothelioma
2007,1,Brazil,Mesothelioma
2008,1,Brazil,Mesothelioma
2009,1,Brazil,Mesothelioma
2010,1,Brazil,Mesothelioma
2013,2,Brazil,Mesothelioma
2014,4,Brazil,Mesothelioma
2015,5,Brazil,Mesothelioma
2017,2,Brazil,Mesothelioma
2018,1,Brazil,Mesothelioma
2019,2,Brazil,Mesothelioma
2020,4,Brazil,Mesothelioma
2021,2,Brazil,Mesothelioma
2022,6,Brazil,Mesothelioma
2023,3,Brazil,Mesothelioma
2024,2,Brazil,Mesothelioma
1993,1,Brazil,Mesothelioma
1997,1,Brazil,Mesothelioma
1998,1,Brazil,Mesothelioma
2000,1,Brazil,Mesothelioma
1999,1,Brazil,Mesothelioma
1984,0,Brazil,Mesothelioma
1985,0,Brazil,Mesothelioma
1986,0,Brazil,Mesothelioma
1987,0,Brazil,Mesothelioma
1988,0,Brazil,Mesothelioma
1989,0,Brazil,Mesothelioma
1990,0,Brazil,Mesothelioma
1991,0,Brazil,Mesothelioma
1992,0,Brazil,Mesothelioma
1994,0,Brazil,Mesothelioma
1995,0,Brazil,Mesothelioma
1996,0,Brazil,Mesothelioma
2001,0,Brazil,Mesothelioma
2002,0,Brazil,Mesothelioma
2004,0,Brazil,Mesothelioma
2011,0,Brazil,Mesothelioma
2012,0,Brazil,Mesothelioma
2016,0,Brazil,Mesothelioma
2025,0,Brazil,Mesothelioma
2001,1,Brazil,Mouth cancer
2002,1,Brazil,Mouth cancer
2007,1,Brazil,Mouth cancer
2008,1,Brazil,Mouth cancer
2014,1,Brazil,Mouth cancer
2017,1,Brazil,Mouth cancer
2018,1,Brazil,Mouth cancer
2019,1,Brazil,Mouth cancer
2023,3,Brazil,Mouth cancer
1993,1,Brazil,Mouth cancer
1996,1,Brazil,Mouth cancer
1984,0,Brazil,Mouth cancer
1985,0,Brazil,Mouth cancer
1986,0,Brazil,Mouth cancer
1987,0,Brazil,Mouth cancer
1988,0,Brazil,Mouth cancer
1989,0,Brazil,Mouth cancer
1990,0,Brazil,Mouth cancer
1991,0,Brazil,Mouth cancer
1992,0,Brazil,Mouth cancer
1994,0,Brazil,Mouth cancer
1995,0,Brazil,Mouth cancer
1997,0,Brazil,Mouth cancer
1998,0,Brazil,Mouth cancer
1999,0,Brazil,Mouth cancer
2000,0,Brazil,Mouth cancer
2003,0,Brazil,Mouth cancer
2004,0,Brazil,Mouth cancer
2005,0,Brazil,Mouth cancer
2006,0,Brazil,Mouth cancer
2009,0,Brazil,Mouth cancer
2010,0,Brazil,Mouth cancer
2011,0,Brazil,Mouth cancer
2012,0,Brazil,Mouth cancer
2013,0,Brazil,Mouth cancer
2015,0,Brazil,Mouth cancer
2016,0,Brazil,Mouth cancer
2020,0,Brazil,Mouth cancer
2021,0,Brazil,Mouth cancer
2022,0,Brazil,Mouth cancer
2024,0,Brazil,Mouth cancer
2025,0,Brazil,Mouth cancer
1992,1,Brazil,Multiple myeloma
1991,1,Brazil,Multiple myeloma
2001,4,Brazil,Multiple myeloma
2003,6,Brazil,Multiple myeloma
2004,5,Brazil,Multiple myeloma
1998,1,Brazil,Multiple myeloma
2005,8,Brazil,Multiple myeloma
2006,4,Brazil,Multiple myeloma
2008,5,Brazil,Multiple myeloma
2007,3,Brazil,Multiple myeloma
2009,13,Brazil,Multiple myeloma
2010,6,Brazil,Multiple myeloma
2011,13,Brazil,Multiple myeloma
2012,12,Brazil,Multiple myeloma
2013,10,Brazil,Multiple myeloma
2014,7,Brazil,Multiple myeloma
2015,8,Brazil,Multiple myeloma
2016,10,Brazil,Multiple myeloma
2017,10,Brazil,Multiple myeloma
2018,11,Brazil,Multiple myeloma
2019,16,Brazil,Multiple myeloma
2020,15,Brazil,Multiple myeloma
2021,19,Brazil,Multiple myeloma
2022,21,Brazil,Multiple myeloma
2023,15,Brazil,Multiple myeloma
2024,22,Brazil,Multiple myeloma
1993,2,Brazil,Multiple myeloma
1995,1,Brazil,Multiple myeloma
1996,1,Brazil,Multiple myeloma
1999,1,Brazil,Multiple myeloma
2000,2,Brazil,Multiple myeloma
1984,0,Brazil,Multiple myeloma
1985,0,Brazil,Multiple myeloma
1986,0,Brazil,Multiple myeloma
1987,0,Brazil,Multiple myeloma
1988,0,Brazil,Multiple myeloma
1989,0,Brazil,Multiple myeloma
1990,0,Brazil,Multiple myeloma
1994,0,Brazil,Multiple myeloma
1997,0,Brazil,Multiple myeloma
2002,0,Brazil,Multiple myeloma
2025,0,Brazil,Multiple myeloma
1992,1,Brazil,Non-Hodgkin lymphoma
2001,1,Brazil,Non-Hodgkin lymphoma
2003,7,Brazil,Non-Hodgkin lymphoma
2004,6,Brazil,Non-Hodgkin lymphoma
2005,1,Brazil,Non-Hodgkin lymphoma
2006,4,Brazil,Non-Hodgkin lymphoma
2007,5,Brazil,Non-Hodgkin lymphoma
2008,9,Brazil,Non-Hodgkin lymphoma
2009,12,Brazil,Non-Hodgkin lymphoma
2010,8,Brazil,Non-Hodgkin lymphoma
2011,7,Brazil,Non-Hodgkin lymphoma
2012,9,Brazil,Non-Hodgkin lymphoma
2013,8,Brazil,Non-Hodgkin lymphoma
2014,10,Brazil,Non-Hodgkin lymphoma
2015,6,Brazil,Non-Hodgkin lymphoma
2016,10,Brazil,Non-Hodgkin lymphoma
2017,13,Brazil,Non-Hodgkin lymphoma
2018,13,Brazil,Non-Hodgkin lymphoma
1989,1,Brazil,Non-Hodgkin lymphoma
2019,13,Brazil,Non-Hodgkin lymphoma
2020,18,Brazil,Non-Hodgkin lymphoma
2022,10,Brazil,Non-Hodgkin lymphoma
2021,16,Brazil,Non-Hodgkin lymphoma
2023,18,Brazil,Non-Hodgkin lymphoma
2024,11,Brazil,Non-Hodgkin lymphoma
2025,3,Brazil,Non-Hodgkin lymphoma
1993,1,Brazil,Non-Hodgkin lymphoma
1996,3,Brazil,Non-Hodgkin lymphoma
1998,1,Brazil,Non-Hodgkin lymphoma
2000,2,Brazil,Non-Hodgkin lymphoma
1984,0,Brazil,Non-Hodgkin lymphoma
1985,0,Brazil,Non-Hodgkin lymphoma
1986,0,Brazil,Non-Hodgkin lymphoma
1987,0,Brazil,Non-Hodgkin lymphoma
1988,0,Brazil,Non-Hodgkin lymphoma
1990,0,Brazil,Non-Hodgkin lymphoma
1991,0,Brazil,Non-Hodgkin lymphoma
1994,0,Brazil,Non-Hodgkin lymphoma
1995,0,Brazil,Non-Hodgkin lymphoma
1997,0,Brazil,Non-Hodgkin lymphoma
1999,0,Brazil,Non-Hodgkin lymphoma
2002,0,Brazil,Non-Hodgkin lymphoma
1992,25,Brazil,Other cancer
1990,18,Brazil,Other cancer
1991,28,Brazil,Other cancer
1994,31,Brazil,Other cancer
1995,30,Brazil,Other cancer
2000,88,Brazil,Other cancer
2001,94,Brazil,Other cancer
2002,99,Brazil,Other cancer
2003,130,Brazil,Other cancer
2004,171,Brazil,Other cancer
2005,146,Brazil,Other cancer
1998,65,Brazil,Other cancer
2006,183,Brazil,Other cancer
2007,209,Brazil,Other cancer
2008,202,Brazil,Other cancer
2009,229,Brazil,Other cancer
2010,250,Brazil,Other cancer
2011,266,Brazil,Other cancer
2012,286,Brazil,Other cancer
1989,10,Brazil,Other cancer
2013,293,Brazil,Other cancer
2014,312,Brazil,Other cancer
2015,320,Brazil,Other cancer
2016,291,Brazil,Other cancer
2017,340,Brazil,Other cancer
2018,449,Brazil,Other cancer
2019,399,Brazil,Other cancer
2020,481,Brazil,Other cancer
1988,9,Brazil,Other cancer
2021,448,Brazil,Other cancer
2022,464,Brazil,Other cancer
2023,423,Brazil,Other cancer
2024,303,Brazil,Other cancer
1987,5,Brazil,Other cancer
2025,6,Brazil,Other cancer
1993,27,Brazil,Other cancer
1996,48,Brazil,Other cancer
1997,55,Brazil,Other cancer
1999,81,Brazil,Other cancer
1984,0,Brazil,Other cancer
1985,0,Brazil,Other cancer
1986,0,Brazil,Other cancer
2001,3,Brazil,Ovarian cancer
2002,5,Brazil,Ovarian cancer
2003,1,Brazil,Ovarian cancer
2004,2,Brazil,Ovarian cancer
2005,1,Brazil,Ovarian cancer
2006,3,Brazil,Ovarian cancer
2008,5,Brazil,Ovarian cancer
2007,3,Brazil,Ovarian cancer
2009,5,Brazil,Ovarian cancer
2010,2,Brazil,Ovarian cancer
2011,8,Brazil,Ovarian cancer
2012,9,Brazil,Ovarian cancer
2014,16,Brazil,Ovarian cancer
2013,8,Brazil,Ovarian cancer
2015,14,Brazil,Ovarian cancer
2016,17,Brazil,Ovarian cancer
2017,23,Brazil,Ovarian cancer
2018,19,Brazil,Ovarian cancer
2019,30,Brazil,Ovarian cancer
2020,38,Brazil,Ovarian cancer
2021,31,Brazil,Ovarian cancer
2022,25,Brazil,Ovarian cancer
2023,20,Brazil,Ovarian cancer
2024,15,Brazil,Ovarian cancer
2025,1,Brazil,Ovarian cancer
1994,2,Brazil,Ovarian cancer
1995,1,Brazil,Ovarian cancer
1997,1,Brazil,Ovarian cancer
1998,2,Brazil,Ovarian cancer
1999,1,Brazil,Ovarian cancer
2000,2,Brazil,Ovarian cancer
1984,0,Brazil,Ovarian cancer
1985,0,Brazil,Ovarian cancer
1986,0,Brazil,Ovarian cancer
1987,0,Brazil,Ovarian cancer
1988,0,Brazil,Ovarian cancer
1989,0,Brazil,Ovarian cancer
1990,0,Brazil,Ovarian cancer
1991,0,Brazil,Ovarian cancer
1992,0,Brazil,Ovarian cancer
1993,0,Brazil,Ovarian cancer
1996,0,Brazil,Ovarian cancer
1992,1,Brazil,Pancreatic cancer
1991,1,Brazil,Pancreatic cancer
2002,1,Brazil,Pancreatic cancer
2004,9,Brazil,Pancreatic cancer
2005,2,Brazil,Pancreatic cancer
2006,2,Brazil,Pancreatic cancer
2008,5,Brazil,Pancreatic cancer
2007,4,Brazil,Pancreatic cancer
2009,2,Brazil,Pancreatic cancer
2010,1,Brazil,Pancreatic cancer
2011,3,Brazil,Pancreatic cancer
2013,2,Brazil,Pancreatic cancer
2014,5,Brazil,Pancreatic cancer
2015,10,Brazil,Pancreatic cancer
2016,4,Brazil,Pancreatic cancer
2017,7,Brazil,Pancreatic cancer
2019,16,Brazil,Pancreatic cancer
2018,10,Brazil,Pancreatic cancer
2020,11,Brazil,Pancreatic cancer
2022,13,Brazil,Pancreatic cancer
2021,14,Brazil,Pancreatic cancer
2023,15,Brazil,Pancreatic cancer
2024,6,Brazil,Pancreatic cancer
1994,2,Brazil,Pancreatic cancer
1996,1,Brazil,Pancreatic cancer
1999,1,Brazil,Pancreatic cancer
2000,4,Brazil,Pancreatic cancer
1984,0,Brazil,Pancreatic cancer
1985,0,Brazil,Pancreatic cancer
1986,0,Brazil,Pancreatic cancer
1987,0,Brazil,Pancreatic cancer
1988,0,Brazil,Pancreatic cancer
1989,0,Brazil,Pancreatic cancer
1990,0,Brazil,Pancreatic cancer
1993,0,Brazil,Pancreatic cancer
1995,0,Brazil,Pancreatic cancer
1997,0,Brazil,Pancreatic cancer
1998,0,Brazil,Pancreatic cancer
2001,0,Brazil,Pancreatic cancer
2003,0,Brazil,Pancreatic cancer
2012,0,Brazil,Pancreatic cancer
2025,0,Brazil,Pancreatic cancer
2005,2,Brazil,Penile cancer
2006,3,Brazil,Penile cancer
2007,4,Brazil,Penile cancer
2008,4,Brazil,Penile cancer
2009,1,Brazil,Penile cancer
2010,1,Brazil,Penile cancer
2011,6,Brazil,Penile cancer
2012,3,Brazil,Penile cancer
2013,6,Brazil,Penile cancer
2017,6,Brazil,Penile cancer
2014,1,Brazil,Penile cancer
2015,4,Brazil,Penile cancer
2016,2,Brazil,Penile cancer
2018,9,Brazil,Penile cancer
2019,7,Brazil,Penile cancer
2020,11,Brazil,Penile cancer
2021,8,Brazil,Penile cancer
2022,9,Brazil,Penile cancer
2023,2,Brazil,Penile cancer
2024,3,Brazil,Penile cancer
1997,1,Brazil,Penile cancer
2000,1,Brazil,Penile cancer
1984,0,Brazil,Penile cancer
1985,0,Brazil,Penile cancer
1986,0,Brazil,Penile cancer
1987,0,Brazil,Penile cancer
1988,0,Brazil,Penile cancer
1989,0,Brazil,Penile cancer
1990,0,Brazil,Penile cancer
1991,0,Brazil,Penile cancer
1992,0,Brazil,Penile cancer
1993,0,Brazil,Penile cancer
1994,0,Brazil,Penile cancer
1995,0,Brazil,Penile cancer
1996,0,Brazil,Penile cancer
1998,0,Brazil,Penile cancer
1999,0,Brazil,Penile cancer
2001,0,Brazil,Penile cancer
2002,0,Brazil,Penile cancer
2003,0,Brazil,Penile cancer
2004,0,Brazil,Penile cancer
2025,0,Brazil,Penile cancer
2001,7,Brazil,Prostate cancer
2002,14,Brazil,Prostate cancer
2003,14,Brazil,Prostate cancer
1999,2,Brazil,Prostate cancer
2004,19,Brazil,Prostate cancer
2005,19,Brazil,Prostate cancer
2006,15,Brazil,Prostate cancer
2007,21,Brazil,Prostate cancer
2008,34,Brazil,Prostate cancer
2009,23,Brazil,Prostate cancer
2010,39,Brazil,Prostate cancer
2011,32,Brazil,Prostate cancer
2012,38,Brazil,Prostate cancer
2013,39,Brazil,Prostate cancer
2014,39,Brazil,Prostate cancer
2015,42,Brazil,Prostate cancer
2016,46,Brazil,Prostate cancer
2017,37,Brazil,Prostate cancer
2018,73,Brazil,Prostate cancer
2019,68,Brazil,Prostate cancer
2020,70,Brazil,Prostate cancer
2021,106,Brazil,Prostate cancer
2022,72,Brazil,Prostate cancer
2023,77,Brazil,Prostate cancer
2024,57,Brazil,Prostate cancer
2025,1,Brazil,Prostate cancer
1993,1,Brazil,Prostate cancer
1994,1,Brazil,Prostate cancer
1996,2,Brazil,Prostate cancer
1998,3,Brazil,Prostate cancer
2000,2,Brazil,Prostate cancer
1984,0,Brazil,Prostate cancer
1985,0,Brazil,Prostate cancer
1986,0,Brazil,Prostate cancer
1987,0,Brazil,Prostate cancer
1988,0,Brazil,Prostate cancer
1989,0,Brazil,Prostate cancer
1990,0,Brazil,Prostate cancer
1991,0,Brazil,Prostate cancer
1992,0,Brazil,Prostate cancer
1995,0,Brazil,Prostate cancer
1997,0,Brazil,Prostate cancer
2002,1,Brazil,Rectal cancer
2003,6,Brazil,Rectal cancer
2004,3,Brazil,Rectal cancer
2005,5,Brazil,Rectal cancer
2006,4,Brazil,Rectal cancer
2007,5,Brazil,Rectal cancer
2008,6,Brazil,Rectal cancer
2009,10,Brazil,Rectal cancer
2010,5,Brazil,Rectal cancer
2011,10,Brazil,Rectal cancer
2012,8,Brazil,Rectal cancer
2013,7,Brazil,Rectal cancer
2014,11,Brazil,Rectal cancer
2015,8,Brazil,Rectal cancer
2016,13,Brazil,Rectal cancer
2017,17,Brazil,Rectal cancer
2019,20,Brazil,Rectal cancer
1989,1,Brazil,Rectal cancer
2018,11,Brazil,Rectal cancer
2020,14,Brazil,Rectal cancer
2021,15,Brazil,Rectal cancer
2022,14,Brazil,Rectal cancer
2023,19,Brazil,Rectal cancer
2024,15,Brazil,Rectal cancer
1997,1,Brazil,Rectal cancer
1998,1,Brazil,Rectal cancer
2000,1,Brazil,Rectal cancer
1999,1,Brazil,Rectal cancer
1984,0,Brazil,Rectal cancer
1985,0,Brazil,Rectal cancer
1986,0,Brazil,Rectal cancer
1987,0,Brazil,Rectal cancer
1988,0,Brazil,Rectal cancer
1990,0,Brazil,Rectal cancer
1991,0,Brazil,Rectal cancer
1992,0,Brazil,Rectal cancer
1993,0,Brazil,Rectal cancer
1994,0,Brazil,Rectal cancer
1995,0,Brazil,Rectal cancer
1996,0,Brazil,Rectal cancer
2001,0,Brazil,Rectal cancer
2025,0,Brazil,Rectal cancer
2005,1,Brazil,Salivary gland cancer
2018,1,Brazil,Salivary gland cancer
2020,1,Brazil,Salivary gland cancer
2021,3,Brazil,Salivary gland cancer
2023,3,Brazil,Salivary gland cancer
2022,3,Brazil,Salivary gland cancer
2024,1,Brazil,Salivary gland cancer
1984,0,Brazil,Salivary gland cancer
1985,0,Brazil,Salivary gland cancer
1986,0,Brazil,Salivary gland cancer
1987,0,Brazil,Salivary gland cancer
1988,0,Brazil,Salivary gland cancer
1989,0,Brazil,Salivary gland cancer
1990,0,Brazil,Salivary gland cancer
1991,0,Brazil,Salivary gland cancer
1992,0,Brazil,Salivary gland cancer
1993,0,Brazil,Salivary gland cancer
1994,0,Brazil,Salivary gland cancer
1995,0,Brazil,Salivary gland cancer
1996,0,Brazil,Salivary gland cancer
1997,0,Brazil,Salivary gland cancer
1998,0,Brazil,Salivary gland cancer
1999,0,Brazil,Salivary gland cancer
2000,0,Brazil,Salivary gland cancer
2001,0,Brazil,Salivary gland cancer
2002,0,Brazil,Salivary gland cancer
2003,0,Brazil,Salivary gland cancer
2004,0,Brazil,Salivary gland cancer
2006,0,Brazil,Salivary gland cancer
2007,0,Brazil,Salivary gland cancer
2008,0,Brazil,Salivary gland cancer
2009,0,Brazil,Salivary gland cancer
2010,0,Brazil,Salivary gland cancer
2011,0,Brazil,Salivary gland cancer
2012,0,Brazil,Salivary gland cancer
2013,0,Brazil,Salivary gland cancer
2014,0,Brazil,Salivary gland cancer
2015,0,Brazil,Salivary gland cancer
2016,0,Brazil,Salivary gland cancer
2017,0,Brazil,Salivary gland cancer
2019,0,Brazil,Salivary gland cancer
2025,0,Brazil,Salivary gland cancer
1992,5,Brazil,Skin cancer
1991,8,Brazil,Skin cancer
2000,9,Brazil,Skin cancer
2001,10,Brazil,Skin cancer
2002,16,Brazil,Skin cancer
2003,21,Brazil,Skin cancer
2004,34,Brazil,Skin cancer
2005,28,Brazil,Skin cancer
2006,21,Brazil,Skin cancer
2007,33,Brazil,Skin cancer
2008,34,Brazil,Skin cancer
2009,41,Brazil,Skin cancer
2010,55,Brazil,Skin cancer
2011,80,Brazil,Skin cancer
2012,62,Brazil,Skin cancer
2013,87,Brazil,Skin cancer
2014,79,Brazil,Skin cancer
2015,79,Brazil,Skin cancer
2016,81,Brazil,Skin cancer
2017,99,Brazil,Skin cancer
2018,121,Brazil,Skin cancer
1988,2,Brazil,Skin cancer
2019,123,Brazil,Skin cancer
2021,111,Brazil,Skin cancer
2020,152,Brazil,Skin cancer
2022,118,Brazil,Skin cancer
2023,109,Brazil,Skin cancer
2024,85,Brazil,Skin cancer
2025,2,Brazil,Skin cancer
1993,3,Brazil,Skin cancer
1994,3,Brazil,Skin cancer
1995,6,Brazil,Skin cancer
1996,5,Brazil,Skin cancer
1997,10,Brazil,Skin cancer
1998,9,Brazil,Skin cancer
1999,8,Brazil,Skin cancer
1984,0,Brazil,Skin cancer
1985,0,Brazil,Skin cancer
1986,0,Brazil,Skin cancer
1987,0,Brazil,Skin cancer
1989,0,Brazil,Skin cancer
1990,0,Brazil,Skin cancer
2001,3,Brazil,Stomach cancer
2002,3,Brazil,Stomach cancer
2003,3,Brazil,Stomach cancer
2004,4,Brazil,Stomach cancer
2005,2,Brazil,Stomach cancer
2006,6,Brazil,Stomach cancer
2007,3,Brazil,Stomach cancer
2008,2,Brazil,Stomach cancer
2009,6,Brazil,Stomach cancer
2010,6,Brazil,Stomach cancer
2011,6,Brazil,Stomach cancer
2012,10,Brazil,Stomach cancer
2013,10,Brazil,Stomach cancer
2014,7,Brazil,Stomach cancer
2015,6,Brazil,Stomach cancer
2016,10,Brazil,Stomach cancer
2017,6,Brazil,Stomach cancer
2018,8,Brazil,Stomach cancer
2019,18,Brazil,Stomach cancer
2020,14,Brazil,Stomach cancer
2021,14,Brazil,Stomach cancer
2022,21,Brazil,Stomach cancer
2023,10,Brazil,Stomach cancer
2024,20,Brazil,Stomach cancer
2025,1,Brazil,Stomach cancer
1995,1,Brazil,Stomach cancer
1997,9,Brazil,Stomach cancer
1996,1,Brazil,Stomach cancer
1999,2,Brazil,Stomach cancer
1984,0,Brazil,Stomach cancer
1985,0,Brazil,Stomach cancer
1986,0,Brazil,Stomach cancer
1987,0,Brazil,Stomach cancer
1988,0,Brazil,Stomach cancer
1989,0,Brazil,Stomach cancer
1990,0,Brazil,Stomach cancer
1991,0,Brazil,Stomach cancer
1992,0,Brazil,Stomach cancer
1993,0,Brazil,Stomach cancer
1994,0,Brazil,Stomach cancer
1998,0,Brazil,Stomach cancer
2000,0,Brazil,Stomach cancer
1991,1,Brazil,Testicular cancer
2002,1,Brazil,Testicular cancer
2004,3,Brazil,Testicular cancer
2006,2,Brazil,Testicular cancer
2008,2,Brazil,Testicular cancer
2009,2,Brazil,Testicular cancer
2010,2,Brazil,Testicular cancer
2011,1,Brazil,Testicular cancer
2012,2,Brazil,Testicular cancer
2013,3,Brazil,Testicular cancer
2015,2,Brazil,Testicular cancer
2016,1,Brazil,Testicular cancer
2018,2,Brazil,Testicular cancer
2019,4,Brazil,Testicular cancer
2020,3,Brazil,Testicular cancer
2021,4,Brazil,Testicular cancer
2022,2,Brazil,Testicular cancer
2023,2,Brazil,Testicular cancer
2024,4,Brazil,Testicular cancer
1994,1,Brazil,Testicular cancer
1984,0,Brazil,Testicular cancer
1985,0,Brazil,Testicular cancer
1986,0,Brazil,Testicular cancer
1987,0,Brazil,Testicular cancer
1988,0,Brazil,Testicular cancer
1989,0,Brazil,Testicular cancer
1990,0,Brazil,Testicular cancer
1992,0,Brazil,Testicular cancer
1993,0,Brazil,Testicular cancer
1995,0,Brazil,Testicular cancer
1996,0,Brazil,Testicular cancer
1997,0,Brazil,Testicular cancer
1998,0,Brazil,Testicular cancer
1999,0,Brazil,Testicular cancer
2000,0,Brazil,Testicular cancer
2001,0,Brazil,Testicular cancer
2003,0,Brazil,Testicular cancer
2005,0,Brazil,Testicular cancer
2007,0,Brazil,Testicular cancer
2014,0,Brazil,Testicular cancer
2017,0,Brazil,Testicular cancer
2025,0,Brazil,Testicular cancer
2019,1,Brazil,Throat cancer
1984,0,Brazil,Throat cancer
1985,0,Brazil,Throat cancer
1986,0,Brazil,Throat cancer
1987,0,Brazil,Throat cancer
1988,0,Brazil,Throat cancer
1989,0,Brazil,Throat cancer
1990,0,Brazil,Throat cancer
1991,0,Brazil,Throat cancer
1992,0,Brazil,Throat cancer
1993,0,Brazil,Throat cancer
1994,0,Brazil,Throat cancer
1995,0,Brazil,Throat cancer
1996,0,Brazil,Throat cancer
1997,0,Brazil,Throat cancer
1998,0,Brazil,Throat cancer
1999,0,Brazil,Throat cancer
2000,0,Brazil,Throat cancer
2001,0,Brazil,Throat cancer
2002,0,Brazil,Throat cancer
2003,0,Brazil,Throat cancer
2004,0,Brazil,Throat cancer
2005,0,Brazil,Throat cancer
2006,0,Brazil,Throat cancer
2007,0,Brazil,Throat cancer
2008,0,Brazil,Throat cancer
2009,0,Brazil,Throat cancer
2010,0,Brazil,Throat cancer
2011,0,Brazil,Throat cancer
2012,0,Brazil,Throat cancer
2013,0,Brazil,Throat cancer
2014,0,Brazil,Throat cancer
2015,0,Brazil,Throat cancer
2016,0,Brazil,Throat cancer
2017,0,Brazil,Throat cancer
2018,0,Brazil,Throat cancer
2020,0,Brazil,Throat cancer
2021,0,Brazil,Throat cancer
2022,0,Brazil,Throat cancer
2023,0,Brazil,Throat cancer
2024,0,Brazil,Throat cancer
2025,0,Brazil,Throat cancer
2001,4,Brazil,Thyroid cancer
2002,3,Brazil,Thyroid cancer
2003,2,Brazil,Thyroid cancer
1994,2,Brazil,Thyroid cancer
2004,8,Brazil,Thyroid cancer
2005,8,Brazil,Thyroid cancer
2006,9,Brazil,Thyroid cancer
2007,13,Brazil,Thyroid cancer
2008,3,Brazil,Thyroid cancer
2009,7,Brazil,Thyroid cancer
2010,12,Brazil,Thyroid cancer
2011,16,Brazil,Thyroid cancer
2012,23,Brazil,Thyroid cancer
2013,19,Brazil,Thyroid cancer
2014,18,Brazil,Thyroid cancer
2016,33,Brazil,Thyroid cancer
2015,28,Brazil,Thyroid cancer
2017,35,Brazil,Thyroid cancer
2018,32,Brazil,Thyroid cancer
2019,29,Brazil,Thyroid cancer
2020,35,Brazil,Thyroid cancer
2021,40,Brazil,Thyroid cancer
2022,31,Brazil,Thyroid cancer
2023,21,Brazil,Thyroid cancer
2024,41,Brazil,Thyroid cancer
1993,1,Brazil,Thyroid cancer
1996,1,Brazil,Thyroid cancer
1997,1,Brazil,Thyroid cancer
1999,2,Brazil,Thyroid cancer
2000,1,Brazil,Thyroid cancer
1984,0,Brazil,Thyroid cancer
1985,0,Brazil,Thyroid cancer
1986,0,Brazil,Thyroid cancer
1987,0,Brazil,Thyroid cancer
1988,0,Brazil,Thyroid cancer
1989,0,Brazil,Thyroid cancer
1990,0,Brazil,Thyroid cancer
1991,0,Brazil,Thyroid cancer
1992,0,Brazil,Thyroid cancer
1995,0,Brazil,Thyroid cancer
1998,0,Brazil,Thyroid cancer
2025,0,Brazil,Thyroid cancer
1992,72,Brazil,Undetermined cancer
1990,34,Brazil,Undetermined cancer
1991,76,Brazil,Undetermined cancer
1999,146,Brazil,Undetermined cancer
2000,167,Brazil,Undetermined cancer
2001,202,Brazil,Undetermined cancer
2002,229,Brazil,Undetermined cancer
2003,245,Brazil,Undetermined cancer
1994,74,Brazil,Undetermined cancer
1996,101,Brazil,Undetermined cancer
2004,322,Brazil,Undetermined cancer
2005,298,Brazil,Undetermined cancer
2006,328,Brazil,Undetermined cancer
1989,38,Brazil,Undetermined cancer
2007,348,Brazil,Undetermined cancer
2008,415,Brazil,Undetermined cancer
1997,117,Brazil,Undetermined cancer
2009,419,Brazil,Undetermined cancer
2010,436,Brazil,Undetermined cancer
2011,532,Brazil,Undetermined cancer
2012,613,Brazil,Undetermined cancer
2013,603,Brazil,Undetermined cancer
2015,727,Brazil,Undetermined cancer
2014,640,Brazil,Undetermined cancer
2016,811,Brazil,Undetermined cancer
2017,931,Brazil,Undetermined cancer
2019,1059,Brazil,Undetermined cancer
2018,1091,Brazil,Undetermined cancer
2020,1351,Brazil,Undetermined cancer
1987,15,Brazil,Undetermined cancer
1988,25,Brazil,Undetermined cancer
2021,1461,Brazil,Undetermined cancer
2022,1289,Brazil,Undetermined cancer
1986,2,Brazil,Undetermined cancer
2023,1182,Brazil,Undetermined cancer
2024,890,Brazil,Undetermined cancer
2025,21,Brazil,Undetermined cancer
1993,88,Brazil,Undetermined cancer
1995,85,Brazil,Undetermined cancer
1998,136,Brazil,Undetermined cancer
1984,0,Brazil,Undetermined cancer
1985,0,Brazil,Undetermined cancer
1992,1,Brazil,Uterine cancer
2002,3,Brazil,Uterine cancer
2004,3,Brazil,Uterine cancer
2005,1,Brazil,Uterine cancer
2006,5,Brazil,Uterine cancer
2007,7,Brazil,Uterine cancer
2008,5,Brazil,Uterine cancer
2009,1,Brazil,Uterine cancer
2010,4,Brazil,Uterine cancer
2011,4,Brazil,Uterine cancer
2012,4,Brazil,Uterine cancer
2014,4,Brazil,Uterine cancer
2015,9,Brazil,Uterine cancer
2016,5,Brazil,Uterine cancer
2017,9,Brazil,Uterine cancer
2018,5,Brazil,Uterine cancer
2019,10,Brazil,Uterine cancer
2020,20,Brazil,Uterine cancer
2021,12,Brazil,Uterine cancer
2022,14,Brazil,Uterine cancer
2023,12,Brazil,Uterine cancer
2024,7,Brazil,Uterine cancer
1993,1,Brazil,Uterine cancer
1995,2,Brazil,Uterine cancer
2000,1,Brazil,Uterine cancer
1984,0,Brazil,Uterine cancer
1985,0,Brazil,Uterine cancer
1986,0,Brazil,Uterine cancer
1987,0,Brazil,Uterine cancer
1988,0,Brazil,Uterine cancer
1989,0,Brazil,Uterine cancer
1990,0,Brazil,Uterine cancer
1991,0,Brazil,Uterine cancer
1994,0,Brazil,Uterine cancer
1996,0,Brazil,Uterine cancer
1997,0,Brazil,Uterine cancer
1998,0,Brazil,Uterine cancer
1999,0,Brazil,Uterine cancer
2001,0,Brazil,Uterine cancer
2003,0,Brazil,Uterine cancer
2013,0,Brazil,Uterine cancer
2025,0,Brazil,Uterine cancer
2004,1,Brazil,Vaginal cancer
2013,2,Brazil,Vaginal cancer
2019,1,Brazil,Vaginal cancer
2021,1,Brazil,Vaginal cancer
2022,1,Brazil,Vaginal cancer
2023,1,Brazil,Vaginal cancer
1984,0,Brazil,Vaginal cancer
1985,0,Brazil,Vaginal cancer
1986,0,Brazil,Vaginal cancer
1987,0,Brazil,Vaginal cancer
1988,0,Brazil,Vaginal cancer
1989,0,Brazil,Vaginal cancer
1990,0,Brazil,Vaginal cancer
1991,0,Brazil,Vaginal cancer
1992,0,Brazil,Vaginal cancer
1993,0,Brazil,Vaginal cancer
1994,0,Brazil,Vaginal cancer
1995,0,Brazil,Vaginal cancer
1996,0,Brazil,Vaginal cancer
1997,0,Brazil,Vaginal cancer
1998,0,Brazil,Vaginal cancer
1999,0,Brazil,Vaginal cancer
2000,0,Brazil,Vaginal cancer
2001,0,Brazil,Vaginal cancer
2002,0,Brazil,Vaginal cancer
2003,0,Brazil,Vaginal cancer
2005,0,Brazil,Vaginal cancer
2006,0,Brazil,Vaginal cancer
2007,0,Brazil,Vaginal cancer
2008,0,Brazil,Vaginal cancer
2009,0,Brazil,Vaginal cancer
2010,0,Brazil,Vaginal cancer
2011,0,Brazil,Vaginal cancer
2012,0,Brazil,Vaginal cancer
2014,0,Brazil,Vaginal cancer
2015,0,Brazil,Vaginal cancer
2016,0,Brazil,Vaginal cancer
2017,0,Brazil,Vaginal cancer
2018,0,Brazil,Vaginal cancer
2020,0,Brazil,Vaginal cancer
2024,0,Brazil,Vaginal cancer
2025,0,Brazil,Vaginal cancer
2001,2,Brazil,Vulvar cancer
2002,1,Brazil,Vulvar cancer
2004,1,Brazil,Vulvar cancer
2005,1,Brazil,Vulvar cancer
2006,1,Brazil,Vulvar cancer
2010,1,Brazil,Vulvar cancer
2012,2,Brazil,Vulvar cancer
2013,5,Brazil,Vulvar cancer
2014,2,Brazil,Vulvar cancer
2015,3,Brazil,Vulvar cancer
2016,1,Brazil,Vulvar cancer
2017,2,Brazil,Vulvar cancer
2018,3,Brazil,Vulvar cancer
2019,1,Brazil,Vulvar cancer
2020,2,Brazil,Vulvar cancer
2021,1,Brazil,Vulvar cancer
2022,3,Brazil,Vulvar cancer
2024,1,Brazil,Vulvar cancer
1999,3,Brazil,Vulvar cancer
1984,0,Brazil,Vulvar cancer
1985,0,Brazil,Vulvar cancer
1986,0,Brazil,Vulvar cancer
1987,0,Brazil,Vulvar cancer
1988,0,Brazil,Vulvar cancer
1989,0,Brazil,Vulvar cancer
1990,0,Brazil,Vulvar cancer
1991,0,Brazil,Vulvar cancer
1992,0,Brazil,Vulvar cancer
1993,0,Brazil,Vulvar cancer
1994,0,Brazil,Vulvar cancer
1995,0,Brazil,Vulvar cancer
1996,0,Brazil,Vulvar cancer
1997,0,Brazil,Vulvar cancer
1998,0,Brazil,Vulvar cancer
2000,0,Brazil,Vulvar cancer
2003,0,Brazil,Vulvar cancer
2007,0,Brazil,Vulvar cancer
2008,0,Brazil,Vulvar cancer
2009,0,Brazil,Vulvar cancer
2011,0,Brazil,Vulvar cancer
2023,0,Brazil,Vulvar cancer
2025,0,Brazil,Vulvar cancer
1992,6,United States,Anal cancer
1990,1,United States,Anal cancer
1991,4,United States,Anal cancer
2001,11,United States,Anal cancer
2002,5,United States,Anal cancer
1996,10,United States,Anal cancer
2003,7,United States,Anal cancer
1999,8,United States,Anal cancer
2004,20,United States,Anal cancer
2005,13,United States,Anal cancer
2006,7,United States,Anal cancer
2008,27,United States,Anal cancer
2007,17,United States,Anal cancer
2009,36,United States,Anal cancer
2010,46,United States,Anal cancer
2011,37,United States,Anal cancer
2012,34,United States,Anal cancer
1989,4,United States,Anal cancer
2013,44,United States,Anal cancer
2014,32,United States,Anal cancer
2016,59,United States,Anal cancer
2015,54,United States,Anal cancer
2017,63,United States,Anal cancer
2018,71,United States,Anal cancer
1988,2,United States,Anal cancer
2019,69,United States,Anal cancer
2025,3,United States,Anal cancer
2020,69,United States,Anal cancer
2021,75,United States,Anal cancer
2022,85,United States,Anal cancer
2023,68,United States,Anal cancer
2024,57,United States,Anal cancer
1993,5,United States,Anal cancer
1994,7,United States,Anal cancer
1995,5,United States,Anal cancer
1997,7,United States,Anal cancer
1998,5,United States,Anal cancer
2000,8,United States,Anal cancer
1984,0,United States,Anal cancer
1985,0,United States,Anal cancer
1986,0,United States,Anal cancer
1987,0,United States,Anal cancer
1992,142,United States,Bladder cancer
1990,88,United States,Bladder cancer
1991,89,United States,Bladder cancer
2000,163,United States,Bladder cancer
2001,137,United States,Bladder cancer
2002,125,United States,Bladder cancer
1999,118,United States,Bladder cancer
2003,175,United States,Bladder cancer
1995,109,United States,Bladder cancer
1998,103,United States,Bladder cancer
2004,189,United States,Bladder cancer
2005,182,United States,Bladder cancer
2006,249,United States,Bladder cancer
2007,270,United States,Bladder cancer
2008,261,United States,Bladder cancer
1997,131,United States,Bladder cancer
2009,243,United States,Bladder cancer
2010,255,United States,Bladder cancer
2011,256,United States,Bladder cancer
2012,302,United States,Bladder cancer
1993,110,United States,Bladder cancer
2013,327,United States,Bladder cancer
1987,30,United States,Bladder cancer
1988,76,United States,Bladder cancer
1989,62,United States,Bladder cancer
2014,402,United States,Bladder cancer
1996,134,United States,Bladder cancer
2015,414,United States,Bladder cancer
2016,457,United States,Bladder cancer
2017,423,United States,Bladder cancer
2018,497,United States,Bladder cancer
2019,483,United States,Bladder cancer
2021,553,United States,Bladder cancer
2025,9,United States,Bladder cancer
2020,462,United States,Bladder cancer
2022,474,United States,Bladder cancer
2023,483,United States,Bladder cancer
2024,358,United States,Bladder cancer
1994,98,United States,Bladder cancer
1984,0,United States,Bladder cancer
1985,0,United States,Bladder cancer
1986,0,United States,Bladder cancer
1990,227,United States,Brain cancer
1991,307,United States,Brain cancer
1992,381,United States,Brain cancer
1986,4,United States,Brain cancer
1994,428,United States,Brain cancer
1995,471,United States,Brain cancer
1999,465,United States,Brain cancer
2000,510,United States,Brain cancer
2001,503,United States,Brain cancer
2002,414,United States,Brain cancer
2003,525,United States,Brain cancer
1996,475,United States,Brain cancer
1997,473,United States,Brain cancer
2004,560,United States,Brain cancer
2005,567,United States,Brain cancer
2006,596,United States,Brain cancer
2007,624,United States,Brain cancer
1998,496,United States,Brain cancer
2008,674,United States,Brain cancer
2009,783,United States,Brain cancer
2010,810,United States,Brain cancer
2011,933,United States,Brain cancer
1993,365,United States,Brain cancer
2012,1049,United States,Brain cancer
1987,80,United States,Brain cancer
1988,198,United States,Brain cancer
1989,197,United States,Brain cancer
2013,1034,United States,Brain cancer
2014,1109,United States,Brain cancer
2015,1180,United States,Brain cancer
2017,1205,United States,Brain cancer
2016,1149,United States,Brain cancer
2018,1206,United States,Brain cancer
2019,1170,United States,Brain cancer
2025,15,United States,Brain cancer
2020,1331,United States,Brain cancer
2021,1318,United States,Brain cancer
2023,1234,United States,Brain cancer
2022,1207,United States,Brain cancer
2024,763,United States,Brain cancer
1984,0,United States,Brain cancer
1985,0,United States,Brain cancer
1990,455,United States,Breast cancer
1991,618,United States,Breast cancer
1992,826,United States,Breast cancer
1996,1272,United States,Breast cancer
1997,1441,United States,Breast cancer
1998,1478,United States,Breast cancer
1999,1764,United States,Breast cancer
2000,1807,United States,Breast cancer
2001,1966,United States,Breast cancer
2002,1973,United States,Breast cancer
1994,1032,United States,Breast cancer
2003,2187,United States,Breast cancer
2004,2432,United States,Breast cancer
1995,1154,United States,Breast cancer
2005,2459,United States,Breast cancer
1989,388,United States,Breast cancer
2006,2639,United States,Breast cancer
1993,850,United States,Breast cancer
2007,2676,United States,Breast cancer
2016,4068,United States,Breast cancer
2008,2886,United States,Breast cancer
2009,2998,United States,Breast cancer
2010,3241,United States,Breast cancer
2011,3444,United States,Breast cancer
1986,8,United States,Breast cancer
1988,305,United States,Breast cancer
2012,3647,United States,Breast cancer
2013,3728,United States,Breast cancer
1987,150,United States,Breast cancer
2014,3723,United States,Breast cancer
2015,4046,United States,Breast cancer
2017,3959,United States,Breast cancer
2018,3970,United States,Breast cancer
2019,4045,United States,Breast cancer
2025,96,United States,Breast cancer
1985,1,United States,Breast cancer
2020,4451,United States,Breast cancer
2022,4380,United States,Breast cancer
2021,4566,United States,Breast cancer
2023,4136,United States,Breast cancer
2024,2670,United States,Breast cancer
1984,0,United States,Breast cancer
1992,123,United States,Cervical cancer
1990,70,United States,Cervical cancer
1991,86,United States,Cervical cancer
1993,121,United States,Cervical cancer
1994,123,United States,Cervical cancer
1995,169,United States,Cervical cancer
1996,196,United States,Cervical cancer
1998,177,United States,Cervical cancer
2000,208,United States,Cervical cancer
2001,190,United States,Cervical cancer
2002,209,United States,Cervical cancer
2003,256,United States,Cervical cancer
2004,256,United States,Cervical cancer
2005,298,United States,Cervical cancer
2006,285,United States,Cervical cancer
2007,336,United States,Cervical cancer
2008,396,United States,Cervical cancer
1999,200,United States,Cervical cancer
2009,372,United States,Cervical cancer
2010,403,United States,Cervical cancer
2011,369,United States,Cervical cancer
2012,423,United States,Cervical cancer
1988,21,United States,Cervical cancer
1989,59,United States,Cervical cancer
2013,459,United States,Cervical cancer
2014,489,United States,Cervical cancer
2016,470,United States,Cervical cancer
2015,534,United States,Cervical cancer
2017,509,United States,Cervical cancer
1997,163,United States,Cervical cancer
2018,529,United States,Cervical cancer
2019,527,United States,Cervical cancer
2025,15,United States,Cervical cancer
1987,15,United States,Cervical cancer
2020,575,United States,Cervical cancer
2021,612,United States,Cervical cancer
2022,626,United States,Cervical cancer
2023,601,United States,Cervical cancer
2024,401,United States,Cervical cancer
1984,0,United States,Cervical cancer
1985,0,United States,Cervical cancer
1986,0,United States,Cervical cancer
1992,213,United States,Colon cancer
1990,143,United States,Colon cancer
1991,161,United States,Colon cancer
2000,331,United States,Colon cancer
2001,326,United States,Colon cancer
2002,408,United States,Colon cancer
1996,273,United States,Colon cancer
1999,332,United States,Colon cancer
2003,381,United States,Colon cancer
2004,481,United States,Colon cancer
1998,270,United States,Colon cancer
2005,505,United States,Colon cancer
2006,442,United States,Colon cancer
2007,469,United States,Colon cancer
2008,564,United States,Colon cancer
2009,573,United States,Colon cancer
2010,550,United States,Colon cancer
1993,200,United States,Colon cancer
2011,563,United States,Colon cancer
2012,576,United States,Colon cancer
1994,212,United States,Colon cancer
1995,288,United States,Colon cancer
1997,306,United States,Colon cancer
1987,30,United States,Colon cancer
1988,107,United States,Colon cancer
1989,118,United States,Colon cancer
2013,618,United States,Colon cancer
2014,577,United States,Colon cancer
2015,558,United States,Colon cancer
2016,585,United States,Colon cancer
2017,512,United States,Colon cancer
2018,505,United States,Colon cancer
2025,13,United States,Colon cancer
1986,1,United States,Colon cancer
2019,499,United States,Colon cancer
2020,506,United States,Colon cancer
1984,1,United States,Colon cancer
2021,482,United States,Colon cancer
2022,469,United States,Colon cancer
2023,486,United States,Colon cancer
1985,1,United States,Colon cancer
2024,280,United States,Colon cancer
1992,181,United States,Colorectal cancer
1990,102,United States,Colorectal cancer
1991,120,United States,Colorectal cancer
1999,386,United States,Colorectal cancer
2000,378,United States,Colorectal cancer
2001,380,United States,Colorectal cancer
2002,465,United States,Colorectal cancer
1998,309,United States,Colorectal cancer
2003,506,United States,Colorectal cancer
2004,577,United States,Colorectal cancer
2005,662,United States,Colorectal cancer
1996,288,United States,Colorectal cancer
2006,674,United States,Colorectal cancer
1997,299,United States,Colorectal cancer
2007,707,United States,Colorectal cancer
2008,803,United States,Colorectal cancer
2009,839,United States,Colorectal cancer
2010,910,United States,Colorectal cancer
2011,834,United States,Colorectal cancer
1993,170,United States,Colorectal cancer
1995,233,United States,Colorectal cancer
2012,942,United States,Colorectal cancer
2013,1119,United States,Colorectal cancer
1988,86,United States,Colorectal cancer
1989,79,United States,Colorectal cancer
2015,1267,United States,Colorectal cancer
2014,1150,United States,Colorectal cancer
2016,1202,United States,Colorectal cancer
2017,1199,United States,Colorectal cancer
2018,1214,United States,Colorectal cancer
2019,1248,United States,Colorectal cancer
2020,1354,United States,Colorectal cancer
2025,35,United States,Colorectal cancer
1987,36,United States,Colorectal cancer
2021,1484,United States,Colorectal cancer
2022,1544,United States,Colorectal cancer
2023,1474,United States,Colorectal cancer
1986,1,United States,Colorectal cancer
2024,994,United States,Colorectal cancer
1994,183,United States,Colorectal cancer
1984,0,United States,Colorectal cancer
1985,0,United States,Colorectal cancer
1992,36,United States,Esophageal cancer
1990,13,United States,Esophageal cancer
1991,23,United States,Esophageal cancer
2000,77,United States,Esophageal cancer
2001,72,United States,Esophageal cancer
2002,91,United States,Esophageal cancer
2003,95,United States,Esophageal cancer
1999,82,United States,Esophageal cancer
2004,86,United States,Esophageal cancer
2005,113,United States,Esophageal cancer
2006,116,United States,Esophageal cancer
2007,106,United States,Esophageal cancer
2008,126,United States,Esophageal cancer
2009,121,United States,Esophageal cancer
2010,103,United States,Esophageal cancer
1996,39,United States,Esophageal cancer
2011,109,United States,Esophageal cancer
1995,48,United States,Esophageal cancer
2012,146,United States,Esophageal cancer
1987,7,United States,Esophageal cancer
1989,8,United States,Esophageal cancer
2013,162,United States,Esophageal cancer
2014,166,United States,Esophageal cancer
2015,154,United States,Esophageal cancer
2016,187,United States,Esophageal cancer
2017,231,United States,Esophageal cancer
2018,208,United States,Esophageal cancer
1986,1,United States,Esophageal cancer
1988,6,United States,Esophageal cancer
2019,181,United States,Esophageal cancer
2020,204,United States,Esophageal cancer
2021,248,United States,Esophageal cancer
1994,68,United States,Esophageal cancer
2022,184,United States,Esophageal cancer
2025,4,United States,Esophageal cancer
2023,201,United States,Esophageal cancer
2024,151,United States,Esophageal cancer
1993,41,United States,Esophageal cancer
1997,70,United States,Esophageal cancer
1998,58,United States,Esophageal cancer
1984,0,United States,Esophageal cancer
1985,0,United States,Esophageal cancer
1992,5,United States,Gallbladder cancer
1991,1,United States,Gallbladder cancer
2001,7,United States,Gallbladder cancer
2002,10,United States,Gallbladder cancer
2003,1,United States,Gallbladder cancer
2004,13,United States,Gallbladder cancer
2005,8,United States,Gallbladder cancer
2000,8,United States,Gallbladder cancer
2006,8,United States,Gallbladder cancer
2007,18,United States,Gallbladder cancer
2008,16,United States,Gallbladder cancer
2009,17,United States,Gallbladder cancer
2010,21,United States,Gallbladder cancer
2011,17,United States,Gallbladder cancer
2012,16,United States,Gallbladder cancer
1989,3,United States,Gallbladder cancer
1990,3,United States,Gallbladder cancer
2013,18,United States,Gallbladder cancer
2014,21,United States,Gallbladder cancer
2015,23,United States,Gallbladder cancer
2016,32,United States,Gallbladder cancer
2017,36,United States,Gallbladder cancer
2018,32,United States,Gallbladder cancer
2019,41,United States,Gallbladder cancer
1988,1,United States,Gallbladder cancer
2025,3,United States,Gallbladder cancer
2020,52,United States,Gallbladder cancer
2021,55,United States,Gallbladder cancer
2023,40,United States,Gallbladder cancer
2022,53,United States,Gallbladder cancer
2024,32,United States,Gallbladder cancer
1993,6,United States,Gallbladder cancer
1994,3,United States,Gallbladder cancer
1995,4,United States,Gallbladder cancer
1996,6,United States,Gallbladder cancer
1997,3,United States,Gallbladder cancer
1998,10,United States,Gallbladder cancer
1999,13,United States,Gallbladder cancer
1984,0,United States,Gallbladder cancer
1985,0,United States,Gallbladder cancer
1986,0,United States,Gallbladder cancer
1987,0,United States,Gallbladder cancer
1992,16,United States,Hodgkin lymphoma
1990,8,United States,Hodgkin lymphoma
1991,13,United States,Hodgkin lymphoma
2000,42,United States,Hodgkin lymphoma
2001,46,United States,Hodgkin lymphoma
2002,70,United States,Hodgkin lymphoma
1997,20,United States,Hodgkin lymphoma
2003,67,United States,Hodgkin lymphoma
2004,117,United States,Hodgkin lymphoma
2005,128,United States,Hodgkin lymphoma
2006,157,United States,Hodgkin lymphoma
2007,158,United States,Hodgkin lymphoma
2008,184,United States,Hodgkin lymphoma
2009,219,United States,Hodgkin lymphoma
2010,238,United States,Hodgkin lymphoma
2011,244,United States,Hodgkin lymphoma
2012,274,United States,Hodgkin lymphoma
2013,284,United States,Hodgkin lymphoma
1989,13,United States,Hodgkin lymphoma
2014,333,United States,Hodgkin lymphoma
2015,356,United States,Hodgkin lymphoma
2016,365,United States,Hodgkin lymphoma
2017,314,United States,Hodgkin lymphoma
2018,359,United States,Hodgkin lymphoma
2019,377,United States,Hodgkin lymphoma
1987,3,United States,Hodgkin lymphoma
1988,14,United States,Hodgkin lymphoma
2025,13,United States,Hodgkin lymphoma
2020,365,United States,Hodgkin lymphoma
2023,332,United States,Hodgkin lymphoma
2021,318,United States,Hodgkin lymphoma
2022,291,United States,Hodgkin lymphoma
2024,219,United States,Hodgkin lymphoma
1993,21,United States,Hodgkin lymphoma
1994,16,United States,Hodgkin lymphoma
1995,9,United States,Hodgkin lymphoma
1996,15,United States,Hodgkin lymphoma
1998,23,United States,Hodgkin lymphoma
1999,33,United States,Hodgkin lymphoma
1984,0,United States,Hodgkin lymphoma
1985,0,United States,Hodgkin lymphoma
1986,0,United States,Hodgkin lymphoma
1992,8,United States,Kaposi sarcoma
1990,8,United States,Kaposi sarcoma
1991,6,United States,Kaposi sarcoma
2001,18,United States,Kaposi sarcoma
2002,20,United States,Kaposi sarcoma
1996,13,United States,Kaposi sarcoma
2003,16,United States,Kaposi sarcoma
2004,24,United States,Kaposi sarcoma
2005,24,United States,Kaposi sarcoma
2006,30,United States,Kaposi sarcoma
2007,34,United States,Kaposi sarcoma
2008,30,United States,Kaposi sarcoma
2009,25,United States,Kaposi sarcoma
2010,40,United States,Kaposi sarcoma
2011,46,United States,Kaposi sarcoma
2012,43,United States,Kaposi sarcoma
1989,4,United States,Kaposi sarcoma
2013,46,United States,Kaposi sarcoma
2014,38,United States,Kaposi sarcoma
2015,33,United States,Kaposi sarcoma
2016,34,United States,Kaposi sarcoma
2017,53,United States,Kaposi sarcoma
2018,46,United States,Kaposi sarcoma
1988,8,United States,Kaposi sarcoma
2019,50,United States,Kaposi sarcoma
2020,50,United States,Kaposi sarcoma
2025,3,United States,Kaposi sarcoma
2021,59,United States,Kaposi sarcoma
2022,54,United States,Kaposi sarcoma
1987,4,United States,Kaposi sarcoma
2023,64,United States,Kaposi sarcoma
2024,41,United States,Kaposi sarcoma
1993,14,United States,Kaposi sarcoma
1994,6,United States,Kaposi sarcoma
1995,10,United States,Kaposi sarcoma
1997,14,United States,Kaposi sarcoma
1998,5,United States,Kaposi sarcoma
1999,12,United States,Kaposi sarcoma
2000,22,United States,Kaposi sarcoma
1984,0,United States,Kaposi sarcoma
1985,0,United States,Kaposi sarcoma
1986,0,United States,Kaposi sarcoma
1992,188,United States,Kidney cancer
1990,136,United States,Kidney cancer
1991,202,United States,Kidney cancer
1997,208,United States,Kidney cancer
1999,194,United States,Kidney cancer
2000,200,United States,Kidney cancer
2001,260,United States,Kidney cancer
2002,233,United States,Kidney cancer
1998,199,United States,Kidney cancer
2003,323,United States,Kidney cancer
2004,274,United States,Kidney cancer
2005,321,United States,Kidney cancer
2006,362,United States,Kidney cancer
2007,398,United States,Kidney cancer
2008,448,United States,Kidney cancer
1994,199,United States,Kidney cancer
2009,418,United States,Kidney cancer
2010,419,United States,Kidney cancer
2011,476,United States,Kidney cancer
1993,253,United States,Kidney cancer
2012,458,United States,Kidney cancer
1995,230,United States,Kidney cancer
1996,210,United States,Kidney cancer
2013,497,United States,Kidney cancer
1987,32,United States,Kidney cancer
1988,103,United States,Kidney cancer
1989,129,United States,Kidney cancer
2014,576,United States,Kidney cancer
2015,591,United States,Kidney cancer
2016,618,United States,Kidney cancer
2017,684,United States,Kidney cancer
2018,642,United States,Kidney cancer
2019,622,United States,Kidney cancer
2020,713,United States,Kidney cancer
2025,14,United States,Kidney cancer
1986,1,United States,Kidney cancer
2021,681,United States,Kidney cancer
2022,653,United States,Kidney cancer
2023,623,United States,Kidney cancer
2024,401,United States,Kidney cancer
1984,0,United States,Kidney cancer
1985,0,United States,Kidney cancer
1992,15,United States,Laryngeal cancer
1991,12,United States,Laryngeal cancer
2001,13,United States,Laryngeal cancer
2002,17,United States,Laryngeal cancer
2003,14,United States,Laryngeal cancer
2004,19,United States,Laryngeal cancer
2005,18,United States,Laryngeal cancer
2006,23,United States,Laryngeal cancer
2007,24,United States,Laryngeal cancer
2008,20,United States,Laryngeal cancer
2009,20,United States,Laryngeal cancer
2010,16,United States,Laryngeal cancer
2011,17,United States,Laryngeal cancer
2012,30,United States,Laryngeal cancer
1989,6,United States,Laryngeal cancer
1990,11,United States,Laryngeal cancer
2013,23,United States,Laryngeal cancer
2014,38,United States,Laryngeal cancer
2015,36,United States,Laryngeal cancer
2016,36,United States,Laryngeal cancer
2017,41,United States,Laryngeal cancer
2018,46,United States,Laryngeal cancer
1987,2,United States,Laryngeal cancer
1988,10,United States,Laryngeal cancer
2019,47,United States,Laryngeal cancer
2020,37,United States,Laryngeal cancer
2025,2,United States,Laryngeal cancer
2021,39,United States,Laryngeal cancer
2022,34,United States,Laryngeal cancer
2024,30,United States,Laryngeal cancer
2023,41,United States,Laryngeal cancer
1994,13,United States,Laryngeal cancer
1995,18,United States,Laryngeal cancer
1993,12,United States,Laryngeal cancer
1996,11,United States,Laryngeal cancer
1997,23,United States,Laryngeal cancer
1998,14,United States,Laryngeal cancer
1999,14,United States,Laryngeal cancer
2000,11,United States,Laryngeal cancer
1984,0,United States,Laryngeal cancer
1985,0,United States,Laryngeal cancer
1986,0,United States,Laryngeal cancer
1992,1649,United States,Leukemia
1990,1152,United States,Leukemia
1991,1453,United States,Leukemia
1986,9,United States,Leukemia
1989,1055,United States,Leukemia
1994,1441,United States,Leukemia
1995,1505,United States,Leukemia
1996,1511,United States,Leukemia
1997,1355,United States,Leukemia
1999,1197,United States,Leukemia
2000,1356,United States,Leukemia
2001,1411,United States,Leukemia
2002,1457,United States,Leukemia
2003,1447,United States,Leukemia
2004,1396,United States,Leukemia
1998,1266,United States,Leukemia
2005,1492,United States,Leukemia
2006,1459,United States,Leukemia
2007,1510,United States,Leukemia
2008,1587,United States,Leukemia
2009,1531,United States,Leukemia
2010,1732,United States,Leukemia
2011,1782,United States,Leukemia
1988,979,United States,Leukemia
2012,1773,United States,Leukemia
1993,1624,United States,Leukemia
1987,516,United States,Leukemia
2013,1896,United States,Leukemia
2014,1932,United States,Leukemia
2015,2129,United States,Leukemia
2016,2137,United States,Leukemia
2017,2093,United States,Leukemia
2018,2106,United States,Leukemia
2019,2195,United States,Leukemia
2020,2161,United States,Leukemia
2025,41,United States,Leukemia
1985,4,United States,Leukemia
2022,2104,United States,Leukemia
2023,2042,United States,Leukemia
2021,2318,United States,Leukemia
2024,1189,United States,Leukemia
1984,1,United States,Leukemia
1992,108,United States,Liver cancer
1990,71,United States,Liver cancer
1991,95,United States,Liver cancer
1993,121,United States,Liver cancer
1998,130,United States,Liver cancer
1999,169,United States,Liver cancer
2000,153,United States,Liver cancer
2001,216,United States,Liver cancer
2002,208,United States,Liver cancer
2003,222,United States,Liver cancer
1995,140,United States,Liver cancer
2004,262,United States,Liver cancer
2005,261,United States,Liver cancer
1997,142,United States,Liver cancer
2006,290,United States,Liver cancer
2007,302,United States,Liver cancer
2008,379,United States,Liver cancer
2009,376,United States,Liver cancer
2011,508,United States,Liver cancer
1988,71,United States,Liver cancer
2010,444,United States,Liver cancer
1996,147,United States,Liver cancer
2012,516,United States,Liver cancer
1987,25,United States,Liver cancer
1989,78,United States,Liver cancer
2013,640,United States,Liver cancer
2014,624,United States,Liver cancer
2015,756,United States,Liver cancer
2016,756,United States,Liver cancer
2017,784,United States,Liver cancer
2018,834,United States,Liver cancer
2025,9,United States,Liver cancer
2019,877,United States,Liver cancer
2020,904,United States,Liver cancer
1994,124,United States,Liver cancer
2021,1032,United States,Liver cancer
2022,981,United States,Liver cancer
2023,996,United States,Liver cancer
2024,657,United States,Liver cancer
1984,0,United States,Liver cancer
1985,0,United States,Liver cancer
1986,0,United States,Liver cancer
1992,207,United States,Lung cancer
1990,150,United States,Lung cancer
1991,176,United States,Lung cancer
1993,225,United States,Lung cancer
1998,294,United States,Lung cancer
1999,339,United States,Lung cancer
2000,310,United States,Lung cancer
2001,391,United States,Lung cancer
2002,404,United States,Lung cancer
2003,453,United States,Lung cancer
1995,303,United States,Lung cancer
2004,515,United States,Lung cancer
2005,582,United States,Lung cancer
1997,305,United States,Lung cancer
2006,563,United States,Lung cancer
2007,638,United States,Lung cancer
2008,698,United States,Lung cancer
2009,692,United States,Lung cancer
2011,913,United States,Lung cancer
1988,137,United States,Lung cancer
2010,821,United States,Lung cancer
2012,985,United States,Lung cancer
1994,257,United States,Lung cancer
1996,303,United States,Lung cancer
1985,1,United States,Lung cancer
1987,35,United States,Lung cancer
1989,124,United States,Lung cancer
2013,1154,United States,Lung cancer
2014,1169,United States,Lung cancer
2015,1328,United States,Lung cancer
2016,1425,United States,Lung cancer
2017,1500,United States,Lung cancer
2018,1618,United States,Lung cancer
2019,1681,United States,Lung cancer
2025,26,United States,Lung cancer
1986,1,United States,Lung cancer
2020,1769,United States,Lung cancer
2021,1903,United States,Lung cancer
2022,1914,United States,Lung cancer
2023,1910,United States,Lung cancer
2024,1261,United States,Lung cancer
1984,0,United States,Lung cancer
1992,97,United States,Mesothelioma
1990,47,United States,Mesothelioma
1991,65,United States,Mesothelioma
1994,75,United States,Mesothelioma
1996,90,United States,Mesothelioma
1999,91,United States,Mesothelioma
2000,81,United States,Mesothelioma
2001,85,United States,Mesothelioma
2002,101,United States,Mesothelioma
2003,99,United States,Mesothelioma
2004,132,United States,Mesothelioma
2005,148,United States,Mesothelioma
2006,130,United States,Mesothelioma
2007,115,United States,Mesothelioma
2008,136,United States,Mesothelioma
2009,123,United States,Mesothelioma
2010,107,United States,Mesothelioma
2011,124,United States,Mesothelioma
2012,143,United States,Mesothelioma
1995,93,United States,Mesothelioma
1987,17,United States,Mesothelioma
1988,45,United States,Mesothelioma
1989,51,United States,Mesothelioma
2013,142,United States,Mesothelioma
2014,157,United States,Mesothelioma
2015,143,United States,Mesothelioma
2016,159,United States,Mesothelioma
2017,151,United States,Mesothelioma
2018,166,United States,Mesothelioma
1993,53,United States,Mesothelioma
2019,163,United States,Mesothelioma
2020,204,United States,Mesothelioma
2022,150,United States,Mesothelioma
2025,5,United States,Mesothelioma
2021,159,United States,Mesothelioma
2023,165,United States,Mesothelioma
1986,1,United States,Mesothelioma
2024,82,United States,Mesothelioma
1997,78,United States,Mesothelioma
1998,84,United States,Mesothelioma
1984,0,United States,Mesothelioma
1985,0,United States,Mesothelioma
1992,2,United States,Mouth cancer
2001,1,United States,Mouth cancer
2002,1,United States,Mouth cancer
2004,1,United States,Mouth cancer
2009,1,United States,Mouth cancer
2014,1,United States,Mouth cancer
2015,2,United States,Mouth cancer
2018,4,United States,Mouth cancer
2019,2,United States,Mouth cancer
2020,1,United States,Mouth cancer
2021,3,United States,Mouth cancer
2022,2,United States,Mouth cancer
2023,1,United States,Mouth cancer
1994,2,United States,Mouth cancer
1996,1,United States,Mouth cancer
1997,1,United States,Mouth cancer
1998,2,United States,Mouth cancer
2000,2,United States,Mouth cancer
1984,0,United States,Mouth cancer
1985,0,United States,Mouth cancer
1986,0,United States,Mouth cancer
1987,0,United States,Mouth cancer
1988,0,United States,Mouth cancer
1989,0,United States,Mouth cancer
1990,0,United States,Mouth cancer
1991,0,United States,Mouth cancer
1993,0,United States,Mouth cancer
1995,0,United States,Mouth cancer
1999,0,United States,Mouth cancer
2003,0,United States,Mouth cancer
2005,0,United States,Mouth cancer
2006,0,United States,Mouth cancer
2007,0,United States,Mouth cancer
2008,0,United States,Mouth cancer
2010,0,United States,Mouth cancer
2011,0,United States,Mouth cancer
2012,0,United States,Mouth cancer
2013,0,United States,Mouth cancer
2016,0,United States,Mouth cancer
2017,0,United States,Mouth cancer
2024,0,United States,Mouth cancer
2025,0,United States,Mouth cancer
1992,118,United States,Multiple myeloma
1990,86,United States,Multiple myeloma
1991,81,United States,Multiple myeloma
1998,165,United States,Multiple myeloma
1999,171,United States,Multiple myeloma
2000,179,United States,Multiple myeloma
2001,218,United States,Multiple myeloma
2002,265,United States,Multiple myeloma
2003,317,United States,Multiple myeloma
2004,292,United States,Multiple myeloma
2005,340,United States,Multiple myeloma
2006,375,United States,Multiple myeloma
2007,389,United States,Multiple myeloma
2008,343,United States,Multiple myeloma
2009,395,United States,Multiple myeloma
2011,437,United States,Multiple myeloma
1995,165,United States,Multiple myeloma
2010,403,United States,Multiple myeloma
2012,442,United States,Multiple myeloma
1988,67,United States,Multiple myeloma
1989,86,United States,Multiple myeloma
2013,462,United States,Multiple myeloma
2014,497,United States,Multiple myeloma
2016,581,United States,Multiple myeloma
2015,461,United States,Multiple myeloma
2017,534,United States,Multiple myeloma
2018,599,United States,Multiple myeloma
1986,1,United States,Multiple myeloma
1987,34,United States,Multiple myeloma
2019,602,United States,Multiple myeloma
2025,14,United States,Multiple myeloma
2020,730,United States,Multiple myeloma
2021,754,United States,Multiple myeloma
2022,717,United States,Multiple myeloma
1993,140,United States,Multiple myeloma
2023,715,United States,Multiple myeloma
2024,468,United States,Multiple myeloma
1994,137,United States,Multiple myeloma
1996,134,United States,Multiple myeloma
1997,164,United States,Multiple myeloma
1984,0,United States,Multiple myeloma
1985,0,United States,Multiple myeloma
1992,35,United States,Non-Hodgkin lymphoma
1990,22,United States,Non-Hodgkin lymphoma
1991,30,United States,Non-Hodgkin lymphoma
2000,100,United States,Non-Hodgkin lymphoma
2001,114,United States,Non-Hodgkin lymphoma
2002,156,United States,Non-Hodgkin lymphoma
1997,51,United States,Non-Hodgkin lymphoma
2003,162,United States,Non-Hodgkin lymphoma
2004,173,United States,Non-Hodgkin lymphoma
2005,229,United States,Non-Hodgkin lymphoma
2006,253,United States,Non-Hodgkin lymphoma
2007,239,United States,Non-Hodgkin lymphoma
2008,264,United States,Non-Hodgkin lymphoma
2009,326,United States,Non-Hodgkin lymphoma
2010,373,United States,Non-Hodgkin lymphoma
2011,384,United States,Non-Hodgkin lymphoma
1999,85,United States,Non-Hodgkin lymphoma
2012,381,United States,Non-Hodgkin lymphoma
1988,28,United States,Non-Hodgkin lymphoma
1989,25,United States,Non-Hodgkin lymphoma
2013,420,United States,Non-Hodgkin lymphoma
2014,427,United States,Non-Hodgkin lymphoma
2015,518,United States,Non-Hodgkin lymphoma
2016,483,United States,Non-Hodgkin lymphoma
2017,431,United States,Non-Hodgkin lymphoma
2018,464,United States,Non-Hodgkin lymphoma
2019,511,United States,Non-Hodgkin lymphoma
1987,9,United States,Non-Hodgkin lymphoma
2020,493,United States,Non-Hodgkin lymphoma
2023,504,United States,Non-Hodgkin lymphoma
2021,521,United States,Non-Hodgkin lymphoma
2025,11,United States,Non-Hodgkin lymphoma
2022,462,United States,Non-Hodgkin lymphoma
1993,42,United States,Non-Hodgkin lymphoma
2024,313,United States,Non-Hodgkin lymphoma
1994,35,United States,Non-Hodgkin lymphoma
1995,40,United States,Non-Hodgkin lymphoma
1996,42,United States,Non-Hodgkin lymphoma
1998,68,United States,Non-Hodgkin lymphoma
1984,0,United States,Non-Hodgkin lymphoma
1985,0,United States,Non-Hodgkin lymphoma
1986,0,United States,Non-Hodgkin lymphoma
1990,2765,United States,Other cancer
1991,3442,United States,Other cancer
1992,3767,United States,Other cancer
1993,3816,United States,Other cancer
1994,3716,United States,Other cancer
1995,4217,United States,Other cancer
1996,4050,United States,Other cancer
1997,4248,United States,Other cancer
1998,3880,United States,Other cancer
1999,4125,United States,Other cancer
2000,4253,United States,Other cancer
2001,4257,United States,Other cancer
2002,4392,United States,Other cancer
2003,4649,United States,Other cancer
2004,4672,United States,Other cancer
1988,2204,United States,Other cancer
1989,2438,United States,Other cancer
2005,4877,United States,Other cancer
2006,4962,United States,Other cancer
2007,5224,United States,Other cancer
1985,10,United States,Other cancer
2008,5316,United States,Other cancer
2009,5319,United States,Other cancer
2010,5563,United States,Other cancer
2011,6024,United States,Other cancer
2012,6353,United States,Other cancer
2013,6714,United States,Other cancer
2014,7046,United States,Other cancer
1986,42,United States,Other cancer
1987,890,United States,Other cancer
2016,7553,United States,Other cancer
2015,7443,United States,Other cancer
1984,6,United States,Other cancer
2017,7640,United States,Other cancer
2018,7697,United States,Other cancer
2022,7905,United States,Other cancer
2019,7960,United States,Other cancer
2025,170,United States,Other cancer
2020,8307,United States,Other cancer
2021,8680,United States,Other cancer
2023,7898,United States,Other cancer
2024,5263,United States,Other cancer
1992,207,United States,Ovarian cancer
1990,98,United States,Ovarian cancer
1991,147,United States,Ovarian cancer
1994,287,United States,Ovarian cancer
1995,274,United States,Ovarian cancer
1998,301,United States,Ovarian cancer
1999,329,United States,Ovarian cancer
2000,387,United States,Ovarian cancer
2001,354,United States,Ovarian cancer
2002,403,United States,Ovarian cancer
1996,279,United States,Ovarian cancer
1997,289,United States,Ovarian cancer
2003,463,United States,Ovarian cancer
2004,472,United States,Ovarian cancer
2005,497,United States,Ovarian cancer
2006,522,United States,Ovarian cancer
2007,584,United States,Ovarian cancer
2008,584,United States,Ovarian cancer
1985,1,United States,Ovarian cancer
2009,647,United States,Ovarian cancer
2010,670,United States,Ovarian cancer
1993,274,United States,Ovarian cancer
2011,666,United States,Ovarian cancer
2012,726,United States,Ovarian cancer
2013,766,United States,Ovarian cancer
1987,37,United States,Ovarian cancer
1988,90,United States,Ovarian cancer
1989,100,United States,Ovarian cancer
2016,839,United States,Ovarian cancer
2014,752,United States,Ovarian cancer
2015,797,United States,Ovarian cancer
2017,810,United States,Ovarian cancer
2018,809,United States,Ovarian cancer
2019,862,United States,Ovarian cancer
2025,20,United States,Ovarian cancer
2020,814,United States,Ovarian cancer
2021,829,United States,Ovarian cancer
2022,794,United States,Ovarian cancer
2023,766,United States,Ovarian cancer
2024,476,United States,Ovarian cancer
1984,0,United States,Ovarian cancer
1986,0,United States,Ovarian cancer
1992,63,United States,Pancreatic cancer
1990,61,United States,Pancreatic cancer
1991,60,United States,Pancreatic cancer
1999,182,United States,Pancreatic cancer
2000,172,United States,Pancreatic cancer
2001,205,United States,Pancreatic cancer
2002,225,United States,Pancreatic cancer
1996,131,United States,Pancreatic cancer
2003,244,United States,Pancreatic cancer
1998,142,United States,Pancreatic cancer
2004,266,United States,Pancreatic cancer
2005,315,United States,Pancreatic cancer
2006,295,United States,Pancreatic cancer
2007,388,United States,Pancreatic cancer
2008,443,United States,Pancreatic cancer
2009,498,United States,Pancreatic cancer
2010,492,United States,Pancreatic cancer
2011,548,United States,Pancreatic cancer
1993,86,United States,Pancreatic cancer
1995,108,United States,Pancreatic cancer
2012,623,United States,Pancreatic cancer
1987,12,United States,Pancreatic cancer
1988,41,United States,Pancreatic cancer
1989,40,United States,Pancreatic cancer
2013,667,United States,Pancreatic cancer
2016,781,United States,Pancreatic cancer
2014,692,United States,Pancreatic cancer
2015,732,United States,Pancreatic cancer
2017,749,United States,Pancreatic cancer
1994,73,United States,Pancreatic cancer
1997,111,United States,Pancreatic cancer
2018,783,United States,Pancreatic cancer
1986,1,United States,Pancreatic cancer
2019,856,United States,Pancreatic cancer
2020,896,United States,Pancreatic cancer
2025,15,United States,Pancreatic cancer
2021,969,United States,Pancreatic cancer
2022,893,United States,Pancreatic cancer
2023,864,United States,Pancreatic cancer
2024,588,United States,Pancreatic cancer
1984,0,United States,Pancreatic cancer
1985,0,United States,Pancreatic cancer
1992,3,United States,Penile cancer
1991,4,United States,Penile cancer
2001,3,United States,Penile cancer
2002,2,United States,Penile cancer
2003,6,United States,Penile cancer
2004,7,United States,Penile cancer
2005,9,United States,Penile cancer
2006,3,United States,Penile cancer
2007,7,United States,Penile cancer
2008,4,United States,Penile cancer
2009,8,United States,Penile cancer
2010,11,United States,Penile cancer
2011,10,United States,Penile cancer
2013,15,United States,Penile cancer
1988,1,United States,Penile cancer
1990,1,United States,Penile cancer
2012,11,United States,Penile cancer
2014,18,United States,Penile cancer
2016,27,United States,Penile cancer
2015,25,United States,Penile cancer
2017,34,United States,Penile cancer
2018,38,United States,Penile cancer
2019,35,United States,Penile cancer
2020,29,United States,Penile cancer
2021,39,United States,Penile cancer
2022,40,United States,Penile cancer
2023,36,United States,Penile cancer
1987,1,United States,Penile cancer
2024,25,United States,Penile cancer
1994,4,United States,Penile cancer
1995,1,United States,Penile cancer
1993,2,United States,Penile cancer
1996,5,United States,Penile cancer
1997,4,United States,Penile cancer
1998,1,United States,Penile cancer
2000,5,United States,Penile cancer
1999,1,United States,Penile cancer
1984,0,United States,Penile cancer
1985,0,United States,Penile cancer
1986,0,United States,Penile cancer
1989,0,United States,Penile cancer
2025,0,United States,Penile cancer
1990,111,United States,Prostate cancer
1991,187,United States,Prostate cancer
1992,277,United States,Prostate cancer
1994,458,United States,Prostate cancer
1997,767,United States,Prostate cancer
1998,794,United States,Prostate cancer
1999,935,United States,Prostate cancer
2000,1057,United States,Prostate cancer
2001,1190,United States,Prostate cancer
2002,1236,United States,Prostate cancer
1995,549,United States,Prostate cancer
1996,627,United States,Prostate cancer
2003,1406,United States,Prostate cancer
2004,1558,United States,Prostate cancer
2005,1553,United States,Prostate cancer
2006,1653,United States,Prostate cancer
2007,1868,United States,Prostate cancer
2008,1845,United States,Prostate cancer
2009,1784,United States,Prostate cancer
2010,1818,United States,Prostate cancer
2011,1991,United States,Prostate cancer
1993,388,United States,Prostate cancer
2012,2069,United States,Prostate cancer
2013,2148,United States,Prostate cancer
1987,24,United States,Prostate cancer
1988,74,United States,Prostate cancer
1989,92,United States,Prostate cancer
2016,2163,United States,Prostate cancer
2014,2015,United States,Prostate cancer
2015,2130,United States,Prostate cancer
2017,2174,United States,Prostate cancer
2018,2111,United States,Prostate cancer
2019,2097,United States,Prostate cancer
2020,2098,United States,Prostate cancer
2021,2218,United States,Prostate cancer
2025,46,United States,Prostate cancer
2022,2088,United States,Prostate cancer
2023,1961,United States,Prostate cancer
1985,1,United States,Prostate cancer
2024,1325,United States,Prostate cancer
1984,0,United States,Prostate cancer
1986,0,United States,Prostate cancer
1992,50,United States,Rectal cancer
1990,17,United States,Rectal cancer
1991,36,United States,Rectal cancer
1998,69,United States,Rectal cancer
1999,58,United States,Rectal cancer
2000,73,United States,Rectal cancer
2001,69,United States,Rectal cancer
2002,72,United States,Rectal cancer
2003,73,United States,Rectal cancer
1996,54,United States,Rectal cancer
2004,89,United States,Rectal cancer
2005,85,United States,Rectal cancer
2006,87,United States,Rectal cancer
2007,115,United States,Rectal cancer
2008,96,United States,Rectal cancer
2009,111,United States,Rectal cancer
2010,135,United States,Rectal cancer
2011,146,United States,Rectal cancer
2012,151,United States,Rectal cancer
1988,19,United States,Rectal cancer
1989,31,United States,Rectal cancer
2013,173,United States,Rectal cancer
1997,71,United States,Rectal cancer
2014,171,United States,Rectal cancer
2015,166,United States,Rectal cancer
2016,193,United States,Rectal cancer
2017,172,United States,Rectal cancer
2018,182,United States,Rectal cancer
1987,8,United States,Rectal cancer
2019,212,United States,Rectal cancer
2020,222,United States,Rectal cancer
2025,4,United States,Rectal cancer
2021,214,United States,Rectal cancer
2022,266,United States,Rectal cancer
2023,276,United States,Rectal cancer
2024,169,United States,Rectal cancer
1993,40,United States,Rectal cancer
1994,48,United States,Rectal cancer
1995,56,United States,Rectal cancer
1984,0,United States,Rectal cancer
1985,0,United States,Rectal cancer
1986,0,United States,Rectal cancer
1991,1,United States,Salivary gland cancer
2001,1,United States,Salivary gland cancer
2002,3,United States,Salivary gland cancer
2004,3,United States,Salivary gland cancer
2008,2,United States,Salivary gland cancer
2010,8,United States,Salivary gland cancer
2009,1,United States,Salivary gland cancer
2011,6,United States,Salivary gland cancer
1990,1,United States,Salivary gland cancer
2012,3,United States,Salivary gland cancer
2013,6,United States,Salivary gland cancer
2014,8,United States,Salivary gland cancer
2015,11,United States,Salivary gland cancer
2016,14,United States,Salivary gland cancer
2017,16,United States,Salivary gland cancer
2018,13,United States,Salivary gland cancer
2019,9,United States,Salivary gland cancer
2020,9,United States,Salivary gland cancer
2021,18,United States,Salivary gland cancer
2022,15,United States,Salivary gland cancer
2023,16,United States,Salivary gland cancer
2024,16,United States,Salivary gland cancer
1994,1,United States,Salivary gland cancer
1995,2,United States,Salivary gland cancer
1996,2,United States,Salivary gland cancer
1997,5,United States,Salivary gland cancer
1998,3,United States,Salivary gland cancer
1999,3,United States,Salivary gland cancer
1984,0,United States,Salivary gland cancer
1985,0,United States,Salivary gland cancer
1986,0,United States,Salivary gland cancer
1987,0,United States,Salivary gland cancer
1988,0,United States,Salivary gland cancer
1989,0,United States,Salivary gland cancer
1992,0,United States,Salivary gland cancer
1993,0,United States,Salivary gland cancer
2000,0,United States,Salivary gland cancer
2003,0,United States,Salivary gland cancer
2005,0,United States,Salivary gland cancer
2006,0,United States,Salivary gland cancer
2007,0,United States,Salivary gland cancer
2025,0,United States,Salivary gland cancer
1992,785,United States,Skin cancer
1991,691,United States,Skin cancer
1990,540,United States,Skin cancer
1994,745,United States,Skin cancer
1995,761,United States,Skin cancer
1998,856,United States,Skin cancer
1999,853,United States,Skin cancer
2000,949,United States,Skin cancer
2001,977,United States,Skin cancer
2002,1031,United States,Skin cancer
2003,1030,United States,Skin cancer
2004,1140,United States,Skin cancer
1996,858,United States,Skin cancer
2005,1096,United States,Skin cancer
2006,1115,United States,Skin cancer
2016,1941,United States,Skin cancer
2007,1127,United States,Skin cancer
1993,795,United States,Skin cancer
1997,839,United States,Skin cancer
2008,1207,United States,Skin cancer
2009,1284,United States,Skin cancer
2010,1365,United States,Skin cancer
2011,1528,United States,Skin cancer
2012,1614,United States,Skin cancer
2013,1682,United States,Skin cancer
1985,23,United States,Skin cancer
1987,179,United States,Skin cancer
1988,423,United States,Skin cancer
1989,500,United States,Skin cancer
2014,1806,United States,Skin cancer
2015,1881,United States,Skin cancer
2017,2042,United States,Skin cancer
1984,1,United States,Skin cancer
2021,2253,United States,Skin cancer
2018,1961,United States,Skin cancer
2019,1979,United States,Skin cancer
2025,49,United States,Skin cancer
1986,3,United States,Skin cancer
2020,2036,United States,Skin cancer
2023,2030,United States,Skin cancer
2022,1942,United States,Skin cancer
2024,1282,United States,Skin cancer
1992,20,United States,Stomach cancer
1990,20,United States,Stomach cancer
1991,26,United States,Stomach cancer
2000,45,United States,Stomach cancer
2001,43,United States,Stomach cancer
2002,38,United States,Stomach cancer
1993,24,United States,Stomach cancer
2003,42,United States,Stomach cancer
2004,33,United States,Stomach cancer
2005,39,United States,Stomach cancer
2006,48,United States,Stomach cancer
2007,43,United States,Stomach cancer
2008,46,United States,Stomach cancer
2009,37,United States,Stomach cancer
2010,27,United States,Stomach cancer
2011,46,United States,Stomach cancer
2012,48,United States,Stomach cancer
1989,8,United States,Stomach cancer
2013,62,United States,Stomach cancer
2014,55,United States,Stomach cancer
2015,90,United States,Stomach cancer
2016,104,United States,Stomach cancer
2017,83,United States,Stomach cancer
2018,56,United States,Stomach cancer
1987,8,United States,Stomach cancer
1988,14,United States,Stomach cancer
2019,64,United States,Stomach cancer
2020,107,United States,Stomach cancer
2025,3,United States,Stomach cancer
2021,108,United States,Stomach cancer
2022,103,United States,Stomach cancer
2023,89,United States,Stomach cancer
2024,49,United States,Stomach cancer
1994,27,United States,Stomach cancer
1995,32,United States,Stomach cancer
1996,29,United States,Stomach cancer
1997,25,United States,Stomach cancer
1998,29,United States,Stomach cancer
1999,27,United States,Stomach cancer
1984,0,United States,Stomach cancer
1985,0,United States,Stomach cancer
1986,0,United States,Stomach cancer
1992,28,United States,Testicular cancer
1990,23,United States,Testicular cancer
1991,28,United States,Testicular cancer
2001,21,United States,Testicular cancer
2002,19,United States,Testicular cancer
2000,27,United States,Testicular cancer
2003,34,United States,Testicular cancer
2004,35,United States,Testicular cancer
2005,46,United States,Testicular cancer
1998,27,United States,Testicular cancer
2006,35,United States,Testicular cancer
2007,52,United States,Testicular cancer
2008,22,United States,Testicular cancer
2009,55,United States,Testicular cancer
2010,46,United States,Testicular cancer
2011,49,United States,Testicular cancer
2012,48,United States,Testicular cancer
2013,25,United States,Testicular cancer
1987,11,United States,Testicular cancer
1988,19,United States,Testicular cancer
1989,14,United States,Testicular cancer
2014,39,United States,Testicular cancer
2015,77,United States,Testicular cancer
2016,56,United States,Testicular cancer
2018,67,United States,Testicular cancer
2017,59,United States,Testicular cancer
2025,7,United States,Testicular cancer
2019,59,United States,Testicular cancer
2020,82,United States,Testicular cancer
2021,97,United States,Testicular cancer
2022,72,United States,Testicular cancer
2023,58,United States,Testicular cancer
2024,43,United States,Testicular cancer
1993,18,United States,Testicular cancer
1994,31,United States,Testicular cancer
1995,28,United States,Testicular cancer
1996,29,United States,Testicular cancer
1997,26,United States,Testicular cancer
1999,26,United States,Testicular cancer
1984,0,United States,Testicular cancer
1985,0,United States,Testicular cancer
1986,0,United States,Testicular cancer
2007,1,United States,Throat cancer
2010,2,United States,Throat cancer
2011,1,United States,Throat cancer
2012,2,United States,Throat cancer
2013,2,United States,Throat cancer
2014,1,United States,Throat cancer
2015,2,United States,Throat cancer
2016,1,United States,Throat cancer
2017,2,United States,Throat cancer
2018,1,United States,Throat cancer
2021,2,United States,Throat cancer
2025,1,United States,Throat cancer
2020,1,United States,Throat cancer
2022,5,United States,Throat cancer
2023,3,United States,Throat cancer
1984,0,United States,Throat cancer
1985,0,United States,Throat cancer
1986,0,United States,Throat cancer
1987,0,United States,Throat cancer
1988,0,United States,Throat cancer
1989,0,United States,Throat cancer
1990,0,United States,Throat cancer
1991,0,United States,Throat cancer
1992,0,United States,Throat cancer
1993,0,United States,Throat cancer
1994,0,United States,Throat cancer
1995,0,United States,Throat cancer
1996,0,United States,Throat cancer
1997,0,United States,Throat cancer
1998,0,United States,Throat cancer
1999,0,United States,Throat cancer
2000,0,United States,Throat cancer
2001,0,United States,Throat cancer
2002,0,United States,Throat cancer
2003,0,United States,Throat cancer
2004,0,United States,Throat cancer
2005,0,United States,Throat cancer
2006,0,United States,Throat cancer
2008,0,United States,Throat cancer
2009,0,United States,Throat cancer
2019,0,United States,Throat cancer
2024,0,United States,Throat cancer
1992,27,United States,Thyroid cancer
1991,21,United States,Thyroid cancer
2000,119,United States,Thyroid cancer
2001,107,United States,Thyroid cancer
2002,89,United States,Thyroid cancer
2003,92,United States,Thyroid cancer
1995,61,United States,Thyroid cancer
1996,70,United States,Thyroid cancer
1997,68,United States,Thyroid cancer
1998,68,United States,Thyroid cancer
1999,63,United States,Thyroid cancer
2004,106,United States,Thyroid cancer
2005,122,United States,Thyroid cancer
2006,150,United States,Thyroid cancer
2007,170,United States,Thyroid cancer
2008,185,United States,Thyroid cancer
2009,188,United States,Thyroid cancer
2010,228,United States,Thyroid cancer
2011,276,United States,Thyroid cancer
1993,53,United States,Thyroid cancer
2012,295,United States,Thyroid cancer
1988,21,United States,Thyroid cancer
1989,5,United States,Thyroid cancer
1990,23,United States,Thyroid cancer
2013,342,United States,Thyroid cancer
2014,370,United States,Thyroid cancer
2015,388,United States,Thyroid cancer
2016,382,United States,Thyroid cancer
2017,371,United States,Thyroid cancer
2018,351,United States,Thyroid cancer
2019,351,United States,Thyroid cancer
1987,7,United States,Thyroid cancer
2025,9,United States,Thyroid cancer
2020,379,United States,Thyroid cancer
2021,357,United States,Thyroid cancer
2022,367,United States,Thyroid cancer
2023,366,United States,Thyroid cancer
2024,258,United States,Thyroid cancer
1994,41,United States,Thyroid cancer
1984,0,United States,Thyroid cancer
1985,0,United States,Thyroid cancer
1986,0,United States,Thyroid cancer
1990,6621,United States,Undetermined cancer
1991,8118,United States,Undetermined cancer
1992,8496,United States,Undetermined cancer
1986,149,United States,Undetermined cancer
1989,5516,United States,Undetermined cancer
1993,8811,United States,Undetermined cancer
1994,9064,United States,Undetermined cancer
1995,9357,United States,Undetermined cancer
1996,9711,United States,Undetermined cancer
1997,9721,United States,Undetermined cancer
1998,9948,United States,Undetermined cancer
1999,10004,United States,Undetermined cancer
2000,10820,United States,Undetermined cancer
2001,10964,United States,Undetermined cancer
2002,11366,United States,Undetermined cancer
2003,11836,United States,Undetermined cancer
2004,12827,United States,Undetermined cancer
2005,13059,United States,Undetermined cancer
1985,76,United States,Undetermined cancer
2006,13061,United States,Undetermined cancer
2007,13568,United States,Undetermined cancer
1987,2321,United States,Undetermined cancer
1988,5300,United States,Undetermined cancer
2008,14088,United States,Undetermined cancer
2016,21301,United States,Undetermined cancer
2010,15066,United States,Undetermined cancer
2009,14333,United States,Undetermined cancer
1984,19,United States,Undetermined cancer
2011,15457,United States,Undetermined cancer
2012,16253,United States,Undetermined cancer
2013,16612,United States,Undetermined cancer
2014,19239,United States,Undetermined cancer
2015,20446,United States,Undetermined cancer
2019,24710,United States,Undetermined cancer
2018,23770,United States,Undetermined cancer
2017,22526,United States,Undetermined cancer
2020,27226,United States,Undetermined cancer
2025,494,United States,Undetermined cancer
2021,28849,United States,Undetermined cancer
2023,26950,United States,Undetermined cancer
2022,26955,United States,Undetermined cancer
2024,17477,United States,Undetermined cancer
1992,61,United States,Uterine cancer
1990,35,United States,Uterine cancer
1991,60,United States,Uterine cancer
2000,111,United States,Uterine cancer
2001,136,United States,Uterine cancer
1994,75,United States,Uterine cancer
2002,111,United States,Uterine cancer
2003,110,United States,Uterine cancer
2004,123,United States,Uterine cancer
2005,149,United States,Uterine cancer
2006,158,United States,Uterine cancer
2007,167,United States,Uterine cancer
2008,164,United States,Uterine cancer
1998,85,United States,Uterine cancer
1995,92,United States,Uterine cancer
2009,206,United States,Uterine cancer
2010,184,United States,Uterine cancer
1993,75,United States,Uterine cancer
2011,220,United States,Uterine cancer
1996,103,United States,Uterine cancer
2012,234,United States,Uterine cancer
1989,35,United States,Uterine cancer
2013,259,United States,Uterine cancer
1997,89,United States,Uterine cancer
2014,276,United States,Uterine cancer
2015,313,United States,Uterine cancer
2016,287,United States,Uterine cancer
2017,276,United States,Uterine cancer
1999,104,United States,Uterine cancer
2018,274,United States,Uterine cancer
2019,306,United States,Uterine cancer
2025,9,United States,Uterine cancer
1987,11,United States,Uterine cancer
1988,25,United States,Uterine cancer
2020,313,United States,Uterine cancer
2021,364,United States,Uterine cancer
2024,223,United States,Uterine cancer
2022,332,United States,Uterine cancer
2023,367,United States,Uterine cancer
1984,0,United States,Uterine cancer
1985,0,United States,Uterine cancer
1986,0,United States,Uterine cancer
1992,3,United States,Vaginal cancer
1991,5,United States,Vaginal cancer
2001,2,United States,Vaginal cancer
2002,6,United States,Vaginal cancer
2003,3,United States,Vaginal cancer
2004,3,United States,Vaginal cancer
2005,3,United States,Vaginal cancer
2006,5,United States,Vaginal cancer
2007,5,United States,Vaginal cancer
2008,7,United States,Vaginal cancer
2009,4,United States,Vaginal cancer
2010,2,United States,Vaginal cancer
2011,6,United States,Vaginal cancer
1989,4,United States,Vaginal cancer
1990,3,United States,Vaginal cancer
2012,7,United States,Vaginal cancer
2013,11,United States,Vaginal cancer
2014,8,United States,Vaginal cancer
2015,11,United States,Vaginal cancer
2016,18,United States,Vaginal cancer
2017,8,United States,Vaginal cancer
1988,2,United States,Vaginal cancer
2018,10,United States,Vaginal cancer
2019,12,United States,Vaginal cancer
2020,12,United States,Vaginal cancer
2025,2,United States,Vaginal cancer
2021,18,United States,Vaginal cancer
2022,18,United States,Vaginal cancer
2023,17,United States,Vaginal cancer
2024,5,United States,Vaginal cancer
1993,4,United States,Vaginal cancer
1994,1,United States,Vaginal cancer
1995,3,United States,Vaginal cancer
1996,5,United States,Vaginal cancer
1997,2,United States,Vaginal cancer
1998,6,United States,Vaginal cancer
1999,1,United States,Vaginal cancer
2000,1,United States,Vaginal cancer
1984,0,United States,Vaginal cancer
1985,0,United States,Vaginal cancer
1986,0,United States,Vaginal cancer
1987,0,United States,Vaginal cancer
1992,13,United States,Vulvar cancer
1990,3,United States,Vulvar cancer
1991,10,United States,Vulvar cancer
1993,9,United States,Vulvar cancer
1994,5,United States,Vulvar cancer
2000,8,United States,Vulvar cancer
2001,16,United States,Vulvar cancer
2002,8,United States,Vulvar cancer
2003,7,United States,Vulvar cancer
2004,7,United States,Vulvar cancer
2005,5,United States,Vulvar cancer
2006,11,United States,Vulvar cancer
2007,11,United States,Vulvar cancer
2008,15,United States,Vulvar cancer
2009,18,United States,Vulvar cancer
2010,6,United States,Vulvar cancer
2011,13,United States,Vulvar cancer
1989,3,United States,Vulvar cancer
2012,13,United States,Vulvar cancer
2013,12,United States,Vulvar cancer
2014,14,United States,Vulvar cancer
2015,15,United States,Vulvar cancer
2016,17,United States,Vulvar cancer
2017,24,United States,Vulvar cancer
1988,3,United States,Vulvar cancer
2018,19,United States,Vulvar cancer
2019,27,United States,Vulvar cancer
2020,17,United States,Vulvar cancer
2025,3,United States,Vulvar cancer
2021,24,United States,Vulvar cancer
2023,30,United States,Vulvar cancer
2022,32,United States,Vulvar cancer
2024,15,United States,Vulvar cancer
1995,10,United States,Vulvar cancer
1996,11,United States,Vulvar cancer
1997,11,United States,Vulvar cancer
1998,3,United States,Vulvar cancer
1999,8,United States,Vulvar cancer
1984,0,United States,Vulvar cancer
1985,0,United States,Vulvar cancer
1986,0,United States,Vulvar cancer
1987,0,United States,Vulvar cancer
1992,1,France,Anal cancer
2002,3,France,Anal cancer
2003,3,France,Anal cancer
2004,2,France,Anal cancer
2005,6,France,Anal cancer
2006,3,France,Anal cancer
2007,1,France,Anal cancer
2008,5,France,Anal cancer
2009,6,France,Anal cancer
2010,4,France,Anal cancer
2011,6,France,Anal cancer
2012,5,France,Anal cancer
2013,3,France,Anal cancer
2014,4,France,Anal cancer
2015,10,France,Anal cancer
2016,12,France,Anal cancer
2017,14,France,Anal cancer
2018,11,France,Anal cancer
2019,9,France,Anal cancer
2020,11,France,Anal cancer
2021,12,France,Anal cancer
2022,8,France,Anal cancer
2023,13,France,Anal cancer
2024,8,France,Anal cancer
1997,1,France,Anal cancer
1998,2,France,Anal cancer
2001,1,France,Anal cancer
1995,1,France,Anal cancer
1999,1,France,Anal cancer
1984,0,France,Anal cancer
1985,0,France,Anal cancer
1986,0,France,Anal cancer
1987,0,France,Anal cancer
1988,0,France,Anal cancer
1989,0,France,Anal cancer
1990,0,France,Anal cancer
1991,0,France,Anal cancer
1993,0,France,Anal cancer
1994,0,France,Anal cancer
1996,0,France,Anal cancer
2000,0,France,Anal cancer
2025,0,France,Anal cancer
1992,14,France,Bladder cancer
1991,9,France,Bladder cancer
2000,20,France,Bladder cancer
2001,22,France,Bladder cancer
2002,31,France,Bladder cancer
2003,22,France,Bladder cancer
2004,25,France,Bladder cancer
2005,13,France,Bladder cancer
2006,13,France,Bladder cancer
2007,15,France,Bladder cancer
2008,22,France,Bladder cancer
2009,28,France,Bladder cancer
2010,40,France,Bladder cancer
2011,26,France,Bladder cancer
1998,27,France,Bladder cancer
2012,30,France,Bladder cancer
2013,41,France,Bladder cancer
1988,2,France,Bladder cancer
1989,12,France,Bladder cancer
1990,3,France,Bladder cancer
2014,34,France,Bladder cancer
2015,38,France,Bladder cancer
2016,39,France,Bladder cancer
2017,44,France,Bladder cancer
2018,48,France,Bladder cancer
1987,5,France,Bladder cancer
2019,48,France,Bladder cancer
2020,55,France,Bladder cancer
2021,66,France,Bladder cancer
2022,67,France,Bladder cancer
2023,55,France,Bladder cancer
2024,35,France,Bladder cancer
1993,19,France,Bladder cancer
1994,17,France,Bladder cancer
1995,9,France,Bladder cancer
1996,15,France,Bladder cancer
1997,22,France,Bladder cancer
1999,8,France,Bladder cancer
1984,0,France,Bladder cancer
1985,0,France,Bladder cancer
1986,0,France,Bladder cancer
2025,0,France,Bladder cancer
1992,43,France,Brain cancer
1990,23,France,Brain cancer
1991,30,France,Brain cancer
2000,75,France,Brain cancer
2001,76,France,Brain cancer
2002,63,France,Brain cancer
1999,65,France,Brain cancer
2003,67,France,Brain cancer
2004,63,France,Brain cancer
2005,75,France,Brain cancer
2006,64,France,Brain cancer
2008,77,France,Brain cancer
2007,69,France,Brain cancer
2009,99,France,Brain cancer
2010,122,France,Brain cancer
2011,107,France,Brain cancer
2012,118,France,Brain cancer
1988,14,France,Brain cancer
1989,12,France,Brain cancer
2013,112,France,Brain cancer
2014,108,France,Brain cancer
2015,126,France,Brain cancer
2018,146,France,Brain cancer
2016,132,France,Brain cancer
2017,130,France,Brain cancer
2019,133,France,Brain cancer
1987,9,France,Brain cancer
2020,142,France,Brain cancer
2021,176,France,Brain cancer
2022,152,France,Brain cancer
2023,132,France,Brain cancer
2024,85,France,Brain cancer
1993,60,France,Brain cancer
1994,43,France,Brain cancer
1995,60,France,Brain cancer
1996,39,France,Brain cancer
1997,68,France,Brain cancer
1998,63,France,Brain cancer
1984,0,France,Brain cancer
1985,0,France,Brain cancer
1986,0,France,Brain cancer
2025,0,France,Brain cancer
1992,142,France,Breast cancer
1990,118,France,Breast cancer
1991,120,France,Breast cancer
1996,157,France,Breast cancer
1998,198,France,Breast cancer
2000,206,France,Breast cancer
2001,184,France,Breast cancer
2002,209,France,Breast cancer
1999,190,France,Breast cancer
2003,210,France,Breast cancer
2004,271,France,Breast cancer
2005,234,France,Breast cancer
1997,188,France,Breast cancer
2006,223,France,Breast cancer
2007,223,France,Breast cancer
2008,291,France,Breast cancer
2009,277,France,Breast cancer
2010,310,France,Breast cancer
2011,344,France,Breast cancer
2013,430,France,Breast cancer
1993,130,France,Breast cancer
1994,152,France,Breast cancer
1995,151,France,Breast cancer
2012,396,France,Breast cancer
1988,79,France,Breast cancer
1989,90,France,Breast cancer
2016,384,France,Breast cancer
2014,375,France,Breast cancer
2015,427,France,Breast cancer
2019,429,France,Breast cancer
2017,367,France,Breast cancer
2018,402,France,Breast cancer
1987,36,France,Breast cancer
2020,460,France,Breast cancer
2022,480,France,Breast cancer
2021,468,France,Breast cancer
2023,414,France,Breast cancer
1986,1,France,Breast cancer
2024,242,France,Breast cancer
2025,2,France,Breast cancer
1984,0,France,Breast cancer
1985,0,France,Breast cancer
1992,12,France,Cervical cancer
1990,7,France,Cervical cancer
1991,4,France,Cervical cancer
2001,22,France,Cervical cancer
2002,19,France,Cervical cancer
2003,40,France,Cervical cancer
2004,21,France,Cervical cancer
2005,33,France,Cervical cancer
2006,27,France,Cervical cancer
2007,36,France,Cervical cancer
2008,47,France,Cervical cancer
2009,50,France,Cervical cancer
2010,39,France,Cervical cancer
2011,42,France,Cervical cancer
1995,14,France,Cervical cancer
2012,41,France,Cervical cancer
2013,59,France,Cervical cancer
2014,56,France,Cervical cancer
2015,51,France,Cervical cancer
2016,68,France,Cervical cancer
1998,15,France,Cervical cancer
2017,80,France,Cervical cancer
2018,55,France,Cervical cancer
1987,2,France,Cervical cancer
1988,3,France,Cervical cancer
1989,3,France,Cervical cancer
2019,80,France,Cervical cancer
2020,90,France,Cervical cancer
2021,85,France,Cervical cancer
2022,80,France,Cervical cancer
2023,79,France,Cervical cancer
2024,44,France,Cervical cancer
1993,10,France,Cervical cancer
1994,9,France,Cervical cancer
1996,14,France,Cervical cancer
1997,15,France,Cervical cancer
1999,17,France,Cervical cancer
2000,31,France,Cervical cancer
1984,0,France,Cervical cancer
1985,0,France,Cervical cancer
1986,0,France,Cervical cancer
2025,0,France,Cervical cancer
1992,14,France,Colon cancer
1990,19,France,Colon cancer
1991,17,France,Colon cancer
2001,39,France,Colon cancer
2002,49,France,Colon cancer
2003,35,France,Colon cancer
2004,50,France,Colon cancer
2005,33,France,Colon cancer
2006,38,France,Colon cancer
2007,52,France,Colon cancer
2008,46,France,Colon cancer
2009,34,France,Colon cancer
2010,51,France,Colon cancer
2011,64,France,Colon cancer
1993,18,France,Colon cancer
1995,24,France,Colon cancer
2012,49,France,Colon cancer
1989,8,France,Colon cancer
2013,54,France,Colon cancer
2014,53,France,Colon cancer
2015,52,France,Colon cancer
2016,45,France,Colon cancer
2017,52,France,Colon cancer
1987,4,France,Colon cancer
1988,9,France,Colon cancer
2018,45,France,Colon cancer
2019,54,France,Colon cancer
2020,77,France,Colon cancer
2022,59,France,Colon cancer
2021,46,France,Colon cancer
2023,30,France,Colon cancer
2024,23,France,Colon cancer
1994,20,France,Colon cancer
1996,22,France,Colon cancer
1997,20,France,Colon cancer
1998,36,France,Colon cancer
1999,44,France,Colon cancer
2000,46,France,Colon cancer
1984,0,France,Colon cancer
1985,0,France,Colon cancer
1986,0,France,Colon cancer
2025,0,France,Colon cancer
1992,28,France,Colorectal cancer
1991,11,France,Colorectal cancer
2000,68,France,Colorectal cancer
2001,72,France,Colorectal cancer
2002,79,France,Colorectal cancer
2003,87,France,Colorectal cancer
1997,74,France,Colorectal cancer
2004,88,France,Colorectal cancer
2005,87,France,Colorectal cancer
2006,68,France,Colorectal cancer
2007,91,France,Colorectal cancer
2008,110,France,Colorectal cancer
2009,107,France,Colorectal cancer
2010,128,France,Colorectal cancer
2011,137,France,Colorectal cancer
1993,26,France,Colorectal cancer
1994,26,France,Colorectal cancer
1995,45,France,Colorectal cancer
2012,108,France,Colorectal cancer
1989,11,France,Colorectal cancer
1990,7,France,Colorectal cancer
2013,148,France,Colorectal cancer
2014,134,France,Colorectal cancer
2015,133,France,Colorectal cancer
2016,171,France,Colorectal cancer
2017,159,France,Colorectal cancer
2018,177,France,Colorectal cancer
1987,4,France,Colorectal cancer
1988,9,France,Colorectal cancer
2019,183,France,Colorectal cancer
2020,198,France,Colorectal cancer
2021,221,France,Colorectal cancer
2022,187,France,Colorectal cancer
2023,156,France,Colorectal cancer
2024,109,France,Colorectal cancer
2025,1,France,Colorectal cancer
1996,53,France,Colorectal cancer
1998,66,France,Colorectal cancer
1999,75,France,Colorectal cancer
1984,0,France,Colorectal cancer
1985,0,France,Colorectal cancer
1986,0,France,Colorectal cancer
1992,5,France,Esophageal cancer
2000,5,France,Esophageal cancer
2001,5,France,Esophageal cancer
2002,8,France,Esophageal cancer
2003,2,France,Esophageal cancer
2004,4,France,Esophageal cancer
2005,9,France,Esophageal cancer
2006,9,France,Esophageal cancer
2008,14,France,Esophageal cancer
2007,8,France,Esophageal cancer
2009,5,France,Esophageal cancer
2010,6,France,Esophageal cancer
2011,4,France,Esophageal cancer
1989,1,France,Esophageal cancer
1990,4,France,Esophageal cancer
1991,2,France,Esophageal cancer
2012,9,France,Esophageal cancer
2013,11,France,Esophageal cancer
2014,12,France,Esophageal cancer
2015,22,France,Esophageal cancer
2016,12,France,Esophageal cancer
2017,16,France,Esophageal cancer
1988,2,France,Esophageal cancer
2018,16,France,Esophageal cancer
2019,12,France,Esophageal cancer
2020,15,France,Esophageal cancer
2021,13,France,Esophageal cancer
2022,22,France,Esophageal cancer
1987,2,France,Esophageal cancer
2023,13,France,Esophageal cancer
2024,7,France,Esophageal cancer
1993,3,France,Esophageal cancer
1994,4,France,Esophageal cancer
1995,5,France,Esophageal cancer
1996,12,France,Esophageal cancer
1997,14,France,Esophageal cancer
1998,6,France,Esophageal cancer
1999,10,France,Esophageal cancer
1984,0,France,Esophageal cancer
1985,0,France,Esophageal cancer
1986,0,France,Esophageal cancer
2025,0,France,Esophageal cancer
1990,2,France,Gallbladder cancer
1991,1,France,Gallbladder cancer
2001,2,France,Gallbladder cancer
2003,1,France,Gallbladder cancer
2004,1,France,Gallbladder cancer
2006,1,France,Gallbladder cancer
2008,2,France,Gallbladder cancer
2009,1,France,Gallbladder cancer
2010,2,France,Gallbladder cancer
2011,3,France,Gallbladder cancer
2012,1,France,Gallbladder cancer
2013,2,France,Gallbladder cancer
2014,2,France,Gallbladder cancer
2015,1,France,Gallbladder cancer
2016,4,France,Gallbladder cancer
2017,2,France,Gallbladder cancer
2019,1,France,Gallbladder cancer
2020,2,France,Gallbladder cancer
2021,2,France,Gallbladder cancer
1987,1,France,Gallbladder cancer
2022,1,France,Gallbladder cancer
2023,2,France,Gallbladder cancer
2024,2,France,Gallbladder cancer
1996,1,France,Gallbladder cancer
1998,1,France,Gallbladder cancer
1999,3,France,Gallbladder cancer
1984,0,France,Gallbladder cancer
1985,0,France,Gallbladder cancer
1986,0,France,Gallbladder cancer
1988,0,France,Gallbladder cancer
1989,0,France,Gallbladder cancer
1992,0,France,Gallbladder cancer
1993,0,France,Gallbladder cancer
1994,0,France,Gallbladder cancer
1995,0,France,Gallbladder cancer
1997,0,France,Gallbladder cancer
2000,0,France,Gallbladder cancer
2002,0,France,Gallbladder cancer
2005,0,France,Gallbladder cancer
2007,0,France,Gallbladder cancer
2018,0,France,Gallbladder cancer
2025,0,France,Gallbladder cancer
1992,4,France,Hodgkin lymphoma
1991,5,France,Hodgkin lymphoma
2001,11,France,Hodgkin lymphoma
2002,11,France,Hodgkin lymphoma
2003,12,France,Hodgkin lymphoma
2004,20,France,Hodgkin lymphoma
2005,5,France,Hodgkin lymphoma
2006,14,France,Hodgkin lymphoma
2007,24,France,Hodgkin lymphoma
2008,22,France,Hodgkin lymphoma
2009,39,France,Hodgkin lymphoma
2010,22,France,Hodgkin lymphoma
2011,25,France,Hodgkin lymphoma
2012,23,France,Hodgkin lymphoma
1990,4,France,Hodgkin lymphoma
2013,38,France,Hodgkin lymphoma
2014,33,France,Hodgkin lymphoma
2015,50,France,Hodgkin lymphoma
2016,44,France,Hodgkin lymphoma
2017,43,France,Hodgkin lymphoma
2018,56,France,Hodgkin lymphoma
2021,53,France,Hodgkin lymphoma
1988,1,France,Hodgkin lymphoma
2019,52,France,Hodgkin lymphoma
2020,40,France,Hodgkin lymphoma
2022,40,France,Hodgkin lymphoma
1987,1,France,Hodgkin lymphoma
2023,38,France,Hodgkin lymphoma
2024,13,France,Hodgkin lymphoma
1993,8,France,Hodgkin lymphoma
1994,5,France,Hodgkin lymphoma
1995,6,France,Hodgkin lymphoma
1996,7,France,Hodgkin lymphoma
1997,13,France,Hodgkin lymphoma
1998,7,France,Hodgkin lymphoma
1999,8,France,Hodgkin lymphoma
2000,12,France,Hodgkin lymphoma
1984,0,France,Hodgkin lymphoma
1985,0,France,Hodgkin lymphoma
1986,0,France,Hodgkin lymphoma
1989,0,France,Hodgkin lymphoma
2025,0,France,Hodgkin lymphoma
1992,4,France,Kaposi sarcoma
1990,1,France,Kaposi sarcoma
2001,4,France,Kaposi sarcoma
2002,4,France,Kaposi sarcoma
2003,3,France,Kaposi sarcoma
2004,5,France,Kaposi sarcoma
2005,4,France,Kaposi sarcoma
2006,4,France,Kaposi sarcoma
2007,4,France,Kaposi sarcoma
2008,5,France,Kaposi sarcoma
2009,9,France,Kaposi sarcoma
2010,6,France,Kaposi sarcoma
2011,3,France,Kaposi sarcoma
1987,2,France,Kaposi sarcoma
1989,1,France,Kaposi sarcoma
2012,5,France,Kaposi sarcoma
2013,7,France,Kaposi sarcoma
2014,4,France,Kaposi sarcoma
2016,11,France,Kaposi sarcoma
2015,4,France,Kaposi sarcoma
2017,6,France,Kaposi sarcoma
1988,1,France,Kaposi sarcoma
2018,4,France,Kaposi sarcoma
2019,3,France,Kaposi sarcoma
2020,7,France,Kaposi sarcoma
2021,7,France,Kaposi sarcoma
2022,13,France,Kaposi sarcoma
2023,6,France,Kaposi sarcoma
2024,3,France,Kaposi sarcoma
1995,3,France,Kaposi sarcoma
1993,3,France,Kaposi sarcoma
1994,1,France,Kaposi sarcoma
1996,1,France,Kaposi sarcoma
1997,4,France,Kaposi sarcoma
1998,4,France,Kaposi sarcoma
1999,6,France,Kaposi sarcoma
2000,2,France,Kaposi sarcoma
1984,0,France,Kaposi sarcoma
1985,0,France,Kaposi sarcoma
1986,0,France,Kaposi sarcoma
1991,0,France,Kaposi sarcoma
2025,0,France,Kaposi sarcoma
1992,30,France,Kidney cancer
1990,18,France,Kidney cancer
1991,13,France,Kidney cancer
2001,24,France,Kidney cancer
2002,36,France,Kidney cancer
2003,39,France,Kidney cancer
2004,36,France,Kidney cancer
2005,38,France,Kidney cancer
2006,46,France,Kidney cancer
2007,47,France,Kidney cancer
2008,64,France,Kidney cancer
2009,52,France,Kidney cancer
2010,77,France,Kidney cancer
2011,61,France,Kidney cancer
2012,64,France,Kidney cancer
1987,5,France,Kidney cancer
1988,8,France,Kidney cancer
1989,15,France,Kidney cancer
2013,55,France,Kidney cancer
2014,77,France,Kidney cancer
1996,22,France,Kidney cancer
2015,69,France,Kidney cancer
2016,67,France,Kidney cancer
2017,81,France,Kidney cancer
2018,78,France,Kidney cancer
2019,65,France,Kidney cancer
2020,78,France,Kidney cancer
2021,91,France,Kidney cancer
2022,101,France,Kidney cancer
2023,72,France,Kidney cancer
2024,55,France,Kidney cancer
1993,42,France,Kidney cancer
1994,28,France,Kidney cancer
1995,26,France,Kidney cancer
1997,25,France,Kidney cancer
1998,33,France,Kidney cancer
1999,30,France,Kidney cancer
2000,33,France,Kidney cancer
1984,0,France,Kidney cancer
1985,0,France,Kidney cancer
1986,0,France,Kidney cancer
2025,0,France,Kidney cancer
1992,1,France,Laryngeal cancer
1991,2,France,Laryngeal cancer
2001,3,France,Laryngeal cancer
2002,2,France,Laryngeal cancer
2003,2,France,Laryngeal cancer
2004,4,France,Laryngeal cancer
2005,4,France,Laryngeal cancer
2006,1,France,Laryngeal cancer
2007,3,France,Laryngeal cancer
2008,2,France,Laryngeal cancer
2009,1,France,Laryngeal cancer
2010,2,France,Laryngeal cancer
2011,3,France,Laryngeal cancer
2012,3,France,Laryngeal cancer
1990,1,France,Laryngeal cancer
2013,3,France,Laryngeal cancer
2016,3,France,Laryngeal cancer
2014,3,France,Laryngeal cancer
2015,4,France,Laryngeal cancer
2017,5,France,Laryngeal cancer
2018,5,France,Laryngeal cancer
2019,5,France,Laryngeal cancer
2020,8,France,Laryngeal cancer
2021,4,France,Laryngeal cancer
2022,7,France,Laryngeal cancer
1987,1,France,Laryngeal cancer
2023,7,France,Laryngeal cancer
2024,3,France,Laryngeal cancer
2025,1,France,Laryngeal cancer
1993,2,France,Laryngeal cancer
1994,2,France,Laryngeal cancer
1995,1,France,Laryngeal cancer
1996,3,France,Laryngeal cancer
1997,4,France,Laryngeal cancer
1998,2,France,Laryngeal cancer
1999,3,France,Laryngeal cancer
2000,5,France,Laryngeal cancer
1984,0,France,Laryngeal cancer
1985,0,France,Laryngeal cancer
1986,0,France,Laryngeal cancer
1988,0,France,Laryngeal cancer
1989,0,France,Laryngeal cancer
1992,277,France,Leukemia
1990,235,France,Leukemia
1991,232,France,Leukemia
1994,321,France,Leukemia
1998,260,France,Leukemia
2000,241,France,Leukemia
2001,228,France,Leukemia
2002,257,France,Leukemia
1996,302,France,Leukemia
2003,228,France,Leukemia
2004,191,France,Leukemia
2005,223,France,Leukemia
2006,181,France,Leukemia
2007,171,France,Leukemia
2008,197,France,Leukemia
2009,177,France,Leukemia
2010,204,France,Leukemia
2011,218,France,Leukemia
2012,223,France,Leukemia
1987,74,France,Leukemia
1988,184,France,Leukemia
1989,215,France,Leukemia
2013,221,France,Leukemia
2014,253,France,Leukemia
2016,276,France,Leukemia
2015,301,France,Leukemia
2017,278,France,Leukemia
2018,271,France,Leukemia
1986,1,France,Leukemia
2019,255,France,Leukemia
2020,292,France,Leukemia
2021,336,France,Leukemia
2022,277,France,Leukemia
2023,272,France,Leukemia
2024,166,France,Leukemia
2025,3,France,Leukemia
1993,301,France,Leukemia
1995,275,France,Leukemia
1997,244,France,Leukemia
1999,236,France,Leukemia
1984,0,France,Leukemia
1985,0,France,Leukemia
1992,38,France,Liver cancer
1990,31,France,Liver cancer
1991,36,France,Liver cancer
1998,57,France,Liver cancer
1999,68,France,Liver cancer
2000,60,France,Liver cancer
2001,51,France,Liver cancer
2002,53,France,Liver cancer
2003,54,France,Liver cancer
2004,48,France,Liver cancer
2005,47,France,Liver cancer
2006,52,France,Liver cancer
2007,62,France,Liver cancer
2008,74,France,Liver cancer
2009,79,France,Liver cancer
2010,75,France,Liver cancer
2011,113,France,Liver cancer
2012,86,France,Liver cancer
1987,7,France,Liver cancer
1988,21,France,Liver cancer
1989,13,France,Liver cancer
2013,97,France,Liver cancer
2014,107,France,Liver cancer
2015,134,France,Liver cancer
2016,140,France,Liver cancer
2017,136,France,Liver cancer
2018,132,France,Liver cancer
2019,149,France,Liver cancer
2020,133,France,Liver cancer
2021,163,France,Liver cancer
2022,158,France,Liver cancer
2023,133,France,Liver cancer
2024,91,France,Liver cancer
2025,1,France,Liver cancer
1993,41,France,Liver cancer
1994,29,France,Liver cancer
1995,30,France,Liver cancer
1996,34,France,Liver cancer
1997,42,France,Liver cancer
1984,0,France,Liver cancer
1985,0,France,Liver cancer
1986,0,France,Liver cancer
1992,61,France,Lung cancer
1990,40,France,Lung cancer
1991,45,France,Lung cancer
1998,82,France,Lung cancer
1999,85,France,Lung cancer
2000,83,France,Lung cancer
2001,82,France,Lung cancer
2002,79,France,Lung cancer
2003,82,France,Lung cancer
2004,83,France,Lung cancer
2005,86,France,Lung cancer
2006,90,France,Lung cancer
2007,117,France,Lung cancer
2008,111,France,Lung cancer
2009,119,France,Lung cancer
2010,108,France,Lung cancer
2011,173,France,Lung cancer
1993,64,France,Lung cancer
1995,57,France,Lung cancer
2012,138,France,Lung cancer
1987,7,France,Lung cancer
1988,28,France,Lung cancer
1989,25,France,Lung cancer
2013,161,France,Lung cancer
2014,161,France,Lung cancer
2015,200,France,Lung cancer
2016,222,France,Lung cancer
2017,238,France,Lung cancer
2018,226,France,Lung cancer
2019,248,France,Lung cancer
2020,236,France,Lung cancer
2021,279,France,Lung cancer
2022,284,France,Lung cancer
2023,257,France,Lung cancer
2024,150,France,Lung cancer
2025,1,France,Lung cancer
1994,65,France,Lung cancer
1996,54,France,Lung cancer
1997,73,France,Lung cancer
1984,0,France,Lung cancer
1985,0,France,Lung cancer
1986,0,France,Lung cancer
1992,11,France,Mesothelioma
1991,8,France,Mesothelioma
2000,20,France,Mesothelioma
2001,15,France,Mesothelioma
2002,15,France,Mesothelioma
2003,18,France,Mesothelioma
2004,18,France,Mesothelioma
2005,15,France,Mesothelioma
2006,22,France,Mesothelioma
2007,17,France,Mesothelioma
2008,14,France,Mesothelioma
2009,24,France,Mesothelioma
2010,18,France,Mesothelioma
2011,27,France,Mesothelioma
1989,3,France,Mesothelioma
1990,4,France,Mesothelioma
2012,19,France,Mesothelioma
2013,26,France,Mesothelioma
2014,25,France,Mesothelioma
2015,29,France,Mesothelioma
2016,23,France,Mesothelioma
2017,23,France,Mesothelioma
2018,29,France,Mesothelioma
1987,3,France,Mesothelioma
1988,2,France,Mesothelioma
2019,24,France,Mesothelioma
2020,30,France,Mesothelioma
2021,31,France,Mesothelioma
2022,31,France,Mesothelioma
2023,14,France,Mesothelioma
2024,7,France,Mesothelioma
1993,17,France,Mesothelioma
1994,17,France,Mesothelioma
1995,9,France,Mesothelioma
1996,13,France,Mesothelioma
1997,12,France,Mesothelioma
1998,26,France,Mesothelioma
1999,18,France,Mesothelioma
1984,0,France,Mesothelioma
1985,0,France,Mesothelioma
1986,0,France,Mesothelioma
2025,0,France,Mesothelioma
2005,1,France,Mouth cancer
1990,1,France,Mouth cancer
2020,1,France,Mouth cancer
2022,1,France,Mouth cancer
1987,1,France,Mouth cancer
2023,1,France,Mouth cancer
1993,1,France,Mouth cancer
1984,0,France,Mouth cancer
1985,0,France,Mouth cancer
1986,0,France,Mouth cancer
1988,0,France,Mouth cancer
1989,0,France,Mouth cancer
1991,0,France,Mouth cancer
1992,0,France,Mouth cancer
1994,0,France,Mouth cancer
1995,0,France,Mouth cancer
1996,0,France,Mouth cancer
1997,0,France,Mouth cancer
1998,0,France,Mouth cancer
1999,0,France,Mouth cancer
2000,0,France,Mouth cancer
2001,0,France,Mouth cancer
2002,0,France,Mouth cancer
2003,0,France,Mouth cancer
2004,0,France,Mouth cancer
2006,0,France,Mouth cancer
2007,0,France,Mouth cancer
2008,0,France,Mouth cancer
2009,0,France,Mouth cancer
2010,0,France,Mouth cancer
2011,0,France,Mouth cancer
2012,0,France,Mouth cancer
2013,0,France,Mouth cancer
2014,0,France,Mouth cancer
2015,0,France,Mouth cancer
2016,0,France,Mouth cancer
2017,0,France,Mouth cancer
2018,0,France,Mouth cancer
2019,0,France,Mouth cancer
2021,0,France,Mouth cancer
2024,0,France,Mouth cancer
2025,0,France,Mouth cancer
1992,46,France,Multiple myeloma
1990,25,France,Multiple myeloma
1991,33,France,Multiple myeloma
2000,46,France,Multiple myeloma
2001,40,France,Multiple myeloma
2002,45,France,Multiple myeloma
1998,51,France,Multiple myeloma
2003,41,France,Multiple myeloma
1996,46,France,Multiple myeloma
2004,25,France,Multiple myeloma
2005,44,France,Multiple myeloma
2006,45,France,Multiple myeloma
2007,67,France,Multiple myeloma
2008,42,France,Multiple myeloma
2009,54,France,Multiple myeloma
2010,46,France,Multiple myeloma
2011,54,France,Multiple myeloma
1987,9,France,Multiple myeloma
1989,21,France,Multiple myeloma
2012,55,France,Multiple myeloma
2013,70,France,Multiple myeloma
2014,46,France,Multiple myeloma
2015,58,France,Multiple myeloma
2016,72,France,Multiple myeloma
2017,73,France,Multiple myeloma
2018,76,France,Multiple myeloma
1988,20,France,Multiple myeloma
2019,67,France,Multiple myeloma
2020,81,France,Multiple myeloma
2021,93,France,Multiple myeloma
2022,81,France,Multiple myeloma
2024,45,France,Multiple myeloma
2023,67,France,Multiple myeloma
1993,46,France,Multiple myeloma
1994,37,France,Multiple myeloma
1995,61,France,Multiple myeloma
1997,39,France,Multiple myeloma
1999,61,France,Multiple myeloma
1984,0,France,Multiple myeloma
1985,0,France,Multiple myeloma
1986,0,France,Multiple myeloma
2025,0,France,Multiple myeloma
1992,4,France,Non-Hodgkin lymphoma
1990,5,France,Non-Hodgkin lymphoma
1991,8,France,Non-Hodgkin lymphoma
2000,27,France,Non-Hodgkin lymphoma
2001,26,France,Non-Hodgkin lymphoma
2002,33,France,Non-Hodgkin lymphoma
2003,28,France,Non-Hodgkin lymphoma
2004,26,France,Non-Hodgkin lymphoma
2005,27,France,Non-Hodgkin lymphoma
2006,34,France,Non-Hodgkin lymphoma
2007,44,France,Non-Hodgkin lymphoma
2008,42,France,Non-Hodgkin lymphoma
2009,57,France,Non-Hodgkin lymphoma
2010,46,France,Non-Hodgkin lymphoma
2011,45,France,Non-Hodgkin lymphoma
2012,56,France,Non-Hodgkin lymphoma
2013,64,France,Non-Hodgkin lymphoma
2014,53,France,Non-Hodgkin lymphoma
2015,69,France,Non-Hodgkin lymphoma
2016,68,France,Non-Hodgkin lymphoma
2017,75,France,Non-Hodgkin lymphoma
2018,76,France,Non-Hodgkin lymphoma
1988,2,France,Non-Hodgkin lymphoma
2019,58,France,Non-Hodgkin lymphoma
2020,63,France,Non-Hodgkin lymphoma
2021,86,France,Non-Hodgkin lymphoma
2022,72,France,Non-Hodgkin lymphoma
1987,3,France,Non-Hodgkin lymphoma
2025,1,France,Non-Hodgkin lymphoma
2023,45,France,Non-Hodgkin lymphoma
2024,39,France,Non-Hodgkin lymphoma
1994,7,France,Non-Hodgkin lymphoma
1995,15,France,Non-Hodgkin lymphoma
1993,14,France,Non-Hodgkin lymphoma
1996,12,France,Non-Hodgkin lymphoma
1997,21,France,Non-Hodgkin lymphoma
1998,21,France,Non-Hodgkin lymphoma
1999,21,France,Non-Hodgkin lymphoma
1984,0,France,Non-Hodgkin lymphoma
1985,0,France,Non-Hodgkin lymphoma
1986,0,France,Non-Hodgkin lymphoma
1989,0,France,Non-Hodgkin lymphoma
1992,626,France,Other cancer
1990,412,France,Other cancer
1991,518,France,Other cancer
1993,648,France,Other cancer
1996,629,France,Other cancer
1998,721,France,Other cancer
2000,667,France,Other cancer
2001,647,France,Other cancer
2002,692,France,Other cancer
2003,674,France,Other cancer
2004,629,France,Other cancer
1999,638,France,Other cancer
2005,665,France,Other cancer
2006,586,France,Other cancer
2007,578,France,Other cancer
1995,656,France,Other cancer
2008,702,France,Other cancer
2009,715,France,Other cancer
2010,747,France,Other cancer
2011,789,France,Other cancer
2012,805,France,Other cancer
1987,144,France,Other cancer
1988,280,France,Other cancer
1989,317,France,Other cancer
2013,833,France,Other cancer
2014,961,France,Other cancer
2015,992,France,Other cancer
2016,964,France,Other cancer
2017,980,France,Other cancer
2018,978,France,Other cancer
2021,1153,France,Other cancer
1986,3,France,Other cancer
2019,1007,France,Other cancer
2020,1003,France,Other cancer
2022,1017,France,Other cancer
2023,904,France,Other cancer
2024,579,France,Other cancer
2025,12,France,Other cancer
1994,573,France,Other cancer
1997,677,France,Other cancer
1984,0,France,Other cancer
1985,0,France,Other cancer
1992,15,France,Ovarian cancer
1991,11,France,Ovarian cancer
2001,37,France,Ovarian cancer
2002,35,France,Ovarian cancer
2003,34,France,Ovarian cancer
1999,25,France,Ovarian cancer
2004,45,France,Ovarian cancer
2005,26,France,Ovarian cancer
1996,30,France,Ovarian cancer
2006,37,France,Ovarian cancer
2007,31,France,Ovarian cancer
2008,28,France,Ovarian cancer
2009,56,France,Ovarian cancer
2010,51,France,Ovarian cancer
2011,52,France,Ovarian cancer
2012,55,France,Ovarian cancer
1995,16,France,Ovarian cancer
1988,5,France,Ovarian cancer
1989,9,France,Ovarian cancer
1990,7,France,Ovarian cancer
2013,63,France,Ovarian cancer
2014,49,France,Ovarian cancer
2015,69,France,Ovarian cancer
2016,66,France,Ovarian cancer
2017,59,France,Ovarian cancer
2018,66,France,Ovarian cancer
1987,2,France,Ovarian cancer
2019,84,France,Ovarian cancer
2020,100,France,Ovarian cancer
2021,102,France,Ovarian cancer
2022,82,France,Ovarian cancer
2023,88,France,Ovarian cancer
1986,1,France,Ovarian cancer
2024,52,France,Ovarian cancer
2025,1,France,Ovarian cancer
1994,23,France,Ovarian cancer
1993,20,France,Ovarian cancer
1997,35,France,Ovarian cancer
1998,35,France,Ovarian cancer
2000,47,France,Ovarian cancer
1984,0,France,Ovarian cancer
1985,0,France,Ovarian cancer
1992,10,France,Pancreatic cancer
1990,14,France,Pancreatic cancer
1991,6,France,Pancreatic cancer
2001,9,France,Pancreatic cancer
2002,20,France,Pancreatic cancer
2000,12,France,Pancreatic cancer
2003,12,France,Pancreatic cancer
2004,13,France,Pancreatic cancer
2005,15,France,Pancreatic cancer
2006,18,France,Pancreatic cancer
2007,19,France,Pancreatic cancer
2008,24,France,Pancreatic cancer
2009,26,France,Pancreatic cancer
2010,25,France,Pancreatic cancer
2011,34,France,Pancreatic cancer
2012,39,France,Pancreatic cancer
1988,4,France,Pancreatic cancer
1989,3,France,Pancreatic cancer
2013,29,France,Pancreatic cancer
2014,37,France,Pancreatic cancer
2015,56,France,Pancreatic cancer
2016,51,France,Pancreatic cancer
2017,45,France,Pancreatic cancer
2018,50,France,Pancreatic cancer
2019,65,France,Pancreatic cancer
2020,67,France,Pancreatic cancer
2021,66,France,Pancreatic cancer
2022,66,France,Pancreatic cancer
1987,1,France,Pancreatic cancer
2023,58,France,Pancreatic cancer
2024,32,France,Pancreatic cancer
2025,1,France,Pancreatic cancer
1993,13,France,Pancreatic cancer
1994,8,France,Pancreatic cancer
1995,11,France,Pancreatic cancer
1996,13,France,Pancreatic cancer
1997,15,France,Pancreatic cancer
1998,12,France,Pancreatic cancer
1999,11,France,Pancreatic cancer
1984,0,France,Pancreatic cancer
1985,0,France,Pancreatic cancer
1986,0,France,Pancreatic cancer
2002,1,France,Penile cancer
2005,1,France,Penile cancer
2007,1,France,Penile cancer
2008,2,France,Penile cancer
2009,1,France,Penile cancer
2010,2,France,Penile cancer
2011,3,France,Penile cancer
2012,2,France,Penile cancer
2014,5,France,Penile cancer
2013,1,France,Penile cancer
2016,4,France,Penile cancer
2017,3,France,Penile cancer
2018,4,France,Penile cancer
2020,4,France,Penile cancer
2021,3,France,Penile cancer
2022,4,France,Penile cancer
2023,3,France,Penile cancer
2024,1,France,Penile cancer
1993,1,France,Penile cancer
1994,2,France,Penile cancer
1995,1,France,Penile cancer
1999,1,France,Penile cancer
1984,0,France,Penile cancer
1985,0,France,Penile cancer
1986,0,France,Penile cancer
1987,0,France,Penile cancer
1988,0,France,Penile cancer
1989,0,France,Penile cancer
1990,0,France,Penile cancer
1991,0,France,Penile cancer
1992,0,France,Penile cancer
1996,0,France,Penile cancer
1997,0,France,Penile cancer
1998,0,France,Penile cancer
2000,0,France,Penile cancer
2001,0,France,Penile cancer
2003,0,France,Penile cancer
2004,0,France,Penile cancer
2006,0,France,Penile cancer
2015,0,France,Penile cancer
2019,0,France,Penile cancer
2025,0,France,Penile cancer
1992,10,France,Prostate cancer
1990,9,France,Prostate cancer
1991,15,France,Prostate cancer
2001,57,France,Prostate cancer
2002,63,France,Prostate cancer
1997,37,France,Prostate cancer
1998,38,France,Prostate cancer
1999,53,France,Prostate cancer
2000,45,France,Prostate cancer
2003,91,France,Prostate cancer
2004,89,France,Prostate cancer
2005,92,France,Prostate cancer
2006,77,France,Prostate cancer
2007,101,France,Prostate cancer
2008,116,France,Prostate cancer
2009,137,France,Prostate cancer
2010,154,France,Prostate cancer
2011,124,France,Prostate cancer
2012,150,France,Prostate cancer
2013,183,France,Prostate cancer
1988,9,France,Prostate cancer
1989,1,France,Prostate cancer
2014,176,France,Prostate cancer
2015,189,France,Prostate cancer
2016,152,France,Prostate cancer
2017,185,France,Prostate cancer
2018,160,France,Prostate cancer
2019,174,France,Prostate cancer
1987,7,France,Prostate cancer
2020,177,France,Prostate cancer
2021,175,France,Prostate cancer
2022,194,France,Prostate cancer
2023,160,France,Prostate cancer
2024,99,France,Prostate cancer
2025,4,France,Prostate cancer
1994,20,France,Prostate cancer
1995,22,France,Prostate cancer
1993,12,France,Prostate cancer
1996,33,France,Prostate cancer
1984,0,France,Prostate cancer
1985,0,France,Prostate cancer
1986,0,France,Prostate cancer
1992,12,France,Rectal cancer
1991,7,France,Rectal cancer
2001,19,France,Rectal cancer
2002,12,France,Rectal cancer
2003,24,France,Rectal cancer
1996,11,France,Rectal cancer
2004,23,France,Rectal cancer
2005,28,France,Rectal cancer
2006,13,France,Rectal cancer
2007,18,France,Rectal cancer
2008,16,France,Rectal cancer
2009,18,France,Rectal cancer
2010,19,France,Rectal cancer
2011,26,France,Rectal cancer
2012,25,France,Rectal cancer
1989,5,France,Rectal cancer
1990,7,France,Rectal cancer
2013,22,France,Rectal cancer
2014,30,France,Rectal cancer
2015,36,France,Rectal cancer
2016,29,France,Rectal cancer
2017,43,France,Rectal cancer
2018,37,France,Rectal cancer
1987,3,France,Rectal cancer
1988,3,France,Rectal cancer
2019,36,France,Rectal cancer
2020,44,France,Rectal cancer
2021,42,France,Rectal cancer
2022,50,France,Rectal cancer
2023,36,France,Rectal cancer
2024,18,France,Rectal cancer
1994,9,France,Rectal cancer
1995,8,France,Rectal cancer
1993,12,France,Rectal cancer
1997,14,France,Rectal cancer
1998,20,France,Rectal cancer
1999,22,France,Rectal cancer
2000,14,France,Rectal cancer
1984,0,France,Rectal cancer
1985,0,France,Rectal cancer
1986,0,France,Rectal cancer
2025,0,France,Rectal cancer
2004,1,France,Salivary gland cancer
2012,1,France,Salivary gland cancer
2014,1,France,Salivary gland cancer
2017,1,France,Salivary gland cancer
2020,2,France,Salivary gland cancer
2023,3,France,Salivary gland cancer
2024,11,France,Salivary gland cancer
1984,0,France,Salivary gland cancer
1985,0,France,Salivary gland cancer
1986,0,France,Salivary gland cancer
1987,0,France,Salivary gland cancer
1988,0,France,Salivary gland cancer
1989,0,France,Salivary gland cancer
1990,0,France,Salivary gland cancer
1991,0,France,Salivary gland cancer
1992,0,France,Salivary gland cancer
1993,0,France,Salivary gland cancer
1994,0,France,Salivary gland cancer
1995,0,France,Salivary gland cancer
1996,0,France,Salivary gland cancer
1997,0,France,Salivary gland cancer
1998,0,France,Salivary gland cancer
1999,0,France,Salivary gland cancer
2000,0,France,Salivary gland cancer
2001,0,France,Salivary gland cancer
2002,0,France,Salivary gland cancer
2003,0,France,Salivary gland cancer
2005,0,France,Salivary gland cancer
2006,0,France,Salivary gland cancer
2007,0,France,Salivary gland cancer
2008,0,France,Salivary gland cancer
2009,0,France,Salivary gland cancer
2010,0,France,Salivary gland cancer
2011,0,France,Salivary gland cancer
2013,0,France,Salivary gland cancer
2015,0,France,Salivary gland cancer
2016,0,France,Salivary gland cancer
2018,0,France,Salivary gland cancer
2019,0,France,Salivary gland cancer
2021,0,France,Salivary gland cancer
2022,0,France,Salivary gland cancer
2025,0,France,Salivary gland cancer
1992,64,France,Skin cancer
1990,45,France,Skin cancer
1991,52,France,Skin cancer
2000,106,France,Skin cancer
2001,110,France,Skin cancer
2002,114,France,Skin cancer
2003,124,France,Skin cancer
2004,126,France,Skin cancer
2005,120,France,Skin cancer
2006,96,France,Skin cancer
2007,126,France,Skin cancer
2008,133,France,Skin cancer
2009,129,France,Skin cancer
2010,159,France,Skin cancer
2011,184,France,Skin cancer
1994,67,France,Skin cancer
1997,71,France,Skin cancer
2012,170,France,Skin cancer
2013,207,France,Skin cancer
1987,10,France,Skin cancer
1988,24,France,Skin cancer
1989,27,France,Skin cancer
2014,222,France,Skin cancer
1996,88,France,Skin cancer
1995,90,France,Skin cancer
2015,233,France,Skin cancer
2016,258,France,Skin cancer
2017,256,France,Skin cancer
2018,248,France,Skin cancer
2019,237,France,Skin cancer
2020,242,France,Skin cancer
2021,245,France,Skin cancer
2022,234,France,Skin cancer
2023,170,France,Skin cancer
2024,94,France,Skin cancer
2025,5,France,Skin cancer
1993,75,France,Skin cancer
1998,100,France,Skin cancer
1999,102,France,Skin cancer
1984,0,France,Skin cancer
1985,0,France,Skin cancer
1986,0,France,Skin cancer
1992,5,France,Stomach cancer
1991,9,France,Stomach cancer
2000,12,France,Stomach cancer
2001,6,France,Stomach cancer
2002,3,France,Stomach cancer
2003,7,France,Stomach cancer
2004,10,France,Stomach cancer
2005,9,France,Stomach cancer
2006,3,France,Stomach cancer
2007,5,France,Stomach cancer
2008,2,France,Stomach cancer
2009,4,France,Stomach cancer
2010,6,France,Stomach cancer
2011,7,France,Stomach cancer
2012,4,France,Stomach cancer
2013,7,France,Stomach cancer
2014,10,France,Stomach cancer
2015,7,France,Stomach cancer
2016,13,France,Stomach cancer
2017,5,France,Stomach cancer
1988,3,France,Stomach cancer
1989,5,France,Stomach cancer
2018,9,France,Stomach cancer
2019,9,France,Stomach cancer
2020,6,France,Stomach cancer
2021,10,France,Stomach cancer
2022,4,France,Stomach cancer
1987,2,France,Stomach cancer
2023,13,France,Stomach cancer
2024,7,France,Stomach cancer
1994,5,France,Stomach cancer
1995,8,France,Stomach cancer
1993,10,France,Stomach cancer
1996,3,France,Stomach cancer
1997,12,France,Stomach cancer
1998,3,France,Stomach cancer
1999,8,France,Stomach cancer
1984,0,France,Stomach cancer
1985,0,France,Stomach cancer
1986,0,France,Stomach cancer
1990,0,France,Stomach cancer
2025,0,France,Stomach cancer
1992,8,France,Testicular cancer
1990,1,France,Testicular cancer
2001,5,France,Testicular cancer
2002,6,France,Testicular cancer
2003,8,France,Testicular cancer
2004,7,France,Testicular cancer
2005,1,France,Testicular cancer
2006,3,France,Testicular cancer
2007,5,France,Testicular cancer
2008,5,France,Testicular cancer
2009,5,France,Testicular cancer
2010,5,France,Testicular cancer
2011,10,France,Testicular cancer
1988,3,France,Testicular cancer
1989,1,France,Testicular cancer
2012,9,France,Testicular cancer
2013,4,France,Testicular cancer
2014,7,France,Testicular cancer
2015,11,France,Testicular cancer
2017,5,France,Testicular cancer
2016,8,France,Testicular cancer
2018,6,France,Testicular cancer
2019,5,France,Testicular cancer
2020,5,France,Testicular cancer
2021,3,France,Testicular cancer
2022,6,France,Testicular cancer
1987,1,France,Testicular cancer
2024,6,France,Testicular cancer
2023,6,France,Testicular cancer
1994,2,France,Testicular cancer
1995,1,France,Testicular cancer
1993,2,France,Testicular cancer
1996,6,France,Testicular cancer
1997,5,France,Testicular cancer
1998,3,France,Testicular cancer
1999,2,France,Testicular cancer
2000,2,France,Testicular cancer
1984,0,France,Testicular cancer
1985,0,France,Testicular cancer
1986,0,France,Testicular cancer
1991,0,France,Testicular cancer
2025,0,France,Testicular cancer
2007,1,France,Throat cancer
2011,2,France,Throat cancer
2021,1,France,Throat cancer
2022,2,France,Throat cancer
1994,1,France,Throat cancer
1997,1,France,Throat cancer
2000,1,France,Throat cancer
1984,0,France,Throat cancer
1985,0,France,Throat cancer
1986,0,France,Throat cancer
1987,0,France,Throat cancer
1988,0,France,Throat cancer
1989,0,France,Throat cancer
1990,0,France,Throat cancer
1991,0,France,Throat cancer
1992,0,France,Throat cancer
1993,0,France,Throat cancer
1995,0,France,Throat cancer
1996,0,France,Throat cancer
1998,0,France,Throat cancer
1999,0,France,Throat cancer
2001,0,France,Throat cancer
2002,0,France,Throat cancer
2003,0,France,Throat cancer
2004,0,France,Throat cancer
2005,0,France,Throat cancer
2006,0,France,Throat cancer
2008,0,France,Throat cancer
2009,0,France,Throat cancer
2010,0,France,Throat cancer
2012,0,France,Throat cancer
2013,0,France,Throat cancer
2014,0,France,Throat cancer
2015,0,France,Throat cancer
2016,0,France,Throat cancer
2017,0,France,Throat cancer
2018,0,France,Throat cancer
2019,0,France,Throat cancer
2020,0,France,Throat cancer
2023,0,France,Throat cancer
2024,0,France,Throat cancer
2025,0,France,Throat cancer
1992,7,France,Thyroid cancer
1990,4,France,Thyroid cancer
1991,7,France,Thyroid cancer
2000,14,France,Thyroid cancer
2001,9,France,Thyroid cancer
2002,15,France,Thyroid cancer
1998,14,France,Thyroid cancer
2003,14,France,Thyroid cancer
2004,19,France,Thyroid cancer
2005,26,France,Thyroid cancer
2006,15,France,Thyroid cancer
2007,33,France,Thyroid cancer
2008,24,France,Thyroid cancer
2009,33,France,Thyroid cancer
2010,28,France,Thyroid cancer
2011,36,France,Thyroid cancer
1989,3,France,Thyroid cancer
2012,30,France,Thyroid cancer
2013,27,France,Thyroid cancer
2014,32,France,Thyroid cancer
2015,40,France,Thyroid cancer
2016,37,France,Thyroid cancer
2017,48,France,Thyroid cancer
2018,29,France,Thyroid cancer
1987,2,France,Thyroid cancer
1988,1,France,Thyroid cancer
2019,38,France,Thyroid cancer
2020,36,France,Thyroid cancer
2021,50,France,Thyroid cancer
2022,44,France,Thyroid cancer
2023,40,France,Thyroid cancer
2024,18,France,Thyroid cancer
1993,5,France,Thyroid cancer
1995,9,France,Thyroid cancer
1996,15,France,Thyroid cancer
1997,18,France,Thyroid cancer
1999,19,France,Thyroid cancer
1984,0,France,Thyroid cancer
1985,0,France,Thyroid cancer
1986,0,France,Thyroid cancer
1994,0,France,Thyroid cancer
2025,0,France,Thyroid cancer
1990,720,France,Undetermined cancer
1991,1073,France,Undetermined cancer
1992,1179,France,Undetermined cancer
1994,1177,France,Undetermined cancer
1995,1146,France,Undetermined cancer
1996,1278,France,Undetermined cancer
1997,1231,France,Undetermined cancer
1998,1411,France,Undetermined cancer
1999,1352,France,Undetermined cancer
2000,1260,France,Undetermined cancer
2001,1286,France,Undetermined cancer
2002,1279,France,Undetermined cancer
2003,1424,France,Undetermined cancer
2004,1385,France,Undetermined cancer
1993,1224,France,Undetermined cancer
2005,1353,France,Undetermined cancer
1989,702,France,Undetermined cancer
2006,1205,France,Undetermined cancer
2007,1260,France,Undetermined cancer
2008,1583,France,Undetermined cancer
2009,1552,France,Undetermined cancer
2011,1633,France,Undetermined cancer
2010,1613,France,Undetermined cancer
2012,1701,France,Undetermined cancer
2013,1853,France,Undetermined cancer
1985,7,France,Undetermined cancer
1987,385,France,Undetermined cancer
1988,600,France,Undetermined cancer
2014,2039,France,Undetermined cancer
2015,2186,France,Undetermined cancer
2016,2351,France,Undetermined cancer
2017,2525,France,Undetermined cancer
2018,2503,France,Undetermined cancer
2020,2972,France,Undetermined cancer
2019,2684,France,Undetermined cancer
1986,10,France,Undetermined cancer
2021,3121,France,Undetermined cancer
2022,2872,France,Undetermined cancer
2023,2561,France,Undetermined cancer
2024,1690,France,Undetermined cancer
2025,32,France,Undetermined cancer
1984,0,France,Undetermined cancer
1992,1,France,Uterine cancer
1991,2,France,Uterine cancer
2001,10,France,Uterine cancer
2002,8,France,Uterine cancer
2003,14,France,Uterine cancer
1999,4,France,Uterine cancer
2004,15,France,Uterine cancer
2005,10,France,Uterine cancer
2006,8,France,Uterine cancer
2007,14,France,Uterine cancer
2008,14,France,Uterine cancer
2009,6,France,Uterine cancer
2010,14,France,Uterine cancer
2011,16,France,Uterine cancer
1989,2,France,Uterine cancer
1990,1,France,Uterine cancer
2012,28,France,Uterine cancer
2013,24,France,Uterine cancer
2014,31,France,Uterine cancer
2015,31,France,Uterine cancer
2016,18,France,Uterine cancer
2017,33,France,Uterine cancer
1988,3,France,Uterine cancer
2018,24,France,Uterine cancer
2019,29,France,Uterine cancer
2020,29,France,Uterine cancer
2021,40,France,Uterine cancer
2022,40,France,Uterine cancer
2023,33,France,Uterine cancer
2024,16,France,Uterine cancer
1994,2,France,Uterine cancer
1995,8,France,Uterine cancer
1993,4,France,Uterine cancer
1996,3,France,Uterine cancer
1997,9,France,Uterine cancer
1998,5,France,Uterine cancer
2000,5,France,Uterine cancer
1984,0,France,Uterine cancer
1985,0,France,Uterine cancer
1986,0,France,Uterine cancer
1987,0,France,Uterine cancer
2025,0,France,Uterine cancer
1992,1,France,Vaginal cancer
2009,2,France,Vaginal cancer
2011,1,France,Vaginal cancer
2012,1,France,Vaginal cancer
2013,1,France,Vaginal cancer
2014,1,France,Vaginal cancer
2016,1,France,Vaginal cancer
1989,1,France,Vaginal cancer
2018,3,France,Vaginal cancer
2021,4,France,Vaginal cancer
2022,3,France,Vaginal cancer
2023,2,France,Vaginal cancer
2024,1,France,Vaginal cancer
1984,0,France,Vaginal cancer
1985,0,France,Vaginal cancer
1986,0,France,Vaginal cancer
1987,0,France,Vaginal cancer
1988,0,France,Vaginal cancer
1990,0,France,Vaginal cancer
1991,0,France,Vaginal cancer
1993,0,France,Vaginal cancer
1994,0,France,Vaginal cancer
1995,0,France,Vaginal cancer
1996,0,France,Vaginal cancer
1997,0,France,Vaginal cancer
1998,0,France,Vaginal cancer
1999,0,France,Vaginal cancer
2000,0,France,Vaginal cancer
2001,0,France,Vaginal cancer
2002,0,France,Vaginal cancer
2003,0,France,Vaginal cancer
2004,0,France,Vaginal cancer
2005,0,France,Vaginal cancer
2006,0,France,Vaginal cancer
2007,0,France,Vaginal cancer
2008,0,France,Vaginal cancer
2010,0,France,Vaginal cancer
2015,0,France,Vaginal cancer
2017,0,France,Vaginal cancer
2019,0,France,Vaginal cancer
2020,0,France,Vaginal cancer
2025,0,France,Vaginal cancer
2002,1,France,Vulvar cancer
2003,1,France,Vulvar cancer
2004,2,France,Vulvar cancer
2005,2,France,Vulvar cancer
2006,3,France,Vulvar cancer
2007,3,France,Vulvar cancer
2008,2,France,Vulvar cancer
2009,1,France,Vulvar cancer
2012,4,France,Vulvar cancer
2013,1,France,Vulvar cancer
2014,2,France,Vulvar cancer
2017,1,France,Vulvar cancer
1988,1,France,Vulvar cancer
2018,1,France,Vulvar cancer
2019,6,France,Vulvar cancer
2020,7,France,Vulvar cancer
2021,8,France,Vulvar cancer
2022,5,France,Vulvar cancer
2023,2,France,Vulvar cancer
2024,3,France,Vulvar cancer
1995,2,France,Vulvar cancer
1997,1,France,Vulvar cancer
1998,2,France,Vulvar cancer
1984,0,France,Vulvar cancer
1985,0,France,Vulvar cancer
1986,0,France,Vulvar cancer
1987,0,France,Vulvar cancer
1989,0,France,Vulvar cancer
1990,0,France,Vulvar cancer
1991,0,France,Vulvar cancer
1992,0,France,Vulvar cancer
1993,0,France,Vulvar cancer
1994,0,France,Vulvar cancer
1996,0,France,Vulvar cancer
1999,0,France,Vulvar cancer
2000,0,France,Vulvar cancer
2001,0,France,Vulvar cancer
2010,0,France,Vulvar cancer
2011,0,France,Vulvar cancer
2015,0,France,Vulvar cancer
2016,0,France,Vulvar cancer
2025,0,France,Vulvar cancer
2003,3,Sweden,Anal cancer
2005,2,Sweden,Anal cancer
2006,2,Sweden,Anal cancer
2011,2,Sweden,Anal cancer
2012,1,Sweden,Anal cancer
2014,2,Sweden,Anal cancer
2016,1,Sweden,Anal cancer
2015,1,Sweden,Anal cancer
2018,3,Sweden,Anal cancer
2019,2,Sweden,Anal cancer
2020,5,Sweden,Anal cancer
2021,10,Sweden,Anal cancer
2022,6,Sweden,Anal cancer
2023,1,Sweden,Anal cancer
2024,3,Sweden,Anal cancer
1993,2,Sweden,Anal cancer
1995,1,Sweden,Anal cancer
1998,1,Sweden,Anal cancer
2000,2,Sweden,Anal cancer
1984,0,Sweden,Anal cancer
1985,0,Sweden,Anal cancer
1986,0,Sweden,Anal cancer
1987,0,Sweden,Anal cancer
1988,0,Sweden,Anal cancer
1989,0,Sweden,Anal cancer
1990,0,Sweden,Anal cancer
1991,0,Sweden,Anal cancer
1992,0,Sweden,Anal cancer
1994,0,Sweden,Anal cancer
1996,0,Sweden,Anal cancer
1997,0,Sweden,Anal cancer
1999,0,Sweden,Anal cancer
2001,0,Sweden,Anal cancer
2002,0,Sweden,Anal cancer
2004,0,Sweden,Anal cancer
2007,0,Sweden,Anal cancer
2008,0,Sweden,Anal cancer
2009,0,Sweden,Anal cancer
2010,0,Sweden,Anal cancer
2013,0,Sweden,Anal cancer
2017,0,Sweden,Anal cancer
2025,0,Sweden,Anal cancer
1992,5,Sweden,Bladder cancer
1991,4,Sweden,Bladder cancer
2001,17,Sweden,Bladder cancer
2002,16,Sweden,Bladder cancer
2003,15,Sweden,Bladder cancer
2004,7,Sweden,Bladder cancer
2005,17,Sweden,Bladder cancer
2006,12,Sweden,Bladder cancer
2007,9,Sweden,Bladder cancer
2008,21,Sweden,Bladder cancer
2009,14,Sweden,Bladder cancer
2010,19,Sweden,Bladder cancer
2011,14,Sweden,Bladder cancer
1995,4,Sweden,Bladder cancer
1989,6,Sweden,Bladder cancer
1990,4,Sweden,Bladder cancer
2012,17,Sweden,Bladder cancer
2013,15,Sweden,Bladder cancer
2014,18,Sweden,Bladder cancer
2015,20,Sweden,Bladder cancer
2016,20,Sweden,Bladder cancer
2017,19,Sweden,Bladder cancer
2018,27,Sweden,Bladder cancer
1988,5,Sweden,Bladder cancer
2019,24,Sweden,Bladder cancer
2020,25,Sweden,Bladder cancer
2021,25,Sweden,Bladder cancer
2022,36,Sweden,Bladder cancer
2023,30,Sweden,Bladder cancer
1987,6,Sweden,Bladder cancer
2024,19,Sweden,Bladder cancer
2025,1,Sweden,Bladder cancer
1993,12,Sweden,Bladder cancer
1994,12,Sweden,Bladder cancer
1996,7,Sweden,Bladder cancer
1997,10,Sweden,Bladder cancer
1998,8,Sweden,Bladder cancer
1999,6,Sweden,Bladder cancer
2000,16,Sweden,Bladder cancer
1984,0,Sweden,Bladder cancer
1985,0,Sweden,Bladder cancer
1986,0,Sweden,Bladder cancer
1992,11,Sweden,Brain cancer
1990,15,Sweden,Brain cancer
1991,10,Sweden,Brain cancer
2001,9,Sweden,Brain cancer
2002,17,Sweden,Brain cancer
2003,17,Sweden,Brain cancer
2004,17,Sweden,Brain cancer
2005,20,Sweden,Brain cancer
2006,20,Sweden,Brain cancer
2007,27,Sweden,Brain cancer
2008,11,Sweden,Brain cancer
2009,25,Sweden,Brain cancer
2010,22,Sweden,Brain cancer
2011,24,Sweden,Brain cancer
1989,11,Sweden,Brain cancer
2012,26,Sweden,Brain cancer
2013,33,Sweden,Brain cancer
2014,31,Sweden,Brain cancer
2015,32,Sweden,Brain cancer
2016,37,Sweden,Brain cancer
2017,30,Sweden,Brain cancer
2018,45,Sweden,Brain cancer
1986,1,Sweden,Brain cancer
1987,3,Sweden,Brain cancer
1988,6,Sweden,Brain cancer
2019,39,Sweden,Brain cancer
2020,48,Sweden,Brain cancer
2021,40,Sweden,Brain cancer
2022,53,Sweden,Brain cancer
2023,37,Sweden,Brain cancer
2024,16,Sweden,Brain cancer
2025,1,Sweden,Brain cancer
1993,20,Sweden,Brain cancer
1994,22,Sweden,Brain cancer
1995,10,Sweden,Brain cancer
1996,18,Sweden,Brain cancer
1997,22,Sweden,Brain cancer
1998,10,Sweden,Brain cancer
1999,15,Sweden,Brain cancer
2000,16,Sweden,Brain cancer
1984,0,Sweden,Brain cancer
1985,0,Sweden,Brain cancer
1992,50,Sweden,Breast cancer
1990,44,Sweden,Breast cancer
1991,35,Sweden,Breast cancer
2000,101,Sweden,Breast cancer
2001,93,Sweden,Breast cancer
1994,55,Sweden,Breast cancer
2002,82,Sweden,Breast cancer
2003,98,Sweden,Breast cancer
2004,75,Sweden,Breast cancer
2005,109,Sweden,Breast cancer
2006,95,Sweden,Breast cancer
2007,117,Sweden,Breast cancer
2008,121,Sweden,Breast cancer
2009,119,Sweden,Breast cancer
2010,103,Sweden,Breast cancer
2011,119,Sweden,Breast cancer
1993,51,Sweden,Breast cancer
1996,82,Sweden,Breast cancer
2012,134,Sweden,Breast cancer
2014,142,Sweden,Breast cancer
1988,27,Sweden,Breast cancer
1989,44,Sweden,Breast cancer
2013,152,Sweden,Breast cancer
1999,82,Sweden,Breast cancer
2016,161,Sweden,Breast cancer
2015,156,Sweden,Breast cancer
2017,165,Sweden,Breast cancer
2018,169,Sweden,Breast cancer
1987,18,Sweden,Breast cancer
2019,150,Sweden,Breast cancer
2020,182,Sweden,Breast cancer
2021,189,Sweden,Breast cancer
2022,159,Sweden,Breast cancer
2023,163,Sweden,Breast cancer
2024,112,Sweden,Breast cancer
1995,60,Sweden,Breast cancer
1997,60,Sweden,Breast cancer
1998,70,Sweden,Breast cancer
1984,0,Sweden,Breast cancer
1985,0,Sweden,Breast cancer
1986,0,Sweden,Breast cancer
2025,0,Sweden,Breast cancer
1992,1,Sweden,Cervical cancer
1990,1,Sweden,Cervical cancer
1991,2,Sweden,Cervical cancer
2000,16,Sweden,Cervical cancer
2001,17,Sweden,Cervical cancer
2002,17,Sweden,Cervical cancer
2003,8,Sweden,Cervical cancer
2004,14,Sweden,Cervical cancer
2005,17,Sweden,Cervical cancer
2006,17,Sweden,Cervical cancer
2007,22,Sweden,Cervical cancer
2008,17,Sweden,Cervical cancer
2009,16,Sweden,Cervical cancer
2010,15,Sweden,Cervical cancer
2011,27,Sweden,Cervical cancer
2012,19,Sweden,Cervical cancer
1989,4,Sweden,Cervical cancer
2013,22,Sweden,Cervical cancer
2015,33,Sweden,Cervical cancer
2014,29,Sweden,Cervical cancer
2016,21,Sweden,Cervical cancer
2017,21,Sweden,Cervical cancer
1987,2,Sweden,Cervical cancer
1988,3,Sweden,Cervical cancer
2018,19,Sweden,Cervical cancer
2019,31,Sweden,Cervical cancer
2020,37,Sweden,Cervical cancer
2021,38,Sweden,Cervical cancer
2022,32,Sweden,Cervical cancer
2023,30,Sweden,Cervical cancer
2024,22,Sweden,Cervical cancer
1994,3,Sweden,Cervical cancer
1995,11,Sweden,Cervical cancer
1993,5,Sweden,Cervical cancer
1996,9,Sweden,Cervical cancer
1997,11,Sweden,Cervical cancer
1998,5,Sweden,Cervical cancer
1999,16,Sweden,Cervical cancer
1984,0,Sweden,Cervical cancer
1985,0,Sweden,Cervical cancer
1986,0,Sweden,Cervical cancer
2025,0,Sweden,Cervical cancer
1992,9,Sweden,Colon cancer
1990,11,Sweden,Colon cancer
1991,7,Sweden,Colon cancer
2001,20,Sweden,Colon cancer
2002,8,Sweden,Colon cancer
2003,24,Sweden,Colon cancer
2004,19,Sweden,Colon cancer
2005,30,Sweden,Colon cancer
2006,16,Sweden,Colon cancer
1996,11,Sweden,Colon cancer
2007,19,Sweden,Colon cancer
2008,20,Sweden,Colon cancer
2009,25,Sweden,Colon cancer
2010,23,Sweden,Colon cancer
2011,24,Sweden,Colon cancer
1988,2,Sweden,Colon cancer
1989,6,Sweden,Colon cancer
2012,28,Sweden,Colon cancer
2013,34,Sweden,Colon cancer
2014,32,Sweden,Colon cancer
2015,21,Sweden,Colon cancer
2016,31,Sweden,Colon cancer
2017,29,Sweden,Colon cancer
2018,25,Sweden,Colon cancer
2019,31,Sweden,Colon cancer
2020,26,Sweden,Colon cancer
2021,35,Sweden,Colon cancer
2022,32,Sweden,Colon cancer
1987,2,Sweden,Colon cancer
2023,27,Sweden,Colon cancer
2024,16,Sweden,Colon cancer
1993,11,Sweden,Colon cancer
1994,5,Sweden,Colon cancer
1995,9,Sweden,Colon cancer
1997,9,Sweden,Colon cancer
1998,9,Sweden,Colon cancer
1999,13,Sweden,Colon cancer
2000,7,Sweden,Colon cancer
1984,0,Sweden,Colon cancer
1985,0,Sweden,Colon cancer
1986,0,Sweden,Colon cancer
2025,0,Sweden,Colon cancer
1992,9,Sweden,Colorectal cancer
1990,12,Sweden,Colorectal cancer
1991,8,Sweden,Colorectal cancer
2000,21,Sweden,Colorectal cancer
2001,39,Sweden,Colorectal cancer
2002,28,Sweden,Colorectal cancer
1999,30,Sweden,Colorectal cancer
2003,43,Sweden,Colorectal cancer
2004,32,Sweden,Colorectal cancer
2005,40,Sweden,Colorectal cancer
2006,37,Sweden,Colorectal cancer
2007,34,Sweden,Colorectal cancer
2008,34,Sweden,Colorectal cancer
2009,41,Sweden,Colorectal cancer
2010,43,Sweden,Colorectal cancer
2011,52,Sweden,Colorectal cancer
2012,63,Sweden,Colorectal cancer
1988,17,Sweden,Colorectal cancer
1989,6,Sweden,Colorectal cancer
2013,43,Sweden,Colorectal cancer
2014,50,Sweden,Colorectal cancer
2015,59,Sweden,Colorectal cancer
2016,70,Sweden,Colorectal cancer
2017,86,Sweden,Colorectal cancer
2018,78,Sweden,Colorectal cancer
1987,3,Sweden,Colorectal cancer
2019,76,Sweden,Colorectal cancer
2020,75,Sweden,Colorectal cancer
2021,107,Sweden,Colorectal cancer
2022,104,Sweden,Colorectal cancer
2023,105,Sweden,Colorectal cancer
2024,79,Sweden,Colorectal cancer
2025,1,Sweden,Colorectal cancer
1993,10,Sweden,Colorectal cancer
1994,19,Sweden,Colorectal cancer
1995,22,Sweden,Colorectal cancer
1996,14,Sweden,Colorectal cancer
1997,21,Sweden,Colorectal cancer
1998,17,Sweden,Colorectal cancer
1984,0,Sweden,Colorectal cancer
1985,0,Sweden,Colorectal cancer
1986,0,Sweden,Colorectal cancer
2001,1,Sweden,Esophageal cancer
2002,4,Sweden,Esophageal cancer
2005,7,Sweden,Esophageal cancer
2006,5,Sweden,Esophageal cancer
2007,7,Sweden,Esophageal cancer
2008,3,Sweden,Esophageal cancer
2009,4,Sweden,Esophageal cancer
2010,1,Sweden,Esophageal cancer
2011,3,Sweden,Esophageal cancer
1987,1,Sweden,Esophageal cancer
2012,10,Sweden,Esophageal cancer
2013,6,Sweden,Esophageal cancer
2014,2,Sweden,Esophageal cancer
2015,10,Sweden,Esophageal cancer
2016,13,Sweden,Esophageal cancer
2017,12,Sweden,Esophageal cancer
2018,9,Sweden,Esophageal cancer
2019,16,Sweden,Esophageal cancer
2020,13,Sweden,Esophageal cancer
2021,14,Sweden,Esophageal cancer
2022,12,Sweden,Esophageal cancer
2023,12,Sweden,Esophageal cancer
2024,7,Sweden,Esophageal cancer
1993,2,Sweden,Esophageal cancer
1994,1,Sweden,Esophageal cancer
1996,1,Sweden,Esophageal cancer
1998,2,Sweden,Esophageal cancer
1999,1,Sweden,Esophageal cancer
2000,4,Sweden,Esophageal cancer
1984,0,Sweden,Esophageal cancer
1985,0,Sweden,Esophageal cancer
1986,0,Sweden,Esophageal cancer
1988,0,Sweden,Esophageal cancer
1989,0,Sweden,Esophageal cancer
1990,0,Sweden,Esophageal cancer
1991,0,Sweden,Esophageal cancer
1992,0,Sweden,Esophageal cancer
1995,0,Sweden,Esophageal cancer
1997,0,Sweden,Esophageal cancer
2003,0,Sweden,Esophageal cancer
2004,0,Sweden,Esophageal cancer
2025,0,Sweden,Esophageal cancer
1992,1,Sweden,Gallbladder cancer
2001,3,Sweden,Gallbladder cancer
2002,1,Sweden,Gallbladder cancer
2005,1,Sweden,Gallbladder cancer
2007,1,Sweden,Gallbladder cancer
2010,1,Sweden,Gallbladder cancer
2012,3,Sweden,Gallbladder cancer
2014,2,Sweden,Gallbladder cancer
2015,1,Sweden,Gallbladder cancer
2016,3,Sweden,Gallbladder cancer
2017,8,Sweden,Gallbladder cancer
1987,1,Sweden,Gallbladder cancer
1988,1,Sweden,Gallbladder cancer
2018,3,Sweden,Gallbladder cancer
2019,3,Sweden,Gallbladder cancer
2020,5,Sweden,Gallbladder cancer
2021,2,Sweden,Gallbladder cancer
2022,4,Sweden,Gallbladder cancer
2023,6,Sweden,Gallbladder cancer
2024,1,Sweden,Gallbladder cancer
1999,2,Sweden,Gallbladder cancer
2000,2,Sweden,Gallbladder cancer
1984,0,Sweden,Gallbladder cancer
1985,0,Sweden,Gallbladder cancer
1986,0,Sweden,Gallbladder cancer
1989,0,Sweden,Gallbladder cancer
1990,0,Sweden,Gallbladder cancer
1991,0,Sweden,Gallbladder cancer
1993,0,Sweden,Gallbladder cancer
1994,0,Sweden,Gallbladder cancer
1995,0,Sweden,Gallbladder cancer
1996,0,Sweden,Gallbladder cancer
1997,0,Sweden,Gallbladder cancer
1998,0,Sweden,Gallbladder cancer
2003,0,Sweden,Gallbladder cancer
2004,0,Sweden,Gallbladder cancer
2006,0,Sweden,Gallbladder cancer
2008,0,Sweden,Gallbladder cancer
2009,0,Sweden,Gallbladder cancer
2011,0,Sweden,Gallbladder cancer
2013,0,Sweden,Gallbladder cancer
2025,0,Sweden,Gallbladder cancer
1991,2,Sweden,Hodgkin lymphoma
2001,4,Sweden,Hodgkin lymphoma
2002,4,Sweden,Hodgkin lymphoma
2003,5,Sweden,Hodgkin lymphoma
2004,3,Sweden,Hodgkin lymphoma
2005,14,Sweden,Hodgkin lymphoma
2006,13,Sweden,Hodgkin lymphoma
2008,13,Sweden,Hodgkin lymphoma
2007,6,Sweden,Hodgkin lymphoma
2009,8,Sweden,Hodgkin lymphoma
2010,7,Sweden,Hodgkin lymphoma
2011,11,Sweden,Hodgkin lymphoma
1989,4,Sweden,Hodgkin lymphoma
1990,4,Sweden,Hodgkin lymphoma
2012,7,Sweden,Hodgkin lymphoma
2013,6,Sweden,Hodgkin lymphoma
2014,2,Sweden,Hodgkin lymphoma
2015,10,Sweden,Hodgkin lymphoma
2016,7,Sweden,Hodgkin lymphoma
2017,5,Sweden,Hodgkin lymphoma
2018,6,Sweden,Hodgkin lymphoma
1987,5,Sweden,Hodgkin lymphoma
1988,5,Sweden,Hodgkin lymphoma
2019,7,Sweden,Hodgkin lymphoma
2020,14,Sweden,Hodgkin lymphoma
2021,11,Sweden,Hodgkin lymphoma
2022,17,Sweden,Hodgkin lymphoma
2023,10,Sweden,Hodgkin lymphoma
2024,8,Sweden,Hodgkin lymphoma
1995,3,Sweden,Hodgkin lymphoma
1993,2,Sweden,Hodgkin lymphoma
1996,1,Sweden,Hodgkin lymphoma
1997,2,Sweden,Hodgkin lymphoma
1998,3,Sweden,Hodgkin lymphoma
1999,5,Sweden,Hodgkin lymphoma
2000,3,Sweden,Hodgkin lymphoma
1984,0,Sweden,Hodgkin lymphoma
1985,0,Sweden,Hodgkin lymphoma
1986,0,Sweden,Hodgkin lymphoma
1992,0,Sweden,Hodgkin lymphoma
1994,0,Sweden,Hodgkin lymphoma
2025,0,Sweden,Hodgkin lymphoma
2004,1,Sweden,Kaposi sarcoma
2005,1,Sweden,Kaposi sarcoma
2006,1,Sweden,Kaposi sarcoma
2007,3,Sweden,Kaposi sarcoma
1990,1,Sweden,Kaposi sarcoma
2013,1,Sweden,Kaposi sarcoma
2023,1,Sweden,Kaposi sarcoma
1984,0,Sweden,Kaposi sarcoma
1985,0,Sweden,Kaposi sarcoma
1986,0,Sweden,Kaposi sarcoma
1987,0,Sweden,Kaposi sarcoma
1988,0,Sweden,Kaposi sarcoma
1989,0,Sweden,Kaposi sarcoma
1991,0,Sweden,Kaposi sarcoma
1992,0,Sweden,Kaposi sarcoma
1993,0,Sweden,Kaposi sarcoma
1994,0,Sweden,Kaposi sarcoma
1995,0,Sweden,Kaposi sarcoma
1996,0,Sweden,Kaposi sarcoma
1997,0,Sweden,Kaposi sarcoma
1998,0,Sweden,Kaposi sarcoma
1999,0,Sweden,Kaposi sarcoma
2000,0,Sweden,Kaposi sarcoma
2001,0,Sweden,Kaposi sarcoma
2002,0,Sweden,Kaposi sarcoma
2003,0,Sweden,Kaposi sarcoma
2008,0,Sweden,Kaposi sarcoma
2009,0,Sweden,Kaposi sarcoma
2010,0,Sweden,Kaposi sarcoma
2011,0,Sweden,Kaposi sarcoma
2012,0,Sweden,Kaposi sarcoma
2014,0,Sweden,Kaposi sarcoma
2015,0,Sweden,Kaposi sarcoma
2016,0,Sweden,Kaposi sarcoma
2017,0,Sweden,Kaposi sarcoma
2018,0,Sweden,Kaposi sarcoma
2019,0,Sweden,Kaposi sarcoma
2020,0,Sweden,Kaposi sarcoma
2021,0,Sweden,Kaposi sarcoma
2022,0,Sweden,Kaposi sarcoma
2024,0,Sweden,Kaposi sarcoma
2025,0,Sweden,Kaposi sarcoma
1992,8,Sweden,Kidney cancer
1990,10,Sweden,Kidney cancer
1991,9,Sweden,Kidney cancer
2001,13,Sweden,Kidney cancer
2002,9,Sweden,Kidney cancer
2003,14,Sweden,Kidney cancer
2004,17,Sweden,Kidney cancer
2005,10,Sweden,Kidney cancer
2006,15,Sweden,Kidney cancer
2007,12,Sweden,Kidney cancer
2008,7,Sweden,Kidney cancer
2009,17,Sweden,Kidney cancer
2010,7,Sweden,Kidney cancer
2011,6,Sweden,Kidney cancer
1995,15,Sweden,Kidney cancer
1987,2,Sweden,Kidney cancer
1989,5,Sweden,Kidney cancer
2012,10,Sweden,Kidney cancer
2013,16,Sweden,Kidney cancer
2014,13,Sweden,Kidney cancer
2015,13,Sweden,Kidney cancer
2016,16,Sweden,Kidney cancer
2017,19,Sweden,Kidney cancer
1988,9,Sweden,Kidney cancer
2018,13,Sweden,Kidney cancer
2019,12,Sweden,Kidney cancer
2020,15,Sweden,Kidney cancer
2021,16,Sweden,Kidney cancer
2022,19,Sweden,Kidney cancer
2023,22,Sweden,Kidney cancer
2024,19,Sweden,Kidney cancer
1993,9,Sweden,Kidney cancer
1994,9,Sweden,Kidney cancer
1996,15,Sweden,Kidney cancer
1997,9,Sweden,Kidney cancer
1998,12,Sweden,Kidney cancer
1999,17,Sweden,Kidney cancer
2000,6,Sweden,Kidney cancer
1984,0,Sweden,Kidney cancer
1985,0,Sweden,Kidney cancer
1986,0,Sweden,Kidney cancer
2025,0,Sweden,Kidney cancer
2001,1,Sweden,Laryngeal cancer
2002,2,Sweden,Laryngeal cancer
2003,3,Sweden,Laryngeal cancer
2004,1,Sweden,Laryngeal cancer
2005,1,Sweden,Laryngeal cancer
2007,1,Sweden,Laryngeal cancer
2008,1,Sweden,Laryngeal cancer
2009,1,Sweden,Laryngeal cancer
2010,2,Sweden,Laryngeal cancer
2011,2,Sweden,Laryngeal cancer
2012,3,Sweden,Laryngeal cancer
2014,3,Sweden,Laryngeal cancer
2015,2,Sweden,Laryngeal cancer
2016,3,Sweden,Laryngeal cancer
2017,4,Sweden,Laryngeal cancer
2018,1,Sweden,Laryngeal cancer
2019,1,Sweden,Laryngeal cancer
2020,3,Sweden,Laryngeal cancer
2021,1,Sweden,Laryngeal cancer
2022,2,Sweden,Laryngeal cancer
2024,2,Sweden,Laryngeal cancer
1994,2,Sweden,Laryngeal cancer
1993,1,Sweden,Laryngeal cancer
1996,1,Sweden,Laryngeal cancer
1998,5,Sweden,Laryngeal cancer
1999,2,Sweden,Laryngeal cancer
1984,0,Sweden,Laryngeal cancer
1985,0,Sweden,Laryngeal cancer
1986,0,Sweden,Laryngeal cancer
1987,0,Sweden,Laryngeal cancer
1988,0,Sweden,Laryngeal cancer
1989,0,Sweden,Laryngeal cancer
1990,0,Sweden,Laryngeal cancer
1991,0,Sweden,Laryngeal cancer
1992,0,Sweden,Laryngeal cancer
1995,0,Sweden,Laryngeal cancer
1997,0,Sweden,Laryngeal cancer
2000,0,Sweden,Laryngeal cancer
2006,0,Sweden,Laryngeal cancer
2013,0,Sweden,Laryngeal cancer
2023,0,Sweden,Laryngeal cancer
2025,0,Sweden,Laryngeal cancer
1992,79,Sweden,Leukemia
1990,64,Sweden,Leukemia
1991,64,Sweden,Leukemia
2000,71,Sweden,Leukemia
2001,79,Sweden,Leukemia
2002,69,Sweden,Leukemia
2003,69,Sweden,Leukemia
2004,69,Sweden,Leukemia
2005,74,Sweden,Leukemia
2006,70,Sweden,Leukemia
2007,73,Sweden,Leukemia
2008,64,Sweden,Leukemia
2009,84,Sweden,Leukemia
2010,60,Sweden,Leukemia
2011,79,Sweden,Leukemia
2012,71,Sweden,Leukemia
1987,22,Sweden,Leukemia
1988,68,Sweden,Leukemia
1989,63,Sweden,Leukemia
2013,76,Sweden,Leukemia
2014,67,Sweden,Leukemia
2015,91,Sweden,Leukemia
2016,88,Sweden,Leukemia
2017,87,Sweden,Leukemia
2018,71,Sweden,Leukemia
1986,4,Sweden,Leukemia
2019,54,Sweden,Leukemia
2020,69,Sweden,Leukemia
2021,76,Sweden,Leukemia
2022,85,Sweden,Leukemia
2023,69,Sweden,Leukemia
2024,39,Sweden,Leukemia
1993,83,Sweden,Leukemia
1994,93,Sweden,Leukemia
1995,85,Sweden,Leukemia
1996,81,Sweden,Leukemia
1997,83,Sweden,Leukemia
1998,60,Sweden,Leukemia
1999,61,Sweden,Leukemia
1984,0,Sweden,Leukemia
1985,0,Sweden,Leukemia
2025,0,Sweden,Leukemia
1992,6,Sweden,Liver cancer
1990,3,Sweden,Liver cancer
1991,4,Sweden,Liver cancer
2001,6,Sweden,Liver cancer
2002,5,Sweden,Liver cancer
2003,10,Sweden,Liver cancer
2005,7,Sweden,Liver cancer
2006,9,Sweden,Liver cancer
2007,8,Sweden,Liver cancer
2008,5,Sweden,Liver cancer
2009,3,Sweden,Liver cancer
2010,9,Sweden,Liver cancer
2011,5,Sweden,Liver cancer
1993,7,Sweden,Liver cancer
1988,7,Sweden,Liver cancer
1989,5,Sweden,Liver cancer
2012,10,Sweden,Liver cancer
2013,6,Sweden,Liver cancer
2014,12,Sweden,Liver cancer
2015,13,Sweden,Liver cancer
2016,13,Sweden,Liver cancer
2017,16,Sweden,Liver cancer
2018,16,Sweden,Liver cancer
1987,2,Sweden,Liver cancer
2019,27,Sweden,Liver cancer
2020,35,Sweden,Liver cancer
2021,27,Sweden,Liver cancer
2022,32,Sweden,Liver cancer
2023,34,Sweden,Liver cancer
2024,16,Sweden,Liver cancer
2025,1,Sweden,Liver cancer
1994,3,Sweden,Liver cancer
1995,9,Sweden,Liver cancer
1996,14,Sweden,Liver cancer
1997,6,Sweden,Liver cancer
1998,7,Sweden,Liver cancer
1999,8,Sweden,Liver cancer
2000,5,Sweden,Liver cancer
1984,0,Sweden,Liver cancer
1985,0,Sweden,Liver cancer
1986,0,Sweden,Liver cancer
2004,0,Sweden,Liver cancer
1992,11,Sweden,Lung cancer
1990,7,Sweden,Lung cancer
1991,9,Sweden,Lung cancer
2001,11,Sweden,Lung cancer
2002,11,Sweden,Lung cancer
2003,18,Sweden,Lung cancer
2004,9,Sweden,Lung cancer
2005,17,Sweden,Lung cancer
2006,15,Sweden,Lung cancer
2007,15,Sweden,Lung cancer
2008,11,Sweden,Lung cancer
2009,13,Sweden,Lung cancer
2010,11,Sweden,Lung cancer
2011,14,Sweden,Lung cancer
1993,9,Sweden,Lung cancer
1988,9,Sweden,Lung cancer
1989,8,Sweden,Lung cancer
2012,18,Sweden,Lung cancer
2013,16,Sweden,Lung cancer
2014,23,Sweden,Lung cancer
2015,32,Sweden,Lung cancer
2016,22,Sweden,Lung cancer
2017,29,Sweden,Lung cancer
2018,30,Sweden,Lung cancer
1987,2,Sweden,Lung cancer
2019,43,Sweden,Lung cancer
2020,52,Sweden,Lung cancer
2021,47,Sweden,Lung cancer
2022,62,Sweden,Lung cancer
2023,55,Sweden,Lung cancer
2024,25,Sweden,Lung cancer
2025,1,Sweden,Lung cancer
1994,6,Sweden,Lung cancer
1995,12,Sweden,Lung cancer
1996,21,Sweden,Lung cancer
1997,9,Sweden,Lung cancer
1998,13,Sweden,Lung cancer
1999,13,Sweden,Lung cancer
2000,7,Sweden,Lung cancer
1984,0,Sweden,Lung cancer
1985,0,Sweden,Lung cancer
1986,0,Sweden,Lung cancer
1992,3,Sweden,Mesothelioma
1991,5,Sweden,Mesothelioma
2000,7,Sweden,Mesothelioma
2001,8,Sweden,Mesothelioma
2002,3,Sweden,Mesothelioma
2003,8,Sweden,Mesothelioma
2004,5,Sweden,Mesothelioma
2005,5,Sweden,Mesothelioma
2006,7,Sweden,Mesothelioma
2008,10,Sweden,Mesothelioma
2007,6,Sweden,Mesothelioma
2009,1,Sweden,Mesothelioma
2010,5,Sweden,Mesothelioma
1989,5,Sweden,Mesothelioma
1990,5,Sweden,Mesothelioma
2011,1,Sweden,Mesothelioma
2012,1,Sweden,Mesothelioma
2013,6,Sweden,Mesothelioma
2014,6,Sweden,Mesothelioma
2015,4,Sweden,Mesothelioma
2016,2,Sweden,Mesothelioma
1988,5,Sweden,Mesothelioma
2017,3,Sweden,Mesothelioma
2018,1,Sweden,Mesothelioma
2019,2,Sweden,Mesothelioma
2020,4,Sweden,Mesothelioma
2021,7,Sweden,Mesothelioma
2022,1,Sweden,Mesothelioma
1987,2,Sweden,Mesothelioma
2023,3,Sweden,Mesothelioma
2024,2,Sweden,Mesothelioma
1994,7,Sweden,Mesothelioma
1995,9,Sweden,Mesothelioma
1993,4,Sweden,Mesothelioma
1996,8,Sweden,Mesothelioma
1997,4,Sweden,Mesothelioma
1998,7,Sweden,Mesothelioma
1999,6,Sweden,Mesothelioma
1984,0,Sweden,Mesothelioma
1985,0,Sweden,Mesothelioma
1986,0,Sweden,Mesothelioma
2025,0,Sweden,Mesothelioma
1984,0,Sweden,Mouth cancer
1985,0,Sweden,Mouth cancer
1986,0,Sweden,Mouth cancer
1987,0,Sweden,Mouth cancer
1988,0,Sweden,Mouth cancer
1989,0,Sweden,Mouth cancer
1990,0,Sweden,Mouth cancer
1991,0,Sweden,Mouth cancer
1992,0,Sweden,Mouth cancer
1993,0,Sweden,Mouth cancer
1994,0,Sweden,Mouth cancer
1995,0,Sweden,Mouth cancer
1996,0,Sweden,Mouth cancer
1997,0,Sweden,Mouth cancer
1998,0,Sweden,Mouth cancer
1999,0,Sweden,Mouth cancer
2000,0,Sweden,Mouth cancer
2001,0,Sweden,Mouth cancer
2002,0,Sweden,Mouth cancer
2003,0,Sweden,Mouth cancer
2004,0,Sweden,Mouth cancer
2005,0,Sweden,Mouth cancer
2006,0,Sweden,Mouth cancer
2007,0,Sweden,Mouth cancer
2008,0,Sweden,Mouth cancer
2009,0,Sweden,Mouth cancer
2010,0,Sweden,Mouth cancer
2011,0,Sweden,Mouth cancer
2012,0,Sweden,Mouth cancer
2013,0,Sweden,Mouth cancer
2014,0,Sweden,Mouth cancer
2015,0,Sweden,Mouth cancer
2016,0,Sweden,Mouth cancer
2017,0,Sweden,Mouth cancer
2018,0,Sweden,Mouth cancer
2019,0,Sweden,Mouth cancer
2020,0,Sweden,Mouth cancer
2021,0,Sweden,Mouth cancer
2022,0,Sweden,Mouth cancer
2023,0,Sweden,Mouth cancer
2024,0,Sweden,Mouth cancer
2025,0,Sweden,Mouth cancer
1992,12,Sweden,Multiple myeloma
1990,16,Sweden,Multiple myeloma
1991,25,Sweden,Multiple myeloma
2000,15,Sweden,Multiple myeloma
2001,15,Sweden,Multiple myeloma
2002,8,Sweden,Multiple myeloma
2003,15,Sweden,Multiple myeloma
2004,12,Sweden,Multiple myeloma
2005,18,Sweden,Multiple myeloma
2006,9,Sweden,Multiple myeloma
2007,21,Sweden,Multiple myeloma
2008,11,Sweden,Multiple myeloma
2009,9,Sweden,Multiple myeloma
2010,12,Sweden,Multiple myeloma
2011,13,Sweden,Multiple myeloma
1987,5,Sweden,Multiple myeloma
1988,10,Sweden,Multiple myeloma
1989,8,Sweden,Multiple myeloma
2012,9,Sweden,Multiple myeloma
2013,9,Sweden,Multiple myeloma
2014,16,Sweden,Multiple myeloma
2015,12,Sweden,Multiple myeloma
2016,13,Sweden,Multiple myeloma
2017,7,Sweden,Multiple myeloma
2018,10,Sweden,Multiple myeloma
2019,12,Sweden,Multiple myeloma
2020,14,Sweden,Multiple myeloma
2021,21,Sweden,Multiple myeloma
2022,12,Sweden,Multiple myeloma
2023,16,Sweden,Multiple myeloma
2024,9,Sweden,Multiple myeloma
1993,12,Sweden,Multiple myeloma
1994,13,Sweden,Multiple myeloma
1995,18,Sweden,Multiple myeloma
1996,15,Sweden,Multiple myeloma
1997,11,Sweden,Multiple myeloma
1998,16,Sweden,Multiple myeloma
1999,20,Sweden,Multiple myeloma
1984,0,Sweden,Multiple myeloma
1985,0,Sweden,Multiple myeloma
1986,0,Sweden,Multiple myeloma
2025,0,Sweden,Multiple myeloma
1992,1,Sweden,Non-Hodgkin lymphoma
1991,4,Sweden,Non-Hodgkin lymphoma
2001,6,Sweden,Non-Hodgkin lymphoma
2002,6,Sweden,Non-Hodgkin lymphoma
2003,6,Sweden,Non-Hodgkin lymphoma
2004,5,Sweden,Non-Hodgkin lymphoma
2005,14,Sweden,Non-Hodgkin lymphoma
2006,10,Sweden,Non-Hodgkin lymphoma
2007,13,Sweden,Non-Hodgkin lymphoma
2008,18,Sweden,Non-Hodgkin lymphoma
2009,10,Sweden,Non-Hodgkin lymphoma
2010,10,Sweden,Non-Hodgkin lymphoma
2011,10,Sweden,Non-Hodgkin lymphoma
1989,4,Sweden,Non-Hodgkin lymphoma
1990,4,Sweden,Non-Hodgkin lymphoma
2012,6,Sweden,Non-Hodgkin lymphoma
2013,11,Sweden,Non-Hodgkin lymphoma
2014,9,Sweden,Non-Hodgkin lymphoma
2015,11,Sweden,Non-Hodgkin lymphoma
2016,11,Sweden,Non-Hodgkin lymphoma
2017,10,Sweden,Non-Hodgkin lymphoma
2018,7,Sweden,Non-Hodgkin lymphoma
1987,5,Sweden,Non-Hodgkin lymphoma
1988,5,Sweden,Non-Hodgkin lymphoma
2019,5,Sweden,Non-Hodgkin lymphoma
2020,19,Sweden,Non-Hodgkin lymphoma
2021,14,Sweden,Non-Hodgkin lymphoma
2022,16,Sweden,Non-Hodgkin lymphoma
2023,11,Sweden,Non-Hodgkin lymphoma
2024,9,Sweden,Non-Hodgkin lymphoma
1995,3,Sweden,Non-Hodgkin lymphoma
1993,2,Sweden,Non-Hodgkin lymphoma
1996,4,Sweden,Non-Hodgkin lymphoma
1997,2,Sweden,Non-Hodgkin lymphoma
1998,4,Sweden,Non-Hodgkin lymphoma
1999,5,Sweden,Non-Hodgkin lymphoma
2000,5,Sweden,Non-Hodgkin lymphoma
1984,0,Sweden,Non-Hodgkin lymphoma
1985,0,Sweden,Non-Hodgkin lymphoma
1986,0,Sweden,Non-Hodgkin lymphoma
1994,0,Sweden,Non-Hodgkin lymphoma
2025,0,Sweden,Non-Hodgkin lymphoma
1992,156,Sweden,Other cancer
1990,187,Sweden,Other cancer
1991,200,Sweden,Other cancer
1994,183,Sweden,Other cancer
2000,194,Sweden,Other cancer
2001,220,Sweden,Other cancer
2002,198,Sweden,Other cancer
2003,189,Sweden,Other cancer
2004,223,Sweden,Other cancer
2005,238,Sweden,Other cancer
2006,211,Sweden,Other cancer
2007,209,Sweden,Other cancer
2008,185,Sweden,Other cancer
1998,190,Sweden,Other cancer
1999,191,Sweden,Other cancer
2009,197,Sweden,Other cancer
2010,159,Sweden,Other cancer
2011,197,Sweden,Other cancer
1997,217,Sweden,Other cancer
2012,207,Sweden,Other cancer
1987,83,Sweden,Other cancer
1988,180,Sweden,Other cancer
1989,189,Sweden,Other cancer
2013,210,Sweden,Other cancer
2014,207,Sweden,Other cancer
2016,254,Sweden,Other cancer
2015,223,Sweden,Other cancer
2017,236,Sweden,Other cancer
2018,217,Sweden,Other cancer
1986,4,Sweden,Other cancer
2019,212,Sweden,Other cancer
2020,233,Sweden,Other cancer
2021,273,Sweden,Other cancer
2022,273,Sweden,Other cancer
2023,231,Sweden,Other cancer
2024,162,Sweden,Other cancer
1993,168,Sweden,Other cancer
1995,201,Sweden,Other cancer
1996,179,Sweden,Other cancer
1984,0,Sweden,Other cancer
1985,0,Sweden,Other cancer
2025,0,Sweden,Other cancer
1992,8,Sweden,Ovarian cancer
1990,6,Sweden,Ovarian cancer
1991,4,Sweden,Ovarian cancer
2001,16,Sweden,Ovarian cancer
1994,15,Sweden,Ovarian cancer
2002,13,Sweden,Ovarian cancer
2003,13,Sweden,Ovarian cancer
2004,21,Sweden,Ovarian cancer
1995,7,Sweden,Ovarian cancer
2005,15,Sweden,Ovarian cancer
2006,24,Sweden,Ovarian cancer
2007,20,Sweden,Ovarian cancer
2008,11,Sweden,Ovarian cancer
2009,15,Sweden,Ovarian cancer
2010,13,Sweden,Ovarian cancer
2011,22,Sweden,Ovarian cancer
1997,9,Sweden,Ovarian cancer
1987,3,Sweden,Ovarian cancer
2012,28,Sweden,Ovarian cancer
2013,16,Sweden,Ovarian cancer
2014,20,Sweden,Ovarian cancer
2015,18,Sweden,Ovarian cancer
2016,21,Sweden,Ovarian cancer
2017,16,Sweden,Ovarian cancer
2018,22,Sweden,Ovarian cancer
1988,2,Sweden,Ovarian cancer
1989,1,Sweden,Ovarian cancer
2019,27,Sweden,Ovarian cancer
2020,28,Sweden,Ovarian cancer
2021,35,Sweden,Ovarian cancer
2022,21,Sweden,Ovarian cancer
2023,21,Sweden,Ovarian cancer
2024,16,Sweden,Ovarian cancer
1993,11,Sweden,Ovarian cancer
1996,13,Sweden,Ovarian cancer
1998,10,Sweden,Ovarian cancer
1999,7,Sweden,Ovarian cancer
2000,13,Sweden,Ovarian cancer
1984,0,Sweden,Ovarian cancer
1985,0,Sweden,Ovarian cancer
1986,0,Sweden,Ovarian cancer
2025,0,Sweden,Ovarian cancer
1992,7,Sweden,Pancreatic cancer
1990,8,Sweden,Pancreatic cancer
1991,9,Sweden,Pancreatic cancer
2000,5,Sweden,Pancreatic cancer
2001,8,Sweden,Pancreatic cancer
2002,9,Sweden,Pancreatic cancer
2003,10,Sweden,Pancreatic cancer
2004,4,Sweden,Pancreatic cancer
2005,7,Sweden,Pancreatic cancer
2006,11,Sweden,Pancreatic cancer
2007,7,Sweden,Pancreatic cancer
2008,8,Sweden,Pancreatic cancer
2009,6,Sweden,Pancreatic cancer
2010,10,Sweden,Pancreatic cancer
2011,15,Sweden,Pancreatic cancer
1989,3,Sweden,Pancreatic cancer
2012,8,Sweden,Pancreatic cancer
2013,16,Sweden,Pancreatic cancer
2014,20,Sweden,Pancreatic cancer
2015,27,Sweden,Pancreatic cancer
2016,26,Sweden,Pancreatic cancer
2017,28,Sweden,Pancreatic cancer
2018,25,Sweden,Pancreatic cancer
1988,3,Sweden,Pancreatic cancer
2019,38,Sweden,Pancreatic cancer
2020,25,Sweden,Pancreatic cancer
2021,33,Sweden,Pancreatic cancer
2022,36,Sweden,Pancreatic cancer
1987,1,Sweden,Pancreatic cancer
2023,25,Sweden,Pancreatic cancer
2024,20,Sweden,Pancreatic cancer
1993,10,Sweden,Pancreatic cancer
1994,5,Sweden,Pancreatic cancer
1995,7,Sweden,Pancreatic cancer
1996,9,Sweden,Pancreatic cancer
1997,9,Sweden,Pancreatic cancer
1998,11,Sweden,Pancreatic cancer
1999,9,Sweden,Pancreatic cancer
1984,0,Sweden,Pancreatic cancer
1985,0,Sweden,Pancreatic cancer
1986,0,Sweden,Pancreatic cancer
2025,0,Sweden,Pancreatic cancer
2004,1,Sweden,Penile cancer
2006,1,Sweden,Penile cancer
2007,1,Sweden,Penile cancer
2008,1,Sweden,Penile cancer
2013,2,Sweden,Penile cancer
2015,3,Sweden,Penile cancer
2016,1,Sweden,Penile cancer
2017,2,Sweden,Penile cancer
1987,1,Sweden,Penile cancer
1989,1,Sweden,Penile cancer
2018,1,Sweden,Penile cancer
2019,3,Sweden,Penile cancer
2021,3,Sweden,Penile cancer
2022,4,Sweden,Penile cancer
2023,2,Sweden,Penile cancer
2024,1,Sweden,Penile cancer
1995,1,Sweden,Penile cancer
1993,1,Sweden,Penile cancer
2000,2,Sweden,Penile cancer
1984,0,Sweden,Penile cancer
1985,0,Sweden,Penile cancer
1986,0,Sweden,Penile cancer
1988,0,Sweden,Penile cancer
1990,0,Sweden,Penile cancer
1991,0,Sweden,Penile cancer
1992,0,Sweden,Penile cancer
1994,0,Sweden,Penile cancer
1996,0,Sweden,Penile cancer
1997,0,Sweden,Penile cancer
1998,0,Sweden,Penile cancer
1999,0,Sweden,Penile cancer
2001,0,Sweden,Penile cancer
2002,0,Sweden,Penile cancer
2003,0,Sweden,Penile cancer
2005,0,Sweden,Penile cancer
2009,0,Sweden,Penile cancer
2010,0,Sweden,Penile cancer
2011,0,Sweden,Penile cancer
2012,0,Sweden,Penile cancer
2014,0,Sweden,Penile cancer
2020,0,Sweden,Penile cancer
2025,0,Sweden,Penile cancer
1992,5,Sweden,Prostate cancer
1990,4,Sweden,Prostate cancer
1991,13,Sweden,Prostate cancer
2001,44,Sweden,Prostate cancer
2002,34,Sweden,Prostate cancer
1997,48,Sweden,Prostate cancer
1998,37,Sweden,Prostate cancer
1999,46,Sweden,Prostate cancer
2000,42,Sweden,Prostate cancer
2003,49,Sweden,Prostate cancer
2004,48,Sweden,Prostate cancer
2005,67,Sweden,Prostate cancer
2006,67,Sweden,Prostate cancer
2007,68,Sweden,Prostate cancer
2008,58,Sweden,Prostate cancer
2009,79,Sweden,Prostate cancer
2010,58,Sweden,Prostate cancer
2011,87,Sweden,Prostate cancer
2012,78,Sweden,Prostate cancer
2013,90,Sweden,Prostate cancer
1988,4,Sweden,Prostate cancer
1989,3,Sweden,Prostate cancer
2014,86,Sweden,Prostate cancer
2015,83,Sweden,Prostate cancer
2016,112,Sweden,Prostate cancer
2017,97,Sweden,Prostate cancer
2018,111,Sweden,Prostate cancer
2019,90,Sweden,Prostate cancer
2020,95,Sweden,Prostate cancer
2021,119,Sweden,Prostate cancer
2022,122,Sweden,Prostate cancer
2023,86,Sweden,Prostate cancer
1987,1,Sweden,Prostate cancer
2024,71,Sweden,Prostate cancer
2025,2,Sweden,Prostate cancer
1993,11,Sweden,Prostate cancer
1994,22,Sweden,Prostate cancer
1995,25,Sweden,Prostate cancer
1996,29,Sweden,Prostate cancer
1984,0,Sweden,Prostate cancer
1985,0,Sweden,Prostate cancer
1986,0,Sweden,Prostate cancer
1992,9,Sweden,Rectal cancer
1991,1,Sweden,Rectal cancer
2001,22,Sweden,Rectal cancer
2002,15,Sweden,Rectal cancer
1999,10,Sweden,Rectal cancer
2003,15,Sweden,Rectal cancer
2004,10,Sweden,Rectal cancer
2005,22,Sweden,Rectal cancer
2006,14,Sweden,Rectal cancer
2007,22,Sweden,Rectal cancer
2008,12,Sweden,Rectal cancer
2009,24,Sweden,Rectal cancer
2010,17,Sweden,Rectal cancer
2011,22,Sweden,Rectal cancer
1990,5,Sweden,Rectal cancer
2012,19,Sweden,Rectal cancer
2013,24,Sweden,Rectal cancer
1996,11,Sweden,Rectal cancer
2014,25,Sweden,Rectal cancer
2015,25,Sweden,Rectal cancer
2016,28,Sweden,Rectal cancer
2017,28,Sweden,Rectal cancer
2018,31,Sweden,Rectal cancer
1988,3,Sweden,Rectal cancer
2019,34,Sweden,Rectal cancer
2020,34,Sweden,Rectal cancer
2021,38,Sweden,Rectal cancer
2022,36,Sweden,Rectal cancer
2023,41,Sweden,Rectal cancer
1987,1,Sweden,Rectal cancer
2024,26,Sweden,Rectal cancer
1994,3,Sweden,Rectal cancer
1995,8,Sweden,Rectal cancer
1993,6,Sweden,Rectal cancer
1997,10,Sweden,Rectal cancer
1998,8,Sweden,Rectal cancer
2000,14,Sweden,Rectal cancer
1984,0,Sweden,Rectal cancer
1985,0,Sweden,Rectal cancer
1986,0,Sweden,Rectal cancer
1989,0,Sweden,Rectal cancer
2025,0,Sweden,Rectal cancer
2008,1,Sweden,Salivary gland cancer
2014,1,Sweden,Salivary gland cancer
2016,1,Sweden,Salivary gland cancer
2018,1,Sweden,Salivary gland cancer
2023,1,Sweden,Salivary gland cancer
1984,0,Sweden,Salivary gland cancer
1985,0,Sweden,Salivary gland cancer
1986,0,Sweden,Salivary gland cancer
1987,0,Sweden,Salivary gland cancer
1988,0,Sweden,Salivary gland cancer
1989,0,Sweden,Salivary gland cancer
1990,0,Sweden,Salivary gland cancer
1991,0,Sweden,Salivary gland cancer
1992,0,Sweden,Salivary gland cancer
1993,0,Sweden,Salivary gland cancer
1994,0,Sweden,Salivary gland cancer
1995,0,Sweden,Salivary gland cancer
1996,0,Sweden,Salivary gland cancer
1997,0,Sweden,Salivary gland cancer
1998,0,Sweden,Salivary gland cancer
1999,0,Sweden,Salivary gland cancer
2000,0,Sweden,Salivary gland cancer
2001,0,Sweden,Salivary gland cancer
2002,0,Sweden,Salivary gland cancer
2003,0,Sweden,Salivary gland cancer
2004,0,Sweden,Salivary gland cancer
2005,0,Sweden,Salivary gland cancer
2006,0,Sweden,Salivary gland cancer
2007,0,Sweden,Salivary gland cancer
2009,0,Sweden,Salivary gland cancer
2010,0,Sweden,Salivary gland cancer
2011,0,Sweden,Salivary gland cancer
2012,0,Sweden,Salivary gland cancer
2013,0,Sweden,Salivary gland cancer
2015,0,Sweden,Salivary gland cancer
2017,0,Sweden,Salivary gland cancer
2019,0,Sweden,Salivary gland cancer
2020,0,Sweden,Salivary gland cancer
2021,0,Sweden,Salivary gland cancer
2022,0,Sweden,Salivary gland cancer
2024,0,Sweden,Salivary gland cancer
2025,0,Sweden,Salivary gland cancer
1992,31,Sweden,Skin cancer
1990,28,Sweden,Skin cancer
1991,33,Sweden,Skin cancer
2000,57,Sweden,Skin cancer
2001,40,Sweden,Skin cancer
2002,50,Sweden,Skin cancer
2003,60,Sweden,Skin cancer
2004,42,Sweden,Skin cancer
2005,38,Sweden,Skin cancer
2006,29,Sweden,Skin cancer
2007,40,Sweden,Skin cancer
2008,51,Sweden,Skin cancer
2009,35,Sweden,Skin cancer
2010,37,Sweden,Skin cancer
2011,35,Sweden,Skin cancer
1994,45,Sweden,Skin cancer
1999,50,Sweden,Skin cancer
2012,37,Sweden,Skin cancer
1989,30,Sweden,Skin cancer
2013,53,Sweden,Skin cancer
2014,63,Sweden,Skin cancer
2015,52,Sweden,Skin cancer
2016,67,Sweden,Skin cancer
2017,76,Sweden,Skin cancer
2018,46,Sweden,Skin cancer
1987,6,Sweden,Skin cancer
1988,12,Sweden,Skin cancer
2019,63,Sweden,Skin cancer
2020,88,Sweden,Skin cancer
2021,77,Sweden,Skin cancer
2022,65,Sweden,Skin cancer
2023,70,Sweden,Skin cancer
2024,45,Sweden,Skin cancer
2025,1,Sweden,Skin cancer
1993,37,Sweden,Skin cancer
1995,37,Sweden,Skin cancer
1996,52,Sweden,Skin cancer
1997,52,Sweden,Skin cancer
1998,59,Sweden,Skin cancer
1984,0,Sweden,Skin cancer
1985,0,Sweden,Skin cancer
1986,0,Sweden,Skin cancer
1991,5,Sweden,Stomach cancer
2001,8,Sweden,Stomach cancer
2002,6,Sweden,Stomach cancer
2003,5,Sweden,Stomach cancer
2004,3,Sweden,Stomach cancer
2005,4,Sweden,Stomach cancer
2006,14,Sweden,Stomach cancer
2008,7,Sweden,Stomach cancer
2007,3,Sweden,Stomach cancer
2009,2,Sweden,Stomach cancer
2010,7,Sweden,Stomach cancer
2011,3,Sweden,Stomach cancer
1990,1,Sweden,Stomach cancer
2012,1,Sweden,Stomach cancer
2013,3,Sweden,Stomach cancer
2014,3,Sweden,Stomach cancer
2016,5,Sweden,Stomach cancer
2015,4,Sweden,Stomach cancer
2017,4,Sweden,Stomach cancer
1987,2,Sweden,Stomach cancer
1988,3,Sweden,Stomach cancer
1989,2,Sweden,Stomach cancer
2018,10,Sweden,Stomach cancer
2019,4,Sweden,Stomach cancer
2020,2,Sweden,Stomach cancer
2021,5,Sweden,Stomach cancer
2022,5,Sweden,Stomach cancer
2023,5,Sweden,Stomach cancer
2024,3,Sweden,Stomach cancer
1994,2,Sweden,Stomach cancer
1995,3,Sweden,Stomach cancer
1993,6,Sweden,Stomach cancer
1996,3,Sweden,Stomach cancer
1997,7,Sweden,Stomach cancer
1998,4,Sweden,Stomach cancer
1999,6,Sweden,Stomach cancer
2000,10,Sweden,Stomach cancer
1984,0,Sweden,Stomach cancer
1985,0,Sweden,Stomach cancer
1986,0,Sweden,Stomach cancer
1992,0,Sweden,Stomach cancer
2025,0,Sweden,Stomach cancer
1992,2,Sweden,Testicular cancer
1991,1,Sweden,Testicular cancer
2001,1,Sweden,Testicular cancer
2002,9,Sweden,Testicular cancer
2003,9,Sweden,Testicular cancer
2004,11,Sweden,Testicular cancer
2005,7,Sweden,Testicular cancer
2006,6,Sweden,Testicular cancer
2008,4,Sweden,Testicular cancer
2007,4,Sweden,Testicular cancer
2009,3,Sweden,Testicular cancer
2010,4,Sweden,Testicular cancer
2011,7,Sweden,Testicular cancer
1989,1,Sweden,Testicular cancer
1990,1,Sweden,Testicular cancer
2012,3,Sweden,Testicular cancer
2013,2,Sweden,Testicular cancer
2014,3,Sweden,Testicular cancer
2015,5,Sweden,Testicular cancer
2000,6,Sweden,Testicular cancer
2016,2,Sweden,Testicular cancer
2017,5,Sweden,Testicular cancer
2018,2,Sweden,Testicular cancer
2019,3,Sweden,Testicular cancer
2020,3,Sweden,Testicular cancer
2021,4,Sweden,Testicular cancer
2022,5,Sweden,Testicular cancer
2023,7,Sweden,Testicular cancer
2024,2,Sweden,Testicular cancer
1994,1,Sweden,Testicular cancer
1995,2,Sweden,Testicular cancer
1993,1,Sweden,Testicular cancer
1996,3,Sweden,Testicular cancer
1997,2,Sweden,Testicular cancer
1998,5,Sweden,Testicular cancer
1999,2,Sweden,Testicular cancer
1984,0,Sweden,Testicular cancer
1985,0,Sweden,Testicular cancer
1986,0,Sweden,Testicular cancer
1987,0,Sweden,Testicular cancer
1988,0,Sweden,Testicular cancer
2025,0,Sweden,Testicular cancer
2015,1,Sweden,Throat cancer
1984,0,Sweden,Throat cancer
1985,0,Sweden,Throat cancer
1986,0,Sweden,Throat cancer
1987,0,Sweden,Throat cancer
1988,0,Sweden,Throat cancer
1989,0,Sweden,Throat cancer
1990,0,Sweden,Throat cancer
1991,0,Sweden,Throat cancer
1992,0,Sweden,Throat cancer
1993,0,Sweden,Throat cancer
1994,0,Sweden,Throat cancer
1995,0,Sweden,Throat cancer
1996,0,Sweden,Throat cancer
1997,0,Sweden,Throat cancer
1998,0,Sweden,Throat cancer
1999,0,Sweden,Throat cancer
2000,0,Sweden,Throat cancer
2001,0,Sweden,Throat cancer
2002,0,Sweden,Throat cancer
2003,0,Sweden,Throat cancer
2004,0,Sweden,Throat cancer
2005,0,Sweden,Throat cancer
2006,0,Sweden,Throat cancer
2007,0,Sweden,Throat cancer
2008,0,Sweden,Throat cancer
2009,0,Sweden,Throat cancer
2010,0,Sweden,Throat cancer
2011,0,Sweden,Throat cancer
2012,0,Sweden,Throat cancer
2013,0,Sweden,Throat cancer
2014,0,Sweden,Throat cancer
2016,0,Sweden,Throat cancer
2017,0,Sweden,Throat cancer
2018,0,Sweden,Throat cancer
2019,0,Sweden,Throat cancer
2020,0,Sweden,Throat cancer
2021,0,Sweden,Throat cancer
2022,0,Sweden,Throat cancer
2023,0,Sweden,Throat cancer
2024,0,Sweden,Throat cancer
2025,0,Sweden,Throat cancer
1992,7,Sweden,Thyroid cancer
1991,4,Sweden,Thyroid cancer
2001,7,Sweden,Thyroid cancer
2002,6,Sweden,Thyroid cancer
2003,6,Sweden,Thyroid cancer
2004,2,Sweden,Thyroid cancer
2005,8,Sweden,Thyroid cancer
2006,7,Sweden,Thyroid cancer
2008,9,Sweden,Thyroid cancer
2007,5,Sweden,Thyroid cancer
2009,3,Sweden,Thyroid cancer
2010,1,Sweden,Thyroid cancer
2011,3,Sweden,Thyroid cancer
1990,5,Sweden,Thyroid cancer
2012,2,Sweden,Thyroid cancer
2013,4,Sweden,Thyroid cancer
2014,7,Sweden,Thyroid cancer
2015,6,Sweden,Thyroid cancer
2016,8,Sweden,Thyroid cancer
2017,6,Sweden,Thyroid cancer
1988,3,Sweden,Thyroid cancer
1989,1,Sweden,Thyroid cancer
2018,6,Sweden,Thyroid cancer
2019,10,Sweden,Thyroid cancer
2020,12,Sweden,Thyroid cancer
2021,13,Sweden,Thyroid cancer
2022,8,Sweden,Thyroid cancer
2023,11,Sweden,Thyroid cancer
2024,6,Sweden,Thyroid cancer
1993,5,Sweden,Thyroid cancer
1994,4,Sweden,Thyroid cancer
1995,5,Sweden,Thyroid cancer
1996,6,Sweden,Thyroid cancer
1997,8,Sweden,Thyroid cancer
1998,2,Sweden,Thyroid cancer
1999,2,Sweden,Thyroid cancer
2000,4,Sweden,Thyroid cancer
1984,0,Sweden,Thyroid cancer
1985,0,Sweden,Thyroid cancer
1986,0,Sweden,Thyroid cancer
1987,0,Sweden,Thyroid cancer
2025,0,Sweden,Thyroid cancer
1992,380,Sweden,Undetermined cancer
1990,372,Sweden,Undetermined cancer
1991,371,Sweden,Undetermined cancer
1993,357,Sweden,Undetermined cancer
1994,373,Sweden,Undetermined cancer
1995,377,Sweden,Undetermined cancer
1999,393,Sweden,Undetermined cancer
2000,371,Sweden,Undetermined cancer
2001,356,Sweden,Undetermined cancer
2002,365,Sweden,Undetermined cancer
1997,418,Sweden,Undetermined cancer
1998,379,Sweden,Undetermined cancer
2003,350,Sweden,Undetermined cancer
1996,386,Sweden,Undetermined cancer
2004,367,Sweden,Undetermined cancer
2005,399,Sweden,Undetermined cancer
1989,351,Sweden,Undetermined cancer
2006,361,Sweden,Undetermined cancer
2007,383,Sweden,Undetermined cancer
2008,387,Sweden,Undetermined cancer
2009,422,Sweden,Undetermined cancer
2010,396,Sweden,Undetermined cancer
2011,424,Sweden,Undetermined cancer
2012,468,Sweden,Undetermined cancer
2013,479,Sweden,Undetermined cancer
1987,123,Sweden,Undetermined cancer
1988,332,Sweden,Undetermined cancer
2014,528,Sweden,Undetermined cancer
2015,555,Sweden,Undetermined cancer
2016,595,Sweden,Undetermined cancer
2017,658,Sweden,Undetermined cancer
2018,682,Sweden,Undetermined cancer
2019,731,Sweden,Undetermined cancer
1986,7,Sweden,Undetermined cancer
2020,744,Sweden,Undetermined cancer
2021,788,Sweden,Undetermined cancer
2022,761,Sweden,Undetermined cancer
2024,500,Sweden,Undetermined cancer
2023,704,Sweden,Undetermined cancer
2025,4,Sweden,Undetermined cancer
1984,0,Sweden,Undetermined cancer
1985,0,Sweden,Undetermined cancer
1992,4,Sweden,Uterine cancer
1991,4,Sweden,Uterine cancer
2001,13,Sweden,Uterine cancer
2002,12,Sweden,Uterine cancer
2003,9,Sweden,Uterine cancer
2004,16,Sweden,Uterine cancer
2005,10,Sweden,Uterine cancer
2006,6,Sweden,Uterine cancer
2007,13,Sweden,Uterine cancer
2008,9,Sweden,Uterine cancer
2009,10,Sweden,Uterine cancer
2010,8,Sweden,Uterine cancer
2011,7,Sweden,Uterine cancer
1989,6,Sweden,Uterine cancer
1990,4,Sweden,Uterine cancer
2012,6,Sweden,Uterine cancer
2013,4,Sweden,Uterine cancer
2014,15,Sweden,Uterine cancer
2015,11,Sweden,Uterine cancer
2016,11,Sweden,Uterine cancer
2017,13,Sweden,Uterine cancer
2018,15,Sweden,Uterine cancer
1988,3,Sweden,Uterine cancer
2019,13,Sweden,Uterine cancer
2020,13,Sweden,Uterine cancer
2021,23,Sweden,Uterine cancer
2022,11,Sweden,Uterine cancer
2023,12,Sweden,Uterine cancer
2024,3,Sweden,Uterine cancer
1993,9,Sweden,Uterine cancer
1994,7,Sweden,Uterine cancer
1995,6,Sweden,Uterine cancer
1996,6,Sweden,Uterine cancer
1997,6,Sweden,Uterine cancer
1998,6,Sweden,Uterine cancer
1999,12,Sweden,Uterine cancer
2000,11,Sweden,Uterine cancer
1984,0,Sweden,Uterine cancer
1985,0,Sweden,Uterine cancer
1986,0,Sweden,Uterine cancer
1987,0,Sweden,Uterine cancer
2025,0,Sweden,Uterine cancer
2007,1,Sweden,Vaginal cancer
2009,1,Sweden,Vaginal cancer
2010,1,Sweden,Vaginal cancer
2013,1,Sweden,Vaginal cancer
2014,1,Sweden,Vaginal cancer
2020,2,Sweden,Vaginal cancer
2021,3,Sweden,Vaginal cancer
2022,2,Sweden,Vaginal cancer
2023,1,Sweden,Vaginal cancer
1984,0,Sweden,Vaginal cancer
1985,0,Sweden,Vaginal cancer
1986,0,Sweden,Vaginal cancer
1987,0,Sweden,Vaginal cancer
1988,0,Sweden,Vaginal cancer
1989,0,Sweden,Vaginal cancer
1990,0,Sweden,Vaginal cancer
1991,0,Sweden,Vaginal cancer
1992,0,Sweden,Vaginal cancer
1993,0,Sweden,Vaginal cancer
1994,0,Sweden,Vaginal cancer
1995,0,Sweden,Vaginal cancer
1996,0,Sweden,Vaginal cancer
1997,0,Sweden,Vaginal cancer
1998,0,Sweden,Vaginal cancer
1999,0,Sweden,Vaginal cancer
2000,0,Sweden,Vaginal cancer
2001,0,Sweden,Vaginal cancer
2002,0,Sweden,Vaginal cancer
2003,0,Sweden,Vaginal cancer
2004,0,Sweden,Vaginal cancer
2005,0,Sweden,Vaginal cancer
2006,0,Sweden,Vaginal cancer
2008,0,Sweden,Vaginal cancer
2011,0,Sweden,Vaginal cancer
2012,0,Sweden,Vaginal cancer
2015,0,Sweden,Vaginal cancer
2016,0,Sweden,Vaginal cancer
2017,0,Sweden,Vaginal cancer
2018,0,Sweden,Vaginal cancer
2019,0,Sweden,Vaginal cancer
2024,0,Sweden,Vaginal cancer
2025,0,Sweden,Vaginal cancer
2010,1,Sweden,Vulvar cancer
2012,1,Sweden,Vulvar cancer
2019,1,Sweden,Vulvar cancer
2020,3,Sweden,Vulvar cancer
2021,5,Sweden,Vulvar cancer
2022,1,Sweden,Vulvar cancer
2024,3,Sweden,Vulvar cancer
2023,2,Sweden,Vulvar cancer
1997,1,Sweden,Vulvar cancer
1984,0,Sweden,Vulvar cancer
1985,0,Sweden,Vulvar cancer
1986,0,Sweden,Vulvar cancer
1987,0,Sweden,Vulvar cancer
1988,0,Sweden,Vulvar cancer
1989,0,Sweden,Vulvar cancer
1990,0,Sweden,Vulvar cancer
1991,0,Sweden,Vulvar cancer
1992,0,Sweden,Vulvar cancer
1993,0,Sweden,Vulvar cancer
1994,0,Sweden,Vulvar cancer
1995,0,Sweden,Vulvar cancer
1996,0,Sweden,Vulvar cancer
1998,0,Sweden,Vulvar cancer
1999,0,Sweden,Vulvar cancer
2000,0,Sweden,Vulvar cancer
2001,0,Sweden,Vulvar cancer
2002,0,Sweden,Vulvar cancer
2003,0,Sweden,Vulvar cancer
2004,0,Sweden,Vulvar cancer
2005,0,Sweden,Vulvar cancer
2006,0,Sweden,Vulvar cancer
2007,0,Sweden,Vulvar cancer
2008,0,Sweden,Vulvar cancer
2009,0,Sweden,Vulvar cancer
2011,0,Sweden,Vulvar cancer
2013,0,Sweden,Vulvar cancer
2014,0,Sweden,Vulvar cancer
2015,0,Sweden,Vulvar cancer
2016,0,Sweden,Vulvar cancer
2017,0,Sweden,Vulvar cancer
2018,0,Sweden,Vulvar cancer
2025,0,Sweden,Vulvar cancer
2014,1,Poland,Anal cancer
2015,1,Poland,Anal cancer
2017,1,Poland,Anal cancer
2019,1,Poland,Anal cancer
2020,1,Poland,Anal cancer
2022,1,Poland,Anal cancer
2023,2,Poland,Anal cancer
1984,0,Poland,Anal cancer
1985,0,Poland,Anal cancer
1986,0,Poland,Anal cancer
1987,0,Poland,Anal cancer
1988,0,Poland,Anal cancer
1989,0,Poland,Anal cancer
1990,0,Poland,Anal cancer
1991,0,Poland,Anal cancer
1992,0,Poland,Anal cancer
1993,0,Poland,Anal cancer
1994,0,Poland,Anal cancer
1995,0,Poland,Anal cancer
1996,0,Poland,Anal cancer
1997,0,Poland,Anal cancer
1998,0,Poland,Anal cancer
1999,0,Poland,Anal cancer
2000,0,Poland,Anal cancer
2001,0,Poland,Anal cancer
2002,0,Poland,Anal cancer
2003,0,Poland,Anal cancer
2004,0,Poland,Anal cancer
2005,0,Poland,Anal cancer
2006,0,Poland,Anal cancer
2007,0,Poland,Anal cancer
2008,0,Poland,Anal cancer
2009,0,Poland,Anal cancer
2010,0,Poland,Anal cancer
2011,0,Poland,Anal cancer
2012,0,Poland,Anal cancer
2013,0,Poland,Anal cancer
2016,0,Poland,Anal cancer
2018,0,Poland,Anal cancer
2021,0,Poland,Anal cancer
2024,0,Poland,Anal cancer
2025,0,Poland,Anal cancer
1992,1,Poland,Bladder cancer
1991,2,Poland,Bladder cancer
2000,3,Poland,Bladder cancer
2001,5,Poland,Bladder cancer
2002,7,Poland,Bladder cancer
2003,1,Poland,Bladder cancer
2004,8,Poland,Bladder cancer
2005,3,Poland,Bladder cancer
2006,5,Poland,Bladder cancer
2008,3,Poland,Bladder cancer
2007,2,Poland,Bladder cancer
2009,7,Poland,Bladder cancer
2010,5,Poland,Bladder cancer
2011,8,Poland,Bladder cancer
1990,1,Poland,Bladder cancer
2012,11,Poland,Bladder cancer
2013,9,Poland,Bladder cancer
2014,15,Poland,Bladder cancer
2015,14,Poland,Bladder cancer
2017,23,Poland,Bladder cancer
2016,18,Poland,Bladder cancer
2018,26,Poland,Bladder cancer
2019,32,Poland,Bladder cancer
2020,36,Poland,Bladder cancer
2021,52,Poland,Bladder cancer
2022,47,Poland,Bladder cancer
2023,45,Poland,Bladder cancer
2024,23,Poland,Bladder cancer
1994,1,Poland,Bladder cancer
1995,1,Poland,Bladder cancer
1993,2,Poland,Bladder cancer
1996,2,Poland,Bladder cancer
1999,1,Poland,Bladder cancer
1984,0,Poland,Bladder cancer
1985,0,Poland,Bladder cancer
1986,0,Poland,Bladder cancer
1987,0,Poland,Bladder cancer
1988,0,Poland,Bladder cancer
1989,0,Poland,Bladder cancer
1997,0,Poland,Bladder cancer
1998,0,Poland,Bladder cancer
2025,0,Poland,Bladder cancer
1992,3,Poland,Brain cancer
1990,2,Poland,Brain cancer
1991,4,Poland,Brain cancer
2000,8,Poland,Brain cancer
2001,12,Poland,Brain cancer
2002,9,Poland,Brain cancer
2003,17,Poland,Brain cancer
2004,13,Poland,Brain cancer
2005,11,Poland,Brain cancer
2006,12,Poland,Brain cancer
2007,21,Poland,Brain cancer
2008,16,Poland,Brain cancer
2009,17,Poland,Brain cancer
2010,19,Poland,Brain cancer
2011,24,Poland,Brain cancer
1993,4,Poland,Brain cancer
1988,2,Poland,Brain cancer
1989,2,Poland,Brain cancer
2012,23,Poland,Brain cancer
2013,33,Poland,Brain cancer
2014,32,Poland,Brain cancer
2015,39,Poland,Brain cancer
2016,37,Poland,Brain cancer
2017,35,Poland,Brain cancer
2018,28,Poland,Brain cancer
2019,43,Poland,Brain cancer
2020,59,Poland,Brain cancer
2021,59,Poland,Brain cancer
2022,63,Poland,Brain cancer
1987,3,Poland,Brain cancer
2023,72,Poland,Brain cancer
2024,44,Poland,Brain cancer
1994,8,Poland,Brain cancer
1995,11,Poland,Brain cancer
1996,4,Poland,Brain cancer
1997,3,Poland,Brain cancer
1998,6,Poland,Brain cancer
1999,5,Poland,Brain cancer
1984,0,Poland,Brain cancer
1985,0,Poland,Brain cancer
1986,0,Poland,Brain cancer
2025,0,Poland,Brain cancer
1992,1,Poland,Breast cancer
1991,5,Poland,Breast cancer
2000,26,Poland,Breast cancer
2001,30,Poland,Breast cancer
2002,30,Poland,Breast cancer
1999,9,Poland,Breast cancer
2003,40,Poland,Breast cancer
2004,57,Poland,Breast cancer
1989,3,Poland,Breast cancer
2005,48,Poland,Breast cancer
2006,74,Poland,Breast cancer
2007,55,Poland,Breast cancer
2008,57,Poland,Breast cancer
1997,11,Poland,Breast cancer
2009,66,Poland,Breast cancer
2010,88,Poland,Breast cancer
1993,10,Poland,Breast cancer
2011,60,Poland,Breast cancer
2012,97,Poland,Breast cancer
2013,103,Poland,Breast cancer
2014,111,Poland,Breast cancer
2015,118,Poland,Breast cancer
2016,130,Poland,Breast cancer
2017,139,Poland,Breast cancer
2018,153,Poland,Breast cancer
2019,150,Poland,Breast cancer
2020,183,Poland,Breast cancer
2021,193,Poland,Breast cancer
2022,211,Poland,Breast cancer
2023,189,Poland,Breast cancer
2024,113,Poland,Breast cancer
2025,2,Poland,Breast cancer
1994,12,Poland,Breast cancer
1995,4,Poland,Breast cancer
1996,4,Poland,Breast cancer
1998,16,Poland,Breast cancer
1984,0,Poland,Breast cancer
1985,0,Poland,Breast cancer
1986,0,Poland,Breast cancer
1987,0,Poland,Breast cancer
1988,0,Poland,Breast cancer
1990,0,Poland,Breast cancer
1992,2,Poland,Cervical cancer
1991,1,Poland,Cervical cancer
2000,5,Poland,Cervical cancer
2001,6,Poland,Cervical cancer
2002,9,Poland,Cervical cancer
2003,5,Poland,Cervical cancer
2004,8,Poland,Cervical cancer
2005,5,Poland,Cervical cancer
2006,12,Poland,Cervical cancer
2007,6,Poland,Cervical cancer
2008,10,Poland,Cervical cancer
2009,8,Poland,Cervical cancer
2010,7,Poland,Cervical cancer
2011,18,Poland,Cervical cancer
2012,30,Poland,Cervical cancer
1990,2,Poland,Cervical cancer
2013,14,Poland,Cervical cancer
2014,17,Poland,Cervical cancer
2015,28,Poland,Cervical cancer
2016,16,Poland,Cervical cancer
2017,30,Poland,Cervical cancer
1988,2,Poland,Cervical cancer
1989,1,Poland,Cervical cancer
2018,23,Poland,Cervical cancer
2019,29,Poland,Cervical cancer
2020,29,Poland,Cervical cancer
2021,48,Poland,Cervical cancer
2022,39,Poland,Cervical cancer
2023,34,Poland,Cervical cancer
2024,14,Poland,Cervical cancer
1995,4,Poland,Cervical cancer
1993,7,Poland,Cervical cancer
1996,1,Poland,Cervical cancer
1997,6,Poland,Cervical cancer
1998,1,Poland,Cervical cancer
1999,5,Poland,Cervical cancer
1984,0,Poland,Cervical cancer
1985,0,Poland,Cervical cancer
1986,0,Poland,Cervical cancer
1987,0,Poland,Cervical cancer
1994,0,Poland,Cervical cancer
2025,0,Poland,Cervical cancer
2001,5,Poland,Colon cancer
2002,5,Poland,Colon cancer
2003,7,Poland,Colon cancer
2004,10,Poland,Colon cancer
2005,11,Poland,Colon cancer
2006,12,Poland,Colon cancer
2007,13,Poland,Colon cancer
2008,9,Poland,Colon cancer
2009,13,Poland,Colon cancer
2010,24,Poland,Colon cancer
2011,16,Poland,Colon cancer
2012,29,Poland,Colon cancer
2013,24,Poland,Colon cancer
2014,15,Poland,Colon cancer
2015,28,Poland,Colon cancer
2016,32,Poland,Colon cancer
2017,40,Poland,Colon cancer
2018,42,Poland,Colon cancer
2019,48,Poland,Colon cancer
2020,48,Poland,Colon cancer
2021,40,Poland,Colon cancer
2022,51,Poland,Colon cancer
2023,36,Poland,Colon cancer
2024,21,Poland,Colon cancer
1993,2,Poland,Colon cancer
1994,2,Poland,Colon cancer
1996,2,Poland,Colon cancer
1997,4,Poland,Colon cancer
1998,7,Poland,Colon cancer
2000,1,Poland,Colon cancer
1999,1,Poland,Colon cancer
1984,0,Poland,Colon cancer
1985,0,Poland,Colon cancer
1986,0,Poland,Colon cancer
1987,0,Poland,Colon cancer
1988,0,Poland,Colon cancer
1989,0,Poland,Colon cancer
1990,0,Poland,Colon cancer
1991,0,Poland,Colon cancer
1992,0,Poland,Colon cancer
1995,0,Poland,Colon cancer
2025,0,Poland,Colon cancer
1992,1,Poland,Colorectal cancer
1991,1,Poland,Colorectal cancer
2001,28,Poland,Colorectal cancer
2002,11,Poland,Colorectal cancer
2003,12,Poland,Colorectal cancer
2004,22,Poland,Colorectal cancer
2005,17,Poland,Colorectal cancer
2006,17,Poland,Colorectal cancer
2007,27,Poland,Colorectal cancer
2008,27,Poland,Colorectal cancer
2009,33,Poland,Colorectal cancer
2010,36,Poland,Colorectal cancer
2011,20,Poland,Colorectal cancer
2012,36,Poland,Colorectal cancer
1988,3,Poland,Colorectal cancer
2013,39,Poland,Colorectal cancer
2014,45,Poland,Colorectal cancer
2015,64,Poland,Colorectal cancer
2016,59,Poland,Colorectal cancer
2017,71,Poland,Colorectal cancer
2018,85,Poland,Colorectal cancer
2019,72,Poland,Colorectal cancer
2020,105,Poland,Colorectal cancer
2021,100,Poland,Colorectal cancer
2022,102,Poland,Colorectal cancer
2023,105,Poland,Colorectal cancer
2024,52,Poland,Colorectal cancer
1994,1,Poland,Colorectal cancer
1993,1,Poland,Colorectal cancer
1996,1,Poland,Colorectal cancer
1997,1,Poland,Colorectal cancer
1998,3,Poland,Colorectal cancer
1999,5,Poland,Colorectal cancer
2000,10,Poland,Colorectal cancer
1984,0,Poland,Colorectal cancer
1985,0,Poland,Colorectal cancer
1986,0,Poland,Colorectal cancer
1987,0,Poland,Colorectal cancer
1989,0,Poland,Colorectal cancer
1990,0,Poland,Colorectal cancer
1995,0,Poland,Colorectal cancer
2025,0,Poland,Colorectal cancer
2001,1,Poland,Esophageal cancer
2003,1,Poland,Esophageal cancer
2004,2,Poland,Esophageal cancer
2006,2,Poland,Esophageal cancer
2007,1,Poland,Esophageal cancer
2008,4,Poland,Esophageal cancer
2009,5,Poland,Esophageal cancer
2011,6,Poland,Esophageal cancer
2010,2,Poland,Esophageal cancer
2012,8,Poland,Esophageal cancer
2013,1,Poland,Esophageal cancer
2005,1,Poland,Esophageal cancer
2014,3,Poland,Esophageal cancer
2015,4,Poland,Esophageal cancer
2016,7,Poland,Esophageal cancer
2017,5,Poland,Esophageal cancer
2018,2,Poland,Esophageal cancer
2019,6,Poland,Esophageal cancer
2020,5,Poland,Esophageal cancer
2021,3,Poland,Esophageal cancer
2022,11,Poland,Esophageal cancer
2023,9,Poland,Esophageal cancer
2024,1,Poland,Esophageal cancer
1996,3,Poland,Esophageal cancer
1999,2,Poland,Esophageal cancer
2000,1,Poland,Esophageal cancer
1984,0,Poland,Esophageal cancer
1985,0,Poland,Esophageal cancer
1986,0,Poland,Esophageal cancer
1987,0,Poland,Esophageal cancer
1988,0,Poland,Esophageal cancer
1989,0,Poland,Esophageal cancer
1990,0,Poland,Esophageal cancer
1991,0,Poland,Esophageal cancer
1992,0,Poland,Esophageal cancer
1993,0,Poland,Esophageal cancer
1994,0,Poland,Esophageal cancer
1995,0,Poland,Esophageal cancer
1997,0,Poland,Esophageal cancer
1998,0,Poland,Esophageal cancer
2002,0,Poland,Esophageal cancer
2025,0,Poland,Esophageal cancer
1992,1,Poland,Gallbladder cancer
1991,1,Poland,Gallbladder cancer
2001,1,Poland,Gallbladder cancer
2000,1,Poland,Gallbladder cancer
2016,1,Poland,Gallbladder cancer
2019,2,Poland,Gallbladder cancer
2020,1,Poland,Gallbladder cancer
2021,1,Poland,Gallbladder cancer
2022,1,Poland,Gallbladder cancer
2023,1,Poland,Gallbladder cancer
1995,1,Poland,Gallbladder cancer
1997,1,Poland,Gallbladder cancer
1999,1,Poland,Gallbladder cancer
1984,0,Poland,Gallbladder cancer
1985,0,Poland,Gallbladder cancer
1986,0,Poland,Gallbladder cancer
1987,0,Poland,Gallbladder cancer
1988,0,Poland,Gallbladder cancer
1989,0,Poland,Gallbladder cancer
1990,0,Poland,Gallbladder cancer
1993,0,Poland,Gallbladder cancer
1994,0,Poland,Gallbladder cancer
1996,0,Poland,Gallbladder cancer
1998,0,Poland,Gallbladder cancer
2002,0,Poland,Gallbladder cancer
2003,0,Poland,Gallbladder cancer
2004,0,Poland,Gallbladder cancer
2005,0,Poland,Gallbladder cancer
2006,0,Poland,Gallbladder cancer
2007,0,Poland,Gallbladder cancer
2008,0,Poland,Gallbladder cancer
2009,0,Poland,Gallbladder cancer
2010,0,Poland,Gallbladder cancer
2011,0,Poland,Gallbladder cancer
2012,0,Poland,Gallbladder cancer
2013,0,Poland,Gallbladder cancer
2014,0,Poland,Gallbladder cancer
2015,0,Poland,Gallbladder cancer
2017,0,Poland,Gallbladder cancer
2018,0,Poland,Gallbladder cancer
2024,0,Poland,Gallbladder cancer
2025,0,Poland,Gallbladder cancer
2002,2,Poland,Hodgkin lymphoma
2003,1,Poland,Hodgkin lymphoma
2004,1,Poland,Hodgkin lymphoma
2005,4,Poland,Hodgkin lymphoma
2006,6,Poland,Hodgkin lymphoma
2007,2,Poland,Hodgkin lymphoma
2008,5,Poland,Hodgkin lymphoma
2009,1,Poland,Hodgkin lymphoma
2010,2,Poland,Hodgkin lymphoma
2011,4,Poland,Hodgkin lymphoma
1987,1,Poland,Hodgkin lymphoma
2012,3,Poland,Hodgkin lymphoma
2013,6,Poland,Hodgkin lymphoma
2014,7,Poland,Hodgkin lymphoma
2015,7,Poland,Hodgkin lymphoma
2016,5,Poland,Hodgkin lymphoma
2017,6,Poland,Hodgkin lymphoma
2018,10,Poland,Hodgkin lymphoma
2019,13,Poland,Hodgkin lymphoma
2020,14,Poland,Hodgkin lymphoma
2021,11,Poland,Hodgkin lymphoma
2022,11,Poland,Hodgkin lymphoma
2023,9,Poland,Hodgkin lymphoma
2024,7,Poland,Hodgkin lymphoma
1997,1,Poland,Hodgkin lymphoma
1998,1,Poland,Hodgkin lymphoma
1984,0,Poland,Hodgkin lymphoma
1985,0,Poland,Hodgkin lymphoma
1986,0,Poland,Hodgkin lymphoma
1988,0,Poland,Hodgkin lymphoma
1989,0,Poland,Hodgkin lymphoma
1990,0,Poland,Hodgkin lymphoma
1991,0,Poland,Hodgkin lymphoma
1992,0,Poland,Hodgkin lymphoma
1993,0,Poland,Hodgkin lymphoma
1994,0,Poland,Hodgkin lymphoma
1995,0,Poland,Hodgkin lymphoma
1996,0,Poland,Hodgkin lymphoma
1999,0,Poland,Hodgkin lymphoma
2000,0,Poland,Hodgkin lymphoma
2001,0,Poland,Hodgkin lymphoma
2025,0,Poland,Hodgkin lymphoma
2007,1,Poland,Kaposi sarcoma
2011,1,Poland,Kaposi sarcoma
2012,3,Poland,Kaposi sarcoma
2015,1,Poland,Kaposi sarcoma
2016,2,Poland,Kaposi sarcoma
2017,1,Poland,Kaposi sarcoma
2020,2,Poland,Kaposi sarcoma
2022,1,Poland,Kaposi sarcoma
1997,1,Poland,Kaposi sarcoma
1984,0,Poland,Kaposi sarcoma
1985,0,Poland,Kaposi sarcoma
1986,0,Poland,Kaposi sarcoma
1987,0,Poland,Kaposi sarcoma
1988,0,Poland,Kaposi sarcoma
1989,0,Poland,Kaposi sarcoma
1990,0,Poland,Kaposi sarcoma
1991,0,Poland,Kaposi sarcoma
1992,0,Poland,Kaposi sarcoma
1993,0,Poland,Kaposi sarcoma
1994,0,Poland,Kaposi sarcoma
1995,0,Poland,Kaposi sarcoma
1996,0,Poland,Kaposi sarcoma
1998,0,Poland,Kaposi sarcoma
1999,0,Poland,Kaposi sarcoma
2000,0,Poland,Kaposi sarcoma
2001,0,Poland,Kaposi sarcoma
2002,0,Poland,Kaposi sarcoma
2003,0,Poland,Kaposi sarcoma
2004,0,Poland,Kaposi sarcoma
2005,0,Poland,Kaposi sarcoma
2006,0,Poland,Kaposi sarcoma
2008,0,Poland,Kaposi sarcoma
2009,0,Poland,Kaposi sarcoma
2010,0,Poland,Kaposi sarcoma
2013,0,Poland,Kaposi sarcoma
2014,0,Poland,Kaposi sarcoma
2018,0,Poland,Kaposi sarcoma
2019,0,Poland,Kaposi sarcoma
2021,0,Poland,Kaposi sarcoma
2023,0,Poland,Kaposi sarcoma
2024,0,Poland,Kaposi sarcoma
2025,0,Poland,Kaposi sarcoma
1991,1,Poland,Kidney cancer
2000,5,Poland,Kidney cancer
2001,4,Poland,Kidney cancer
2002,3,Poland,Kidney cancer
2003,1,Poland,Kidney cancer
2004,2,Poland,Kidney cancer
2005,4,Poland,Kidney cancer
2006,2,Poland,Kidney cancer
2008,9,Poland,Kidney cancer
2007,8,Poland,Kidney cancer
2009,7,Poland,Kidney cancer
2010,8,Poland,Kidney cancer
2011,11,Poland,Kidney cancer
1988,2,Poland,Kidney cancer
1989,2,Poland,Kidney cancer
1990,1,Poland,Kidney cancer
2012,25,Poland,Kidney cancer
2013,10,Poland,Kidney cancer
2014,20,Poland,Kidney cancer
2015,26,Poland,Kidney cancer
2016,41,Poland,Kidney cancer
2017,28,Poland,Kidney cancer
2018,28,Poland,Kidney cancer
2019,27,Poland,Kidney cancer
2020,38,Poland,Kidney cancer
2021,27,Poland,Kidney cancer
2022,43,Poland,Kidney cancer
2023,37,Poland,Kidney cancer
2024,20,Poland,Kidney cancer
1995,2,Poland,Kidney cancer
1993,1,Poland,Kidney cancer
1996,4,Poland,Kidney cancer
1997,2,Poland,Kidney cancer
1998,3,Poland,Kidney cancer
1999,7,Poland,Kidney cancer
1984,0,Poland,Kidney cancer
1985,0,Poland,Kidney cancer
1986,0,Poland,Kidney cancer
1987,0,Poland,Kidney cancer
1992,0,Poland,Kidney cancer
1994,0,Poland,Kidney cancer
2025,0,Poland,Kidney cancer
1992,1,Poland,Laryngeal cancer
1991,2,Poland,Laryngeal cancer
2001,3,Poland,Laryngeal cancer
2002,6,Poland,Laryngeal cancer
2003,5,Poland,Laryngeal cancer
2004,4,Poland,Laryngeal cancer
2005,5,Poland,Laryngeal cancer
2006,7,Poland,Laryngeal cancer
2007,7,Poland,Laryngeal cancer
2008,7,Poland,Laryngeal cancer
2009,6,Poland,Laryngeal cancer
2010,3,Poland,Laryngeal cancer
2011,7,Poland,Laryngeal cancer
2012,9,Poland,Laryngeal cancer
1997,3,Poland,Laryngeal cancer
1989,2,Poland,Laryngeal cancer
2013,10,Poland,Laryngeal cancer
2014,10,Poland,Laryngeal cancer
2015,9,Poland,Laryngeal cancer
2016,12,Poland,Laryngeal cancer
2017,10,Poland,Laryngeal cancer
1988,1,Poland,Laryngeal cancer
2018,5,Poland,Laryngeal cancer
2019,10,Poland,Laryngeal cancer
2020,7,Poland,Laryngeal cancer
2021,15,Poland,Laryngeal cancer
2022,11,Poland,Laryngeal cancer
1987,1,Poland,Laryngeal cancer
2023,8,Poland,Laryngeal cancer
2024,4,Poland,Laryngeal cancer
1993,1,Poland,Laryngeal cancer
1996,2,Poland,Laryngeal cancer
1998,5,Poland,Laryngeal cancer
1999,11,Poland,Laryngeal cancer
2000,4,Poland,Laryngeal cancer
1984,0,Poland,Laryngeal cancer
1985,0,Poland,Laryngeal cancer
1986,0,Poland,Laryngeal cancer
1990,0,Poland,Laryngeal cancer
1994,0,Poland,Laryngeal cancer
1995,0,Poland,Laryngeal cancer
2025,0,Poland,Laryngeal cancer
1992,16,Poland,Leukemia
1990,25,Poland,Leukemia
1991,28,Poland,Leukemia
2000,27,Poland,Leukemia
2001,38,Poland,Leukemia
2002,62,Poland,Leukemia
2003,51,Poland,Leukemia
2004,53,Poland,Leukemia
1989,34,Poland,Leukemia
2005,62,Poland,Leukemia
2006,70,Poland,Leukemia
2007,49,Poland,Leukemia
2008,54,Poland,Leukemia
2009,63,Poland,Leukemia
2010,45,Poland,Leukemia
2011,60,Poland,Leukemia
2012,76,Poland,Leukemia
1987,23,Poland,Leukemia
1988,20,Poland,Leukemia
2013,75,Poland,Leukemia
2014,79,Poland,Leukemia
2015,85,Poland,Leukemia
2016,74,Poland,Leukemia
2017,79,Poland,Leukemia
2018,76,Poland,Leukemia
2019,96,Poland,Leukemia
2020,112,Poland,Leukemia
2023,81,Poland,Leukemia
2021,99,Poland,Leukemia
2022,119,Poland,Leukemia
1986,1,Poland,Leukemia
2024,56,Poland,Leukemia
1993,27,Poland,Leukemia
1994,34,Poland,Leukemia
1995,19,Poland,Leukemia
1996,27,Poland,Leukemia
1997,23,Poland,Leukemia
1998,30,Poland,Leukemia
1999,36,Poland,Leukemia
1984,0,Poland,Leukemia
1985,0,Poland,Leukemia
2025,0,Poland,Leukemia
2001,3,Poland,Liver cancer
2002,4,Poland,Liver cancer
2003,1,Poland,Liver cancer
2004,4,Poland,Liver cancer
2005,4,Poland,Liver cancer
2006,5,Poland,Liver cancer
2007,4,Poland,Liver cancer
2008,5,Poland,Liver cancer
2009,5,Poland,Liver cancer
2010,2,Poland,Liver cancer
2011,8,Poland,Liver cancer
2012,8,Poland,Liver cancer
2013,5,Poland,Liver cancer
2014,8,Poland,Liver cancer
2015,12,Poland,Liver cancer
2016,14,Poland,Liver cancer
2017,13,Poland,Liver cancer
2018,19,Poland,Liver cancer
2019,25,Poland,Liver cancer
2020,32,Poland,Liver cancer
2021,26,Poland,Liver cancer
2022,20,Poland,Liver cancer
2023,28,Poland,Liver cancer
2024,19,Poland,Liver cancer
1994,1,Poland,Liver cancer
1993,3,Poland,Liver cancer
1995,1,Poland,Liver cancer
1996,1,Poland,Liver cancer
1997,3,Poland,Liver cancer
2000,7,Poland,Liver cancer
1984,0,Poland,Liver cancer
1985,0,Poland,Liver cancer
1986,0,Poland,Liver cancer
1987,0,Poland,Liver cancer
1988,0,Poland,Liver cancer
1989,0,Poland,Liver cancer
1990,0,Poland,Liver cancer
1991,0,Poland,Liver cancer
1992,0,Poland,Liver cancer
1998,0,Poland,Liver cancer
1999,0,Poland,Liver cancer
2025,0,Poland,Liver cancer
1992,6,Poland,Lung cancer
2001,27,Poland,Lung cancer
2002,11,Poland,Lung cancer
2003,14,Poland,Lung cancer
2004,20,Poland,Lung cancer
2005,17,Poland,Lung cancer
2006,19,Poland,Lung cancer
2007,15,Poland,Lung cancer
2008,17,Poland,Lung cancer
2009,22,Poland,Lung cancer
2010,13,Poland,Lung cancer
2011,15,Poland,Lung cancer
2012,29,Poland,Lung cancer
2013,35,Poland,Lung cancer
2014,33,Poland,Lung cancer
2015,38,Poland,Lung cancer
2016,52,Poland,Lung cancer
2017,47,Poland,Lung cancer
2018,45,Poland,Lung cancer
2019,55,Poland,Lung cancer
2020,63,Poland,Lung cancer
2021,82,Poland,Lung cancer
2022,59,Poland,Lung cancer
2023,66,Poland,Lung cancer
2024,46,Poland,Lung cancer
1993,6,Poland,Lung cancer
1994,5,Poland,Lung cancer
1995,4,Poland,Lung cancer
1996,5,Poland,Lung cancer
1997,16,Poland,Lung cancer
1998,4,Poland,Lung cancer
1999,7,Poland,Lung cancer
2000,15,Poland,Lung cancer
1984,0,Poland,Lung cancer
1985,0,Poland,Lung cancer
1986,0,Poland,Lung cancer
1987,0,Poland,Lung cancer
1988,0,Poland,Lung cancer
1989,0,Poland,Lung cancer
1990,0,Poland,Lung cancer
1991,0,Poland,Lung cancer
2025,0,Poland,Lung cancer
1992,1,Poland,Mesothelioma
2002,1,Poland,Mesothelioma
2004,2,Poland,Mesothelioma
2005,2,Poland,Mesothelioma
2007,1,Poland,Mesothelioma
2008,1,Poland,Mesothelioma
2010,2,Poland,Mesothelioma
2011,3,Poland,Mesothelioma
2012,1,Poland,Mesothelioma
2014,2,Poland,Mesothelioma
2015,3,Poland,Mesothelioma
2016,2,Poland,Mesothelioma
2017,2,Poland,Mesothelioma
1989,1,Poland,Mesothelioma
2018,4,Poland,Mesothelioma
2019,2,Poland,Mesothelioma
2020,5,Poland,Mesothelioma
2021,3,Poland,Mesothelioma
2022,3,Poland,Mesothelioma
2023,5,Poland,Mesothelioma
2024,1,Poland,Mesothelioma
1993,1,Poland,Mesothelioma
1996,1,Poland,Mesothelioma
1998,1,Poland,Mesothelioma
2000,1,Poland,Mesothelioma
1984,0,Poland,Mesothelioma
1985,0,Poland,Mesothelioma
1986,0,Poland,Mesothelioma
1987,0,Poland,Mesothelioma
1988,0,Poland,Mesothelioma
1990,0,Poland,Mesothelioma
1991,0,Poland,Mesothelioma
1994,0,Poland,Mesothelioma
1995,0,Poland,Mesothelioma
1997,0,Poland,Mesothelioma
1999,0,Poland,Mesothelioma
2001,0,Poland,Mesothelioma
2003,0,Poland,Mesothelioma
2006,0,Poland,Mesothelioma
2009,0,Poland,Mesothelioma
2013,0,Poland,Mesothelioma
2025,0,Poland,Mesothelioma
2012,1,Poland,Mouth cancer
1984,0,Poland,Mouth cancer
1985,0,Poland,Mouth cancer
1986,0,Poland,Mouth cancer
1987,0,Poland,Mouth cancer
1988,0,Poland,Mouth cancer
1989,0,Poland,Mouth cancer
1990,0,Poland,Mouth cancer
1991,0,Poland,Mouth cancer
1992,0,Poland,Mouth cancer
1993,0,Poland,Mouth cancer
1994,0,Poland,Mouth cancer
1995,0,Poland,Mouth cancer
1996,0,Poland,Mouth cancer
1997,0,Poland,Mouth cancer
1998,0,Poland,Mouth cancer
1999,0,Poland,Mouth cancer
2000,0,Poland,Mouth cancer
2001,0,Poland,Mouth cancer
2002,0,Poland,Mouth cancer
2003,0,Poland,Mouth cancer
2004,0,Poland,Mouth cancer
2005,0,Poland,Mouth cancer
2006,0,Poland,Mouth cancer
2007,0,Poland,Mouth cancer
2008,0,Poland,Mouth cancer
2009,0,Poland,Mouth cancer
2010,0,Poland,Mouth cancer
2011,0,Poland,Mouth cancer
2013,0,Poland,Mouth cancer
2014,0,Poland,Mouth cancer
2015,0,Poland,Mouth cancer
2016,0,Poland,Mouth cancer
2017,0,Poland,Mouth cancer
2018,0,Poland,Mouth cancer
2019,0,Poland,Mouth cancer
2020,0,Poland,Mouth cancer
2021,0,Poland,Mouth cancer
2022,0,Poland,Mouth cancer
2023,0,Poland,Mouth cancer
2024,0,Poland,Mouth cancer
2025,0,Poland,Mouth cancer
1992,2,Poland,Multiple myeloma
1991,1,Poland,Multiple myeloma
2000,4,Poland,Multiple myeloma
2001,6,Poland,Multiple myeloma
2002,6,Poland,Multiple myeloma
2003,7,Poland,Multiple myeloma
2004,9,Poland,Multiple myeloma
2005,5,Poland,Multiple myeloma
2006,11,Poland,Multiple myeloma
2007,4,Poland,Multiple myeloma
2008,8,Poland,Multiple myeloma
2009,7,Poland,Multiple myeloma
2010,5,Poland,Multiple myeloma
2011,11,Poland,Multiple myeloma
1987,1,Poland,Multiple myeloma
1990,1,Poland,Multiple myeloma
2012,11,Poland,Multiple myeloma
2013,13,Poland,Multiple myeloma
2014,22,Poland,Multiple myeloma
2015,15,Poland,Multiple myeloma
2016,15,Poland,Multiple myeloma
2017,14,Poland,Multiple myeloma
2018,23,Poland,Multiple myeloma
2019,22,Poland,Multiple myeloma
2020,31,Poland,Multiple myeloma
2021,44,Poland,Multiple myeloma
2022,38,Poland,Multiple myeloma
2023,36,Poland,Multiple myeloma
2024,26,Poland,Multiple myeloma
1993,2,Poland,Multiple myeloma
1995,3,Poland,Multiple myeloma
1997,2,Poland,Multiple myeloma
1998,2,Poland,Multiple myeloma
1999,4,Poland,Multiple myeloma
1984,0,Poland,Multiple myeloma
1985,0,Poland,Multiple myeloma
1986,0,Poland,Multiple myeloma
1988,0,Poland,Multiple myeloma
1989,0,Poland,Multiple myeloma
1994,0,Poland,Multiple myeloma
1996,0,Poland,Multiple myeloma
2025,0,Poland,Multiple myeloma
2001,3,Poland,Non-Hodgkin lymphoma
2002,2,Poland,Non-Hodgkin lymphoma
2004,3,Poland,Non-Hodgkin lymphoma
2005,8,Poland,Non-Hodgkin lymphoma
2006,9,Poland,Non-Hodgkin lymphoma
2007,6,Poland,Non-Hodgkin lymphoma
2008,6,Poland,Non-Hodgkin lymphoma
2009,2,Poland,Non-Hodgkin lymphoma
2010,2,Poland,Non-Hodgkin lymphoma
2011,6,Poland,Non-Hodgkin lymphoma
1987,1,Poland,Non-Hodgkin lymphoma
2012,2,Poland,Non-Hodgkin lymphoma
2013,5,Poland,Non-Hodgkin lymphoma
2014,11,Poland,Non-Hodgkin lymphoma
2015,8,Poland,Non-Hodgkin lymphoma
2016,10,Poland,Non-Hodgkin lymphoma
2017,11,Poland,Non-Hodgkin lymphoma
2018,10,Poland,Non-Hodgkin lymphoma
2019,10,Poland,Non-Hodgkin lymphoma
2020,24,Poland,Non-Hodgkin lymphoma
2021,9,Poland,Non-Hodgkin lymphoma
2022,15,Poland,Non-Hodgkin lymphoma
2023,12,Poland,Non-Hodgkin lymphoma
2024,12,Poland,Non-Hodgkin lymphoma
2025,1,Poland,Non-Hodgkin lymphoma
1997,1,Poland,Non-Hodgkin lymphoma
1998,1,Poland,Non-Hodgkin lymphoma
2000,1,Poland,Non-Hodgkin lymphoma
1984,0,Poland,Non-Hodgkin lymphoma
1985,0,Poland,Non-Hodgkin lymphoma
1986,0,Poland,Non-Hodgkin lymphoma
1988,0,Poland,Non-Hodgkin lymphoma
1989,0,Poland,Non-Hodgkin lymphoma
1990,0,Poland,Non-Hodgkin lymphoma
1991,0,Poland,Non-Hodgkin lymphoma
1992,0,Poland,Non-Hodgkin lymphoma
1993,0,Poland,Non-Hodgkin lymphoma
1994,0,Poland,Non-Hodgkin lymphoma
1995,0,Poland,Non-Hodgkin lymphoma
1996,0,Poland,Non-Hodgkin lymphoma
1999,0,Poland,Non-Hodgkin lymphoma
2003,0,Poland,Non-Hodgkin lymphoma
1992,40,Poland,Other cancer
1991,30,Poland,Other cancer
1990,24,Poland,Other cancer
2000,67,Poland,Other cancer
2001,89,Poland,Other cancer
2002,115,Poland,Other cancer
2003,110,Poland,Other cancer
2004,145,Poland,Other cancer
2005,116,Poland,Other cancer
1989,37,Poland,Other cancer
2006,146,Poland,Other cancer
2007,114,Poland,Other cancer
2008,120,Poland,Other cancer
2009,146,Poland,Other cancer
2010,155,Poland,Other cancer
1993,47,Poland,Other cancer
2011,159,Poland,Other cancer
2012,194,Poland,Other cancer
1987,16,Poland,Other cancer
1988,32,Poland,Other cancer
2013,203,Poland,Other cancer
2015,222,Poland,Other cancer
2014,208,Poland,Other cancer
2016,263,Poland,Other cancer
2017,238,Poland,Other cancer
2018,272,Poland,Other cancer
2019,275,Poland,Other cancer
2021,361,Poland,Other cancer
2020,302,Poland,Other cancer
2023,358,Poland,Other cancer
2022,315,Poland,Other cancer
2024,206,Poland,Other cancer
2025,2,Poland,Other cancer
1994,43,Poland,Other cancer
1995,41,Poland,Other cancer
1996,42,Poland,Other cancer
1997,73,Poland,Other cancer
1998,67,Poland,Other cancer
1999,73,Poland,Other cancer
1984,0,Poland,Other cancer
1985,0,Poland,Other cancer
1986,0,Poland,Other cancer
1992,4,Poland,Ovarian cancer
1991,1,Poland,Ovarian cancer
2000,8,Poland,Ovarian cancer
2001,6,Poland,Ovarian cancer
2002,7,Poland,Ovarian cancer
2003,11,Poland,Ovarian cancer
2004,18,Poland,Ovarian cancer
2005,12,Poland,Ovarian cancer
2006,19,Poland,Ovarian cancer
2007,11,Poland,Ovarian cancer
2008,20,Poland,Ovarian cancer
2009,21,Poland,Ovarian cancer
2010,15,Poland,Ovarian cancer
2011,20,Poland,Ovarian cancer
2012,28,Poland,Ovarian cancer
1990,2,Poland,Ovarian cancer
2013,41,Poland,Ovarian cancer
2014,53,Poland,Ovarian cancer
2015,47,Poland,Ovarian cancer
2016,60,Poland,Ovarian cancer
2017,62,Poland,Ovarian cancer
2018,50,Poland,Ovarian cancer
2019,59,Poland,Ovarian cancer
2020,60,Poland,Ovarian cancer
2021,74,Poland,Ovarian cancer
2022,80,Poland,Ovarian cancer
2023,82,Poland,Ovarian cancer
2024,37,Poland,Ovarian cancer
2025,1,Poland,Ovarian cancer
1993,6,Poland,Ovarian cancer
1994,2,Poland,Ovarian cancer
1995,3,Poland,Ovarian cancer
1996,1,Poland,Ovarian cancer
1997,4,Poland,Ovarian cancer
1998,8,Poland,Ovarian cancer
1999,3,Poland,Ovarian cancer
1984,0,Poland,Ovarian cancer
1985,0,Poland,Ovarian cancer
1986,0,Poland,Ovarian cancer
1987,0,Poland,Ovarian cancer
1988,0,Poland,Ovarian cancer
1989,0,Poland,Ovarian cancer
2001,7,Poland,Pancreatic cancer
2002,6,Poland,Pancreatic cancer
2003,4,Poland,Pancreatic cancer
2004,6,Poland,Pancreatic cancer
2005,5,Poland,Pancreatic cancer
2006,4,Poland,Pancreatic cancer
2007,5,Poland,Pancreatic cancer
2008,8,Poland,Pancreatic cancer
2009,5,Poland,Pancreatic cancer
2010,12,Poland,Pancreatic cancer
2011,10,Poland,Pancreatic cancer
1996,1,Poland,Pancreatic cancer
1989,1,Poland,Pancreatic cancer
1991,1,Poland,Pancreatic cancer
2012,12,Poland,Pancreatic cancer
2013,6,Poland,Pancreatic cancer
2014,15,Poland,Pancreatic cancer
2016,29,Poland,Pancreatic cancer
2015,6,Poland,Pancreatic cancer
2017,23,Poland,Pancreatic cancer
2018,22,Poland,Pancreatic cancer
2019,13,Poland,Pancreatic cancer
2020,20,Poland,Pancreatic cancer
2021,36,Poland,Pancreatic cancer
2022,35,Poland,Pancreatic cancer
2024,15,Poland,Pancreatic cancer
2023,44,Poland,Pancreatic cancer
1998,3,Poland,Pancreatic cancer
1999,5,Poland,Pancreatic cancer
2000,6,Poland,Pancreatic cancer
1984,0,Poland,Pancreatic cancer
1985,0,Poland,Pancreatic cancer
1986,0,Poland,Pancreatic cancer
1987,0,Poland,Pancreatic cancer
1988,0,Poland,Pancreatic cancer
1990,0,Poland,Pancreatic cancer
1992,0,Poland,Pancreatic cancer
1993,0,Poland,Pancreatic cancer
1994,0,Poland,Pancreatic cancer
1995,0,Poland,Pancreatic cancer
1997,0,Poland,Pancreatic cancer
2025,0,Poland,Pancreatic cancer
2010,3,Poland,Penile cancer
2011,1,Poland,Penile cancer
2014,1,Poland,Penile cancer
2015,1,Poland,Penile cancer
2016,2,Poland,Penile cancer
2009,1,Poland,Penile cancer
2017,1,Poland,Penile cancer
2019,3,Poland,Penile cancer
2021,2,Poland,Penile cancer
2022,3,Poland,Penile cancer
2023,2,Poland,Penile cancer
1994,1,Poland,Penile cancer
1999,1,Poland,Penile cancer
1984,0,Poland,Penile cancer
1985,0,Poland,Penile cancer
1986,0,Poland,Penile cancer
1987,0,Poland,Penile cancer
1988,0,Poland,Penile cancer
1989,0,Poland,Penile cancer
1990,0,Poland,Penile cancer
1991,0,Poland,Penile cancer
1992,0,Poland,Penile cancer
1993,0,Poland,Penile cancer
1995,0,Poland,Penile cancer
1996,0,Poland,Penile cancer
1997,0,Poland,Penile cancer
1998,0,Poland,Penile cancer
2000,0,Poland,Penile cancer
2001,0,Poland,Penile cancer
2002,0,Poland,Penile cancer
2003,0,Poland,Penile cancer
2004,0,Poland,Penile cancer
2005,0,Poland,Penile cancer
2006,0,Poland,Penile cancer
2007,0,Poland,Penile cancer
2008,0,Poland,Penile cancer
2012,0,Poland,Penile cancer
2013,0,Poland,Penile cancer
2018,0,Poland,Penile cancer
2020,0,Poland,Penile cancer
2024,0,Poland,Penile cancer
2025,0,Poland,Penile cancer
1992,2,Poland,Prostate cancer
1990,1,Poland,Prostate cancer
2001,4,Poland,Prostate cancer
2002,7,Poland,Prostate cancer
1999,2,Poland,Prostate cancer
2003,4,Poland,Prostate cancer
2004,12,Poland,Prostate cancer
2005,7,Poland,Prostate cancer
2006,13,Poland,Prostate cancer
2008,6,Poland,Prostate cancer
2007,8,Poland,Prostate cancer
2009,14,Poland,Prostate cancer
2010,12,Poland,Prostate cancer
2011,29,Poland,Prostate cancer
1993,2,Poland,Prostate cancer
2012,41,Poland,Prostate cancer
2013,44,Poland,Prostate cancer
2014,45,Poland,Prostate cancer
2015,46,Poland,Prostate cancer
2016,45,Poland,Prostate cancer
2017,40,Poland,Prostate cancer
2018,37,Poland,Prostate cancer
2019,62,Poland,Prostate cancer
2020,69,Poland,Prostate cancer
2021,71,Poland,Prostate cancer
2023,73,Poland,Prostate cancer
2022,94,Poland,Prostate cancer
2024,40,Poland,Prostate cancer
1995,2,Poland,Prostate cancer
1996,1,Poland,Prostate cancer
1997,1,Poland,Prostate cancer
1998,2,Poland,Prostate cancer
2000,1,Poland,Prostate cancer
1984,0,Poland,Prostate cancer
1985,0,Poland,Prostate cancer
1986,0,Poland,Prostate cancer
1987,0,Poland,Prostate cancer
1988,0,Poland,Prostate cancer
1989,0,Poland,Prostate cancer
1991,0,Poland,Prostate cancer
1994,0,Poland,Prostate cancer
2025,0,Poland,Prostate cancer
2001,2,Poland,Rectal cancer
2002,3,Poland,Rectal cancer
2003,1,Poland,Rectal cancer
2004,5,Poland,Rectal cancer
2005,4,Poland,Rectal cancer
2006,8,Poland,Rectal cancer
2007,10,Poland,Rectal cancer
2008,3,Poland,Rectal cancer
2009,7,Poland,Rectal cancer
2010,10,Poland,Rectal cancer
2011,6,Poland,Rectal cancer
2012,9,Poland,Rectal cancer
2019,17,Poland,Rectal cancer
2013,6,Poland,Rectal cancer
2014,10,Poland,Rectal cancer
2015,7,Poland,Rectal cancer
2016,12,Poland,Rectal cancer
2017,6,Poland,Rectal cancer
2018,17,Poland,Rectal cancer
2022,18,Poland,Rectal cancer
2020,15,Poland,Rectal cancer
2021,16,Poland,Rectal cancer
2023,12,Poland,Rectal cancer
2024,5,Poland,Rectal cancer
1984,0,Poland,Rectal cancer
1985,0,Poland,Rectal cancer
1986,0,Poland,Rectal cancer
1987,0,Poland,Rectal cancer
1988,0,Poland,Rectal cancer
1989,0,Poland,Rectal cancer
1990,0,Poland,Rectal cancer
1991,0,Poland,Rectal cancer
1992,0,Poland,Rectal cancer
1993,0,Poland,Rectal cancer
1994,0,Poland,Rectal cancer
1995,0,Poland,Rectal cancer
1996,0,Poland,Rectal cancer
1997,0,Poland,Rectal cancer
1998,0,Poland,Rectal cancer
1999,0,Poland,Rectal cancer
2000,0,Poland,Rectal cancer
2025,0,Poland,Rectal cancer
2016,1,Poland,Salivary gland cancer
1988,1,Poland,Salivary gland cancer
2018,1,Poland,Salivary gland cancer
2019,3,Poland,Salivary gland cancer
2020,1,Poland,Salivary gland cancer
2023,1,Poland,Salivary gland cancer
2024,1,Poland,Salivary gland cancer
1984,0,Poland,Salivary gland cancer
1985,0,Poland,Salivary gland cancer
1986,0,Poland,Salivary gland cancer
1987,0,Poland,Salivary gland cancer
1989,0,Poland,Salivary gland cancer
1990,0,Poland,Salivary gland cancer
1991,0,Poland,Salivary gland cancer
1992,0,Poland,Salivary gland cancer
1993,0,Poland,Salivary gland cancer
1994,0,Poland,Salivary gland cancer
1995,0,Poland,Salivary gland cancer
1996,0,Poland,Salivary gland cancer
1997,0,Poland,Salivary gland cancer
1998,0,Poland,Salivary gland cancer
1999,0,Poland,Salivary gland cancer
2000,0,Poland,Salivary gland cancer
2001,0,Poland,Salivary gland cancer
2002,0,Poland,Salivary gland cancer
2003,0,Poland,Salivary gland cancer
2004,0,Poland,Salivary gland cancer
2005,0,Poland,Salivary gland cancer
2006,0,Poland,Salivary gland cancer
2007,0,Poland,Salivary gland cancer
2008,0,Poland,Salivary gland cancer
2009,0,Poland,Salivary gland cancer
2010,0,Poland,Salivary gland cancer
2011,0,Poland,Salivary gland cancer
2012,0,Poland,Salivary gland cancer
2013,0,Poland,Salivary gland cancer
2014,0,Poland,Salivary gland cancer
2015,0,Poland,Salivary gland cancer
2017,0,Poland,Salivary gland cancer
2021,0,Poland,Salivary gland cancer
2022,0,Poland,Salivary gland cancer
2025,0,Poland,Salivary gland cancer
1992,9,Poland,Skin cancer
1991,7,Poland,Skin cancer
2000,17,Poland,Skin cancer
2001,40,Poland,Skin cancer
2002,24,Poland,Skin cancer
2003,27,Poland,Skin cancer
2004,48,Poland,Skin cancer
2005,27,Poland,Skin cancer
2006,43,Poland,Skin cancer
2007,23,Poland,Skin cancer
2008,28,Poland,Skin cancer
2009,28,Poland,Skin cancer
2010,34,Poland,Skin cancer
2011,30,Poland,Skin cancer
1989,3,Poland,Skin cancer
1990,3,Poland,Skin cancer
2012,39,Poland,Skin cancer
2013,56,Poland,Skin cancer
2014,51,Poland,Skin cancer
2015,65,Poland,Skin cancer
2016,68,Poland,Skin cancer
2017,54,Poland,Skin cancer
2018,64,Poland,Skin cancer
1987,5,Poland,Skin cancer
1988,4,Poland,Skin cancer
2019,86,Poland,Skin cancer
2020,132,Poland,Skin cancer
2021,140,Poland,Skin cancer
2022,122,Poland,Skin cancer
2023,128,Poland,Skin cancer
2024,66,Poland,Skin cancer
1994,8,Poland,Skin cancer
1995,12,Poland,Skin cancer
1993,6,Poland,Skin cancer
1996,8,Poland,Skin cancer
1997,14,Poland,Skin cancer
1998,18,Poland,Skin cancer
1999,16,Poland,Skin cancer
1984,0,Poland,Skin cancer
1985,0,Poland,Skin cancer
1986,0,Poland,Skin cancer
2025,0,Poland,Skin cancer
1992,1,Poland,Stomach cancer
2001,2,Poland,Stomach cancer
2002,3,Poland,Stomach cancer
2003,2,Poland,Stomach cancer
2004,2,Poland,Stomach cancer
2005,1,Poland,Stomach cancer
2006,3,Poland,Stomach cancer
2007,2,Poland,Stomach cancer
2008,2,Poland,Stomach cancer
2009,3,Poland,Stomach cancer
2010,2,Poland,Stomach cancer
2011,5,Poland,Stomach cancer
1989,2,Poland,Stomach cancer
1990,2,Poland,Stomach cancer
2012,4,Poland,Stomach cancer
2013,1,Poland,Stomach cancer
2014,5,Poland,Stomach cancer
2015,7,Poland,Stomach cancer
2016,1,Poland,Stomach cancer
2017,3,Poland,Stomach cancer
1988,2,Poland,Stomach cancer
2018,2,Poland,Stomach cancer
2019,4,Poland,Stomach cancer
2020,5,Poland,Stomach cancer
2021,5,Poland,Stomach cancer
2022,9,Poland,Stomach cancer
2023,7,Poland,Stomach cancer
2024,2,Poland,Stomach cancer
1993,2,Poland,Stomach cancer
1996,1,Poland,Stomach cancer
1997,4,Poland,Stomach cancer
1999,2,Poland,Stomach cancer
1984,0,Poland,Stomach cancer
1985,0,Poland,Stomach cancer
1986,0,Poland,Stomach cancer
1987,0,Poland,Stomach cancer
1991,0,Poland,Stomach cancer
1994,0,Poland,Stomach cancer
1995,0,Poland,Stomach cancer
1998,0,Poland,Stomach cancer
2000,0,Poland,Stomach cancer
2025,0,Poland,Stomach cancer
2007,1,Poland,Testicular cancer
2009,3,Poland,Testicular cancer
1988,1,Poland,Testicular cancer
2011,2,Poland,Testicular cancer
2012,1,Poland,Testicular cancer
2015,2,Poland,Testicular cancer
2016,1,Poland,Testicular cancer
2017,2,Poland,Testicular cancer
2018,1,Poland,Testicular cancer
2019,3,Poland,Testicular cancer
2020,3,Poland,Testicular cancer
2021,3,Poland,Testicular cancer
2022,4,Poland,Testicular cancer
2023,4,Poland,Testicular cancer
2024,1,Poland,Testicular cancer
1994,1,Poland,Testicular cancer
1984,0,Poland,Testicular cancer
1985,0,Poland,Testicular cancer
1986,0,Poland,Testicular cancer
1987,0,Poland,Testicular cancer
1989,0,Poland,Testicular cancer
1990,0,Poland,Testicular cancer
1991,0,Poland,Testicular cancer
1992,0,Poland,Testicular cancer
1993,0,Poland,Testicular cancer
1995,0,Poland,Testicular cancer
1996,0,Poland,Testicular cancer
1997,0,Poland,Testicular cancer
1998,0,Poland,Testicular cancer
1999,0,Poland,Testicular cancer
2000,0,Poland,Testicular cancer
2001,0,Poland,Testicular cancer
2002,0,Poland,Testicular cancer
2003,0,Poland,Testicular cancer
2004,0,Poland,Testicular cancer
2005,0,Poland,Testicular cancer
2006,0,Poland,Testicular cancer
2008,0,Poland,Testicular cancer
2010,0,Poland,Testicular cancer
2013,0,Poland,Testicular cancer
2014,0,Poland,Testicular cancer
2025,0,Poland,Testicular cancer
2016,1,Poland,Throat cancer
1984,0,Poland,Throat cancer
1985,0,Poland,Throat cancer
1986,0,Poland,Throat cancer
1987,0,Poland,Throat cancer
1988,0,Poland,Throat cancer
1989,0,Poland,Throat cancer
1990,0,Poland,Throat cancer
1991,0,Poland,Throat cancer
1992,0,Poland,Throat cancer
1993,0,Poland,Throat cancer
1994,0,Poland,Throat cancer
1995,0,Poland,Throat cancer
1996,0,Poland,Throat cancer
1997,0,Poland,Throat cancer
1998,0,Poland,Throat cancer
1999,0,Poland,Throat cancer
2000,0,Poland,Throat cancer
2001,0,Poland,Throat cancer
2002,0,Poland,Throat cancer
2003,0,Poland,Throat cancer
2004,0,Poland,Throat cancer
2005,0,Poland,Throat cancer
2006,0,Poland,Throat cancer
2007,0,Poland,Throat cancer
2008,0,Poland,Throat cancer
2009,0,Poland,Throat cancer
2010,0,Poland,Throat cancer
2011,0,Poland,Throat cancer
2012,0,Poland,Throat cancer
2013,0,Poland,Throat cancer
2014,0,Poland,Throat cancer
2015,0,Poland,Throat cancer
2017,0,Poland,Throat cancer
2018,0,Poland,Throat cancer
2019,0,Poland,Throat cancer
2020,0,Poland,Throat cancer
2021,0,Poland,Throat cancer
2022,0,Poland,Throat cancer
2023,0,Poland,Throat cancer
2024,0,Poland,Throat cancer
2025,0,Poland,Throat cancer
2001,5,Poland,Thyroid cancer
2002,7,Poland,Thyroid cancer
2003,8,Poland,Thyroid cancer
2000,5,Poland,Thyroid cancer
2004,4,Poland,Thyroid cancer
2005,10,Poland,Thyroid cancer
2006,11,Poland,Thyroid cancer
2008,6,Poland,Thyroid cancer
2007,9,Poland,Thyroid cancer
2009,1,Poland,Thyroid cancer
2010,21,Poland,Thyroid cancer
2011,16,Poland,Thyroid cancer
2012,12,Poland,Thyroid cancer
2013,19,Poland,Thyroid cancer
2014,21,Poland,Thyroid cancer
2015,29,Poland,Thyroid cancer
2016,27,Poland,Thyroid cancer
2017,32,Poland,Thyroid cancer
2018,23,Poland,Thyroid cancer
2019,35,Poland,Thyroid cancer
2020,30,Poland,Thyroid cancer
2021,38,Poland,Thyroid cancer
2022,23,Poland,Thyroid cancer
2025,1,Poland,Thyroid cancer
2023,29,Poland,Thyroid cancer
2024,29,Poland,Thyroid cancer
1993,1,Poland,Thyroid cancer
1996,2,Poland,Thyroid cancer
1997,1,Poland,Thyroid cancer
1999,2,Poland,Thyroid cancer
1984,0,Poland,Thyroid cancer
1985,0,Poland,Thyroid cancer
1986,0,Poland,Thyroid cancer
1987,0,Poland,Thyroid cancer
1988,0,Poland,Thyroid cancer
1989,0,Poland,Thyroid cancer
1990,0,Poland,Thyroid cancer
1991,0,Poland,Thyroid cancer
1992,0,Poland,Thyroid cancer
1994,0,Poland,Thyroid cancer
1995,0,Poland,Thyroid cancer
1998,0,Poland,Thyroid cancer
1992,77,Poland,Undetermined cancer
1990,64,Poland,Undetermined cancer
1991,64,Poland,Undetermined cancer
1994,80,Poland,Undetermined cancer
1999,110,Poland,Undetermined cancer
2000,114,Poland,Undetermined cancer
2001,155,Poland,Undetermined cancer
2002,162,Poland,Undetermined cancer
2003,165,Poland,Undetermined cancer
2004,216,Poland,Undetermined cancer
1996,115,Poland,Undetermined cancer
2005,231,Poland,Undetermined cancer
2006,226,Poland,Undetermined cancer
2007,205,Poland,Undetermined cancer
2008,252,Poland,Undetermined cancer
2009,234,Poland,Undetermined cancer
1997,109,Poland,Undetermined cancer
2010,261,Poland,Undetermined cancer
2011,326,Poland,Undetermined cancer
2012,366,Poland,Undetermined cancer
2013,388,Poland,Undetermined cancer
1987,27,Poland,Undetermined cancer
1988,49,Poland,Undetermined cancer
1989,55,Poland,Undetermined cancer
2014,406,Poland,Undetermined cancer
2015,502,Poland,Undetermined cancer
2016,544,Poland,Undetermined cancer
2017,575,Poland,Undetermined cancer
2018,623,Poland,Undetermined cancer
2019,747,Poland,Undetermined cancer
1985,4,Poland,Undetermined cancer
2020,932,Poland,Undetermined cancer
2021,1010,Poland,Undetermined cancer
2022,992,Poland,Undetermined cancer
2023,823,Poland,Undetermined cancer
1986,1,Poland,Undetermined cancer
2024,581,Poland,Undetermined cancer
2025,7,Poland,Undetermined cancer
1993,73,Poland,Undetermined cancer
1995,84,Poland,Undetermined cancer
1998,103,Poland,Undetermined cancer
1984,0,Poland,Undetermined cancer
1992,1,Poland,Uterine cancer
1991,2,Poland,Uterine cancer
2000,9,Poland,Uterine cancer
2001,5,Poland,Uterine cancer
2002,8,Poland,Uterine cancer
1999,2,Poland,Uterine cancer
2003,10,Poland,Uterine cancer
2004,12,Poland,Uterine cancer
2005,7,Poland,Uterine cancer
2008,11,Poland,Uterine cancer
2006,8,Poland,Uterine cancer
2007,8,Poland,Uterine cancer
2009,10,Poland,Uterine cancer
2010,8,Poland,Uterine cancer
2011,15,Poland,Uterine cancer
2012,18,Poland,Uterine cancer
2013,22,Poland,Uterine cancer
2014,24,Poland,Uterine cancer
2015,20,Poland,Uterine cancer
2016,31,Poland,Uterine cancer
2017,20,Poland,Uterine cancer
2018,26,Poland,Uterine cancer
2019,31,Poland,Uterine cancer
2020,36,Poland,Uterine cancer
2021,46,Poland,Uterine cancer
2022,41,Poland,Uterine cancer
2023,43,Poland,Uterine cancer
2024,22,Poland,Uterine cancer
1995,1,Poland,Uterine cancer
1993,2,Poland,Uterine cancer
1996,1,Poland,Uterine cancer
1997,1,Poland,Uterine cancer
1998,7,Poland,Uterine cancer
1984,0,Poland,Uterine cancer
1985,0,Poland,Uterine cancer
1986,0,Poland,Uterine cancer
1987,0,Poland,Uterine cancer
1988,0,Poland,Uterine cancer
1989,0,Poland,Uterine cancer
1990,0,Poland,Uterine cancer
1994,0,Poland,Uterine cancer
2025,0,Poland,Uterine cancer
2002,1,Poland,Vaginal cancer
2009,1,Poland,Vaginal cancer
2013,1,Poland,Vaginal cancer
2014,1,Poland,Vaginal cancer
2015,1,Poland,Vaginal cancer
2020,1,Poland,Vaginal cancer
2021,1,Poland,Vaginal cancer
2022,1,Poland,Vaginal cancer
1999,1,Poland,Vaginal cancer
1984,0,Poland,Vaginal cancer
1985,0,Poland,Vaginal cancer
1986,0,Poland,Vaginal cancer
1987,0,Poland,Vaginal cancer
1988,0,Poland,Vaginal cancer
1989,0,Poland,Vaginal cancer
1990,0,Poland,Vaginal cancer
1991,0,Poland,Vaginal cancer
1992,0,Poland,Vaginal cancer
1993,0,Poland,Vaginal cancer
1994,0,Poland,Vaginal cancer
1995,0,Poland,Vaginal cancer
1996,0,Poland,Vaginal cancer
1997,0,Poland,Vaginal cancer
1998,0,Poland,Vaginal cancer
2000,0,Poland,Vaginal cancer
2001,0,Poland,Vaginal cancer
2003,0,Poland,Vaginal cancer
2004,0,Poland,Vaginal cancer
2005,0,Poland,Vaginal cancer
2006,0,Poland,Vaginal cancer
2007,0,Poland,Vaginal cancer
2008,0,Poland,Vaginal cancer
2010,0,Poland,Vaginal cancer
2011,0,Poland,Vaginal cancer
2012,0,Poland,Vaginal cancer
2016,0,Poland,Vaginal cancer
2017,0,Poland,Vaginal cancer
2018,0,Poland,Vaginal cancer
2019,0,Poland,Vaginal cancer
2023,0,Poland,Vaginal cancer
2024,0,Poland,Vaginal cancer
2025,0,Poland,Vaginal cancer
2002,1,Poland,Vulvar cancer
2004,1,Poland,Vulvar cancer
2005,5,Poland,Vulvar cancer
2006,3,Poland,Vulvar cancer
2008,1,Poland,Vulvar cancer
2009,1,Poland,Vulvar cancer
2010,4,Poland,Vulvar cancer
2011,4,Poland,Vulvar cancer
2013,2,Poland,Vulvar cancer
2014,1,Poland,Vulvar cancer
2015,1,Poland,Vulvar cancer
2016,4,Poland,Vulvar cancer
2017,3,Poland,Vulvar cancer
2018,2,Poland,Vulvar cancer
2019,1,Poland,Vulvar cancer
2020,4,Poland,Vulvar cancer
2021,5,Poland,Vulvar cancer
2022,6,Poland,Vulvar cancer
2023,1,Poland,Vulvar cancer
1993,1,Poland,Vulvar cancer
1999,1,Poland,Vulvar cancer
1984,0,Poland,Vulvar cancer
1985,0,Poland,Vulvar cancer
1986,0,Poland,Vulvar cancer
1987,0,Poland,Vulvar cancer
1988,0,Poland,Vulvar cancer
1989,0,Poland,Vulvar cancer
1990,0,Poland,Vulvar cancer
1991,0,Poland,Vulvar cancer
1992,0,Poland,Vulvar cancer
1994,0,Poland,Vulvar cancer
1995,0,Poland,Vulvar cancer
1996,0,Poland,Vulvar cancer
1997,0,Poland,Vulvar cancer
1998,0,Poland,Vulvar cancer
2000,0,Poland,Vulvar cancer
2001,0,Poland,Vulvar cancer
2003,0,Poland,Vulvar cancer
2007,0,Poland,Vulvar cancer
2012,0,Poland,Vulvar cancer
2024,0,Poland,Vulvar cancer
2025,0,Poland,Vulvar cancer
2009,1,Japan,Anal cancer
2010,3,Japan,Anal cancer
1989,1,Japan,Anal cancer
2011,1,Japan,Anal cancer
2012,2,Japan,Anal cancer
2015,1,Japan,Anal cancer
2016,1,Japan,Anal cancer
2017,2,Japan,Anal cancer
2018,3,Japan,Anal cancer
2019,5,Japan,Anal cancer
2020,3,Japan,Anal cancer
2021,2,Japan,Anal cancer
2022,6,Japan,Anal cancer
2024,5,Japan,Anal cancer
1984,0,Japan,Anal cancer
1985,0,Japan,Anal cancer
1986,0,Japan,Anal cancer
1987,0,Japan,Anal cancer
1988,0,Japan,Anal cancer
1990,0,Japan,Anal cancer
1991,0,Japan,Anal cancer
1992,0,Japan,Anal cancer
1993,0,Japan,Anal cancer
1994,0,Japan,Anal cancer
1995,0,Japan,Anal cancer
1996,0,Japan,Anal cancer
1997,0,Japan,Anal cancer
1998,0,Japan,Anal cancer
1999,0,Japan,Anal cancer
2000,0,Japan,Anal cancer
2001,0,Japan,Anal cancer
2002,0,Japan,Anal cancer
2003,0,Japan,Anal cancer
2004,0,Japan,Anal cancer
2005,0,Japan,Anal cancer
2006,0,Japan,Anal cancer
2007,0,Japan,Anal cancer
2008,0,Japan,Anal cancer
2013,0,Japan,Anal cancer
2014,0,Japan,Anal cancer
2023,0,Japan,Anal cancer
2025,0,Japan,Anal cancer
1992,86,Japan,Bladder cancer
1990,58,Japan,Bladder cancer
1991,88,Japan,Bladder cancer
2000,80,Japan,Bladder cancer
2001,69,Japan,Bladder cancer
2002,67,Japan,Bladder cancer
1999,82,Japan,Bladder cancer
2003,52,Japan,Bladder cancer
2004,74,Japan,Bladder cancer
1997,78,Japan,Bladder cancer
2005,59,Japan,Bladder cancer
2006,74,Japan,Bladder cancer
2007,56,Japan,Bladder cancer
2008,57,Japan,Bladder cancer
2009,55,Japan,Bladder cancer
2010,84,Japan,Bladder cancer
2011,88,Japan,Bladder cancer
2012,78,Japan,Bladder cancer
1995,79,Japan,Bladder cancer
1996,67,Japan,Bladder cancer
1998,78,Japan,Bladder cancer
2013,96,Japan,Bladder cancer
1987,30,Japan,Bladder cancer
1988,32,Japan,Bladder cancer
1989,36,Japan,Bladder cancer
2014,84,Japan,Bladder cancer
2015,92,Japan,Bladder cancer
2016,109,Japan,Bladder cancer
2017,107,Japan,Bladder cancer
2018,131,Japan,Bladder cancer
2019,130,Japan,Bladder cancer
2020,146,Japan,Bladder cancer
2021,182,Japan,Bladder cancer
2022,181,Japan,Bladder cancer
2023,159,Japan,Bladder cancer
2024,118,Japan,Bladder cancer
1993,62,Japan,Bladder cancer
1994,83,Japan,Bladder cancer
1984,0,Japan,Bladder cancer
1985,0,Japan,Bladder cancer
1986,0,Japan,Bladder cancer
2025,0,Japan,Bladder cancer
1992,141,Japan,Brain cancer
1990,124,Japan,Brain cancer
1991,122,Japan,Brain cancer
1998,205,Japan,Brain cancer
1999,192,Japan,Brain cancer
2000,219,Japan,Brain cancer
2001,196,Japan,Brain cancer
2002,160,Japan,Brain cancer
2003,166,Japan,Brain cancer
2004,155,Japan,Brain cancer
2005,169,Japan,Brain cancer
1997,196,Japan,Brain cancer
2006,142,Japan,Brain cancer
2008,137,Japan,Brain cancer
2007,145,Japan,Brain cancer
2009,179,Japan,Brain cancer
2010,137,Japan,Brain cancer
2011,179,Japan,Brain cancer
1996,167,Japan,Brain cancer
2012,174,Japan,Brain cancer
1988,76,Japan,Brain cancer
1989,100,Japan,Brain cancer
2013,202,Japan,Brain cancer
2014,157,Japan,Brain cancer
2015,153,Japan,Brain cancer
2016,150,Japan,Brain cancer
2017,158,Japan,Brain cancer
2018,189,Japan,Brain cancer
2019,194,Japan,Brain cancer
1986,1,Japan,Brain cancer
1987,47,Japan,Brain cancer
2020,196,Japan,Brain cancer
2021,201,Japan,Brain cancer
2023,186,Japan,Brain cancer
2022,204,Japan,Brain cancer
2024,113,Japan,Brain cancer
2025,1,Japan,Brain cancer
1993,135,Japan,Brain cancer
1994,191,Japan,Brain cancer
1995,176,Japan,Brain cancer
1984,0,Japan,Brain cancer
1985,0,Japan,Brain cancer
1992,150,Japan,Breast cancer
1990,110,Japan,Breast cancer
1991,111,Japan,Breast cancer
2000,380,Japan,Breast cancer
2001,313,Japan,Breast cancer
2002,380,Japan,Breast cancer
1998,270,Japan,Breast cancer
1999,309,Japan,Breast cancer
2003,367,Japan,Breast cancer
2004,352,Japan,Breast cancer
1997,201,Japan,Breast cancer
2005,378,Japan,Breast cancer
2006,358,Japan,Breast cancer
2007,403,Japan,Breast cancer
2008,431,Japan,Breast cancer
2009,439,Japan,Breast cancer
2010,410,Japan,Breast cancer
2011,465,Japan,Breast cancer
2012,583,Japan,Breast cancer
2013,472,Japan,Breast cancer
1994,175,Japan,Breast cancer
1995,198,Japan,Breast cancer
2014,514,Japan,Breast cancer
1987,32,Japan,Breast cancer
1988,82,Japan,Breast cancer
1989,99,Japan,Breast cancer
2015,521,Japan,Breast cancer
2016,574,Japan,Breast cancer
2017,620,Japan,Breast cancer
2018,608,Japan,Breast cancer
2019,587,Japan,Breast cancer
1986,1,Japan,Breast cancer
2020,708,Japan,Breast cancer
2021,808,Japan,Breast cancer
2022,715,Japan,Breast cancer
2023,713,Japan,Breast cancer
2024,433,Japan,Breast cancer
2025,7,Japan,Breast cancer
1993,165,Japan,Breast cancer
1996,199,Japan,Breast cancer
1984,0,Japan,Breast cancer
1985,0,Japan,Breast cancer
1992,48,Japan,Cervical cancer
1990,36,Japan,Cervical cancer
1991,38,Japan,Cervical cancer
2001,59,Japan,Cervical cancer
2002,44,Japan,Cervical cancer
1993,41,Japan,Cervical cancer
1999,61,Japan,Cervical cancer
2003,46,Japan,Cervical cancer
2004,70,Japan,Cervical cancer
2005,65,Japan,Cervical cancer
1989,39,Japan,Cervical cancer
2006,62,Japan,Cervical cancer
2007,54,Japan,Cervical cancer
2008,67,Japan,Cervical cancer
2009,71,Japan,Cervical cancer
2010,70,Japan,Cervical cancer
2011,65,Japan,Cervical cancer
2012,100,Japan,Cervical cancer
1987,12,Japan,Cervical cancer
2013,96,Japan,Cervical cancer
2014,80,Japan,Cervical cancer
2017,112,Japan,Cervical cancer
2015,118,Japan,Cervical cancer
2016,124,Japan,Cervical cancer
2018,132,Japan,Cervical cancer
1988,17,Japan,Cervical cancer
2019,151,Japan,Cervical cancer
2020,172,Japan,Cervical cancer
2021,214,Japan,Cervical cancer
2022,183,Japan,Cervical cancer
2023,165,Japan,Cervical cancer
2024,101,Japan,Cervical cancer
2025,2,Japan,Cervical cancer
1994,33,Japan,Cervical cancer
1995,35,Japan,Cervical cancer
1996,34,Japan,Cervical cancer
1997,49,Japan,Cervical cancer
1998,56,Japan,Cervical cancer
2000,55,Japan,Cervical cancer
1984,0,Japan,Cervical cancer
1985,0,Japan,Cervical cancer
1986,0,Japan,Cervical cancer
1992,49,Japan,Colon cancer
1990,37,Japan,Colon cancer
1991,50,Japan,Colon cancer
2000,160,Japan,Colon cancer
2001,137,Japan,Colon cancer
2002,134,Japan,Colon cancer
1999,147,Japan,Colon cancer
1997,96,Japan,Colon cancer
2003,179,Japan,Colon cancer
2004,160,Japan,Colon cancer
2005,162,Japan,Colon cancer
2006,183,Japan,Colon cancer
2007,175,Japan,Colon cancer
2008,172,Japan,Colon cancer
2009,171,Japan,Colon cancer
2010,177,Japan,Colon cancer
2011,191,Japan,Colon cancer
1996,91,Japan,Colon cancer
2012,213,Japan,Colon cancer
1987,13,Japan,Colon cancer
1988,26,Japan,Colon cancer
1989,29,Japan,Colon cancer
2013,204,Japan,Colon cancer
2014,200,Japan,Colon cancer
2015,205,Japan,Colon cancer
2016,224,Japan,Colon cancer
2017,240,Japan,Colon cancer
2018,231,Japan,Colon cancer
1986,1,Japan,Colon cancer
2019,262,Japan,Colon cancer
2020,273,Japan,Colon cancer
2021,266,Japan,Colon cancer
2022,248,Japan,Colon cancer
2023,231,Japan,Colon cancer
2024,130,Japan,Colon cancer
1993,72,Japan,Colon cancer
1994,56,Japan,Colon cancer
1995,83,Japan,Colon cancer
1998,131,Japan,Colon cancer
1984,0,Japan,Colon cancer
1985,0,Japan,Colon cancer
2025,0,Japan,Colon cancer
1992,70,Japan,Colorectal cancer
1990,50,Japan,Colorectal cancer
1991,74,Japan,Colorectal cancer
2000,225,Japan,Colorectal cancer
2001,212,Japan,Colorectal cancer
2002,230,Japan,Colorectal cancer
2003,280,Japan,Colorectal cancer
2004,212,Japan,Colorectal cancer
2005,243,Japan,Colorectal cancer
2006,244,Japan,Colorectal cancer
2007,272,Japan,Colorectal cancer
2008,261,Japan,Colorectal cancer
2009,282,Japan,Colorectal cancer
1995,125,Japan,Colorectal cancer
2010,316,Japan,Colorectal cancer
2011,391,Japan,Colorectal cancer
2016,478,Japan,Colorectal cancer
1994,94,Japan,Colorectal cancer
1998,191,Japan,Colorectal cancer
1999,185,Japan,Colorectal cancer
2012,399,Japan,Colorectal cancer
1987,11,Japan,Colorectal cancer
1988,38,Japan,Colorectal cancer
1989,41,Japan,Colorectal cancer
2013,359,Japan,Colorectal cancer
2014,408,Japan,Colorectal cancer
2015,421,Japan,Colorectal cancer
2017,514,Japan,Colorectal cancer
2018,488,Japan,Colorectal cancer
2019,531,Japan,Colorectal cancer
2020,566,Japan,Colorectal cancer
2023,587,Japan,Colorectal cancer
2021,693,Japan,Colorectal cancer
2022,579,Japan,Colorectal cancer
2024,376,Japan,Colorectal cancer
2025,6,Japan,Colorectal cancer
1993,83,Japan,Colorectal cancer
1996,149,Japan,Colorectal cancer
1997,111,Japan,Colorectal cancer
1984,0,Japan,Colorectal cancer
1985,0,Japan,Colorectal cancer
1986,0,Japan,Colorectal cancer
1992,67,Japan,Esophageal cancer
1990,60,Japan,Esophageal cancer
1991,59,Japan,Esophageal cancer
2000,106,Japan,Esophageal cancer
2001,122,Japan,Esophageal cancer
2002,135,Japan,Esophageal cancer
1998,94,Japan,Esophageal cancer
2003,136,Japan,Esophageal cancer
2004,106,Japan,Esophageal cancer
2005,128,Japan,Esophageal cancer
2006,127,Japan,Esophageal cancer
2007,139,Japan,Esophageal cancer
2008,116,Japan,Esophageal cancer
1994,68,Japan,Esophageal cancer
1997,82,Japan,Esophageal cancer
2009,128,Japan,Esophageal cancer
2010,112,Japan,Esophageal cancer
2011,171,Japan,Esophageal cancer
1996,78,Japan,Esophageal cancer
2012,167,Japan,Esophageal cancer
1988,33,Japan,Esophageal cancer
1989,41,Japan,Esophageal cancer
2013,169,Japan,Esophageal cancer
2014,180,Japan,Esophageal cancer
2015,189,Japan,Esophageal cancer
2016,209,Japan,Esophageal cancer
2017,255,Japan,Esophageal cancer
2018,251,Japan,Esophageal cancer
1987,8,Japan,Esophageal cancer
2019,272,Japan,Esophageal cancer
2020,323,Japan,Esophageal cancer
2021,335,Japan,Esophageal cancer
2022,340,Japan,Esophageal cancer
2023,316,Japan,Esophageal cancer
1986,2,Japan,Esophageal cancer
2024,203,Japan,Esophageal cancer
1993,71,Japan,Esophageal cancer
1995,81,Japan,Esophageal cancer
1999,117,Japan,Esophageal cancer
1984,0,Japan,Esophageal cancer
1985,0,Japan,Esophageal cancer
2025,0,Japan,Esophageal cancer
1992,7,Japan,Gallbladder cancer
1990,8,Japan,Gallbladder cancer
1991,8,Japan,Gallbladder cancer
2001,23,Japan,Gallbladder cancer
2002,19,Japan,Gallbladder cancer
2003,22,Japan,Gallbladder cancer
2004,28,Japan,Gallbladder cancer
2005,19,Japan,Gallbladder cancer
2006,25,Japan,Gallbladder cancer
2007,22,Japan,Gallbladder cancer
2008,30,Japan,Gallbladder cancer
2009,19,Japan,Gallbladder cancer
2010,22,Japan,Gallbladder cancer
2011,20,Japan,Gallbladder cancer
1989,7,Japan,Gallbladder cancer
2012,23,Japan,Gallbladder cancer
2013,22,Japan,Gallbladder cancer
2014,30,Japan,Gallbladder cancer
2015,24,Japan,Gallbladder cancer
2016,27,Japan,Gallbladder cancer
2017,28,Japan,Gallbladder cancer
2018,26,Japan,Gallbladder cancer
1988,5,Japan,Gallbladder cancer
2019,33,Japan,Gallbladder cancer
1998,19,Japan,Gallbladder cancer
2020,29,Japan,Gallbladder cancer
2021,54,Japan,Gallbladder cancer
2022,36,Japan,Gallbladder cancer
2023,37,Japan,Gallbladder cancer
2024,14,Japan,Gallbladder cancer
1993,13,Japan,Gallbladder cancer
1994,11,Japan,Gallbladder cancer
1995,10,Japan,Gallbladder cancer
1996,18,Japan,Gallbladder cancer
1997,17,Japan,Gallbladder cancer
1999,30,Japan,Gallbladder cancer
2000,19,Japan,Gallbladder cancer
1984,0,Japan,Gallbladder cancer
1985,0,Japan,Gallbladder cancer
1986,0,Japan,Gallbladder cancer
1987,0,Japan,Gallbladder cancer
2025,0,Japan,Gallbladder cancer
1992,9,Japan,Hodgkin lymphoma
1990,10,Japan,Hodgkin lymphoma
1991,7,Japan,Hodgkin lymphoma
2001,8,Japan,Hodgkin lymphoma
2002,10,Japan,Hodgkin lymphoma
2003,15,Japan,Hodgkin lymphoma
2004,14,Japan,Hodgkin lymphoma
2005,18,Japan,Hodgkin lymphoma
2006,16,Japan,Hodgkin lymphoma
2007,30,Japan,Hodgkin lymphoma
2008,26,Japan,Hodgkin lymphoma
2009,34,Japan,Hodgkin lymphoma
2010,34,Japan,Hodgkin lymphoma
2011,21,Japan,Hodgkin lymphoma
1989,2,Japan,Hodgkin lymphoma
2012,38,Japan,Hodgkin lymphoma
2013,25,Japan,Hodgkin lymphoma
2015,34,Japan,Hodgkin lymphoma
2014,31,Japan,Hodgkin lymphoma
2016,29,Japan,Hodgkin lymphoma
2017,47,Japan,Hodgkin lymphoma
2018,43,Japan,Hodgkin lymphoma
1987,3,Japan,Hodgkin lymphoma
1988,4,Japan,Hodgkin lymphoma
2019,40,Japan,Hodgkin lymphoma
2020,61,Japan,Hodgkin lymphoma
2021,63,Japan,Hodgkin lymphoma
2022,40,Japan,Hodgkin lymphoma
2023,39,Japan,Hodgkin lymphoma
2024,22,Japan,Hodgkin lymphoma
1993,10,Japan,Hodgkin lymphoma
1994,4,Japan,Hodgkin lymphoma
1995,10,Japan,Hodgkin lymphoma
1996,6,Japan,Hodgkin lymphoma
1997,6,Japan,Hodgkin lymphoma
1998,6,Japan,Hodgkin lymphoma
1999,8,Japan,Hodgkin lymphoma
2000,7,Japan,Hodgkin lymphoma
1984,0,Japan,Hodgkin lymphoma
1985,0,Japan,Hodgkin lymphoma
1986,0,Japan,Hodgkin lymphoma
2025,0,Japan,Hodgkin lymphoma
1992,1,Japan,Kaposi sarcoma
1991,1,Japan,Kaposi sarcoma
2001,1,Japan,Kaposi sarcoma
2002,1,Japan,Kaposi sarcoma
2003,1,Japan,Kaposi sarcoma
2005,1,Japan,Kaposi sarcoma
2006,1,Japan,Kaposi sarcoma
2007,3,Japan,Kaposi sarcoma
2009,1,Japan,Kaposi sarcoma
2010,3,Japan,Kaposi sarcoma
2011,1,Japan,Kaposi sarcoma
2012,3,Japan,Kaposi sarcoma
2013,1,Japan,Kaposi sarcoma
2014,2,Japan,Kaposi sarcoma
2015,1,Japan,Kaposi sarcoma
2016,5,Japan,Kaposi sarcoma
2017,1,Japan,Kaposi sarcoma
2018,2,Japan,Kaposi sarcoma
2019,3,Japan,Kaposi sarcoma
2020,1,Japan,Kaposi sarcoma
2021,1,Japan,Kaposi sarcoma
2022,1,Japan,Kaposi sarcoma
2023,2,Japan,Kaposi sarcoma
2024,1,Japan,Kaposi sarcoma
1998,1,Japan,Kaposi sarcoma
1984,0,Japan,Kaposi sarcoma
1985,0,Japan,Kaposi sarcoma
1986,0,Japan,Kaposi sarcoma
1987,0,Japan,Kaposi sarcoma
1988,0,Japan,Kaposi sarcoma
1989,0,Japan,Kaposi sarcoma
1990,0,Japan,Kaposi sarcoma
1993,0,Japan,Kaposi sarcoma
1994,0,Japan,Kaposi sarcoma
1995,0,Japan,Kaposi sarcoma
1996,0,Japan,Kaposi sarcoma
1997,0,Japan,Kaposi sarcoma
1999,0,Japan,Kaposi sarcoma
2000,0,Japan,Kaposi sarcoma
2004,0,Japan,Kaposi sarcoma
2008,0,Japan,Kaposi sarcoma
2025,0,Japan,Kaposi sarcoma
1992,118,Japan,Kidney cancer
1990,77,Japan,Kidney cancer
1991,102,Japan,Kidney cancer
2000,133,Japan,Kidney cancer
2001,134,Japan,Kidney cancer
2002,136,Japan,Kidney cancer
1999,112,Japan,Kidney cancer
2003,127,Japan,Kidney cancer
2004,138,Japan,Kidney cancer
2005,113,Japan,Kidney cancer
2006,109,Japan,Kidney cancer
2007,103,Japan,Kidney cancer
2008,120,Japan,Kidney cancer
2009,117,Japan,Kidney cancer
2010,121,Japan,Kidney cancer
2011,145,Japan,Kidney cancer
2012,134,Japan,Kidney cancer
2013,157,Japan,Kidney cancer
1987,27,Japan,Kidney cancer
1988,42,Japan,Kidney cancer
1989,53,Japan,Kidney cancer
2014,154,Japan,Kidney cancer
1996,121,Japan,Kidney cancer
2015,133,Japan,Kidney cancer
2016,148,Japan,Kidney cancer
2017,165,Japan,Kidney cancer
2018,171,Japan,Kidney cancer
2019,177,Japan,Kidney cancer
2021,230,Japan,Kidney cancer
2020,194,Japan,Kidney cancer
2022,214,Japan,Kidney cancer
2023,198,Japan,Kidney cancer
2024,128,Japan,Kidney cancer
2025,3,Japan,Kidney cancer
1993,106,Japan,Kidney cancer
1994,108,Japan,Kidney cancer
1995,125,Japan,Kidney cancer
1997,124,Japan,Kidney cancer
1998,115,Japan,Kidney cancer
1984,0,Japan,Kidney cancer
1985,0,Japan,Kidney cancer
1986,0,Japan,Kidney cancer
1992,7,Japan,Laryngeal cancer
1990,8,Japan,Laryngeal cancer
1991,3,Japan,Laryngeal cancer
2001,4,Japan,Laryngeal cancer
2002,9,Japan,Laryngeal cancer
2003,6,Japan,Laryngeal cancer
2004,5,Japan,Laryngeal cancer
2005,4,Japan,Laryngeal cancer
2006,6,Japan,Laryngeal cancer
2007,9,Japan,Laryngeal cancer
2008,3,Japan,Laryngeal cancer
2009,10,Japan,Laryngeal cancer
1996,9,Japan,Laryngeal cancer
2010,13,Japan,Laryngeal cancer
2011,11,Japan,Laryngeal cancer
1989,1,Japan,Laryngeal cancer
2012,5,Japan,Laryngeal cancer
2013,7,Japan,Laryngeal cancer
2014,7,Japan,Laryngeal cancer
2016,8,Japan,Laryngeal cancer
2015,13,Japan,Laryngeal cancer
2017,18,Japan,Laryngeal cancer
2018,8,Japan,Laryngeal cancer
1988,5,Japan,Laryngeal cancer
2019,16,Japan,Laryngeal cancer
2020,14,Japan,Laryngeal cancer
2021,10,Japan,Laryngeal cancer
2022,15,Japan,Laryngeal cancer
2025,2,Japan,Laryngeal cancer
1987,1,Japan,Laryngeal cancer
2023,15,Japan,Laryngeal cancer
2024,15,Japan,Laryngeal cancer
1993,7,Japan,Laryngeal cancer
1994,4,Japan,Laryngeal cancer
1995,10,Japan,Laryngeal cancer
1997,7,Japan,Laryngeal cancer
1998,7,Japan,Laryngeal cancer
1999,11,Japan,Laryngeal cancer
2000,4,Japan,Laryngeal cancer
1984,0,Japan,Laryngeal cancer
1985,0,Japan,Laryngeal cancer
1986,0,Japan,Laryngeal cancer
1992,690,Japan,Leukemia
1990,557,Japan,Leukemia
1991,672,Japan,Leukemia
1999,546,Japan,Leukemia
2000,557,Japan,Leukemia
2001,545,Japan,Leukemia
2002,503,Japan,Leukemia
2003,520,Japan,Leukemia
2004,492,Japan,Leukemia
2005,440,Japan,Leukemia
2006,364,Japan,Leukemia
2007,445,Japan,Leukemia
2008,380,Japan,Leukemia
2009,421,Japan,Leukemia
2010,379,Japan,Leukemia
2011,411,Japan,Leukemia
2012,474,Japan,Leukemia
1986,7,Japan,Leukemia
1987,152,Japan,Leukemia
1988,408,Japan,Leukemia
1989,444,Japan,Leukemia
1998,629,Japan,Leukemia
2013,445,Japan,Leukemia
2014,438,Japan,Leukemia
2016,432,Japan,Leukemia
2017,449,Japan,Leukemia
2015,433,Japan,Leukemia
2018,474,Japan,Leukemia
2019,438,Japan,Leukemia
1985,2,Japan,Leukemia
2020,476,Japan,Leukemia
2021,511,Japan,Leukemia
2022,501,Japan,Leukemia
2025,3,Japan,Leukemia
2023,437,Japan,Leukemia
2024,298,Japan,Leukemia
1993,708,Japan,Leukemia
1994,627,Japan,Leukemia
1995,655,Japan,Leukemia
1996,621,Japan,Leukemia
1997,625,Japan,Leukemia
1984,0,Japan,Leukemia
1992,282,Japan,Liver cancer
1990,221,Japan,Liver cancer
1991,242,Japan,Liver cancer
1995,303,Japan,Liver cancer
1999,373,Japan,Liver cancer
2000,370,Japan,Liver cancer
2001,417,Japan,Liver cancer
2002,396,Japan,Liver cancer
2003,364,Japan,Liver cancer
1998,338,Japan,Liver cancer
2004,355,Japan,Liver cancer
2005,398,Japan,Liver cancer
2006,351,Japan,Liver cancer
2007,369,Japan,Liver cancer
2008,374,Japan,Liver cancer
2009,345,Japan,Liver cancer
1997,290,Japan,Liver cancer
2010,390,Japan,Liver cancer
2011,406,Japan,Liver cancer
2012,461,Japan,Liver cancer
1987,46,Japan,Liver cancer
1988,142,Japan,Liver cancer
1989,199,Japan,Liver cancer
2013,461,Japan,Liver cancer
2014,450,Japan,Liver cancer
2015,487,Japan,Liver cancer
2016,410,Japan,Liver cancer
2017,409,Japan,Liver cancer
2018,405,Japan,Liver cancer
1986,2,Japan,Liver cancer
2019,428,Japan,Liver cancer
2020,521,Japan,Liver cancer
2021,581,Japan,Liver cancer
2022,518,Japan,Liver cancer
2023,515,Japan,Liver cancer
2024,320,Japan,Liver cancer
2025,7,Japan,Liver cancer
1993,303,Japan,Liver cancer
1994,296,Japan,Liver cancer
1996,318,Japan,Liver cancer
1984,0,Japan,Liver cancer
1985,0,Japan,Liver cancer
1992,333,Japan,Lung cancer
1990,255,Japan,Lung cancer
1991,306,Japan,Lung cancer
1995,363,Japan,Lung cancer
1999,467,Japan,Lung cancer
2000,489,Japan,Lung cancer
2001,558,Japan,Lung cancer
2002,513,Japan,Lung cancer
2003,506,Japan,Lung cancer
1998,438,Japan,Lung cancer
2004,492,Japan,Lung cancer
2005,562,Japan,Lung cancer
2006,526,Japan,Lung cancer
2007,546,Japan,Lung cancer
2008,529,Japan,Lung cancer
2009,536,Japan,Lung cancer
1997,388,Japan,Lung cancer
2010,606,Japan,Lung cancer
2011,608,Japan,Lung cancer
1996,402,Japan,Lung cancer
2012,708,Japan,Lung cancer
1987,55,Japan,Lung cancer
1988,154,Japan,Lung cancer
1989,227,Japan,Lung cancer
2013,662,Japan,Lung cancer
2014,674,Japan,Lung cancer
2015,727,Japan,Lung cancer
2016,687,Japan,Lung cancer
2017,789,Japan,Lung cancer
2018,821,Japan,Lung cancer
1986,2,Japan,Lung cancer
2019,822,Japan,Lung cancer
2020,969,Japan,Lung cancer
2021,1100,Japan,Lung cancer
2022,984,Japan,Lung cancer
2023,977,Japan,Lung cancer
2024,626,Japan,Lung cancer
2025,13,Japan,Lung cancer
1993,362,Japan,Lung cancer
1994,357,Japan,Lung cancer
1984,0,Japan,Lung cancer
1985,0,Japan,Lung cancer
1992,20,Japan,Mesothelioma
1990,11,Japan,Mesothelioma
1991,24,Japan,Mesothelioma
2001,27,Japan,Mesothelioma
2002,19,Japan,Mesothelioma
2003,18,Japan,Mesothelioma
2004,26,Japan,Mesothelioma
2005,23,Japan,Mesothelioma
2006,35,Japan,Mesothelioma
2007,46,Japan,Mesothelioma
2008,59,Japan,Mesothelioma
2009,66,Japan,Mesothelioma
2010,84,Japan,Mesothelioma
2011,73,Japan,Mesothelioma
1988,10,Japan,Mesothelioma
1989,13,Japan,Mesothelioma
2012,87,Japan,Mesothelioma
2013,66,Japan,Mesothelioma
2014,75,Japan,Mesothelioma
2015,52,Japan,Mesothelioma
2016,68,Japan,Mesothelioma
2017,62,Japan,Mesothelioma
2018,64,Japan,Mesothelioma
2019,60,Japan,Mesothelioma
2020,80,Japan,Mesothelioma
2021,75,Japan,Mesothelioma
2022,65,Japan,Mesothelioma
2023,55,Japan,Mesothelioma
1986,1,Japan,Mesothelioma
1987,2,Japan,Mesothelioma
2024,32,Japan,Mesothelioma
2025,1,Japan,Mesothelioma
1993,20,Japan,Mesothelioma
1994,26,Japan,Mesothelioma
1995,31,Japan,Mesothelioma
1996,24,Japan,Mesothelioma
1997,26,Japan,Mesothelioma
1998,23,Japan,Mesothelioma
1999,29,Japan,Mesothelioma
2000,19,Japan,Mesothelioma
1984,0,Japan,Mesothelioma
1985,0,Japan,Mesothelioma
2011,1,Japan,Mouth cancer
2020,1,Japan,Mouth cancer
2021,2,Japan,Mouth cancer
2022,1,Japan,Mouth cancer
1999,1,Japan,Mouth cancer
1984,0,Japan,Mouth cancer
1985,0,Japan,Mouth cancer
1986,0,Japan,Mouth cancer
1987,0,Japan,Mouth cancer
1988,0,Japan,Mouth cancer
1989,0,Japan,Mouth cancer
1990,0,Japan,Mouth cancer
1991,0,Japan,Mouth cancer
1992,0,Japan,Mouth cancer
1993,0,Japan,Mouth cancer
1994,0,Japan,Mouth cancer
1995,0,Japan,Mouth cancer
1996,0,Japan,Mouth cancer
1997,0,Japan,Mouth cancer
1998,0,Japan,Mouth cancer
2000,0,Japan,Mouth cancer
2001,0,Japan,Mouth cancer
2002,0,Japan,Mouth cancer
2003,0,Japan,Mouth cancer
2004,0,Japan,Mouth cancer
2005,0,Japan,Mouth cancer
2006,0,Japan,Mouth cancer
2007,0,Japan,Mouth cancer
2008,0,Japan,Mouth cancer
2009,0,Japan,Mouth cancer
2010,0,Japan,Mouth cancer
2012,0,Japan,Mouth cancer
2013,0,Japan,Mouth cancer
2014,0,Japan,Mouth cancer
2015,0,Japan,Mouth cancer
2016,0,Japan,Mouth cancer
2017,0,Japan,Mouth cancer
2018,0,Japan,Mouth cancer
2019,0,Japan,Mouth cancer
2023,0,Japan,Mouth cancer
2024,0,Japan,Mouth cancer
2025,0,Japan,Mouth cancer
1992,60,Japan,Multiple myeloma
1990,62,Japan,Multiple myeloma
1991,64,Japan,Multiple myeloma
2000,66,Japan,Multiple myeloma
2001,52,Japan,Multiple myeloma
2002,58,Japan,Multiple myeloma
2003,60,Japan,Multiple myeloma
2004,73,Japan,Multiple myeloma
2005,64,Japan,Multiple myeloma
2006,58,Japan,Multiple myeloma
2007,78,Japan,Multiple myeloma
2008,53,Japan,Multiple myeloma
2009,63,Japan,Multiple myeloma
2010,81,Japan,Multiple myeloma
2011,72,Japan,Multiple myeloma
2012,76,Japan,Multiple myeloma
1988,20,Japan,Multiple myeloma
1989,44,Japan,Multiple myeloma
2013,73,Japan,Multiple myeloma
2014,75,Japan,Multiple myeloma
2015,98,Japan,Multiple myeloma
2016,84,Japan,Multiple myeloma
2017,75,Japan,Multiple myeloma
2018,103,Japan,Multiple myeloma
1987,13,Japan,Multiple myeloma
2019,117,Japan,Multiple myeloma
2020,137,Japan,Multiple myeloma
2021,117,Japan,Multiple myeloma
2022,107,Japan,Multiple myeloma
2023,115,Japan,Multiple myeloma
2024,84,Japan,Multiple myeloma
2025,1,Japan,Multiple myeloma
1993,60,Japan,Multiple myeloma
1994,48,Japan,Multiple myeloma
1995,83,Japan,Multiple myeloma
1996,60,Japan,Multiple myeloma
1997,44,Japan,Multiple myeloma
1998,66,Japan,Multiple myeloma
1999,54,Japan,Multiple myeloma
1984,0,Japan,Multiple myeloma
1985,0,Japan,Multiple myeloma
1986,0,Japan,Multiple myeloma
1992,20,Japan,Non-Hodgkin lymphoma
1990,19,Japan,Non-Hodgkin lymphoma
1991,17,Japan,Non-Hodgkin lymphoma
2001,66,Japan,Non-Hodgkin lymphoma
2002,63,Japan,Non-Hodgkin lymphoma
1999,36,Japan,Non-Hodgkin lymphoma
2003,77,Japan,Non-Hodgkin lymphoma
2004,82,Japan,Non-Hodgkin lymphoma
2005,86,Japan,Non-Hodgkin lymphoma
2006,68,Japan,Non-Hodgkin lymphoma
2007,106,Japan,Non-Hodgkin lymphoma
2008,85,Japan,Non-Hodgkin lymphoma
2009,111,Japan,Non-Hodgkin lymphoma
2010,108,Japan,Non-Hodgkin lymphoma
2011,109,Japan,Non-Hodgkin lymphoma
2012,132,Japan,Non-Hodgkin lymphoma
1989,11,Japan,Non-Hodgkin lymphoma
2013,131,Japan,Non-Hodgkin lymphoma
2015,135,Japan,Non-Hodgkin lymphoma
2014,131,Japan,Non-Hodgkin lymphoma
2016,118,Japan,Non-Hodgkin lymphoma
2017,150,Japan,Non-Hodgkin lymphoma
2018,135,Japan,Non-Hodgkin lymphoma
2019,155,Japan,Non-Hodgkin lymphoma
1987,4,Japan,Non-Hodgkin lymphoma
1988,16,Japan,Non-Hodgkin lymphoma
2020,187,Japan,Non-Hodgkin lymphoma
2021,201,Japan,Non-Hodgkin lymphoma
2022,197,Japan,Non-Hodgkin lymphoma
2023,168,Japan,Non-Hodgkin lymphoma
2024,104,Japan,Non-Hodgkin lymphoma
2025,6,Japan,Non-Hodgkin lymphoma
1993,21,Japan,Non-Hodgkin lymphoma
1994,11,Japan,Non-Hodgkin lymphoma
1995,17,Japan,Non-Hodgkin lymphoma
1996,18,Japan,Non-Hodgkin lymphoma
1997,21,Japan,Non-Hodgkin lymphoma
1998,21,Japan,Non-Hodgkin lymphoma
2000,51,Japan,Non-Hodgkin lymphoma
1984,0,Japan,Non-Hodgkin lymphoma
1985,0,Japan,Non-Hodgkin lymphoma
1986,0,Japan,Non-Hodgkin lymphoma
1992,1665,Japan,Other cancer
1990,1319,Japan,Other cancer
1991,1532,Japan,Other cancer
1993,1725,Japan,Other cancer
1994,1758,Japan,Other cancer
1995,1804,Japan,Other cancer
1998,2161,Japan,Other cancer
1999,2233,Japan,Other cancer
2000,2387,Japan,Other cancer
2001,2346,Japan,Other cancer
2002,2292,Japan,Other cancer
1996,1893,Japan,Other cancer
2003,2319,Japan,Other cancer
2004,2278,Japan,Other cancer
1997,1920,Japan,Other cancer
2005,2294,Japan,Other cancer
2006,2157,Japan,Other cancer
2007,2149,Japan,Other cancer
2008,1995,Japan,Other cancer
2009,2106,Japan,Other cancer
2010,2197,Japan,Other cancer
2011,2340,Japan,Other cancer
2012,2580,Japan,Other cancer
2013,2435,Japan,Other cancer
2014,2632,Japan,Other cancer
1986,8,Japan,Other cancer
1987,368,Japan,Other cancer
1988,943,Japan,Other cancer
1989,1098,Japan,Other cancer
2015,2571,Japan,Other cancer
2016,2618,Japan,Other cancer
1985,3,Japan,Other cancer
2017,2828,Japan,Other cancer
2018,3030,Japan,Other cancer
2019,2941,Japan,Other cancer
2020,3111,Japan,Other cancer
2022,3176,Japan,Other cancer
2021,3531,Japan,Other cancer
2023,2919,Japan,Other cancer
2024,1985,Japan,Other cancer
2025,43,Japan,Other cancer
1984,0,Japan,Other cancer
1992,83,Japan,Ovarian cancer
1990,47,Japan,Ovarian cancer
1991,45,Japan,Ovarian cancer
1993,61,Japan,Ovarian cancer
1995,59,Japan,Ovarian cancer
2000,81,Japan,Ovarian cancer
2001,90,Japan,Ovarian cancer
2002,81,Japan,Ovarian cancer
2003,81,Japan,Ovarian cancer
2004,127,Japan,Ovarian cancer
2005,92,Japan,Ovarian cancer
1997,59,Japan,Ovarian cancer
2006,74,Japan,Ovarian cancer
2008,85,Japan,Ovarian cancer
2007,95,Japan,Ovarian cancer
2009,83,Japan,Ovarian cancer
2010,80,Japan,Ovarian cancer
2011,98,Japan,Ovarian cancer
1994,59,Japan,Ovarian cancer
2012,123,Japan,Ovarian cancer
1987,13,Japan,Ovarian cancer
1988,40,Japan,Ovarian cancer
1989,45,Japan,Ovarian cancer
2013,93,Japan,Ovarian cancer
2014,111,Japan,Ovarian cancer
2015,123,Japan,Ovarian cancer
2016,110,Japan,Ovarian cancer
2017,128,Japan,Ovarian cancer
2018,147,Japan,Ovarian cancer
2019,149,Japan,Ovarian cancer
2020,162,Japan,Ovarian cancer
2021,186,Japan,Ovarian cancer
2022,159,Japan,Ovarian cancer
2023,159,Japan,Ovarian cancer
2024,91,Japan,Ovarian cancer
2025,2,Japan,Ovarian cancer
1996,48,Japan,Ovarian cancer
1998,62,Japan,Ovarian cancer
1999,78,Japan,Ovarian cancer
1984,0,Japan,Ovarian cancer
1985,0,Japan,Ovarian cancer
1986,0,Japan,Ovarian cancer
1992,51,Japan,Pancreatic cancer
1990,46,Japan,Pancreatic cancer
1991,67,Japan,Pancreatic cancer
2000,101,Japan,Pancreatic cancer
2001,114,Japan,Pancreatic cancer
2002,141,Japan,Pancreatic cancer
1996,92,Japan,Pancreatic cancer
1999,102,Japan,Pancreatic cancer
2003,114,Japan,Pancreatic cancer
2004,148,Japan,Pancreatic cancer
2005,147,Japan,Pancreatic cancer
2006,171,Japan,Pancreatic cancer
2007,141,Japan,Pancreatic cancer
2008,178,Japan,Pancreatic cancer
1997,80,Japan,Pancreatic cancer
2009,170,Japan,Pancreatic cancer
2010,172,Japan,Pancreatic cancer
2011,223,Japan,Pancreatic cancer
1995,63,Japan,Pancreatic cancer
2012,226,Japan,Pancreatic cancer
1987,4,Japan,Pancreatic cancer
1988,23,Japan,Pancreatic cancer
1989,37,Japan,Pancreatic cancer
2013,247,Japan,Pancreatic cancer
2014,212,Japan,Pancreatic cancer
2015,248,Japan,Pancreatic cancer
2016,265,Japan,Pancreatic cancer
2017,283,Japan,Pancreatic cancer
2018,322,Japan,Pancreatic cancer
2019,335,Japan,Pancreatic cancer
1998,105,Japan,Pancreatic cancer
2020,371,Japan,Pancreatic cancer
2021,456,Japan,Pancreatic cancer
2022,452,Japan,Pancreatic cancer
2023,421,Japan,Pancreatic cancer
2024,251,Japan,Pancreatic cancer
2025,7,Japan,Pancreatic cancer
1993,69,Japan,Pancreatic cancer
1994,68,Japan,Pancreatic cancer
1984,0,Japan,Pancreatic cancer
1985,0,Japan,Pancreatic cancer
1986,0,Japan,Pancreatic cancer
1992,1,Japan,Penile cancer
1990,5,Japan,Penile cancer
2002,2,Japan,Penile cancer
2004,1,Japan,Penile cancer
2005,1,Japan,Penile cancer
2006,1,Japan,Penile cancer
2007,1,Japan,Penile cancer
2008,1,Japan,Penile cancer
2009,2,Japan,Penile cancer
2010,4,Japan,Penile cancer
2011,3,Japan,Penile cancer
1997,3,Japan,Penile cancer
1988,2,Japan,Penile cancer
1989,1,Japan,Penile cancer
2013,3,Japan,Penile cancer
2014,3,Japan,Penile cancer
2012,1,Japan,Penile cancer
2015,1,Japan,Penile cancer
2016,2,Japan,Penile cancer
2017,2,Japan,Penile cancer
2018,2,Japan,Penile cancer
2019,3,Japan,Penile cancer
2020,7,Japan,Penile cancer
2022,4,Japan,Penile cancer
2023,5,Japan,Penile cancer
2024,1,Japan,Penile cancer
1993,2,Japan,Penile cancer
1994,4,Japan,Penile cancer
1996,1,Japan,Penile cancer
1998,4,Japan,Penile cancer
1999,2,Japan,Penile cancer
1984,0,Japan,Penile cancer
1985,0,Japan,Penile cancer
1986,0,Japan,Penile cancer
1987,0,Japan,Penile cancer
1991,0,Japan,Penile cancer
1995,0,Japan,Penile cancer
2000,0,Japan,Penile cancer
2001,0,Japan,Penile cancer
2003,0,Japan,Penile cancer
2021,0,Japan,Penile cancer
2025,0,Japan,Penile cancer
1992,33,Japan,Prostate cancer
1990,17,Japan,Prostate cancer
1991,25,Japan,Prostate cancer
2000,167,Japan,Prostate cancer
2001,161,Japan,Prostate cancer
2002,179,Japan,Prostate cancer
1999,122,Japan,Prostate cancer
2003,208,Japan,Prostate cancer
2004,199,Japan,Prostate cancer
2005,267,Japan,Prostate cancer
2006,231,Japan,Prostate cancer
2007,214,Japan,Prostate cancer
2008,215,Japan,Prostate cancer
2009,204,Japan,Prostate cancer
2010,218,Japan,Prostate cancer
2011,264,Japan,Prostate cancer
1996,91,Japan,Prostate cancer
1997,79,Japan,Prostate cancer
1998,143,Japan,Prostate cancer
2012,276,Japan,Prostate cancer
2013,254,Japan,Prostate cancer
1986,1,Japan,Prostate cancer
1988,13,Japan,Prostate cancer
1989,8,Japan,Prostate cancer
2014,314,Japan,Prostate cancer
2015,289,Japan,Prostate cancer
2016,269,Japan,Prostate cancer
2017,321,Japan,Prostate cancer
2018,329,Japan,Prostate cancer
1987,4,Japan,Prostate cancer
2019,352,Japan,Prostate cancer
2020,373,Japan,Prostate cancer
2022,422,Japan,Prostate cancer
2021,450,Japan,Prostate cancer
2023,376,Japan,Prostate cancer
2024,265,Japan,Prostate cancer
2025,6,Japan,Prostate cancer
1993,40,Japan,Prostate cancer
1994,52,Japan,Prostate cancer
1995,68,Japan,Prostate cancer
1984,0,Japan,Prostate cancer
1985,0,Japan,Prostate cancer
1992,23,Japan,Rectal cancer
1990,18,Japan,Rectal cancer
1991,35,Japan,Rectal cancer
2000,33,Japan,Rectal cancer
2001,45,Japan,Rectal cancer
2002,52,Japan,Rectal cancer
2003,60,Japan,Rectal cancer
2004,61,Japan,Rectal cancer
2005,59,Japan,Rectal cancer
2006,53,Japan,Rectal cancer
2007,81,Japan,Rectal cancer
2008,64,Japan,Rectal cancer
2009,81,Japan,Rectal cancer
2010,92,Japan,Rectal cancer
2011,119,Japan,Rectal cancer
1998,50,Japan,Rectal cancer
2012,99,Japan,Rectal cancer
1989,17,Japan,Rectal cancer
2013,103,Japan,Rectal cancer
2014,126,Japan,Rectal cancer
2015,129,Japan,Rectal cancer
2016,140,Japan,Rectal cancer
2017,186,Japan,Rectal cancer
2018,183,Japan,Rectal cancer
1987,6,Japan,Rectal cancer
1988,16,Japan,Rectal cancer
2019,169,Japan,Rectal cancer
1994,30,Japan,Rectal cancer
2020,216,Japan,Rectal cancer
2021,250,Japan,Rectal cancer
2022,232,Japan,Rectal cancer
2023,226,Japan,Rectal cancer
2024,114,Japan,Rectal cancer
2025,1,Japan,Rectal cancer
1993,32,Japan,Rectal cancer
1995,26,Japan,Rectal cancer
1996,24,Japan,Rectal cancer
1997,38,Japan,Rectal cancer
1999,48,Japan,Rectal cancer
1984,0,Japan,Rectal cancer
1985,0,Japan,Rectal cancer
1986,0,Japan,Rectal cancer
2002,5,Japan,Salivary gland cancer
2003,2,Japan,Salivary gland cancer
2004,2,Japan,Salivary gland cancer
2005,2,Japan,Salivary gland cancer
2006,1,Japan,Salivary gland cancer
2008,3,Japan,Salivary gland cancer
2007,1,Japan,Salivary gland cancer
2009,1,Japan,Salivary gland cancer
1991,1,Japan,Salivary gland cancer
2012,1,Japan,Salivary gland cancer
2013,1,Japan,Salivary gland cancer
2014,2,Japan,Salivary gland cancer
2015,1,Japan,Salivary gland cancer
2016,6,Japan,Salivary gland cancer
2017,1,Japan,Salivary gland cancer
2018,3,Japan,Salivary gland cancer
2019,3,Japan,Salivary gland cancer
2021,4,Japan,Salivary gland cancer
2022,4,Japan,Salivary gland cancer
2023,6,Japan,Salivary gland cancer
2024,7,Japan,Salivary gland cancer
1994,1,Japan,Salivary gland cancer
1997,2,Japan,Salivary gland cancer
1998,2,Japan,Salivary gland cancer
2000,4,Japan,Salivary gland cancer
2001,1,Japan,Salivary gland cancer
1984,0,Japan,Salivary gland cancer
1985,0,Japan,Salivary gland cancer
1986,0,Japan,Salivary gland cancer
1987,0,Japan,Salivary gland cancer
1988,0,Japan,Salivary gland cancer
1989,0,Japan,Salivary gland cancer
1990,0,Japan,Salivary gland cancer
1992,0,Japan,Salivary gland cancer
1993,0,Japan,Salivary gland cancer
1995,0,Japan,Salivary gland cancer
1996,0,Japan,Salivary gland cancer
1999,0,Japan,Salivary gland cancer
2010,0,Japan,Salivary gland cancer
2011,0,Japan,Salivary gland cancer
2020,0,Japan,Salivary gland cancer
2025,0,Japan,Salivary gland cancer
1992,123,Japan,Skin cancer
1990,129,Japan,Skin cancer
1991,116,Japan,Skin cancer
1989,128,Japan,Skin cancer
1998,166,Japan,Skin cancer
2000,161,Japan,Skin cancer
2001,180,Japan,Skin cancer
2002,161,Japan,Skin cancer
2003,168,Japan,Skin cancer
1993,135,Japan,Skin cancer
2004,184,Japan,Skin cancer
2005,175,Japan,Skin cancer
2006,146,Japan,Skin cancer
2007,153,Japan,Skin cancer
2008,189,Japan,Skin cancer
2009,201,Japan,Skin cancer
2010,189,Japan,Skin cancer
2011,165,Japan,Skin cancer
2014,209,Japan,Skin cancer
2012,183,Japan,Skin cancer
1985,1,Japan,Skin cancer
1987,19,Japan,Skin cancer
1988,77,Japan,Skin cancer
2013,203,Japan,Skin cancer
2015,214,Japan,Skin cancer
2016,227,Japan,Skin cancer
2017,277,Japan,Skin cancer
2018,275,Japan,Skin cancer
2019,272,Japan,Skin cancer
2020,266,Japan,Skin cancer
2021,264,Japan,Skin cancer
2022,230,Japan,Skin cancer
2023,209,Japan,Skin cancer
2024,140,Japan,Skin cancer
2025,1,Japan,Skin cancer
1994,135,Japan,Skin cancer
1995,161,Japan,Skin cancer
1996,160,Japan,Skin cancer
1997,168,Japan,Skin cancer
1999,161,Japan,Skin cancer
1984,0,Japan,Skin cancer
1986,0,Japan,Skin cancer
1992,39,Japan,Stomach cancer
1990,50,Japan,Stomach cancer
1991,30,Japan,Stomach cancer
2000,44,Japan,Stomach cancer
2001,52,Japan,Stomach cancer
2002,57,Japan,Stomach cancer
1999,34,Japan,Stomach cancer
2003,36,Japan,Stomach cancer
2004,37,Japan,Stomach cancer
2005,45,Japan,Stomach cancer
2006,37,Japan,Stomach cancer
2007,44,Japan,Stomach cancer
2008,41,Japan,Stomach cancer
2009,39,Japan,Stomach cancer
2010,28,Japan,Stomach cancer
2011,39,Japan,Stomach cancer
2012,43,Japan,Stomach cancer
1989,30,Japan,Stomach cancer
2013,46,Japan,Stomach cancer
2014,43,Japan,Stomach cancer
2015,44,Japan,Stomach cancer
2016,38,Japan,Stomach cancer
2017,57,Japan,Stomach cancer
2018,54,Japan,Stomach cancer
1986,2,Japan,Stomach cancer
1987,15,Japan,Stomach cancer
1988,23,Japan,Stomach cancer
2019,42,Japan,Stomach cancer
1997,43,Japan,Stomach cancer
2020,58,Japan,Stomach cancer
1994,40,Japan,Stomach cancer
2021,56,Japan,Stomach cancer
2022,53,Japan,Stomach cancer
2023,59,Japan,Stomach cancer
2024,30,Japan,Stomach cancer
2025,2,Japan,Stomach cancer
1993,28,Japan,Stomach cancer
1995,39,Japan,Stomach cancer
1996,29,Japan,Stomach cancer
1998,31,Japan,Stomach cancer
1984,0,Japan,Stomach cancer
1985,0,Japan,Stomach cancer
1992,5,Japan,Testicular cancer
1990,7,Japan,Testicular cancer
1991,5,Japan,Testicular cancer
2001,7,Japan,Testicular cancer
2002,14,Japan,Testicular cancer
2003,11,Japan,Testicular cancer
2004,13,Japan,Testicular cancer
2005,11,Japan,Testicular cancer
2006,12,Japan,Testicular cancer
2007,9,Japan,Testicular cancer
2008,10,Japan,Testicular cancer
2009,10,Japan,Testicular cancer
2010,11,Japan,Testicular cancer
2011,5,Japan,Testicular cancer
2012,6,Japan,Testicular cancer
1987,3,Japan,Testicular cancer
1988,4,Japan,Testicular cancer
1989,5,Japan,Testicular cancer
2013,15,Japan,Testicular cancer
2014,7,Japan,Testicular cancer
2015,8,Japan,Testicular cancer
2016,11,Japan,Testicular cancer
2017,9,Japan,Testicular cancer
2018,17,Japan,Testicular cancer
2019,8,Japan,Testicular cancer
2020,5,Japan,Testicular cancer
2021,15,Japan,Testicular cancer
2022,6,Japan,Testicular cancer
2023,10,Japan,Testicular cancer
2024,6,Japan,Testicular cancer
1993,9,Japan,Testicular cancer
1994,14,Japan,Testicular cancer
1995,12,Japan,Testicular cancer
1996,9,Japan,Testicular cancer
1997,7,Japan,Testicular cancer
1998,18,Japan,Testicular cancer
1999,14,Japan,Testicular cancer
2000,13,Japan,Testicular cancer
1984,0,Japan,Testicular cancer
1985,0,Japan,Testicular cancer
1986,0,Japan,Testicular cancer
2025,0,Japan,Testicular cancer
2024,1,Japan,Throat cancer
1984,0,Japan,Throat cancer
1985,0,Japan,Throat cancer
1986,0,Japan,Throat cancer
1987,0,Japan,Throat cancer
1988,0,Japan,Throat cancer
1989,0,Japan,Throat cancer
1990,0,Japan,Throat cancer
1991,0,Japan,Throat cancer
1992,0,Japan,Throat cancer
1993,0,Japan,Throat cancer
1994,0,Japan,Throat cancer
1995,0,Japan,Throat cancer
1996,0,Japan,Throat cancer
1997,0,Japan,Throat cancer
1998,0,Japan,Throat cancer
1999,0,Japan,Throat cancer
2000,0,Japan,Throat cancer
2001,0,Japan,Throat cancer
2002,0,Japan,Throat cancer
2003,0,Japan,Throat cancer
2004,0,Japan,Throat cancer
2005,0,Japan,Throat cancer
2006,0,Japan,Throat cancer
2007,0,Japan,Throat cancer
2008,0,Japan,Throat cancer
2009,0,Japan,Throat cancer
2010,0,Japan,Throat cancer
2011,0,Japan,Throat cancer
2012,0,Japan,Throat cancer
2013,0,Japan,Throat cancer
2014,0,Japan,Throat cancer
2015,0,Japan,Throat cancer
2016,0,Japan,Throat cancer
2017,0,Japan,Throat cancer
2018,0,Japan,Throat cancer
2019,0,Japan,Throat cancer
2020,0,Japan,Throat cancer
2021,0,Japan,Throat cancer
2022,0,Japan,Throat cancer
2023,0,Japan,Throat cancer
2025,0,Japan,Throat cancer
1992,22,Japan,Thyroid cancer
1990,16,Japan,Thyroid cancer
1991,17,Japan,Thyroid cancer
2001,27,Japan,Thyroid cancer
2002,22,Japan,Thyroid cancer
1994,24,Japan,Thyroid cancer
2003,22,Japan,Thyroid cancer
2004,35,Japan,Thyroid cancer
2005,31,Japan,Thyroid cancer
2006,30,Japan,Thyroid cancer
2007,34,Japan,Thyroid cancer
2008,29,Japan,Thyroid cancer
2009,24,Japan,Thyroid cancer
2010,20,Japan,Thyroid cancer
1997,26,Japan,Thyroid cancer
1996,21,Japan,Thyroid cancer
2011,42,Japan,Thyroid cancer
2012,61,Japan,Thyroid cancer
2014,60,Japan,Thyroid cancer
1988,11,Japan,Thyroid cancer
1989,8,Japan,Thyroid cancer
2013,63,Japan,Thyroid cancer
2015,52,Japan,Thyroid cancer
2016,55,Japan,Thyroid cancer
2017,75,Japan,Thyroid cancer
2019,89,Japan,Thyroid cancer
2018,84,Japan,Thyroid cancer
1987,8,Japan,Thyroid cancer
2020,101,Japan,Thyroid cancer
2021,105,Japan,Thyroid cancer
2022,84,Japan,Thyroid cancer
2023,70,Japan,Thyroid cancer
1986,1,Japan,Thyroid cancer
2024,41,Japan,Thyroid cancer
2025,1,Japan,Thyroid cancer
1993,37,Japan,Thyroid cancer
1995,28,Japan,Thyroid cancer
1998,26,Japan,Thyroid cancer
1999,31,Japan,Thyroid cancer
2000,28,Japan,Thyroid cancer
1984,0,Japan,Thyroid cancer
1985,0,Japan,Thyroid cancer
1992,2395,Japan,Undetermined cancer
1990,2282,Japan,Undetermined cancer
1991,2319,Japan,Undetermined cancer
1993,2496,Japan,Undetermined cancer
1994,2618,Japan,Undetermined cancer
1995,2584,Japan,Undetermined cancer
1996,2749,Japan,Undetermined cancer
1997,2773,Japan,Undetermined cancer
1998,3050,Japan,Undetermined cancer
1999,3070,Japan,Undetermined cancer
2000,3356,Japan,Undetermined cancer
2001,3320,Japan,Undetermined cancer
2002,3090,Japan,Undetermined cancer
2003,3096,Japan,Undetermined cancer
2004,3129,Japan,Undetermined cancer
1987,681,Japan,Undetermined cancer
1989,1684,Japan,Undetermined cancer
2005,3176,Japan,Undetermined cancer
2006,2871,Japan,Undetermined cancer
2007,2967,Japan,Undetermined cancer
1986,25,Japan,Undetermined cancer
2008,2855,Japan,Undetermined cancer
2009,2801,Japan,Undetermined cancer
2010,2991,Japan,Undetermined cancer
2011,3107,Japan,Undetermined cancer
1985,4,Japan,Undetermined cancer
1988,1490,Japan,Undetermined cancer
2012,3426,Japan,Undetermined cancer
2013,3146,Japan,Undetermined cancer
2014,3409,Japan,Undetermined cancer
2015,3371,Japan,Undetermined cancer
2016,3603,Japan,Undetermined cancer
2017,3978,Japan,Undetermined cancer
2018,4090,Japan,Undetermined cancer
2019,4323,Japan,Undetermined cancer
2020,4865,Japan,Undetermined cancer
2021,5435,Japan,Undetermined cancer
2022,5222,Japan,Undetermined cancer
2023,4918,Japan,Undetermined cancer
2024,3255,Japan,Undetermined cancer
2025,51,Japan,Undetermined cancer
1984,0,Japan,Undetermined cancer
1992,37,Japan,Uterine cancer
1990,20,Japan,Uterine cancer
1991,20,Japan,Uterine cancer
2001,49,Japan,Uterine cancer
2002,34,Japan,Uterine cancer
1993,30,Japan,Uterine cancer
2003,51,Japan,Uterine cancer
2004,61,Japan,Uterine cancer
2005,50,Japan,Uterine cancer
2006,59,Japan,Uterine cancer
2007,64,Japan,Uterine cancer
2008,50,Japan,Uterine cancer
1999,42,Japan,Uterine cancer
2009,51,Japan,Uterine cancer
2010,50,Japan,Uterine cancer
2011,56,Japan,Uterine cancer
1987,11,Japan,Uterine cancer
1988,24,Japan,Uterine cancer
1989,30,Japan,Uterine cancer
2012,60,Japan,Uterine cancer
2013,77,Japan,Uterine cancer
2014,69,Japan,Uterine cancer
2015,81,Japan,Uterine cancer
2016,64,Japan,Uterine cancer
2017,78,Japan,Uterine cancer
2018,69,Japan,Uterine cancer
2019,82,Japan,Uterine cancer
2020,90,Japan,Uterine cancer
2021,102,Japan,Uterine cancer
2022,130,Japan,Uterine cancer
2023,100,Japan,Uterine cancer
2024,74,Japan,Uterine cancer
2025,2,Japan,Uterine cancer
1994,22,Japan,Uterine cancer
1995,45,Japan,Uterine cancer
1996,44,Japan,Uterine cancer
1997,35,Japan,Uterine cancer
1998,40,Japan,Uterine cancer
2000,51,Japan,Uterine cancer
1984,0,Japan,Uterine cancer
1985,0,Japan,Uterine cancer
1986,0,Japan,Uterine cancer
1990,1,Japan,Vaginal cancer
2001,1,Japan,Vaginal cancer
2002,1,Japan,Vaginal cancer
2003,1,Japan,Vaginal cancer
2005,1,Japan,Vaginal cancer
2007,1,Japan,Vaginal cancer
2008,1,Japan,Vaginal cancer
1991,1,Japan,Vaginal cancer
2012,5,Japan,Vaginal cancer
2013,1,Japan,Vaginal cancer
2015,4,Japan,Vaginal cancer
2014,1,Japan,Vaginal cancer
2016,1,Japan,Vaginal cancer
2017,3,Japan,Vaginal cancer
1988,1,Japan,Vaginal cancer
2018,4,Japan,Vaginal cancer
2019,2,Japan,Vaginal cancer
2020,3,Japan,Vaginal cancer
2021,6,Japan,Vaginal cancer
2022,4,Japan,Vaginal cancer
2023,3,Japan,Vaginal cancer
2024,1,Japan,Vaginal cancer
1998,1,Japan,Vaginal cancer
1999,1,Japan,Vaginal cancer
1984,0,Japan,Vaginal cancer
1985,0,Japan,Vaginal cancer
1986,0,Japan,Vaginal cancer
1987,0,Japan,Vaginal cancer
1989,0,Japan,Vaginal cancer
1992,0,Japan,Vaginal cancer
1993,0,Japan,Vaginal cancer
1994,0,Japan,Vaginal cancer
1995,0,Japan,Vaginal cancer
1996,0,Japan,Vaginal cancer
1997,0,Japan,Vaginal cancer
2000,0,Japan,Vaginal cancer
2004,0,Japan,Vaginal cancer
2006,0,Japan,Vaginal cancer
2009,0,Japan,Vaginal cancer
2010,0,Japan,Vaginal cancer
2011,0,Japan,Vaginal cancer
2025,0,Japan,Vaginal cancer
1990,4,Japan,Vulvar cancer
2002,1,Japan,Vulvar cancer
2005,3,Japan,Vulvar cancer
2006,2,Japan,Vulvar cancer
2007,1,Japan,Vulvar cancer
2011,1,Japan,Vulvar cancer
2013,2,Japan,Vulvar cancer
2014,2,Japan,Vulvar cancer
2015,2,Japan,Vulvar cancer
2016,2,Japan,Vulvar cancer
1988,1,Japan,Vulvar cancer
2018,2,Japan,Vulvar cancer
2019,4,Japan,Vulvar cancer
2020,2,Japan,Vulvar cancer
2021,8,Japan,Vulvar cancer
2022,6,Japan,Vulvar cancer
2023,4,Japan,Vulvar cancer
2024,4,Japan,Vulvar cancer
1993,1,Japan,Vulvar cancer
1995,1,Japan,Vulvar cancer
1996,2,Japan,Vulvar cancer
1997,2,Japan,Vulvar cancer
2000,1,Japan,Vulvar cancer
1984,0,Japan,Vulvar cancer
1985,0,Japan,Vulvar cancer
1986,0,Japan,Vulvar cancer
1987,0,Japan,Vulvar cancer
1989,0,Japan,Vulvar cancer
1991,0,Japan,Vulvar cancer
1992,0,Japan,Vulvar cancer
1994,0,Japan,Vulvar cancer
1998,0,Japan,Vulvar cancer
1999,0,Japan,Vulvar cancer
2001,0,Japan,Vulvar cancer
2003,0,Japan,Vulvar cancer
2004,0,Japan,Vulvar cancer
2008,0,Japan,Vulvar cancer
2009,0,Japan,Vulvar cancer
2010,0,Japan,Vulvar cancer
2012,0,Japan,Vulvar cancer
2017,0,Japan,Vulvar cancer
2025,0,Japan,Vulvar cancer
1999,1,China,Anal cancer
2002,1,China,Anal cancer
2003,1,China,Anal cancer
2004,1,China,Anal cancer
2007,1,China,Anal cancer
2010,2,China,Anal cancer
2012,1,China,Anal cancer
2014,4,China,Anal cancer
2015,4,China,Anal cancer
2016,4,China,Anal cancer
2018,4,China,Anal cancer
2019,6,China,Anal cancer
2020,6,China,Anal cancer
2021,2,China,Anal cancer
2022,6,China,Anal cancer
2023,13,China,Anal cancer
2024,5,China,Anal cancer
1984,0,China,Anal cancer
1985,0,China,Anal cancer
1986,0,China,Anal cancer
1987,0,China,Anal cancer
1988,0,China,Anal cancer
1989,0,China,Anal cancer
1990,0,China,Anal cancer
1991,0,China,Anal cancer
1992,0,China,Anal cancer
1993,0,China,Anal cancer
1994,0,China,Anal cancer
1995,0,China,Anal cancer
1996,0,China,Anal cancer
1997,0,China,Anal cancer
1998,0,China,Anal cancer
2000,0,China,Anal cancer
2001,0,China,Anal cancer
2005,0,China,Anal cancer
2006,0,China,Anal cancer
2008,0,China,Anal cancer
2009,0,China,Anal cancer
2011,0,China,Anal cancer
2013,0,China,Anal cancer
2017,0,China,Anal cancer
2025,0,China,Anal cancer
1992,8,China,Bladder cancer
1991,6,China,Bladder cancer
1998,18,China,Bladder cancer
1999,13,China,Bladder cancer
2000,40,China,Bladder cancer
2001,37,China,Bladder cancer
2002,27,China,Bladder cancer
2003,32,China,Bladder cancer
2004,52,China,Bladder cancer
2005,48,China,Bladder cancer
2006,59,China,Bladder cancer
2007,71,China,Bladder cancer
2008,68,China,Bladder cancer
2009,86,China,Bladder cancer
2010,105,China,Bladder cancer
2011,141,China,Bladder cancer
2012,203,China,Bladder cancer
2013,269,China,Bladder cancer
1990,4,China,Bladder cancer
2014,332,China,Bladder cancer
2015,356,China,Bladder cancer
2016,353,China,Bladder cancer
2017,412,China,Bladder cancer
2018,489,China,Bladder cancer
1988,3,China,Bladder cancer
1989,1,China,Bladder cancer
2019,647,China,Bladder cancer
2020,731,China,Bladder cancer
2021,894,China,Bladder cancer
2023,910,China,Bladder cancer
2022,981,China,Bladder cancer
1987,1,China,Bladder cancer
2024,757,China,Bladder cancer
2025,13,China,Bladder cancer
1993,10,China,Bladder cancer
1994,9,China,Bladder cancer
1995,16,China,Bladder cancer
1996,13,China,Bladder cancer
1997,17,China,Bladder cancer
1984,0,China,Bladder cancer
1985,0,China,Bladder cancer
1986,0,China,Bladder cancer
1992,25,China,Brain cancer
1990,10,China,Brain cancer
1991,12,China,Brain cancer
1998,50,China,Brain cancer
1999,46,China,Brain cancer
2000,45,China,Brain cancer
2001,47,China,Brain cancer
2002,53,China,Brain cancer
2003,40,China,Brain cancer
2004,74,China,Brain cancer
2005,82,China,Brain cancer
2006,77,China,Brain cancer
2007,87,China,Brain cancer
2008,119,China,Brain cancer
2009,133,China,Brain cancer
2010,193,China,Brain cancer
2011,227,China,Brain cancer
2012,302,China,Brain cancer
1987,3,China,Brain cancer
1989,5,China,Brain cancer
2013,403,China,Brain cancer
2014,430,China,Brain cancer
2015,542,China,Brain cancer
2016,534,China,Brain cancer
2017,613,China,Brain cancer
2018,675,China,Brain cancer
2019,803,China,Brain cancer
2020,887,China,Brain cancer
1988,3,China,Brain cancer
2024,787,China,Brain cancer
2021,1004,China,Brain cancer
2022,1099,China,Brain cancer
2023,1031,China,Brain cancer
2025,12,China,Brain cancer
1993,18,China,Brain cancer
1994,21,China,Brain cancer
1995,27,China,Brain cancer
1996,30,China,Brain cancer
1997,33,China,Brain cancer
1984,0,China,Brain cancer
1985,0,China,Brain cancer
1986,0,China,Brain cancer
1992,18,China,Breast cancer
1990,9,China,Breast cancer
1991,16,China,Breast cancer
1997,73,China,Breast cancer
1998,55,China,Breast cancer
1999,73,China,Breast cancer
2000,94,China,Breast cancer
2001,85,China,Breast cancer
2002,165,China,Breast cancer
2003,199,China,Breast cancer
2004,235,China,Breast cancer
2005,291,China,Breast cancer
2006,335,China,Breast cancer
2007,418,China,Breast cancer
2008,471,China,Breast cancer
2009,533,China,Breast cancer
2010,764,China,Breast cancer
2011,898,China,Breast cancer
2012,1315,China,Breast cancer
1996,40,China,Breast cancer
2013,1517,China,Breast cancer
2014,1928,China,Breast cancer
2015,2152,China,Breast cancer
2016,2269,China,Breast cancer
2017,2564,China,Breast cancer
2018,2864,China,Breast cancer
2019,3412,China,Breast cancer
2020,4131,China,Breast cancer
1987,4,China,Breast cancer
1988,5,China,Breast cancer
1989,1,China,Breast cancer
2021,4733,China,Breast cancer
2022,5066,China,Breast cancer
2023,4935,China,Breast cancer
2024,3740,China,Breast cancer
2025,62,China,Breast cancer
1993,22,China,Breast cancer
1994,25,China,Breast cancer
1995,39,China,Breast cancer
1984,0,China,Breast cancer
1985,0,China,Breast cancer
1986,0,China,Breast cancer
1992,17,China,Cervical cancer
1990,7,China,Cervical cancer
1991,11,China,Cervical cancer
1997,31,China,Cervical cancer
1998,15,China,Cervical cancer
1999,33,China,Cervical cancer
2000,31,China,Cervical cancer
2001,45,China,Cervical cancer
2002,60,China,Cervical cancer
2003,63,China,Cervical cancer
2004,75,China,Cervical cancer
2005,80,China,Cervical cancer
2006,114,China,Cervical cancer
2008,143,China,Cervical cancer
2007,146,China,Cervical cancer
2009,172,China,Cervical cancer
2010,215,China,Cervical cancer
2011,258,China,Cervical cancer
2012,313,China,Cervical cancer
1989,5,China,Cervical cancer
2013,396,China,Cervical cancer
2014,465,China,Cervical cancer
2015,556,China,Cervical cancer
2016,559,China,Cervical cancer
2017,622,China,Cervical cancer
2018,785,China,Cervical cancer
1988,2,China,Cervical cancer
2019,981,China,Cervical cancer
2020,1157,China,Cervical cancer
2021,1234,China,Cervical cancer
2022,1273,China,Cervical cancer
2023,1134,China,Cervical cancer
2024,936,China,Cervical cancer
1987,1,China,Cervical cancer
2025,13,China,Cervical cancer
1993,28,China,Cervical cancer
1994,22,China,Cervical cancer
1995,22,China,Cervical cancer
1996,22,China,Cervical cancer
1984,0,China,Cervical cancer
1985,0,China,Cervical cancer
1986,0,China,Cervical cancer
1992,6,China,Colon cancer
1990,2,China,Colon cancer
1991,8,China,Colon cancer
1997,12,China,Colon cancer
1998,11,China,Colon cancer
2000,19,China,Colon cancer
2001,21,China,Colon cancer
2002,41,China,Colon cancer
2003,51,China,Colon cancer
2004,75,China,Colon cancer
2005,95,China,Colon cancer
2006,102,China,Colon cancer
2007,102,China,Colon cancer
2008,131,China,Colon cancer
2009,171,China,Colon cancer
2010,209,China,Colon cancer
2011,239,China,Colon cancer
2012,354,China,Colon cancer
1989,2,China,Colon cancer
2013,349,China,Colon cancer
2014,411,China,Colon cancer
2015,480,China,Colon cancer
2016,476,China,Colon cancer
2017,587,China,Colon cancer
2019,757,China,Colon cancer
2018,650,China,Colon cancer
2020,852,China,Colon cancer
2021,888,China,Colon cancer
2022,964,China,Colon cancer
2023,814,China,Colon cancer
2024,564,China,Colon cancer
2025,7,China,Colon cancer
1993,13,China,Colon cancer
1994,7,China,Colon cancer
1995,12,China,Colon cancer
1996,11,China,Colon cancer
1999,12,China,Colon cancer
1984,0,China,Colon cancer
1985,0,China,Colon cancer
1986,0,China,Colon cancer
1987,0,China,Colon cancer
1988,0,China,Colon cancer
1992,8,China,Colorectal cancer
1990,5,China,Colorectal cancer
1991,8,China,Colorectal cancer
1998,19,China,Colorectal cancer
1999,29,China,Colorectal cancer
2000,39,China,Colorectal cancer
2001,44,China,Colorectal cancer
2002,85,China,Colorectal cancer
2003,111,China,Colorectal cancer
2004,150,China,Colorectal cancer
2005,163,China,Colorectal cancer
2006,162,China,Colorectal cancer
2007,171,China,Colorectal cancer
2008,216,China,Colorectal cancer
2009,290,China,Colorectal cancer
2010,346,China,Colorectal cancer
2011,449,China,Colorectal cancer
2012,633,China,Colorectal cancer
1989,1,China,Colorectal cancer
2013,822,China,Colorectal cancer
2014,1072,China,Colorectal cancer
2015,1209,China,Colorectal cancer
2016,1258,China,Colorectal cancer
2017,1592,China,Colorectal cancer
2019,2247,China,Colorectal cancer
1997,28,China,Colorectal cancer
2018,1775,China,Colorectal cancer
2020,2694,China,Colorectal cancer
2021,3048,China,Colorectal cancer
2022,3362,China,Colorectal cancer
2023,3348,China,Colorectal cancer
2024,2563,China,Colorectal cancer
2025,36,China,Colorectal cancer
1993,12,China,Colorectal cancer
1994,11,China,Colorectal cancer
1995,14,China,Colorectal cancer
1996,19,China,Colorectal cancer
1984,0,China,Colorectal cancer
1985,0,China,Colorectal cancer
1986,0,China,Colorectal cancer
1987,0,China,Colorectal cancer
1988,0,China,Colorectal cancer
1992,18,China,Esophageal cancer
1991,14,China,Esophageal cancer
1998,27,China,Esophageal cancer
1999,30,China,Esophageal cancer
2000,29,China,Esophageal cancer
2001,34,China,Esophageal cancer
2002,53,China,Esophageal cancer
2003,55,China,Esophageal cancer
2004,49,China,Esophageal cancer
2005,67,China,Esophageal cancer
2006,59,China,Esophageal cancer
2007,78,China,Esophageal cancer
2008,85,China,Esophageal cancer
2009,89,China,Esophageal cancer
2010,115,China,Esophageal cancer
2011,163,China,Esophageal cancer
2012,240,China,Esophageal cancer
1987,5,China,Esophageal cancer
1989,6,China,Esophageal cancer
1990,2,China,Esophageal cancer
2013,279,China,Esophageal cancer
2014,377,China,Esophageal cancer
2015,378,China,Esophageal cancer
2016,397,China,Esophageal cancer
2017,404,China,Esophageal cancer
1997,23,China,Esophageal cancer
2018,434,China,Esophageal cancer
1988,4,China,Esophageal cancer
2019,491,China,Esophageal cancer
2020,640,China,Esophageal cancer
2021,735,China,Esophageal cancer
2022,796,China,Esophageal cancer
2023,689,China,Esophageal cancer
2024,565,China,Esophageal cancer
2025,3,China,Esophageal cancer
1993,12,China,Esophageal cancer
1994,22,China,Esophageal cancer
1995,17,China,Esophageal cancer
1996,17,China,Esophageal cancer
1984,0,China,Esophageal cancer
1985,0,China,Esophageal cancer
1986,0,China,Esophageal cancer
2000,3,China,Gallbladder cancer
2001,4,China,Gallbladder cancer
2002,4,China,Gallbladder cancer
2003,5,China,Gallbladder cancer
2004,6,China,Gallbladder cancer
2005,6,China,Gallbladder cancer
2006,5,China,Gallbladder cancer
2008,7,China,Gallbladder cancer
2007,6,China,Gallbladder cancer
2009,9,China,Gallbladder cancer
2010,11,China,Gallbladder cancer
2011,23,China,Gallbladder cancer
2012,21,China,Gallbladder cancer
2013,34,China,Gallbladder cancer
2014,60,China,Gallbladder cancer
2015,57,China,Gallbladder cancer
2016,55,China,Gallbladder cancer
2017,59,China,Gallbladder cancer
2018,64,China,Gallbladder cancer
1988,1,China,Gallbladder cancer
2019,75,China,Gallbladder cancer
2020,115,China,Gallbladder cancer
2021,123,China,Gallbladder cancer
2023,94,China,Gallbladder cancer
2022,103,China,Gallbladder cancer
2024,89,China,Gallbladder cancer
1995,2,China,Gallbladder cancer
1996,1,China,Gallbladder cancer
1997,1,China,Gallbladder cancer
1998,3,China,Gallbladder cancer
1999,2,China,Gallbladder cancer
1984,0,China,Gallbladder cancer
1985,0,China,Gallbladder cancer
1986,0,China,Gallbladder cancer
1987,0,China,Gallbladder cancer
1989,0,China,Gallbladder cancer
1990,0,China,Gallbladder cancer
1991,0,China,Gallbladder cancer
1992,0,China,Gallbladder cancer
1993,0,China,Gallbladder cancer
1994,0,China,Gallbladder cancer
2025,0,China,Gallbladder cancer
1992,1,China,Hodgkin lymphoma
1991,1,China,Hodgkin lymphoma
2000,3,China,Hodgkin lymphoma
2001,4,China,Hodgkin lymphoma
2002,3,China,Hodgkin lymphoma
1999,3,China,Hodgkin lymphoma
2003,8,China,Hodgkin lymphoma
2004,10,China,Hodgkin lymphoma
2005,14,China,Hodgkin lymphoma
2007,17,China,Hodgkin lymphoma
2006,16,China,Hodgkin lymphoma
2008,21,China,Hodgkin lymphoma
2009,21,China,Hodgkin lymphoma
2010,26,China,Hodgkin lymphoma
2011,25,China,Hodgkin lymphoma
2012,33,China,Hodgkin lymphoma
2013,49,China,Hodgkin lymphoma
2014,67,China,Hodgkin lymphoma
2015,82,China,Hodgkin lymphoma
2016,59,China,Hodgkin lymphoma
2020,122,China,Hodgkin lymphoma
2017,85,China,Hodgkin lymphoma
2018,63,China,Hodgkin lymphoma
2019,79,China,Hodgkin lymphoma
2021,107,China,Hodgkin lymphoma
2022,140,China,Hodgkin lymphoma
2023,132,China,Hodgkin lymphoma
2024,84,China,Hodgkin lymphoma
1993,2,China,Hodgkin lymphoma
1995,1,China,Hodgkin lymphoma
1998,1,China,Hodgkin lymphoma
1997,1,China,Hodgkin lymphoma
1984,0,China,Hodgkin lymphoma
1985,0,China,Hodgkin lymphoma
1986,0,China,Hodgkin lymphoma
1987,0,China,Hodgkin lymphoma
1988,0,China,Hodgkin lymphoma
1989,0,China,Hodgkin lymphoma
1990,0,China,Hodgkin lymphoma
1994,0,China,Hodgkin lymphoma
1996,0,China,Hodgkin lymphoma
2025,0,China,Hodgkin lymphoma
2001,1,China,Kaposi sarcoma
2003,1,China,Kaposi sarcoma
2004,2,China,Kaposi sarcoma
2005,1,China,Kaposi sarcoma
2009,1,China,Kaposi sarcoma
2010,2,China,Kaposi sarcoma
2011,4,China,Kaposi sarcoma
2012,1,China,Kaposi sarcoma
2013,2,China,Kaposi sarcoma
2014,3,China,Kaposi sarcoma
2015,3,China,Kaposi sarcoma
2016,5,China,Kaposi sarcoma
2017,5,China,Kaposi sarcoma
2018,3,China,Kaposi sarcoma
2019,5,China,Kaposi sarcoma
2020,7,China,Kaposi sarcoma
2021,11,China,Kaposi sarcoma
2022,8,China,Kaposi sarcoma
2023,11,China,Kaposi sarcoma
2024,6,China,Kaposi sarcoma
1993,1,China,Kaposi sarcoma
1984,0,China,Kaposi sarcoma
1985,0,China,Kaposi sarcoma
1986,0,China,Kaposi sarcoma
1987,0,China,Kaposi sarcoma
1988,0,China,Kaposi sarcoma
1989,0,China,Kaposi sarcoma
1990,0,China,Kaposi sarcoma
1991,0,China,Kaposi sarcoma
1992,0,China,Kaposi sarcoma
1994,0,China,Kaposi sarcoma
1995,0,China,Kaposi sarcoma
1996,0,China,Kaposi sarcoma
1997,0,China,Kaposi sarcoma
1998,0,China,Kaposi sarcoma
1999,0,China,Kaposi sarcoma
2000,0,China,Kaposi sarcoma
2002,0,China,Kaposi sarcoma
2006,0,China,Kaposi sarcoma
2007,0,China,Kaposi sarcoma
2008,0,China,Kaposi sarcoma
2025,0,China,Kaposi sarcoma
1992,9,China,Kidney cancer
1990,9,China,Kidney cancer
1991,14,China,Kidney cancer
1998,19,China,Kidney cancer
1999,16,China,Kidney cancer
2000,18,China,Kidney cancer
2001,15,China,Kidney cancer
2002,18,China,Kidney cancer
2003,25,China,Kidney cancer
2004,39,China,Kidney cancer
2005,33,China,Kidney cancer
2006,39,China,Kidney cancer
2007,34,China,Kidney cancer
2008,48,China,Kidney cancer
2009,69,China,Kidney cancer
2010,96,China,Kidney cancer
2011,98,China,Kidney cancer
2012,170,China,Kidney cancer
2013,226,China,Kidney cancer
2014,304,China,Kidney cancer
2016,368,China,Kidney cancer
2015,388,China,Kidney cancer
2018,483,China,Kidney cancer
2017,475,China,Kidney cancer
2019,620,China,Kidney cancer
1988,4,China,Kidney cancer
2020,853,China,Kidney cancer
2021,947,China,Kidney cancer
2023,898,China,Kidney cancer
2022,968,China,Kidney cancer
2024,691,China,Kidney cancer
2025,7,China,Kidney cancer
1993,7,China,Kidney cancer
1994,11,China,Kidney cancer
1995,6,China,Kidney cancer
1996,10,China,Kidney cancer
1997,9,China,Kidney cancer
1984,0,China,Kidney cancer
1985,0,China,Kidney cancer
1986,0,China,Kidney cancer
1987,0,China,Kidney cancer
1989,0,China,Kidney cancer
1992,2,China,Laryngeal cancer
1991,3,China,Laryngeal cancer
2001,13,China,Laryngeal cancer
2002,18,China,Laryngeal cancer
1998,13,China,Laryngeal cancer
1999,10,China,Laryngeal cancer
2000,10,China,Laryngeal cancer
2003,22,China,Laryngeal cancer
2004,17,China,Laryngeal cancer
2005,21,China,Laryngeal cancer
2006,15,China,Laryngeal cancer
2007,15,China,Laryngeal cancer
2008,24,China,Laryngeal cancer
2009,27,China,Laryngeal cancer
2010,29,China,Laryngeal cancer
2011,26,China,Laryngeal cancer
2012,32,China,Laryngeal cancer
1990,2,China,Laryngeal cancer
2013,34,China,Laryngeal cancer
2016,68,China,Laryngeal cancer
2014,57,China,Laryngeal cancer
2015,52,China,Laryngeal cancer
2017,62,China,Laryngeal cancer
2018,64,China,Laryngeal cancer
2019,77,China,Laryngeal cancer
2020,95,China,Laryngeal cancer
2021,91,China,Laryngeal cancer
2022,77,China,Laryngeal cancer
2024,45,China,Laryngeal cancer
1988,1,China,Laryngeal cancer
2023,64,China,Laryngeal cancer
1994,6,China,Laryngeal cancer
1995,5,China,Laryngeal cancer
1993,3,China,Laryngeal cancer
1996,10,China,Laryngeal cancer
1997,10,China,Laryngeal cancer
1984,0,China,Laryngeal cancer
1985,0,China,Laryngeal cancer
1986,0,China,Laryngeal cancer
1987,0,China,Laryngeal cancer
1989,0,China,Laryngeal cancer
2025,0,China,Laryngeal cancer
1992,104,China,Leukemia
1990,35,China,Leukemia
1991,99,China,Leukemia
1994,101,China,Leukemia
1995,100,China,Leukemia
1997,156,China,Leukemia
1998,154,China,Leukemia
1999,187,China,Leukemia
2000,177,China,Leukemia
2001,183,China,Leukemia
2002,257,China,Leukemia
2003,336,China,Leukemia
2004,382,China,Leukemia
2005,428,China,Leukemia
2006,441,China,Leukemia
2007,445,China,Leukemia
2008,480,China,Leukemia
2009,615,China,Leukemia
2010,606,China,Leukemia
2011,698,China,Leukemia
1993,114,China,Leukemia
2012,762,China,Leukemia
1989,25,China,Leukemia
2013,901,China,Leukemia
2014,1037,China,Leukemia
2015,1106,China,Leukemia
2016,1038,China,Leukemia
2017,1069,China,Leukemia
2019,1364,China,Leukemia
2018,1186,China,Leukemia
1987,6,China,Leukemia
1988,22,China,Leukemia
2020,1540,China,Leukemia
2021,1590,China,Leukemia
2023,1648,China,Leukemia
2022,1653,China,Leukemia
2024,1103,China,Leukemia
2025,9,China,Leukemia
1996,112,China,Leukemia
1984,0,China,Leukemia
1985,0,China,Leukemia
1986,0,China,Leukemia
1990,40,China,Liver cancer
1991,91,China,Liver cancer
1992,92,China,Liver cancer
1997,136,China,Liver cancer
1998,142,China,Liver cancer
1999,167,China,Liver cancer
2000,214,China,Liver cancer
2001,217,China,Liver cancer
2002,318,China,Liver cancer
1996,91,China,Liver cancer
2003,442,China,Liver cancer
2004,531,China,Liver cancer
2005,534,China,Liver cancer
2006,517,China,Liver cancer
2007,589,China,Liver cancer
2008,678,China,Liver cancer
2009,712,China,Liver cancer
2010,869,China,Liver cancer
2011,1002,China,Liver cancer
2012,1364,China,Liver cancer
1986,1,China,Liver cancer
1987,11,China,Liver cancer
1988,24,China,Liver cancer
1989,35,China,Liver cancer
2013,1615,China,Liver cancer
2015,2241,China,Liver cancer
2014,1917,China,Liver cancer
1985,1,China,Liver cancer
2016,2372,China,Liver cancer
2017,2488,China,Liver cancer
2018,2734,China,Liver cancer
2019,3434,China,Liver cancer
2020,3962,China,Liver cancer
2021,4452,China,Liver cancer
2022,4791,China,Liver cancer
2024,3474,China,Liver cancer
2023,4495,China,Liver cancer
2025,33,China,Liver cancer
1993,84,China,Liver cancer
1994,105,China,Liver cancer
1995,91,China,Liver cancer
1984,0,China,Liver cancer
1990,43,China,Lung cancer
1992,101,China,Lung cancer
1991,96,China,Lung cancer
1997,151,China,Lung cancer
1998,166,China,Lung cancer
1999,192,China,Lung cancer
2000,258,China,Lung cancer
2001,267,China,Lung cancer
2002,374,China,Lung cancer
1996,102,China,Lung cancer
2003,510,China,Lung cancer
2004,627,China,Lung cancer
2005,653,China,Lung cancer
2006,630,China,Lung cancer
2007,738,China,Lung cancer
2008,867,China,Lung cancer
2009,1000,China,Lung cancer
2010,1228,China,Lung cancer
2011,1406,China,Lung cancer
2012,1854,China,Lung cancer
1986,1,China,Lung cancer
1987,11,China,Lung cancer
1988,26,China,Lung cancer
1989,35,China,Lung cancer
2013,2296,China,Lung cancer
2015,3315,China,Lung cancer
2014,2797,China,Lung cancer
1985,1,China,Lung cancer
2016,3467,China,Lung cancer
2017,3807,China,Lung cancer
2018,4235,China,Lung cancer
2019,5206,China,Lung cancer
2020,6158,China,Lung cancer
2021,6900,China,Lung cancer
2022,7275,China,Lung cancer
2024,5342,China,Lung cancer
2023,6825,China,Lung cancer
2025,55,China,Lung cancer
1993,94,China,Lung cancer
1994,113,China,Lung cancer
1995,102,China,Lung cancer
1984,0,China,Lung cancer
1992,3,China,Mesothelioma
1990,10,China,Mesothelioma
1998,9,China,Mesothelioma
1999,4,China,Mesothelioma
2000,2,China,Mesothelioma
2001,4,China,Mesothelioma
2002,8,China,Mesothelioma
2003,3,China,Mesothelioma
2004,10,China,Mesothelioma
2005,5,China,Mesothelioma
2006,7,China,Mesothelioma
2007,2,China,Mesothelioma
2008,5,China,Mesothelioma
2009,9,China,Mesothelioma
2010,6,China,Mesothelioma
2011,9,China,Mesothelioma
1989,1,China,Mesothelioma
2012,18,China,Mesothelioma
2013,27,China,Mesothelioma
2014,22,China,Mesothelioma
2016,30,China,Mesothelioma
2015,25,China,Mesothelioma
2017,23,China,Mesothelioma
2018,26,China,Mesothelioma
2019,33,China,Mesothelioma
2020,49,China,Mesothelioma
2021,54,China,Mesothelioma
2022,77,China,Mesothelioma
2023,83,China,Mesothelioma
2024,59,China,Mesothelioma
1994,6,China,Mesothelioma
1995,1,China,Mesothelioma
1993,3,China,Mesothelioma
1996,6,China,Mesothelioma
1997,5,China,Mesothelioma
1984,0,China,Mesothelioma
1985,0,China,Mesothelioma
1986,0,China,Mesothelioma
1987,0,China,Mesothelioma
1988,0,China,Mesothelioma
1991,0,China,Mesothelioma
2025,0,China,Mesothelioma
2010,1,China,Mouth cancer
2012,1,China,Mouth cancer
2015,1,China,Mouth cancer
2018,1,China,Mouth cancer
2020,1,China,Mouth cancer
2023,2,China,Mouth cancer
2024,2,China,Mouth cancer
2022,1,China,Mouth cancer
1984,0,China,Mouth cancer
1985,0,China,Mouth cancer
1986,0,China,Mouth cancer
1987,0,China,Mouth cancer
1988,0,China,Mouth cancer
1989,0,China,Mouth cancer
1990,0,China,Mouth cancer
1991,0,China,Mouth cancer
1992,0,China,Mouth cancer
1993,0,China,Mouth cancer
1994,0,China,Mouth cancer
1995,0,China,Mouth cancer
1996,0,China,Mouth cancer
1997,0,China,Mouth cancer
1998,0,China,Mouth cancer
1999,0,China,Mouth cancer
2000,0,China,Mouth cancer
2001,0,China,Mouth cancer
2002,0,China,Mouth cancer
2003,0,China,Mouth cancer
2004,0,China,Mouth cancer
2005,0,China,Mouth cancer
2006,0,China,Mouth cancer
2007,0,China,Mouth cancer
2008,0,China,Mouth cancer
2009,0,China,Mouth cancer
2011,0,China,Mouth cancer
2013,0,China,Mouth cancer
2014,0,China,Mouth cancer
2016,0,China,Mouth cancer
2017,0,China,Mouth cancer
2019,0,China,Mouth cancer
2021,0,China,Mouth cancer
2025,0,China,Mouth cancer
1992,5,China,Multiple myeloma
1991,11,China,Multiple myeloma
2000,14,China,Multiple myeloma
2001,31,China,Multiple myeloma
2002,39,China,Multiple myeloma
1999,10,China,Multiple myeloma
1998,18,China,Multiple myeloma
2003,28,China,Multiple myeloma
2004,35,China,Multiple myeloma
2005,46,China,Multiple myeloma
2006,66,China,Multiple myeloma
2007,84,China,Multiple myeloma
2008,70,China,Multiple myeloma
2009,98,China,Multiple myeloma
2010,106,China,Multiple myeloma
2011,102,China,Multiple myeloma
2012,142,China,Multiple myeloma
1989,2,China,Multiple myeloma
1990,6,China,Multiple myeloma
2013,147,China,Multiple myeloma
2014,183,China,Multiple myeloma
2015,237,China,Multiple myeloma
2016,224,China,Multiple myeloma
2017,255,China,Multiple myeloma
2018,250,China,Multiple myeloma
1988,3,China,Multiple myeloma
2019,302,China,Multiple myeloma
2021,408,China,Multiple myeloma
2020,361,China,Multiple myeloma
2023,466,China,Multiple myeloma
2022,472,China,Multiple myeloma
2024,330,China,Multiple myeloma
2025,3,China,Multiple myeloma
1993,9,China,Multiple myeloma
1994,7,China,Multiple myeloma
1995,8,China,Multiple myeloma
1996,6,China,Multiple myeloma
1997,9,China,Multiple myeloma
1984,0,China,Multiple myeloma
1985,0,China,Multiple myeloma
1986,0,China,Multiple myeloma
1987,0,China,Multiple myeloma
1992,3,China,Non-Hodgkin lymphoma
1991,3,China,Non-Hodgkin lymphoma
2000,11,China,Non-Hodgkin lymphoma
2001,11,China,Non-Hodgkin lymphoma
2002,16,China,Non-Hodgkin lymphoma
1999,16,China,Non-Hodgkin lymphoma
2003,16,China,Non-Hodgkin lymphoma
2004,34,China,Non-Hodgkin lymphoma
2005,32,China,Non-Hodgkin lymphoma
2006,43,China,Non-Hodgkin lymphoma
2007,57,China,Non-Hodgkin lymphoma
2008,58,China,Non-Hodgkin lymphoma
2009,59,China,Non-Hodgkin lymphoma
2010,71,China,Non-Hodgkin lymphoma
2011,87,China,Non-Hodgkin lymphoma
2012,121,China,Non-Hodgkin lymphoma
1989,2,China,Non-Hodgkin lymphoma
1990,3,China,Non-Hodgkin lymphoma
2013,122,China,Non-Hodgkin lymphoma
2014,168,China,Non-Hodgkin lymphoma
2015,201,China,Non-Hodgkin lymphoma
2016,154,China,Non-Hodgkin lymphoma
2020,324,China,Non-Hodgkin lymphoma
2017,186,China,Non-Hodgkin lymphoma
2018,205,China,Non-Hodgkin lymphoma
1988,2,China,Non-Hodgkin lymphoma
2019,243,China,Non-Hodgkin lymphoma
2021,372,China,Non-Hodgkin lymphoma
2022,447,China,Non-Hodgkin lymphoma
2023,463,China,Non-Hodgkin lymphoma
2024,337,China,Non-Hodgkin lymphoma
2025,6,China,Non-Hodgkin lymphoma
1993,8,China,Non-Hodgkin lymphoma
1994,6,China,Non-Hodgkin lymphoma
1995,7,China,Non-Hodgkin lymphoma
1996,3,China,Non-Hodgkin lymphoma
1997,5,China,Non-Hodgkin lymphoma
1998,7,China,Non-Hodgkin lymphoma
1984,0,China,Non-Hodgkin lymphoma
1985,0,China,Non-Hodgkin lymphoma
1986,0,China,Non-Hodgkin lymphoma
1987,0,China,Non-Hodgkin lymphoma
1992,345,China,Other cancer
1990,132,China,Other cancer
1991,223,China,Other cancer
1993,326,China,Other cancer
1994,351,China,Other cancer
1997,503,China,Other cancer
1998,530,China,Other cancer
1999,527,China,Other cancer
2000,499,China,Other cancer
2001,575,China,Other cancer
2002,743,China,Other cancer
2003,964,China,Other cancer
2004,1202,China,Other cancer
1996,442,China,Other cancer
2005,1290,China,Other cancer
2006,1296,China,Other cancer
2007,1506,China,Other cancer
2013,3767,China,Other cancer
2008,1694,China,Other cancer
2009,1912,China,Other cancer
2010,2237,China,Other cancer
2011,2493,China,Other cancer
2012,3225,China,Other cancer
1988,53,China,Other cancer
1989,67,China,Other cancer
2014,4576,China,Other cancer
2015,5014,China,Other cancer
2016,5051,China,Other cancer
1987,57,China,Other cancer
2017,5448,China,Other cancer
2020,9136,China,Other cancer
2018,6280,China,Other cancer
2019,7400,China,Other cancer
2021,9846,China,Other cancer
2022,11013,China,Other cancer
2023,10357,China,Other cancer
2024,7692,China,Other cancer
1986,2,China,Other cancer
2025,119,China,Other cancer
1995,363,China,Other cancer
1984,0,China,Other cancer
1985,0,China,Other cancer
1992,17,China,Ovarian cancer
1990,5,China,Ovarian cancer
1991,8,China,Ovarian cancer
2000,47,China,Ovarian cancer
2001,39,China,Ovarian cancer
2002,53,China,Ovarian cancer
1999,32,China,Ovarian cancer
2003,81,China,Ovarian cancer
2004,85,China,Ovarian cancer
2005,95,China,Ovarian cancer
2006,112,China,Ovarian cancer
2007,122,China,Ovarian cancer
2008,147,China,Ovarian cancer
2009,174,China,Ovarian cancer
2010,176,China,Ovarian cancer
2011,206,China,Ovarian cancer
2012,317,China,Ovarian cancer
2013,420,China,Ovarian cancer
2014,488,China,Ovarian cancer
2016,644,China,Ovarian cancer
2015,647,China,Ovarian cancer
2017,744,China,Ovarian cancer
2018,826,China,Ovarian cancer
1987,3,China,Ovarian cancer
1988,1,China,Ovarian cancer
1989,2,China,Ovarian cancer
2019,977,China,Ovarian cancer
2020,1168,China,Ovarian cancer
2021,1329,China,Ovarian cancer
2023,1209,China,Ovarian cancer
2022,1335,China,Ovarian cancer
2024,933,China,Ovarian cancer
2025,10,China,Ovarian cancer
1994,23,China,Ovarian cancer
1995,18,China,Ovarian cancer
1993,10,China,Ovarian cancer
1996,39,China,Ovarian cancer
1997,22,China,Ovarian cancer
1998,26,China,Ovarian cancer
1984,0,China,Ovarian cancer
1985,0,China,Ovarian cancer
1986,0,China,Ovarian cancer
1992,5,China,Pancreatic cancer
1998,6,China,Pancreatic cancer
1999,6,China,Pancreatic cancer
2000,9,China,Pancreatic cancer
2001,16,China,Pancreatic cancer
2002,24,China,Pancreatic cancer
2003,35,China,Pancreatic cancer
1996,7,China,Pancreatic cancer
2004,44,China,Pancreatic cancer
2005,58,China,Pancreatic cancer
2006,65,China,Pancreatic cancer
2007,68,China,Pancreatic cancer
2008,98,China,Pancreatic cancer
2009,105,China,Pancreatic cancer
2010,136,China,Pancreatic cancer
2011,183,China,Pancreatic cancer
2012,279,China,Pancreatic cancer
1990,4,China,Pancreatic cancer
1991,2,China,Pancreatic cancer
2014,423,China,Pancreatic cancer
2013,314,China,Pancreatic cancer
2016,508,China,Pancreatic cancer
2015,467,China,Pancreatic cancer
2017,553,China,Pancreatic cancer
1997,2,China,Pancreatic cancer
2018,653,China,Pancreatic cancer
2019,802,China,Pancreatic cancer
2020,1005,China,Pancreatic cancer
2021,1095,China,Pancreatic cancer
2022,1167,China,Pancreatic cancer
2023,1081,China,Pancreatic cancer
2024,742,China,Pancreatic cancer
2025,7,China,Pancreatic cancer
1994,5,China,Pancreatic cancer
1995,3,China,Pancreatic cancer
1993,3,China,Pancreatic cancer
1984,0,China,Pancreatic cancer
1985,0,China,Pancreatic cancer
1986,0,China,Pancreatic cancer
1987,0,China,Pancreatic cancer
1988,0,China,Pancreatic cancer
1989,0,China,Pancreatic cancer
1992,1,China,Penile cancer
1990,1,China,Penile cancer
2001,1,China,Penile cancer
2004,2,China,Penile cancer
2007,2,China,Penile cancer
2008,3,China,Penile cancer
2009,2,China,Penile cancer
2010,2,China,Penile cancer
2011,4,China,Penile cancer
2012,6,China,Penile cancer
2013,7,China,Penile cancer
2014,7,China,Penile cancer
2015,9,China,Penile cancer
2016,7,China,Penile cancer
2017,10,China,Penile cancer
2018,12,China,Penile cancer
2019,17,China,Penile cancer
2020,19,China,Penile cancer
2021,19,China,Penile cancer
2022,29,China,Penile cancer
2023,25,China,Penile cancer
2024,17,China,Penile cancer
1996,1,China,Penile cancer
1998,1,China,Penile cancer
1984,0,China,Penile cancer
1985,0,China,Penile cancer
1986,0,China,Penile cancer
1987,0,China,Penile cancer
1988,0,China,Penile cancer
1989,0,China,Penile cancer
1991,0,China,Penile cancer
1993,0,China,Penile cancer
1994,0,China,Penile cancer
1995,0,China,Penile cancer
1997,0,China,Penile cancer
1999,0,China,Penile cancer
2000,0,China,Penile cancer
2002,0,China,Penile cancer
2003,0,China,Penile cancer
2005,0,China,Penile cancer
2006,0,China,Penile cancer
2025,0,China,Penile cancer
1992,2,China,Prostate cancer
1991,1,China,Prostate cancer
1998,7,China,Prostate cancer
1999,17,China,Prostate cancer
2000,22,China,Prostate cancer
2001,35,China,Prostate cancer
2002,33,China,Prostate cancer
2003,68,China,Prostate cancer
2004,96,China,Prostate cancer
2005,103,China,Prostate cancer
2006,130,China,Prostate cancer
2007,165,China,Prostate cancer
2008,193,China,Prostate cancer
2009,219,China,Prostate cancer
2010,259,China,Prostate cancer
2011,308,China,Prostate cancer
2012,455,China,Prostate cancer
1997,11,China,Prostate cancer
2013,539,China,Prostate cancer
1990,1,China,Prostate cancer
2014,619,China,Prostate cancer
2015,714,China,Prostate cancer
2016,710,China,Prostate cancer
2017,826,China,Prostate cancer
2018,913,China,Prostate cancer
2019,1079,China,Prostate cancer
2020,1287,China,Prostate cancer
2021,1421,China,Prostate cancer
2022,1508,China,Prostate cancer
2023,1546,China,Prostate cancer
2024,1113,China,Prostate cancer
2025,15,China,Prostate cancer
1994,2,China,Prostate cancer
1995,5,China,Prostate cancer
1996,5,China,Prostate cancer
1984,0,China,Prostate cancer
1985,0,China,Prostate cancer
1986,0,China,Prostate cancer
1987,0,China,Prostate cancer
1988,0,China,Prostate cancer
1989,0,China,Prostate cancer
1993,0,China,Prostate cancer
1992,11,China,Rectal cancer
1990,1,China,Rectal cancer
1991,6,China,Rectal cancer
1998,7,China,Rectal cancer
1999,11,China,Rectal cancer
2000,9,China,Rectal cancer
2001,9,China,Rectal cancer
2002,24,China,Rectal cancer
2003,20,China,Rectal cancer
2004,30,China,Rectal cancer
2005,44,China,Rectal cancer
2006,47,China,Rectal cancer
2007,61,China,Rectal cancer
2008,48,China,Rectal cancer
2009,66,China,Rectal cancer
2010,74,China,Rectal cancer
2011,108,China,Rectal cancer
2012,122,China,Rectal cancer
1989,2,China,Rectal cancer
2013,142,China,Rectal cancer
2014,210,China,Rectal cancer
2016,221,China,Rectal cancer
2017,247,China,Rectal cancer
2015,201,China,Rectal cancer
2018,262,China,Rectal cancer
1988,2,China,Rectal cancer
2019,318,China,Rectal cancer
2020,408,China,Rectal cancer
2021,512,China,Rectal cancer
2023,620,China,Rectal cancer
2022,544,China,Rectal cancer
2024,410,China,Rectal cancer
2025,3,China,Rectal cancer
1994,3,China,Rectal cancer
1995,6,China,Rectal cancer
1993,7,China,Rectal cancer
1996,1,China,Rectal cancer
1997,4,China,Rectal cancer
1984,0,China,Rectal cancer
1985,0,China,Rectal cancer
1986,0,China,Rectal cancer
1987,0,China,Rectal cancer
2009,1,China,Salivary gland cancer
2012,2,China,Salivary gland cancer
2013,3,China,Salivary gland cancer
2014,1,China,Salivary gland cancer
2016,4,China,Salivary gland cancer
2017,4,China,Salivary gland cancer
2018,1,China,Salivary gland cancer
2019,4,China,Salivary gland cancer
2020,3,China,Salivary gland cancer
2021,2,China,Salivary gland cancer
2022,5,China,Salivary gland cancer
2024,10,China,Salivary gland cancer
2023,3,China,Salivary gland cancer
1997,1,China,Salivary gland cancer
1984,0,China,Salivary gland cancer
1985,0,China,Salivary gland cancer
1986,0,China,Salivary gland cancer
1987,0,China,Salivary gland cancer
1988,0,China,Salivary gland cancer
1989,0,China,Salivary gland cancer
1990,0,China,Salivary gland cancer
1991,0,China,Salivary gland cancer
1992,0,China,Salivary gland cancer
1993,0,China,Salivary gland cancer
1994,0,China,Salivary gland cancer
1995,0,China,Salivary gland cancer
1996,0,China,Salivary gland cancer
1998,0,China,Salivary gland cancer
1999,0,China,Salivary gland cancer
2000,0,China,Salivary gland cancer
2001,0,China,Salivary gland cancer
2002,0,China,Salivary gland cancer
2003,0,China,Salivary gland cancer
2004,0,China,Salivary gland cancer
2005,0,China,Salivary gland cancer
2006,0,China,Salivary gland cancer
2007,0,China,Salivary gland cancer
2008,0,China,Salivary gland cancer
2010,0,China,Salivary gland cancer
2011,0,China,Salivary gland cancer
2015,0,China,Salivary gland cancer
2025,0,China,Salivary gland cancer
1992,16,China,Skin cancer
1991,14,China,Skin cancer
1997,36,China,Skin cancer
1998,34,China,Skin cancer
1999,53,China,Skin cancer
2000,32,China,Skin cancer
2001,50,China,Skin cancer
2002,47,China,Skin cancer
2003,72,China,Skin cancer
2004,98,China,Skin cancer
2005,126,China,Skin cancer
2006,138,China,Skin cancer
2007,170,China,Skin cancer
2008,133,China,Skin cancer
2009,143,China,Skin cancer
2010,193,China,Skin cancer
2011,241,China,Skin cancer
2012,306,China,Skin cancer
1989,4,China,Skin cancer
1990,6,China,Skin cancer
2013,376,China,Skin cancer
2014,412,China,Skin cancer
2015,416,China,Skin cancer
2016,481,China,Skin cancer
2017,538,China,Skin cancer
2018,671,China,Skin cancer
1988,1,China,Skin cancer
2019,741,China,Skin cancer
2020,938,China,Skin cancer
2021,1036,China,Skin cancer
2022,1169,China,Skin cancer
2024,853,China,Skin cancer
2023,1101,China,Skin cancer
1987,1,China,Skin cancer
2025,10,China,Skin cancer
1993,13,China,Skin cancer
1994,15,China,Skin cancer
1995,20,China,Skin cancer
1996,26,China,Skin cancer
1984,0,China,Skin cancer
1985,0,China,Skin cancer
1986,0,China,Skin cancer
1990,5,China,Stomach cancer
1991,6,China,Stomach cancer
1992,15,China,Stomach cancer
1997,21,China,Stomach cancer
1999,17,China,Stomach cancer
2000,16,China,Stomach cancer
2001,19,China,Stomach cancer
2002,29,China,Stomach cancer
1996,16,China,Stomach cancer
2003,36,China,Stomach cancer
2004,53,China,Stomach cancer
2005,51,China,Stomach cancer
2006,34,China,Stomach cancer
2007,44,China,Stomach cancer
2008,40,China,Stomach cancer
1998,23,China,Stomach cancer
2009,53,China,Stomach cancer
2010,54,China,Stomach cancer
2011,61,China,Stomach cancer
2012,88,China,Stomach cancer
1989,5,China,Stomach cancer
2013,100,China,Stomach cancer
2014,118,China,Stomach cancer
2015,110,China,Stomach cancer
2016,125,China,Stomach cancer
2017,102,China,Stomach cancer
2018,139,China,Stomach cancer
1988,3,China,Stomach cancer
2019,134,China,Stomach cancer
2020,154,China,Stomach cancer
2021,177,China,Stomach cancer
2022,190,China,Stomach cancer
2023,186,China,Stomach cancer
1987,2,China,Stomach cancer
2024,167,China,Stomach cancer
2025,3,China,Stomach cancer
1993,9,China,Stomach cancer
1994,20,China,Stomach cancer
1995,22,China,Stomach cancer
1984,0,China,Stomach cancer
1985,0,China,Stomach cancer
1986,0,China,Stomach cancer
2002,1,China,Testicular cancer
2003,2,China,Testicular cancer
2006,1,China,Testicular cancer
2007,3,China,Testicular cancer
2008,2,China,Testicular cancer
2009,4,China,Testicular cancer
2010,5,China,Testicular cancer
2011,1,China,Testicular cancer
2012,3,China,Testicular cancer
2013,9,China,Testicular cancer
2014,9,China,Testicular cancer
2015,6,China,Testicular cancer
2016,9,China,Testicular cancer
2017,2,China,Testicular cancer
2018,4,China,Testicular cancer
2019,19,China,Testicular cancer
2020,14,China,Testicular cancer
2021,18,China,Testicular cancer
2022,18,China,Testicular cancer
2023,22,China,Testicular cancer
2024,13,China,Testicular cancer
1996,1,China,Testicular cancer
1997,1,China,Testicular cancer
1984,0,China,Testicular cancer
1985,0,China,Testicular cancer
1986,0,China,Testicular cancer
1987,0,China,Testicular cancer
1988,0,China,Testicular cancer
1989,0,China,Testicular cancer
1990,0,China,Testicular cancer
1991,0,China,Testicular cancer
1992,0,China,Testicular cancer
1993,0,China,Testicular cancer
1994,0,China,Testicular cancer
1995,0,China,Testicular cancer
1998,0,China,Testicular cancer
1999,0,China,Testicular cancer
2000,0,China,Testicular cancer
2001,0,China,Testicular cancer
2004,0,China,Testicular cancer
2005,0,China,Testicular cancer
2025,0,China,Testicular cancer
2011,1,China,Throat cancer
2012,1,China,Throat cancer
2014,1,China,Throat cancer
2015,1,China,Throat cancer
2016,1,China,Throat cancer
2019,1,China,Throat cancer
2020,1,China,Throat cancer
2021,3,China,Throat cancer
2022,1,China,Throat cancer
2023,1,China,Throat cancer
2024,2,China,Throat cancer
1984,0,China,Throat cancer
1985,0,China,Throat cancer
1986,0,China,Throat cancer
1987,0,China,Throat cancer
1988,0,China,Throat cancer
1989,0,China,Throat cancer
1990,0,China,Throat cancer
1991,0,China,Throat cancer
1992,0,China,Throat cancer
1993,0,China,Throat cancer
1994,0,China,Throat cancer
1995,0,China,Throat cancer
1996,0,China,Throat cancer
1997,0,China,Throat cancer
1998,0,China,Throat cancer
1999,0,China,Throat cancer
2000,0,China,Throat cancer
2001,0,China,Throat cancer
2002,0,China,Throat cancer
2003,0,China,Throat cancer
2004,0,China,Throat cancer
2005,0,China,Throat cancer
2006,0,China,Throat cancer
2007,0,China,Throat cancer
2008,0,China,Throat cancer
2009,0,China,Throat cancer
2010,0,China,Throat cancer
2013,0,China,Throat cancer
2017,0,China,Throat cancer
2018,0,China,Throat cancer
2025,0,China,Throat cancer
1992,2,China,Thyroid cancer
1990,2,China,Thyroid cancer
1991,2,China,Thyroid cancer
1998,16,China,Thyroid cancer
1999,7,China,Thyroid cancer
2000,11,China,Thyroid cancer
2001,16,China,Thyroid cancer
2002,16,China,Thyroid cancer
2003,12,China,Thyroid cancer
2004,20,China,Thyroid cancer
2005,17,China,Thyroid cancer
2006,16,China,Thyroid cancer
2007,32,China,Thyroid cancer
2008,28,China,Thyroid cancer
2009,33,China,Thyroid cancer
2010,46,China,Thyroid cancer
2011,64,China,Thyroid cancer
2012,95,China,Thyroid cancer
2013,152,China,Thyroid cancer
2015,245,China,Thyroid cancer
2014,198,China,Thyroid cancer
2016,274,China,Thyroid cancer
2017,342,China,Thyroid cancer
2018,418,China,Thyroid cancer
2019,536,China,Thyroid cancer
1988,1,China,Thyroid cancer
2020,665,China,Thyroid cancer
2021,838,China,Thyroid cancer
2023,884,China,Thyroid cancer
2022,902,China,Thyroid cancer
2024,706,China,Thyroid cancer
1987,2,China,Thyroid cancer
2025,10,China,Thyroid cancer
1993,2,China,Thyroid cancer
1994,6,China,Thyroid cancer
1995,6,China,Thyroid cancer
1996,10,China,Thyroid cancer
1997,8,China,Thyroid cancer
1984,0,China,Thyroid cancer
1985,0,China,Thyroid cancer
1986,0,China,Thyroid cancer
1989,0,China,Thyroid cancer
1990,244,China,Undetermined cancer
1991,401,China,Undetermined cancer
1992,488,China,Undetermined cancer
1993,481,China,Undetermined cancer
1994,521,China,Undetermined cancer
1997,709,China,Undetermined cancer
1998,857,China,Undetermined cancer
1999,927,China,Undetermined cancer
2000,1060,China,Undetermined cancer
2001,1112,China,Undetermined cancer
2002,1454,China,Undetermined cancer
1996,634,China,Undetermined cancer
2003,1748,China,Undetermined cancer
1995,572,China,Undetermined cancer
2004,1924,China,Undetermined cancer
2005,2338,China,Undetermined cancer
2006,2465,China,Undetermined cancer
2007,2667,China,Undetermined cancer
1989,130,China,Undetermined cancer
2008,3015,China,Undetermined cancer
2009,3459,China,Undetermined cancer
2010,4104,China,Undetermined cancer
2011,4758,China,Undetermined cancer
2012,5904,China,Undetermined cancer
1988,93,China,Undetermined cancer
2013,6942,China,Undetermined cancer
2014,8115,China,Undetermined cancer
2015,9118,China,Undetermined cancer
2016,9992,China,Undetermined cancer
1987,71,China,Undetermined cancer
2017,11701,China,Undetermined cancer
2018,13568,China,Undetermined cancer
2021,22380,China,Undetermined cancer
2019,16142,China,Undetermined cancer
2020,19387,China,Undetermined cancer
2022,25443,China,Undetermined cancer
1986,5,China,Undetermined cancer
2025,260,China,Undetermined cancer
2023,24939,China,Undetermined cancer
2024,18646,China,Undetermined cancer
1985,2,China,Undetermined cancer
1984,0,China,Undetermined cancer
1992,5,China,Uterine cancer
1991,3,China,Uterine cancer
2000,4,China,Uterine cancer
2001,3,China,Uterine cancer
2002,13,China,Uterine cancer
2003,13,China,Uterine cancer
2004,16,China,Uterine cancer
2005,24,China,Uterine cancer
2006,31,China,Uterine cancer
2007,36,China,Uterine cancer
2008,26,China,Uterine cancer
2009,40,China,Uterine cancer
2010,43,China,Uterine cancer
2011,67,China,Uterine cancer
2012,71,China,Uterine cancer
1990,2,China,Uterine cancer
2013,100,China,Uterine cancer
2014,108,China,Uterine cancer
2015,140,China,Uterine cancer
2016,159,China,Uterine cancer
2018,165,China,Uterine cancer
2017,149,China,Uterine cancer
1989,1,China,Uterine cancer
2019,284,China,Uterine cancer
2020,323,China,Uterine cancer
2021,373,China,Uterine cancer
2022,458,China,Uterine cancer
2023,457,China,Uterine cancer
1988,1,China,Uterine cancer
2024,378,China,Uterine cancer
2025,8,China,Uterine cancer
1993,3,China,Uterine cancer
1994,2,China,Uterine cancer
1995,4,China,Uterine cancer
1996,9,China,Uterine cancer
1997,7,China,Uterine cancer
1998,7,China,Uterine cancer
1999,6,China,Uterine cancer
1984,0,China,Uterine cancer
1985,0,China,Uterine cancer
1986,0,China,Uterine cancer
1987,0,China,Uterine cancer
2000,1,China,Vaginal cancer
2002,1,China,Vaginal cancer
2007,1,China,Vaginal cancer
2008,1,China,Vaginal cancer
2009,1,China,Vaginal cancer
2010,1,China,Vaginal cancer
2011,1,China,Vaginal cancer
2012,4,China,Vaginal cancer
2014,1,China,Vaginal cancer
2015,1,China,Vaginal cancer
2016,1,China,Vaginal cancer
2017,2,China,Vaginal cancer
2018,2,China,Vaginal cancer
2019,2,China,Vaginal cancer
2020,8,China,Vaginal cancer
2021,3,China,Vaginal cancer
2022,3,China,Vaginal cancer
2023,7,China,Vaginal cancer
2024,6,China,Vaginal cancer
1996,1,China,Vaginal cancer
1999,1,China,Vaginal cancer
1984,0,China,Vaginal cancer
1985,0,China,Vaginal cancer
1986,0,China,Vaginal cancer
1987,0,China,Vaginal cancer
1988,0,China,Vaginal cancer
1989,0,China,Vaginal cancer
1990,0,China,Vaginal cancer
1991,0,China,Vaginal cancer
1992,0,China,Vaginal cancer
1993,0,China,Vaginal cancer
1994,0,China,Vaginal cancer
1995,0,China,Vaginal cancer
1997,0,China,Vaginal cancer
1998,0,China,Vaginal cancer
2001,0,China,Vaginal cancer
2003,0,China,Vaginal cancer
2004,0,China,Vaginal cancer
2005,0,China,Vaginal cancer
2006,0,China,Vaginal cancer
2013,0,China,Vaginal cancer
2025,0,China,Vaginal cancer
1992,1,China,Vulvar cancer
2000,3,China,Vulvar cancer
2001,1,China,Vulvar cancer
2003,2,China,Vulvar cancer
2004,1,China,Vulvar cancer
2006,1,China,Vulvar cancer
2009,2,China,Vulvar cancer
2011,2,China,Vulvar cancer
2012,2,China,Vulvar cancer
2013,2,China,Vulvar cancer
2014,3,China,Vulvar cancer
2015,12,China,Vulvar cancer
2016,6,China,Vulvar cancer
2017,4,China,Vulvar cancer
2018,9,China,Vulvar cancer
2019,3,China,Vulvar cancer
2020,4,China,Vulvar cancer
2021,8,China,Vulvar cancer
2022,11,China,Vulvar cancer
2023,10,China,Vulvar cancer
2024,12,China,Vulvar cancer
1993,1,China,Vulvar cancer
1994,1,China,Vulvar cancer
1995,1,China,Vulvar cancer
1996,1,China,Vulvar cancer
1999,1,China,Vulvar cancer
1997,1,China,Vulvar cancer
1984,0,China,Vulvar cancer
1985,0,China,Vulvar cancer
1986,0,China,Vulvar cancer
1987,0,China,Vulvar cancer
1988,0,China,Vulvar cancer
1989,0,China,Vulvar cancer
1990,0,China,Vulvar cancer
1991,0,China,Vulvar cancer
1998,0,China,Vulvar cancer
2002,0,China,Vulvar cancer
2005,0,China,Vulvar cancer
2007,0,China,Vulvar cancer
2008,0,China,Vulvar cancer
2010,0,China,Vulvar cancer
2025,0,China,Vulvar cancer
