Cancer,Articles,Country,ASR,Norm_articles
Anal cancer,0,Sudan,0.12,0.0
Bladder cancer,5,Sudan,2.2,0.09678293523285975
Brain cancer,4,Sudan,1.4,0.0774263481862878
Breast cancer,71,Sudan,39.9,1.3743176803066084
Cervical cancer,13,Sudan,8.6,0.25163563160543534
Colon cancer,7,Sudan,2.7,0.13549610932600364
Colorectal cancer,17,Sudan,5.5,0.32906197979172314
Esophageal cancer,7,Sudan,2.9,0.13549610932600364
Gallbladder cancer,1,Sudan,1.0,0.01935658704657195
Hodgkin lymphoma,2,Sudan,0.86,0.0387131740931439
Kaposi sarcoma,1,Sudan,0.28,0.01935658704657195
Kidney cancer,7,Sudan,1.9,0.13549610932600364
Laryngeal cancer,0,Sudan,1.1,0.0
Leukemia,19,Sudan,4.0,0.36777515388486703
Liver cancer,11,Sudan,4.4,0.21292245751229144
Lung cancer,11,Sudan,2.5,0.21292245751229144
Mesothelioma,0,Sudan,0.0,0.0
Mouth cancer,0,Sudan,1.9,0.0
Multiple myeloma,1,Sudan,1.1,0.01935658704657195
Non-Hodgkin lymphoma,3,Sudan,4.9,0.05806976113971585
Ovarian cancer,3,Sudan,6.4,0.05806976113971585
Pancreatic cancer,4,Sudan,1.1,0.0774263481862878
Penile cancer,0,Sudan,0.18,0.0
Prostate cancer,12,Sudan,11.9,0.2322790445588634
Rectal cancer,5,Sudan,2.7,0.09678293523285975
Salivary gland cancer,1,Sudan,0.42,0.01935658704657195
Skin cancer,3,Sudan,2.29,0.05806976113971585
Stomach cancer,0,Sudan,2.4,0.0
Testicular cancer,0,Sudan,0.66,0.0
Throat cancer,0,Sudan,2.22,0.0
Thyroid cancer,6,Sudan,2.6,0.1161395222794317
Uterine cancer,0,Sudan,2.6,0.0
Vaginal cancer,0,Sudan,0.31,0.0
Vulvar cancer,0,Sudan,1.2,0.0
Anal cancer,0,Somalia,0.5,0.0
Bladder cancer,2,Somalia,2.3,0.10175527855507505
Brain cancer,0,Somalia,1.4,0.0
Breast cancer,3,Somalia,38.6,0.15263291783261257
Cervical cancer,4,Somalia,26.6,0.2035105571101501
Colon cancer,0,Somalia,5.2,0.0
Colorectal cancer,1,Somalia,9.2,0.05087763927753752
Esophageal cancer,3,Somalia,5.4,0.15263291783261257
Gallbladder cancer,0,Somalia,0.91,0.0
Hodgkin lymphoma,2,Somalia,0.74,0.10175527855507505
Kaposi sarcoma,0,Somalia,0.74,0.0
Kidney cancer,2,Somalia,2.0,0.10175527855507505
Laryngeal cancer,1,Somalia,1.2,0.05087763927753752
Leukemia,1,Somalia,4.5,0.05087763927753752
Liver cancer,5,Somalia,3.7,0.2543881963876876
Lung cancer,5,Somalia,3.5,0.2543881963876876
Mesothelioma,0,Somalia,0.01,0.0
Mouth cancer,0,Somalia,2.3,0.0
Multiple myeloma,0,Somalia,1.3,0.0
Non-Hodgkin lymphoma,1,Somalia,4.3,0.05087763927753752
Ovarian cancer,0,Somalia,7.0,0.0
Pancreatic cancer,0,Somalia,2.0,0.0
Penile cancer,0,Somalia,0.07,0.0
Prostate cancer,1,Somalia,18.5,0.05087763927753752
Rectal cancer,0,Somalia,3.5,0.0
Salivary gland cancer,0,Somalia,0.58,0.0
Skin cancer,0,Somalia,3.58,0.0
Stomach cancer,1,Somalia,5.0,0.05087763927753752
Testicular cancer,0,Somalia,0.37,0.0
Throat cancer,0,Somalia,2.0700000000000003,0.0
Thyroid cancer,1,Somalia,2.8,0.05087763927753752
Uterine cancer,0,Somalia,3.6,0.0
Vaginal cancer,0,Somalia,0.57,0.0
Vulvar cancer,0,Somalia,1.1,0.0
Anal cancer,0,Bolivia,0.08,0.0
Bladder cancer,0,Bolivia,1.0,0.0
Brain cancer,1,Bolivia,2.3,0.08839685236488098
Breast cancer,0,Bolivia,26.8,0.0
Cervical cancer,3,Bolivia,38.7,0.26519055709464295
Colon cancer,1,Bolivia,4.8,0.08839685236488098
Colorectal cancer,0,Bolivia,6.0,0.0
Esophageal cancer,0,Bolivia,1.4,0.0
Gallbladder cancer,1,Bolivia,7.6,0.08839685236488098
Hodgkin lymphoma,0,Bolivia,1.2,0.0
Kaposi sarcoma,1,Bolivia,0.0,0.08839685236488098
Kidney cancer,0,Bolivia,3.0,0.0
Laryngeal cancer,0,Bolivia,1.3,0.0
Leukemia,1,Bolivia,4.9,0.08839685236488098
Liver cancer,0,Bolivia,6.7,0.0
Lung cancer,0,Bolivia,8.5,0.0
Mesothelioma,0,Bolivia,0.11,0.0
Mouth cancer,0,Bolivia,0.59,0.0
Multiple myeloma,0,Bolivia,0.42,0.0
Non-Hodgkin lymphoma,0,Bolivia,2.5,0.0
Ovarian cancer,0,Bolivia,3.1,0.0
Pancreatic cancer,0,Bolivia,3.0,0.0
Penile cancer,0,Bolivia,2.4,0.0
Prostate cancer,0,Bolivia,34.2,0.0
Rectal cancer,0,Bolivia,1.2,0.0
Salivary gland cancer,0,Bolivia,0.67,0.0
Skin cancer,1,Bolivia,7.6,0.08839685236488098
Stomach cancer,0,Bolivia,8.7,0.0
Testicular cancer,0,Bolivia,1.4,0.0
Throat cancer,0,Bolivia,0.78,0.0
Thyroid cancer,0,Bolivia,2.1,0.0
Uterine cancer,0,Bolivia,9.7,0.0
Vaginal cancer,0,Bolivia,0.49,0.0
Vulvar cancer,0,Bolivia,0.51,0.0
Anal cancer,0,Panama,0.31,0.0
Bladder cancer,2,Panama,1.8,0.4920315490629259
Brain cancer,0,Panama,2.0,0.0
Breast cancer,11,Panama,41.4,2.7061735198460926
Cervical cancer,6,Panama,14.5,1.4760946471887777
Colon cancer,1,Panama,10.9,0.24601577453146295
Colorectal cancer,4,Panama,15.1,0.9840630981258518
Esophageal cancer,0,Panama,0.94,0.0
Gallbladder cancer,0,Panama,0.9,0.0
Hodgkin lymphoma,0,Panama,1.5,0.0
Kaposi sarcoma,0,Panama,0.73,0.0
Kidney cancer,2,Panama,3.8,0.4920315490629259
Laryngeal cancer,0,Panama,0.68,0.0
Leukemia,0,Panama,7.1,0.0
Liver cancer,2,Panama,4.3,0.4920315490629259
Lung cancer,2,Panama,6.4,0.4920315490629259
Mesothelioma,0,Panama,0.02,0.0
Mouth cancer,0,Panama,1.1,0.0
Multiple myeloma,2,Panama,1.6,0.4920315490629259
Non-Hodgkin lymphoma,0,Panama,4.5,0.0
Ovarian cancer,1,Panama,4.0,0.24601577453146295
Pancreatic cancer,0,Panama,3.1,0.0
Penile cancer,1,Panama,1.0,0.24601577453146295
Prostate cancer,4,Panama,56.2,0.9840630981258518
Rectal cancer,0,Panama,3.8,0.0
Salivary gland cancer,0,Panama,0.27,0.0
Skin cancer,1,Panama,4.800000000000001,0.24601577453146295
Stomach cancer,2,Panama,8.8,0.4920315490629259
Testicular cancer,0,Panama,1.5,0.0
Throat cancer,0,Panama,1.26,0.0
Thyroid cancer,0,Panama,5.7,0.0
Uterine cancer,2,Panama,13.7,0.4920315490629259
Vaginal cancer,0,Panama,0.45,0.0
Vulvar cancer,0,Panama,0.4,0.0
Anal cancer,2,Bulgaria,0.49,0.3106863683249034
Bladder cancer,27,Bulgaria,10.7,4.194265972386195
Brain cancer,56,Bulgaria,6.8,8.699218313097294
Breast cancer,195,Bulgaria,52.8,30.29192091167808
Cervical cancer,43,Bulgaria,15.4,6.679756918985422
Colon cancer,27,Bulgaria,18.7,4.194265972386195
Colorectal cancer,121,Bulgaria,30.2,18.796525283656653
Esophageal cancer,4,Bulgaria,1.6,0.6213727366498067
Gallbladder cancer,1,Bulgaria,0.41,0.1553431841624517
Hodgkin lymphoma,12,Bulgaria,1.4,1.8641182099494202
Kaposi sarcoma,2,Bulgaria,0.05,0.3106863683249034
Kidney cancer,16,Bulgaria,6.0,2.485490946599227
Laryngeal cancer,10,Bulgaria,3.1,1.553431841624517
Leukemia,163,Bulgaria,5.6,25.320939018479624
Liver cancer,34,Bulgaria,4.4,5.281668261523357
Lung cancer,58,Bulgaria,27.1,9.009904681422197
Mesothelioma,3,Bulgaria,0.44,0.46602955248735506
Mouth cancer,0,Bulgaria,3.0,0.0
Multiple myeloma,42,Bulgaria,1.4,6.5244137348229705
Non-Hodgkin lymphoma,11,Bulgaria,4.0,1.7087750257869685
Ovarian cancer,24,Bulgaria,10.0,3.7282364198988405
Pancreatic cancer,17,Bulgaria,7.5,2.6408341307616787
Penile cancer,4,Bulgaria,0.9,0.6213727366498067
Prostate cancer,49,Bulgaria,38.2,7.611816023960133
Rectal cancer,33,Bulgaria,11.0,5.126325077360906
Salivary gland cancer,1,Bulgaria,0.44,0.1553431841624517
Skin cancer,173,Bulgaria,9.9,26.874370860104143
Stomach cancer,8,Bulgaria,9.0,1.2427454732996135
Testicular cancer,6,Bulgaria,4.5,0.9320591049747101
Throat cancer,0,Bulgaria,2.43,0.0
Thyroid cancer,28,Bulgaria,4.4,4.349609156548647
Uterine cancer,19,Bulgaria,16.0,2.951520499086582
Vaginal cancer,0,Bulgaria,0.41,0.0
Vulvar cancer,5,Bulgaria,1.1,0.7767159208122585
Anal cancer,2,Zimbabwe,0.98,0.1171434316477155
Bladder cancer,2,Zimbabwe,2.7,0.1171434316477155
Brain cancer,2,Zimbabwe,2.2,0.1171434316477155
Breast cancer,32,Zimbabwe,35.8,1.874294906363448
Cervical cancer,60,Zimbabwe,68.2,3.514302949431465
Colon cancer,1,Zimbabwe,5.2,0.05857171582385775
Colorectal cancer,4,Zimbabwe,9.7,0.234286863295431
Esophageal cancer,0,Zimbabwe,12.0,0.0
Gallbladder cancer,0,Zimbabwe,0.65,0.0
Hodgkin lymphoma,2,Zimbabwe,0.77,0.1171434316477155
Kaposi sarcoma,11,Zimbabwe,9.5,0.6442888740624352
Kidney cancer,3,Zimbabwe,1.5,0.17571514747157324
Laryngeal cancer,0,Zimbabwe,1.2,0.0
Leukemia,15,Zimbabwe,2.7,0.8785757373578662
Liver cancer,13,Zimbabwe,7.7,0.7614323057101507
Lung cancer,13,Zimbabwe,5.9,0.7614323057101507
Mesothelioma,2,Zimbabwe,0.07,0.1171434316477155
Mouth cancer,0,Zimbabwe,1.4,0.0
Multiple myeloma,2,Zimbabwe,3.5,0.1171434316477155
Non-Hodgkin lymphoma,3,Zimbabwe,10.3,0.17571514747157324
Ovarian cancer,1,Zimbabwe,6.5,0.05857171582385775
Pancreatic cancer,0,Zimbabwe,2.7,0.0
Penile cancer,0,Zimbabwe,3.0,0.0
Prostate cancer,4,Zimbabwe,68.3,0.234286863295431
Rectal cancer,0,Zimbabwe,3.6,0.0
Salivary gland cancer,0,Zimbabwe,0.53,0.0
Skin cancer,9,Zimbabwe,7.0,0.5271454424147197
Stomach cancer,1,Zimbabwe,10.3,0.05857171582385775
Testicular cancer,1,Zimbabwe,0.2,0.05857171582385775
Throat cancer,0,Zimbabwe,0.9,0.0
Thyroid cancer,0,Zimbabwe,2.1,0.0
Uterine cancer,0,Zimbabwe,7.7,0.0
Vaginal cancer,0,Zimbabwe,0.85,0.0
Vulvar cancer,0,Zimbabwe,2.5,0.0
Anal cancer,6,Argentina,0.5,0.12747611464105457
Bladder cancer,49,Argentina,5.2,1.041054936235279
Brain cancer,150,Argentina,3.7,3.186902866026364
Breast cancer,854,Argentina,71.3,18.14410031724343
Cervical cancer,142,Argentina,16.8,3.0169347131716244
Colon cancer,95,Argentina,19.0,2.0183718151500307
Colorectal cancer,197,Argentina,24.2,4.185465764047958
Esophageal cancer,16,Argentina,3.1,0.33993630570947886
Gallbladder cancer,10,Argentina,1.3,0.21246019106842426
Hodgkin lymphoma,67,Argentina,1.7,1.4234832801584427
Kaposi sarcoma,13,Argentina,0.45,0.2761982483889516
Kidney cancer,77,Argentina,8.1,1.6359434712268668
Laryngeal cancer,7,Argentina,2.1,0.148722133747897
Leukemia,478,Argentina,5.3,10.15559713307068
Liver cancer,168,Argentina,3.7,3.5693312099495276
Lung cancer,227,Argentina,19.9,4.822846337253231
Mesothelioma,16,Argentina,0.37,0.33993630570947886
Mouth cancer,0,Argentina,2.0,0.0
Multiple myeloma,59,Argentina,1.7,1.2535151273037033
Non-Hodgkin lymphoma,67,Argentina,6.6,1.4234832801584427
Ovarian cancer,50,Argentina,6.8,1.0623009553421214
Pancreatic cancer,51,Argentina,7.9,1.0835469744489639
Penile cancer,2,Argentina,1.6,0.04249203821368486
Prostate cancer,166,Argentina,44.7,3.5268391717358427
Rectal cancer,17,Argentina,4.7,0.3611823248163213
Salivary gland cancer,3,Argentina,0.48,0.06373805732052729
Skin cancer,362,Argentina,7.699999999999999,7.691058916676958
Stomach cancer,15,Argentina,6.7,0.31869028660263643
Testicular cancer,8,Argentina,8.5,0.16996815285473943
Throat cancer,0,Argentina,1.16,0.0
Thyroid cancer,127,Argentina,8.0,2.6982444265689884
Uterine cancer,22,Argentina,8.6,0.4674124203505334
Vaginal cancer,3,Argentina,0.32,0.06373805732052729
Vulvar cancer,7,Argentina,0.83,0.148722133747897
Anal cancer,0,Jamaica,0.65,0.0
Bladder cancer,0,Jamaica,3.0,0.0
Brain cancer,2,Jamaica,2.1,0.7078282978428225
Breast cancer,37,Jamaica,71.1,13.094823510092215
Cervical cancer,19,Jamaica,20.4,6.724368829506814
Colon cancer,5,Jamaica,14.8,1.769570744607056
Colorectal cancer,12,Jamaica,20.2,4.246969787056935
Esophageal cancer,0,Jamaica,1.9,0.0
Gallbladder cancer,0,Jamaica,1.1,0.0
Hodgkin lymphoma,1,Jamaica,0.55,0.35391414892141126
Kaposi sarcoma,0,Jamaica,0.0,0.0
Kidney cancer,8,Jamaica,1.3,2.83131319137129
Laryngeal cancer,0,Jamaica,1.5,0.0
Leukemia,15,Jamaica,5.1,5.3087122338211685
Liver cancer,3,Jamaica,2.9,1.0617424467642338
Lung cancer,4,Jamaica,14.0,1.415656595685645
Mesothelioma,0,Jamaica,0.06,0.0
Mouth cancer,0,Jamaica,0.81,0.0
Multiple myeloma,7,Jamaica,3.8,2.477399042449879
Non-Hodgkin lymphoma,1,Jamaica,6.9,0.35391414892141126
Ovarian cancer,3,Jamaica,5.5,1.0617424467642338
Pancreatic cancer,0,Jamaica,3.7,0.0
Penile cancer,2,Jamaica,0.96,0.7078282978428225
Prostate cancer,50,Jamaica,85.7,17.69570744607056
Rectal cancer,1,Jamaica,4.7,0.35391414892141126
Salivary gland cancer,0,Jamaica,0.4,0.0
Skin cancer,4,Jamaica,2.26,1.415656595685645
Stomach cancer,1,Jamaica,6.9,0.35391414892141126
Testicular cancer,0,Jamaica,0.29,0.0
Throat cancer,0,Jamaica,1.4500000000000002,0.0
Thyroid cancer,1,Jamaica,3.1,0.35391414892141126
Uterine cancer,2,Jamaica,25.4,0.7078282978428225
Vaginal cancer,0,Jamaica,0.31,0.0
Vulvar cancer,1,Jamaica,0.37,0.35391414892141126
Anal cancer,0,Guinea-Bissau,0.21,0.0
Bladder cancer,0,Guinea-Bissau,1.6,0.0
Brain cancer,0,Guinea-Bissau,2.4,0.0
Breast cancer,0,Guinea-Bissau,27.2,0.0
Cervical cancer,1,Guinea-Bissau,34.3,0.5613852292809554
Colon cancer,0,Guinea-Bissau,2.2,0.0
Colorectal cancer,0,Guinea-Bissau,3.9,0.0
Esophageal cancer,0,Guinea-Bissau,0.95,0.0
Gallbladder cancer,0,Guinea-Bissau,0.0,0.0
Hodgkin lymphoma,0,Guinea-Bissau,0.15,0.0
Kaposi sarcoma,0,Guinea-Bissau,0.32,0.0
Kidney cancer,0,Guinea-Bissau,0.85,0.0
Laryngeal cancer,0,Guinea-Bissau,0.32,0.0
Leukemia,0,Guinea-Bissau,0.77,0.0
Liver cancer,0,Guinea-Bissau,13.3,0.0
Lung cancer,0,Guinea-Bissau,2.1,0.0
Mesothelioma,0,Guinea-Bissau,0.0,0.0
Mouth cancer,0,Guinea-Bissau,1.1,0.0
Multiple myeloma,0,Guinea-Bissau,0.34,0.0
Non-Hodgkin lymphoma,0,Guinea-Bissau,2.8,0.0
Ovarian cancer,0,Guinea-Bissau,4.0,0.0
Pancreatic cancer,0,Guinea-Bissau,0.94,0.0
Penile cancer,0,Guinea-Bissau,0.0,0.0
Prostate cancer,0,Guinea-Bissau,28.8,0.0
Rectal cancer,0,Guinea-Bissau,1.6,0.0
Salivary gland cancer,0,Guinea-Bissau,0.32,0.0
Skin cancer,0,Guinea-Bissau,2.64,0.0
Stomach cancer,0,Guinea-Bissau,5.4,0.0
Testicular cancer,0,Guinea-Bissau,0.0,0.0
Throat cancer,0,Guinea-Bissau,0.06,0.0
Thyroid cancer,0,Guinea-Bissau,0.38,0.0
Uterine cancer,0,Guinea-Bissau,2.4,0.0
Vaginal cancer,0,Guinea-Bissau,0.21,0.0
Vulvar cancer,0,Guinea-Bissau,0.18,0.0
Anal cancer,0,Sierra Leone,0.04,0.0
Bladder cancer,1,Sierra Leone,0.09,0.11016017178817829
Brain cancer,1,Sierra Leone,0.01,0.11016017178817829
Breast cancer,14,Sierra Leone,7.0,1.542242405034496
Cervical cancer,15,Sierra Leone,16.5,1.6524025768226744
Colon cancer,0,Sierra Leone,0.07,0.0
Colorectal cancer,7,Sierra Leone,0.24,0.771121202517248
Esophageal cancer,0,Sierra Leone,0.01,0.0
Gallbladder cancer,0,Sierra Leone,0.01,0.0
Hodgkin lymphoma,0,Sierra Leone,0.0,0.0
Kaposi sarcoma,0,Sierra Leone,0.0,0.0
Kidney cancer,1,Sierra Leone,0.04,0.11016017178817829
Laryngeal cancer,0,Sierra Leone,0.0,0.0
Leukemia,2,Sierra Leone,0.05,0.22032034357635658
Liver cancer,0,Sierra Leone,5.9,0.0
Lung cancer,0,Sierra Leone,1.3,0.0
Mesothelioma,0,Sierra Leone,0.0,0.0
Mouth cancer,0,Sierra Leone,0.04,0.0
Multiple myeloma,0,Sierra Leone,0.0,0.0
Non-Hodgkin lymphoma,0,Sierra Leone,0.64,0.0
Ovarian cancer,0,Sierra Leone,2.7,0.0
Pancreatic cancer,0,Sierra Leone,0.65,0.0
Penile cancer,0,Sierra Leone,0.0,0.0
Prostate cancer,1,Sierra Leone,21.2,0.11016017178817829
Rectal cancer,0,Sierra Leone,0.12,0.0
Salivary gland cancer,0,Sierra Leone,0.0,0.0
Skin cancer,3,Sierra Leone,0.07,0.3304805153645349
Stomach cancer,0,Sierra Leone,2.6,0.0
Testicular cancer,0,Sierra Leone,0.0,0.0
Throat cancer,0,Sierra Leone,0.0,0.0
Thyroid cancer,0,Sierra Leone,0.04,0.0
Uterine cancer,0,Sierra Leone,0.06,0.0
Vaginal cancer,0,Sierra Leone,0.0,0.0
Vulvar cancer,0,Sierra Leone,0.0,0.0
Anal cancer,3,Hungary,0.24,0.314481825151879
Bladder cancer,71,Hungary,14.9,7.4427365285944695
Brain cancer,217,Hungary,5.2,22.747518685985913
Breast cancer,893,Hungary,76.4,93.61075662020932
Cervical cancer,157,Hungary,12.6,16.457882182948335
Colon cancer,102,Hungary,26.8,10.692382055163886
Colorectal cancer,368,Hungary,44.2,38.57643721863049
Esophageal cancer,46,Hungary,2.9,4.822054652328811
Gallbladder cancer,4,Hungary,0.75,0.41930910020250534
Hodgkin lymphoma,83,Hungary,2.5,8.700663829201986
Kaposi sarcoma,8,Hungary,0.02,0.8386182004050107
Kidney cancer,126,Hungary,11.1,13.208236656378919
Laryngeal cancer,15,Hungary,4.5,1.572409125759395
Leukemia,609,Hungary,8.0,63.83981050583144
Liver cancer,158,Hungary,4.3,16.56270945799896
Lung cancer,296,Hungary,47.6,31.028873414985394
Mesothelioma,33,Hungary,0.33,3.459300076670669
Mouth cancer,0,Hungary,6.3,0.0
Multiple myeloma,116,Hungary,2.0,12.159963905872655
Non-Hodgkin lymphoma,117,Hungary,7.3,12.26479118092328
Ovarian cancer,134,Hungary,10.2,14.046854856783929
Pancreatic cancer,121,Hungary,10.4,12.684100281125787
Penile cancer,4,Hungary,1.0,0.41930910020250534
Prostate cancer,192,Hungary,68.5,20.126836809720256
Rectal cancer,52,Hungary,17.2,5.451018302632569
Salivary gland cancer,1,Hungary,0.85,0.10482727505062633
Skin cancer,592,Hungary,23.5,62.05774682997079
Stomach cancer,27,Hungary,7.5,2.830336426366911
Testicular cancer,40,Hungary,11.4,4.193091002025053
Throat cancer,0,Hungary,7.76,0.0
Thyroid cancer,84,Hungary,16.3,8.805491104252612
Uterine cancer,45,Hungary,16.0,4.717227377278185
Vaginal cancer,1,Hungary,0.52,0.10482727505062633
Vulvar cancer,7,Hungary,1.6,0.7337909253543843
Anal cancer,28,South Korea,0.34,0.547303767605907
Bladder cancer,936,South Korea,4.9,18.295583088540322
Brain cancer,2047,South Korea,2.9,40.01181472461756
Breast cancer,9362,South Korea,61.5,182.99492401166077
Cervical cancer,2027,South Korea,8.6,39.62088346204192
Colon cancer,2770,South Korea,15.2,54.143979866727236
Colorectal cancer,4677,South Korea,26.5,91.41927575331526
Esophageal cancer,479,South Korea,2.2,9.362803738686766
Gallbladder cancer,338,South Korea,2.6,6.60673833752845
Hodgkin lymphoma,253,South Korea,0.54,4.945280471581945
Kaposi sarcoma,28,South Korea,0.05,0.547303767605907
Kidney cancer,1165,South Korea,5.0,22.771746045031488
Laryngeal cancer,105,South Korea,1.1,2.0523891285221514
Leukemia,3098,South Korea,5.5,60.55525257296786
Liver cancer,5947,South Korea,13.7,116.2434109268689
Lung cancer,8466,South Korea,26.2,165.48120344827174
Mesothelioma,140,South Korea,0.19,2.7365188380295353
Mouth cancer,3,South Korea,1.6,0.058639689386347185
Multiple myeloma,719,South Korea,1.8,14.053978889594541
Non-Hodgkin lymphoma,837,South Korea,5.7,16.360473338790865
Ovarian cancer,1832,South Korea,6.5,35.80930365192935
Pancreatic cancer,1613,South Korea,7.5,31.528606326726003
Penile cancer,19,South Korea,0.2,0.3713846994468655
Prostate cancer,2820,South Korea,29.3,55.12130802316635
Rectal cancer,1502,South Korea,11.0,29.358937819431155
Salivary gland cancer,37,South Korea,0.61,0.7232228357649486
Skin cancer,2676,South Korea,4.43,52.306602932621686
Stomach cancer,1099,South Korea,27.0,21.481672878531853
Testicular cancer,30,South Korea,1.2,0.5863968938634718
Throat cancer,0,South Korea,1.78,0.0
Thyroid cancer,2330,South Korea,23.2,45.543492090062976
Uterine cancer,693,South Korea,7.6,13.5457682482462
Vaginal cancer,20,South Korea,0.17,0.39093126257564786
Vulvar cancer,30,South Korea,0.35,0.5863968938634718
Anal cancer,0,South Sudan,0.46,0.0
Bladder cancer,0,South Sudan,1.8,0.0
Brain cancer,0,South Sudan,1.3,0.0
Breast cancer,0,South Sudan,28.0,0.0
Cervical cancer,0,South Sudan,21.4,0.0
Colon cancer,0,South Sudan,2.9,0.0
Colorectal cancer,1,South Sudan,5.7,0.06334366637448345
Esophageal cancer,0,South Sudan,5.7,0.0
Gallbladder cancer,0,South Sudan,0.7,0.0
Hodgkin lymphoma,1,South Sudan,0.55,0.06334366637448345
Kaposi sarcoma,0,South Sudan,2.0,0.0
Kidney cancer,0,South Sudan,1.5,0.0
Laryngeal cancer,0,South Sudan,0.99,0.0
Leukemia,0,South Sudan,1.6,0.0
Liver cancer,0,South Sudan,5.2,0.0
Lung cancer,0,South Sudan,2.1,0.0
Mesothelioma,0,South Sudan,0.0,0.0
Mouth cancer,0,South Sudan,1.8,0.0
Multiple myeloma,0,South Sudan,1.1,0.0
Non-Hodgkin lymphoma,1,South Sudan,3.5,0.06334366637448345
Ovarian cancer,0,South Sudan,4.4,0.0
Pancreatic cancer,0,South Sudan,1.8,0.0
Penile cancer,0,South Sudan,0.82,0.0
Prostate cancer,0,South Sudan,22.0,0.0
Rectal cancer,0,South Sudan,2.3,0.0
Salivary gland cancer,0,South Sudan,0.51,0.0
Skin cancer,2,South Sudan,2.95,0.1266873327489669
Stomach cancer,0,South Sudan,4.0,0.0
Testicular cancer,0,South Sudan,0.39,0.0
Throat cancer,0,South Sudan,1.99,0.0
Thyroid cancer,0,South Sudan,1.7,0.0
Uterine cancer,1,South Sudan,2.5,0.06334366637448345
Vaginal cancer,0,South Sudan,0.27,0.0
Vulvar cancer,0,South Sudan,0.87,0.0
Anal cancer,16,Thailand,0.27,0.24294089673129096
Bladder cancer,33,Thailand,3.4,0.5010655995082877
Brain cancer,144,Thailand,2.8,2.186468070581619
Breast cancer,887,Thailand,37.4,13.468035962540943
Cervical cancer,670,Thailand,14.9,10.173150050622809
Colon cancer,167,Thailand,8.4,2.5356956096328496
Colorectal cancer,363,Thailand,15.9,5.5117215945911635
Esophageal cancer,52,Thailand,2.7,0.7895579143766956
Gallbladder cancer,8,Thailand,1.4,0.12147044836564548
Hodgkin lymphoma,29,Thailand,0.4,0.4403303753254649
Kaposi sarcoma,3,Thailand,0.08,0.04555141813711706
Kidney cancer,56,Thailand,1.7,0.8502931385595184
Laryngeal cancer,16,Thailand,1.3,0.24294089673129096
Leukemia,419,Thailand,5.1,6.362014733150683
Liver cancer,560,Thailand,22.7,8.502931385595184
Lung cancer,755,Thailand,18.1,11.463773564507793
Mesothelioma,10,Thailand,0.03,0.15183806045705686
Mouth cancer,1,Thailand,3.6,0.015183806045705685
Multiple myeloma,48,Thailand,1.1,0.7288226901938729
Non-Hodgkin lymphoma,73,Thailand,5.9,1.108417841336515
Ovarian cancer,201,Thailand,7.4,3.051945015186843
Pancreatic cancer,46,Thailand,2.5,0.6984550781024615
Penile cancer,9,Thailand,1.2,0.13665425441135118
Prostate cancer,149,Thailand,12.5,2.2623871008101473
Rectal cancer,67,Thailand,7.2,1.017315005062281
Salivary gland cancer,3,Thailand,0.5,0.04555141813711706
Skin cancer,160,Thailand,2.79,2.42940896731291
Stomach cancer,21,Thailand,3.3,0.3188599269598194
Testicular cancer,3,Thailand,0.63,0.04555141813711706
Throat cancer,0,Thailand,3.75,0.0
Thyroid cancer,74,Thailand,3.4,1.1236016473822208
Uterine cancer,116,Thailand,6.9,1.7613215013018595
Vaginal cancer,4,Thailand,0.26,0.06073522418282274
Vulvar cancer,7,Thailand,0.37,0.1062866423199398
Anal cancer,0,Cote d'Ivoire,0.53,0.0
Bladder cancer,0,Cote d'Ivoire,0.88,0.0
Brain cancer,2,Cote d'Ivoire,1.2,0.06805232543302546
Breast cancer,12,Cote d'Ivoire,45.4,0.40831395259815273
Cervical cancer,14,Cote d'Ivoire,32.0,0.47636627803117815
Colon cancer,2,Cote d'Ivoire,4.7,0.06805232543302546
Colorectal cancer,1,Cote d'Ivoire,7.2,0.03402616271651273
Esophageal cancer,0,Cote d'Ivoire,0.66,0.0
Gallbladder cancer,0,Cote d'Ivoire,0.61,0.0
Hodgkin lymphoma,4,Cote d'Ivoire,0.56,0.13610465086605092
Kaposi sarcoma,2,Cote d'Ivoire,1.1,0.06805232543302546
Kidney cancer,4,Cote d'Ivoire,1.3,0.13610465086605092
Laryngeal cancer,0,Cote d'Ivoire,1.0,0.0
Leukemia,11,Cote d'Ivoire,1.7,0.37428778988164
Liver cancer,6,Cote d'Ivoire,8.0,0.20415697629907636
Lung cancer,6,Cote d'Ivoire,2.5,0.20415697629907636
Mesothelioma,0,Cote d'Ivoire,0.15,0.0
Mouth cancer,0,Cote d'Ivoire,1.3,0.0
Multiple myeloma,1,Cote d'Ivoire,1.2,0.03402616271651273
Non-Hodgkin lymphoma,5,Cote d'Ivoire,4.8,0.17013081358256363
Ovarian cancer,1,Cote d'Ivoire,4.3,0.03402616271651273
Pancreatic cancer,1,Cote d'Ivoire,2.3,0.03402616271651273
Penile cancer,2,Cote d'Ivoire,0.05,0.06805232543302546
Prostate cancer,2,Cote d'Ivoire,63.8,0.06805232543302546
Rectal cancer,0,Cote d'Ivoire,1.9,0.0
Salivary gland cancer,0,Cote d'Ivoire,0.65,0.0
Skin cancer,8,Cote d'Ivoire,1.9,0.27220930173210184
Stomach cancer,2,Cote d'Ivoire,4.8,0.06805232543302546
Testicular cancer,0,Cote d'Ivoire,0.1,0.0
Throat cancer,0,Cote d'Ivoire,0.84,0.0
Thyroid cancer,1,Cote d'Ivoire,0.78,0.03402616271651273
Uterine cancer,0,Cote d'Ivoire,4.5,0.0
Vaginal cancer,0,Cote d'Ivoire,0.79,0.0
Vulvar cancer,0,Cote d'Ivoire,0.41,0.0
Anal cancer,0,Trinidad and Tobago,0.79,0.0
Bladder cancer,0,Trinidad and Tobago,3.7,0.0
Brain cancer,2,Trinidad and Tobago,2.0,1.4616325119689433
Breast cancer,31,Trinidad and Tobago,54.0,22.65530393551862
Cervical cancer,16,Trinidad and Tobago,18.3,11.693060095751546
Colon cancer,6,Trinidad and Tobago,11.4,4.38489753590683
Colorectal cancer,7,Trinidad and Tobago,18.5,5.115713791891301
Esophageal cancer,0,Trinidad and Tobago,1.3,0.0
Gallbladder cancer,0,Trinidad and Tobago,0.76,0.0
Hodgkin lymphoma,0,Trinidad and Tobago,1.0,0.0
Kaposi sarcoma,0,Trinidad and Tobago,0.35,0.0
Kidney cancer,3,Trinidad and Tobago,4.7,2.192448767953415
Laryngeal cancer,0,Trinidad and Tobago,1.3,0.0
Leukemia,9,Trinidad and Tobago,6.1,6.577346303860245
Liver cancer,1,Trinidad and Tobago,2.8,0.7308162559844716
Lung cancer,3,Trinidad and Tobago,11.7,2.192448767953415
Mesothelioma,0,Trinidad and Tobago,0.08,0.0
Mouth cancer,0,Trinidad and Tobago,2.0,0.0
Multiple myeloma,2,Trinidad and Tobago,2.5,1.4616325119689433
Non-Hodgkin lymphoma,1,Trinidad and Tobago,7.1,0.7308162559844716
Ovarian cancer,5,Trinidad and Tobago,11.1,3.654081279922358
Pancreatic cancer,0,Trinidad and Tobago,4.7,0.0
Penile cancer,1,Trinidad and Tobago,0.9,0.7308162559844716
Prostate cancer,13,Trinidad and Tobago,73.6,9.500611327798131
Rectal cancer,0,Trinidad and Tobago,6.4,0.0
Salivary gland cancer,0,Trinidad and Tobago,0.41,0.0
Skin cancer,4,Trinidad and Tobago,0.91,2.9232650239378866
Stomach cancer,1,Trinidad and Tobago,4.0,0.7308162559844716
Testicular cancer,0,Trinidad and Tobago,1.6,0.0
Throat cancer,0,Trinidad and Tobago,1.37,0.0
Thyroid cancer,0,Trinidad and Tobago,4.9,0.0
Uterine cancer,4,Trinidad and Tobago,18.8,2.9232650239378866
Vaginal cancer,0,Trinidad and Tobago,0.52,0.0
Vulvar cancer,0,Trinidad and Tobago,0.61,0.0
Anal cancer,0,Haiti,0.7,0.0
Bladder cancer,0,Haiti,2.8,0.0
Brain cancer,1,Haiti,0.37,0.08426706863181965
Breast cancer,5,Haiti,25.2,0.42133534315909826
Cervical cancer,5,Haiti,16.6,0.42133534315909826
Colon cancer,0,Haiti,8.7,0.0
Colorectal cancer,0,Haiti,11.3,0.0
Esophageal cancer,0,Haiti,2.2,0.0
Gallbladder cancer,0,Haiti,0.9,0.0
Hodgkin lymphoma,0,Haiti,0.82,0.0
Kaposi sarcoma,0,Haiti,0.53,0.0
Kidney cancer,1,Haiti,2.2,0.08426706863181965
Laryngeal cancer,0,Haiti,0.98,0.0
Leukemia,1,Haiti,4.4,0.08426706863181965
Liver cancer,0,Haiti,9.3,0.0
Lung cancer,0,Haiti,6.1,0.0
Mesothelioma,0,Haiti,0.04,0.0
Mouth cancer,0,Haiti,1.3,0.0
Multiple myeloma,0,Haiti,1.0,0.0
Non-Hodgkin lymphoma,0,Haiti,4.4,0.0
Ovarian cancer,1,Haiti,4.9,0.08426706863181965
Pancreatic cancer,0,Haiti,3.2,0.0
Penile cancer,0,Haiti,1.3,0.0
Prostate cancer,0,Haiti,69.8,0.0
Rectal cancer,0,Haiti,1.9,0.0
Salivary gland cancer,0,Haiti,1.3,0.0
Skin cancer,0,Haiti,1.36,0.0
Stomach cancer,0,Haiti,9.9,0.0
Testicular cancer,1,Haiti,1.8,0.08426706863181965
Throat cancer,0,Haiti,1.44,0.0
Thyroid cancer,0,Haiti,1.2,0.0
Uterine cancer,0,Haiti,3.0,0.0
Vaginal cancer,0,Haiti,0.49,0.0
Vulvar cancer,0,Haiti,0.06,0.0
Anal cancer,0,Slovakia,1.0,0.0
Bladder cancer,24,Slovakia,11.7,4.433104726742501
Brain cancer,71,Slovakia,5.7,13.114601483279898
Breast cancer,264,Slovakia,67.3,48.76415199416751
Cervical cancer,45,Slovakia,12.9,8.31207136264219
Colon cancer,47,Slovakia,19.9,8.681496756537397
Colorectal cancer,141,Slovakia,35.7,26.044490269612194
Esophageal cancer,6,Slovakia,3.2,1.1082761816856253
Gallbladder cancer,0,Slovakia,1.2,0.0
Hodgkin lymphoma,11,Slovakia,3.1,2.031839666423646
Kaposi sarcoma,3,Slovakia,0.04,0.5541380908428126
Kidney cancer,33,Slovakia,11.1,6.095518999270939
Laryngeal cancer,1,Slovakia,3.0,0.1847126969476042
Leukemia,359,Slovakia,7.3,66.31185820418992
Liver cancer,18,Slovakia,4.4,3.3248285450568758
Lung cancer,34,Slovakia,22.6,6.280231696218543
Mesothelioma,3,Slovakia,0.14,0.5541380908428126
Mouth cancer,0,Slovakia,6.4,0.0
Multiple myeloma,29,Slovakia,2.8,5.356668211480522
Non-Hodgkin lymphoma,14,Slovakia,6.3,2.585977757266459
Ovarian cancer,50,Slovakia,10.0,9.235634847380211
Pancreatic cancer,12,Slovakia,8.6,2.2165523633712505
Penile cancer,0,Slovakia,0.98,0.0
Prostate cancer,93,Slovakia,69.2,17.17828081612719
Rectal cancer,8,Slovakia,14.8,1.4777015755808336
Salivary gland cancer,0,Slovakia,0.62,0.0
Skin cancer,142,Slovakia,22.0,26.229202966559797
Stomach cancer,6,Slovakia,6.6,1.1082761816856253
Testicular cancer,41,Slovakia,13.2,7.5732205748517725
Throat cancer,0,Slovakia,8.18,0.0
Thyroid cancer,16,Slovakia,3.4,2.955403151161667
Uterine cancer,27,Slovakia,21.5,4.987242817585313
Vaginal cancer,0,Slovakia,0.27,0.0
Vulvar cancer,1,Slovakia,1.9,0.1847126969476042
Anal cancer,1,Ghana,0.93,0.02963632085229317
Bladder cancer,5,Ghana,2.6,0.14818160426146584
Brain cancer,16,Ghana,1.8,0.47418113363669073
Breast cancer,188,Ghana,40.2,5.571628320231116
Cervical cancer,124,Ghana,27.0,3.674903785684353
Colon cancer,37,Ghana,1.6,1.0965438715348472
Colorectal cancer,67,Ghana,4.7,1.9856334971036425
Esophageal cancer,8,Ghana,2.6,0.23709056681834537
Gallbladder cancer,2,Ghana,0.15,0.05927264170458634
Hodgkin lymphoma,5,Ghana,0.61,0.14818160426146584
Kaposi sarcoma,1,Ghana,0.48,0.02963632085229317
Kidney cancer,6,Ghana,1.3,0.17781792511375902
Laryngeal cancer,1,Ghana,1.1,0.02963632085229317
Leukemia,17,Ghana,1.7,0.5038174544889839
Liver cancer,26,Ghana,16.1,0.7705443421596224
Lung cancer,30,Ghana,2.5,0.8890896255687951
Mesothelioma,4,Ghana,0.03,0.11854528340917268
Mouth cancer,0,Ghana,1.0,0.0
Multiple myeloma,3,Ghana,0.66,0.08890896255687951
Non-Hodgkin lymphoma,3,Ghana,5.0,0.08890896255687951
Ovarian cancer,12,Ghana,10.1,0.35563585022751804
Pancreatic cancer,3,Ghana,1.7,0.08890896255687951
Penile cancer,1,Ghana,0.3,0.02963632085229317
Prostate cancer,83,Ghana,30.4,2.459814630740333
Rectal cancer,7,Ghana,2.2,0.2074542459660522
Salivary gland cancer,0,Ghana,0.5,0.0
Skin cancer,35,Ghana,1.5299999999999998,1.0372712298302609
Stomach cancer,5,Ghana,4.8,0.14818160426146584
Testicular cancer,0,Ghana,0.42,0.0
Throat cancer,0,Ghana,1.27,0.0
Thyroid cancer,36,Ghana,0.57,1.066907550682554
Uterine cancer,3,Ghana,4.8,0.08890896255687951
Vaginal cancer,0,Ghana,0.15,0.0
Vulvar cancer,1,Ghana,0.65,0.02963632085229317
Anal cancer,0,Guatemala,0.05,0.0
Bladder cancer,1,Guatemala,0.81,0.05531031576106165
Brain cancer,1,Guatemala,1.8,0.05531031576106165
Breast cancer,3,Guatemala,28.4,0.16593094728318494
Cervical cancer,9,Guatemala,21.5,0.49779284184955486
Colon cancer,0,Guatemala,5.6,0.0
Colorectal cancer,2,Guatemala,6.2,0.1106206315221233
Esophageal cancer,1,Guatemala,1.0,0.05531031576106165
Gallbladder cancer,0,Guatemala,0.35,0.0
Hodgkin lymphoma,3,Guatemala,0.88,0.16593094728318494
Kaposi sarcoma,0,Guatemala,0.0,0.0
Kidney cancer,1,Guatemala,2.0,0.05531031576106165
Laryngeal cancer,0,Guatemala,0.61,0.0
Leukemia,6,Guatemala,6.1,0.3318618945663699
Liver cancer,3,Guatemala,15.5,0.16593094728318494
Lung cancer,3,Guatemala,3.8,0.16593094728318494
Mesothelioma,0,Guatemala,0.0,0.0
Mouth cancer,0,Guatemala,0.87,0.0
Multiple myeloma,0,Guatemala,0.38,0.0
Non-Hodgkin lymphoma,3,Guatemala,2.5,0.16593094728318494
Ovarian cancer,0,Guatemala,3.0,0.0
Pancreatic cancer,0,Guatemala,2.5,0.0
Penile cancer,0,Guatemala,0.3,0.0
Prostate cancer,3,Guatemala,43.6,0.16593094728318494
Rectal cancer,0,Guatemala,0.56,0.0
Salivary gland cancer,0,Guatemala,0.15,0.0
Skin cancer,5,Guatemala,3.48,0.27655157880530823
Stomach cancer,0,Guatemala,12.2,0.0
Testicular cancer,1,Guatemala,2.5,0.05531031576106165
Throat cancer,0,Guatemala,0.46,0.0
Thyroid cancer,0,Guatemala,3.7,0.0
Uterine cancer,1,Guatemala,2.5,0.05531031576106165
Vaginal cancer,1,Guatemala,0.19,0.05531031576106165
Vulvar cancer,0,Guatemala,0.2,0.0
Anal cancer,0,Vietnam,0.44,0.0
Bladder cancer,5,Vietnam,1.6,0.0493370092694373
Brain cancer,23,Vietnam,2.6,0.22695024263941158
Breast cancer,185,Vietnam,38.0,1.8254693429691802
Cervical cancer,44,Vietnam,7.1,0.43416568157104823
Colon cancer,28,Vietnam,5.9,0.2762872519088489
Colorectal cancer,75,Vietnam,13.9,0.7400551390415595
Esophageal cancer,19,Vietnam,3.1,0.18748063522386174
Gallbladder cancer,1,Vietnam,0.23,0.00986740185388746
Hodgkin lymphoma,8,Vietnam,0.57,0.07893921483109968
Kaposi sarcoma,0,Vietnam,0.14,0.0
Kidney cancer,10,Vietnam,2.0,0.0986740185388746
Laryngeal cancer,3,Vietnam,1.8,0.02960220556166238
Leukemia,53,Vietnam,5.7,0.5229722982560354
Liver cancer,112,Vietnam,20.2,1.1051490076353956
Lung cancer,145,Vietnam,20.3,1.4307732688136818
Mesothelioma,3,Vietnam,0.29,0.02960220556166238
Mouth cancer,2,Vietnam,2.0,0.01973480370777492
Multiple myeloma,3,Vietnam,0.5,0.02960220556166238
Non-Hodgkin lymphoma,8,Vietnam,3.0,0.07893921483109968
Ovarian cancer,23,Vietnam,2.5,0.22695024263941158
Pancreatic cancer,14,Vietnam,1.0,0.13814362595442445
Penile cancer,0,Vietnam,0.74,0.0
Prostate cancer,33,Vietnam,11.5,0.3256242611782862
Rectal cancer,18,Vietnam,7.5,0.17761323336997428
Salivary gland cancer,2,Vietnam,0.35,0.01973480370777492
Skin cancer,40,Vietnam,1.26,0.3946960741554984
Stomach cancer,23,Vietnam,13.4,0.22695024263941158
Testicular cancer,2,Vietnam,0.51,0.01973480370777492
Throat cancer,1,Vietnam,7.28,0.00986740185388746
Thyroid cancer,42,Vietnam,5.2,0.4144308778632733
Uterine cancer,8,Vietnam,7.8,0.07893921483109968
Vaginal cancer,0,Vietnam,0.09,0.0
Vulvar cancer,1,Vietnam,0.28,0.00986740185388746
Anal cancer,0,Latvia,0.66,0.0
Bladder cancer,4,Latvia,11.1,2.1853146853146854
Brain cancer,6,Latvia,6.5,3.277972027972028
Breast cancer,52,Latvia,66.0,28.40909090909091
Cervical cancer,10,Latvia,16.9,5.463286713286713
Colon cancer,3,Latvia,12.4,1.638986013986014
Colorectal cancer,26,Latvia,23.5,14.204545454545455
Esophageal cancer,0,Latvia,3.7,0.0
Gallbladder cancer,0,Latvia,0.57,0.0
Hodgkin lymphoma,4,Latvia,2.6,2.1853146853146854
Kaposi sarcoma,0,Latvia,0.0,0.0
Kidney cancer,5,Latvia,13.7,2.7316433566433567
Laryngeal cancer,0,Latvia,2.9,0.0
Leukemia,20,Latvia,7.7,10.926573426573427
Liver cancer,3,Latvia,4.3,1.638986013986014
Lung cancer,8,Latvia,23.5,4.370629370629371
Mesothelioma,0,Latvia,0.15,0.0
Mouth cancer,0,Latvia,4.4,0.0
Multiple myeloma,4,Latvia,2.7,2.1853146853146854
Non-Hodgkin lymphoma,5,Latvia,7.7,2.7316433566433567
Ovarian cancer,13,Latvia,15.3,7.1022727272727275
Pancreatic cancer,2,Latvia,9.3,1.0926573426573427
Penile cancer,0,Latvia,1.2,0.0
Prostate cancer,23,Latvia,97.3,12.56555944055944
Rectal cancer,3,Latvia,10.5,1.638986013986014
Salivary gland cancer,0,Latvia,0.71,0.0
Skin cancer,36,Latvia,14.4,19.667832167832167
Stomach cancer,2,Latvia,12.1,1.0926573426573427
Testicular cancer,1,Latvia,3.0,0.5463286713286714
Throat cancer,0,Latvia,4.21,0.0
Thyroid cancer,3,Latvia,8.2,1.638986013986014
Uterine cancer,1,Latvia,16.2,0.5463286713286714
Vaginal cancer,1,Latvia,0.44,0.5463286713286714
Vulvar cancer,2,Latvia,1.6,1.0926573426573427
Anal cancer,60,Brazil,1.1,0.2822417047398966
Bladder cancer,295,Brazil,5.4,1.3876883816378252
Brain cancer,1162,Brazil,4.6,5.4660810151293315
Breast cancer,3781,Brazil,63.1,17.78593142702582
Cervical cancer,1094,Brazil,12.7,5.146207083090782
Colon cancer,258,Brazil,10.9,1.2136393303815556
Colorectal cancer,965,Brazil,19.8,4.539387417900004
Esophageal cancer,166,Brazil,3.7,0.7808687164470474
Gallbladder cancer,24,Brazil,0.73,0.11289668189595865
Hodgkin lymphoma,197,Brazil,1.1,0.9266935972293273
Kaposi sarcoma,39,Brazil,0.26,0.1834571080809328
Kidney cancer,319,Brazil,3.9,1.5005850635337838
Laryngeal cancer,92,Brazil,3.1,0.43277061393450816
Leukemia,1868,Brazil,4.7,8.787125074235448
Liver cancer,541,Brazil,4.5,2.544879371071401
Lung cancer,764,Brazil,14.6,3.5938777070213503
Mesothelioma,50,Brazil,0.06,0.23520142061658053
Mouth cancer,15,Brazil,3.8,0.07056042618497416
Multiple myeloma,281,Brazil,1.9,1.3218319838651826
Non-Hodgkin lymphoma,253,Brazil,4.0,1.1901191883198974
Ovarian cancer,375,Brazil,5.1,1.764010654624354
Pancreatic cancer,173,Brazil,4.7,0.8137969153333686
Penile cancer,106,Brazil,1.3,0.49862701170715074
Prostate cancer,1148,Brazil,76.3,5.400224617356689
Rectal cancer,249,Brazil,7.9,1.171303074670571
Salivary gland cancer,14,Brazil,0.6,0.06585639777264254
Skin cancer,1969,Brazil,14.1,9.262231943880941
Stomach cancer,232,Brazil,7.6,1.0913345916609336
Testicular cancer,49,Brazil,2.7,0.23049739220424892
Throat cancer,1,Brazil,2.8600000000000003,0.0047040284123316106
Thyroid cancer,537,Brazil,11.8,2.526063257422075
Uterine cancer,182,Brazil,8.2,0.8561331710443532
Vaginal cancer,8,Brazil,0.28,0.037632227298652884
Vulvar cancer,38,Brazil,0.84,0.1787530796686012
Anal cancer,0,Gambia,0.0,0.0
Bladder cancer,0,Gambia,1.3,0.0
Brain cancer,3,Gambia,0.39,1.2382817272544158
Breast cancer,7,Gambia,12.1,2.8893240302603034
Cervical cancer,4,Gambia,39.4,1.6510423030058876
Colon cancer,2,Gambia,0.9,0.8255211515029438
Colorectal cancer,2,Gambia,2.6,0.8255211515029438
Esophageal cancer,0,Gambia,2.0,0.0
Gallbladder cancer,0,Gambia,0.0,0.0
Hodgkin lymphoma,3,Gambia,0.16,1.2382817272544158
Kaposi sarcoma,0,Gambia,0.29,0.0
Kidney cancer,0,Gambia,0.24,0.0
Laryngeal cancer,0,Gambia,0.57,0.0
Leukemia,4,Gambia,0.89,1.6510423030058876
Liver cancer,21,Gambia,17.9,8.66797209078091
Lung cancer,21,Gambia,5.0,8.66797209078091
Mesothelioma,0,Gambia,0.0,0.0
Mouth cancer,0,Gambia,0.34,0.0
Multiple myeloma,1,Gambia,0.0,0.4127605757514719
Non-Hodgkin lymphoma,3,Gambia,1.7,1.2382817272544158
Ovarian cancer,1,Gambia,2.2,0.4127605757514719
Pancreatic cancer,0,Gambia,1.6,0.0
Penile cancer,0,Gambia,0.82,0.0
Prostate cancer,0,Gambia,10.3,0.0
Rectal cancer,0,Gambia,1.7,0.0
Salivary gland cancer,0,Gambia,0.07,0.0
Skin cancer,2,Gambia,0.36,0.8255211515029438
Stomach cancer,0,Gambia,2.8,0.0
Testicular cancer,0,Gambia,0.07,0.0
Throat cancer,0,Gambia,0.0,0.0
Thyroid cancer,0,Gambia,0.42,0.0
Uterine cancer,0,Gambia,1.5,0.0
Vaginal cancer,0,Gambia,0.0,0.0
Vulvar cancer,0,Gambia,0.11,0.0
Anal cancer,0,Paraguay,0.95,0.0
Bladder cancer,2,Paraguay,2.6,0.32735131539579065
Brain cancer,1,Paraguay,2.6,0.16367565769789533
Breast cancer,7,Paraguay,58.4,1.1457296038852673
Cervical cancer,11,Paraguay,30.6,1.8004322346768487
Colon cancer,0,Paraguay,16.3,0.0
Colorectal cancer,1,Paraguay,21.0,0.16367565769789533
Esophageal cancer,2,Paraguay,3.0,0.32735131539579065
Gallbladder cancer,1,Paraguay,0.72,0.16367565769789533
Hodgkin lymphoma,0,Paraguay,2.1,0.0
Kaposi sarcoma,0,Paraguay,0.72,0.0
Kidney cancer,1,Paraguay,2.8,0.16367565769789533
Laryngeal cancer,0,Paraguay,1.8,0.0
Leukemia,1,Paraguay,6.0,0.16367565769789533
Liver cancer,0,Paraguay,3.0,0.0
Lung cancer,0,Paraguay,12.7,0.0
Mesothelioma,0,Paraguay,0.02,0.0
Mouth cancer,0,Paraguay,1.8,0.0
Multiple myeloma,0,Paraguay,1.2,0.0
Non-Hodgkin lymphoma,0,Paraguay,5.8,0.0
Ovarian cancer,1,Paraguay,4.8,0.16367565769789533
Pancreatic cancer,0,Paraguay,4.8,0.0
Penile cancer,27,Paraguay,3.4,4.419242757843174
Prostate cancer,1,Paraguay,51.4,0.16367565769789533
Rectal cancer,0,Paraguay,3.7,0.0
Salivary gland cancer,0,Paraguay,0.54,0.0
Skin cancer,5,Paraguay,9.3,0.8183782884894767
Stomach cancer,0,Paraguay,6.4,0.0
Testicular cancer,0,Paraguay,6.4,0.0
Throat cancer,0,Paraguay,3.01,0.0
Thyroid cancer,0,Paraguay,6.7,0.0
Uterine cancer,0,Paraguay,8.8,0.0
Vaginal cancer,0,Paraguay,0.03,0.0
Vulvar cancer,0,Paraguay,0.96,0.0
Anal cancer,0,Rwanda,0.23,0.0
Bladder cancer,1,Rwanda,0.81,0.07089700090797789
Brain cancer,2,Rwanda,1.6,0.14179400181595578
Breast cancer,14,Rwanda,16.2,0.9925580127116904
Cervical cancer,21,Rwanda,18.9,1.4888370190675357
Colon cancer,0,Rwanda,1.9,0.0
Colorectal cancer,3,Rwanda,4.2,0.21269100272393368
Esophageal cancer,0,Rwanda,2.0,0.0
Gallbladder cancer,0,Rwanda,0.0,0.0
Hodgkin lymphoma,2,Rwanda,0.65,0.14179400181595578
Kaposi sarcoma,0,Rwanda,1.2,0.0
Kidney cancer,0,Rwanda,0.8,0.0
Laryngeal cancer,0,Rwanda,0.93,0.0
Leukemia,4,Rwanda,2.5,0.28358800363191156
Liver cancer,0,Rwanda,4.9,0.0
Lung cancer,0,Rwanda,2.8,0.0
Mesothelioma,0,Rwanda,0.0,0.0
Mouth cancer,0,Rwanda,1.1,0.0
Multiple myeloma,0,Rwanda,0.73,0.0
Non-Hodgkin lymphoma,0,Rwanda,3.0,0.0
Ovarian cancer,1,Rwanda,4.0,0.07089700090797789
Pancreatic cancer,2,Rwanda,0.73,0.14179400181595578
Penile cancer,1,Rwanda,2.6,0.07089700090797789
Prostate cancer,1,Rwanda,36.4,0.07089700090797789
Rectal cancer,0,Rwanda,2.2,0.0
Salivary gland cancer,0,Rwanda,0.33,0.0
Skin cancer,2,Rwanda,2.5700000000000003,0.14179400181595578
Stomach cancer,1,Rwanda,8.2,0.07089700090797789
Testicular cancer,0,Rwanda,0.44,0.0
Throat cancer,0,Rwanda,0.75,0.0
Thyroid cancer,0,Rwanda,0.9,0.0
Uterine cancer,0,Rwanda,1.2,0.0
Vaginal cancer,0,Rwanda,0.24,0.0
Vulvar cancer,0,Rwanda,1.4,0.0
Anal cancer,160,Australia,1.4,5.839413287869608
Bladder cancer,386,Australia,7.4,14.08758455698543
Brain cancer,1263,Australia,5.6,46.09486864112072
Breast cancer,6826,Australia,101.5,249.12396939373716
Cervical cancer,918,Australia,5.3,33.50363373915187
Colon cancer,801,Australia,22.3,29.233562772397224
Colorectal cancer,3269,Australia,34.6,119.30651273778592
Esophageal cancer,147,Australia,3.2,5.364960958230203
Gallbladder cancer,20,Australia,0.62,0.729926660983701
Hodgkin lymphoma,316,Australia,2.4,11.532841243542476
Kaposi sarcoma,27,Australia,0.1,0.9854009923279964
Kidney cancer,521,Australia,9.5,19.01458951862541
Laryngeal cancer,29,Australia,1.2,1.0583936584263665
Leukemia,3575,Australia,11.7,130.47439065083654
Liver cancer,856,Australia,7.2,31.240861090102403
Lung cancer,1589,Australia,24.1,57.992673215155044
Mesothelioma,657,Australia,1.7,23.978090813314576
Mouth cancer,7,Australia,6.0,0.25547433134429537
Multiple myeloma,789,Australia,4.1,28.795606775807006
Non-Hodgkin lymphoma,539,Australia,12.4,19.671523513510742
Ovarian cancer,1516,Australia,7.8,55.32844090256454
Pancreatic cancer,670,Australia,7.0,24.452543142953985
Penile cancer,34,Australia,0.51,1.2408753236722916
Prostate cancer,3796,Australia,77.2,138.54008025470645
Rectal cancer,636,Australia,10.9,23.21166781928169
Salivary gland cancer,5,Australia,0.86,0.18248166524592524
Skin cancer,5531,Australia,177.1,201.86121809504252
Stomach cancer,105,Australia,5.3,3.8321149701644304
Testicular cancer,131,Australia,7.3,4.781019629443241
Throat cancer,5,Australia,3.46,0.18248166524592524
Thyroid cancer,391,Australia,11.0,14.270066222231355
Uterine cancer,468,Australia,14.6,17.080283867018604
Vaginal cancer,16,Australia,0.43,0.5839413287869608
Vulvar cancer,61,Australia,1.5,2.226276316000288
Anal cancer,3,Lebanon,0.21,0.546448087431694
Bladder cancer,80,Lebanon,8.9,14.571948998178506
Brain cancer,83,Lebanon,4.0,15.1183970856102
Breast cancer,382,Lebanon,57.9,69.58105646630237
Cervical cancer,36,Lebanon,3.6,6.557377049180328
Colon cancer,79,Lebanon,9.2,14.389799635701275
Colorectal cancer,155,Lebanon,12.9,28.233151183970858
Esophageal cancer,12,Lebanon,0.61,2.185792349726776
Gallbladder cancer,1,Lebanon,0.78,0.18214936247723132
Hodgkin lymphoma,29,Lebanon,3.0,5.2823315118397085
Kaposi sarcoma,5,Lebanon,0.13,0.9107468123861566
Kidney cancer,36,Lebanon,3.7,6.557377049180328
Laryngeal cancer,7,Lebanon,2.2,1.2750455373406193
Leukemia,244,Lebanon,6.8,44.44444444444444
Liver cancer,34,Lebanon,2.3,6.193078324225866
Lung cancer,62,Lebanon,19.9,11.293260473588342
Mesothelioma,4,Lebanon,0.37,0.7285974499089253
Mouth cancer,0,Lebanon,1.1,0.0
Multiple myeloma,37,Lebanon,2.8,6.739526411657559
Non-Hodgkin lymphoma,26,Lebanon,8.4,4.735883424408015
Ovarian cancer,58,Lebanon,6.7,10.564663023679417
Pancreatic cancer,38,Lebanon,3.9,6.9216757741347905
Penile cancer,0,Lebanon,0.23,0.0
Prostate cancer,123,Lebanon,27.9,22.404371584699454
Rectal cancer,18,Lebanon,3.4,3.278688524590164
Salivary gland cancer,0,Lebanon,0.5,0.0
Skin cancer,113,Lebanon,5.300000000000001,20.58287795992714
Stomach cancer,8,Lebanon,3.1,1.4571948998178506
Testicular cancer,7,Lebanon,2.8,1.2750455373406193
Throat cancer,0,Lebanon,0.62,0.0
Thyroid cancer,15,Lebanon,5.6,2.73224043715847
Uterine cancer,13,Lebanon,8.0,2.3679417122040074
Vaginal cancer,1,Lebanon,0.27,0.18214936247723132
Vulvar cancer,1,Lebanon,1.1,0.18214936247723132
Anal cancer,0,Zambia,0.5,0.0
Bladder cancer,1,Zambia,3.4,0.05077837407950868
Brain cancer,0,Zambia,2.0,0.0
Breast cancer,5,Zambia,22.3,0.2538918703975434
Cervical cancer,38,Zambia,71.5,1.9295782150213296
Colon cancer,1,Zambia,1.8,0.05077837407950868
Colorectal cancer,1,Zambia,5.1,0.05077837407950868
Esophageal cancer,3,Zambia,6.6,0.15233512223852602
Gallbladder cancer,0,Zambia,0.22,0.0
Hodgkin lymphoma,0,Zambia,0.89,0.0
Kaposi sarcoma,5,Zambia,15.7,0.2538918703975434
Kidney cancer,4,Zambia,0.71,0.20311349631803471
Laryngeal cancer,0,Zambia,1.1,0.0
Leukemia,4,Zambia,1.6,0.20311349631803471
Liver cancer,2,Zambia,4.7,0.10155674815901736
Lung cancer,2,Zambia,3.0,0.10155674815901736
Mesothelioma,0,Zambia,0.03,0.0
Mouth cancer,0,Zambia,1.4,0.0
Multiple myeloma,1,Zambia,0.38,0.05077837407950868
Non-Hodgkin lymphoma,0,Zambia,3.5,0.0
Ovarian cancer,0,Zambia,3.6,0.0
Pancreatic cancer,1,Zambia,1.4,0.05077837407950868
Penile cancer,1,Zambia,3.0,0.05077837407950868
Prostate cancer,4,Zambia,65.4,0.20311349631803471
Rectal cancer,1,Zambia,2.7,0.05077837407950868
Salivary gland cancer,0,Zambia,0.79,0.0
Skin cancer,0,Zambia,3.27,0.0
Stomach cancer,5,Zambia,3.9,0.2538918703975434
Testicular cancer,0,Zambia,0.26,0.0
Throat cancer,0,Zambia,0.8400000000000001,0.0
Thyroid cancer,0,Zambia,0.84,0.0
Uterine cancer,0,Zambia,1.3,0.0
Vaginal cancer,0,Zambia,0.97,0.0
Vulvar cancer,0,Zambia,1.7,0.0
Anal cancer,9,Greece,0.85,0.8653247082894261
Bladder cancer,387,Greece,18.1,37.20896245644532
Brain cancer,462,Greece,6.5,44.42000169219054
Breast cancer,2390,Greece,82.4,229.7917836457476
Cervical cancer,346,Greece,5.5,33.266927674237934
Colon cancer,369,Greece,22.0,35.47831303986647
Colorectal cancer,987,Greece,26.8,94.89727634240707
Esophageal cancer,92,Greece,0.93,8.845541462514134
Gallbladder cancer,21,Greece,0.29,2.0190909860086608
Hodgkin lymphoma,161,Greece,1.8,15.479697559399733
Kaposi sarcoma,22,Greece,0.1,2.115238175818597
Kidney cancer,245,Greece,8.2,23.55606150343438
Laryngeal cancer,84,Greece,3.5,8.076363944034643
Leukemia,1118,Greece,8.8,107.49255820750871
Liver cancer,467,Greece,5.4,44.90073764124022
Lung cancer,1024,Greece,31.3,98.4547223653747
Mesothelioma,138,Greece,0.31,13.2683121937712
Mouth cancer,2,Greece,2.9,0.19229437961987247
Multiple myeloma,643,Greece,2.7,61.822643047789
Non-Hodgkin lymphoma,238,Greece,7.4,22.883031174764824
Ovarian cancer,595,Greece,8.9,57.20757793691206
Pancreatic cancer,338,Greece,7.9,32.497750155758446
Penile cancer,14,Greece,1.3,1.3460606573391074
Prostate cancer,792,Greece,51.4,76.1485743294695
Rectal cancer,159,Greece,3.9,15.287403179779862
Salivary gland cancer,6,Greece,0.4,0.5768831388596174
Skin cancer,882,Greece,12.0,84.80182141236376
Stomach cancer,84,Greece,6.3,8.076363944034643
Testicular cancer,43,Greece,9.1,4.134329161827258
Throat cancer,1,Greece,1.39,0.09614718980993624
Thyroid cancer,321,Greece,5.7,30.86324792898953
Uterine cancer,278,Greece,18.6,26.728918767162273
Vaginal cancer,10,Greece,0.14,0.9614718980993624
Vulvar cancer,28,Greece,1.0,2.692121314678215
Anal cancer,0,Guinea,0.41,0.0
Bladder cancer,0,Guinea,0.77,0.0
Brain cancer,0,Guinea,3.7,0.0
Breast cancer,6,Guinea,16.0,0.4177129505843491
Cervical cancer,5,Guinea,55.0,0.34809412548695756
Colon cancer,0,Guinea,1.1,0.0
Colorectal cancer,0,Guinea,2.8,0.0
Esophageal cancer,0,Guinea,0.55,0.0
Gallbladder cancer,0,Guinea,0.07,0.0
Hodgkin lymphoma,1,Guinea,0.58,0.06961882509739152
Kaposi sarcoma,1,Guinea,0.43,0.06961882509739152
Kidney cancer,0,Guinea,0.62,0.0
Laryngeal cancer,0,Guinea,0.93,0.0
Leukemia,1,Guinea,0.95,0.06961882509739152
Liver cancer,1,Guinea,21.3,0.06961882509739152
Lung cancer,1,Guinea,3.2,0.06961882509739152
Mesothelioma,0,Guinea,0.01,0.0
Mouth cancer,0,Guinea,1.1,0.0
Multiple myeloma,0,Guinea,0.16,0.0
Non-Hodgkin lymphoma,1,Guinea,2.6,0.06961882509739152
Ovarian cancer,0,Guinea,3.1,0.0
Pancreatic cancer,0,Guinea,0.81,0.0
Penile cancer,0,Guinea,0.09,0.0
Prostate cancer,0,Guinea,34.0,0.0
Rectal cancer,0,Guinea,1.2,0.0
Salivary gland cancer,0,Guinea,0.14,0.0
Skin cancer,0,Guinea,3.78,0.0
Stomach cancer,0,Guinea,4.7,0.0
Testicular cancer,0,Guinea,0.19,0.0
Throat cancer,0,Guinea,0.32,0.0
Thyroid cancer,0,Guinea,0.48,0.0
Uterine cancer,0,Guinea,1.8,0.0
Vaginal cancer,0,Guinea,0.46,0.0
Vulvar cancer,0,Guinea,0.4,0.0
Anal cancer,0,Eritrea,0.12,0.0
Bladder cancer,2,Eritrea,2.3,0.5544774050457444
Brain cancer,0,Eritrea,1.2,0.0
Breast cancer,13,Eritrea,37.8,3.6041031327973383
Cervical cancer,4,Eritrea,16.4,1.1089548100914888
Colon cancer,3,Eritrea,3.6,0.8317161075686166
Colorectal cancer,9,Eritrea,6.9,2.4951483227058495
Esophageal cancer,4,Eritrea,2.8,1.1089548100914888
Gallbladder cancer,0,Eritrea,0.8,0.0
Hodgkin lymphoma,0,Eritrea,0.65,0.0
Kaposi sarcoma,0,Eritrea,0.07,0.0
Kidney cancer,4,Eritrea,2.1,1.1089548100914888
Laryngeal cancer,5,Eritrea,0.83,1.386193512614361
Leukemia,12,Eritrea,4.5,3.3268644302744663
Liver cancer,2,Eritrea,4.3,0.5544774050457444
Lung cancer,2,Eritrea,3.2,0.5544774050457444
Mesothelioma,1,Eritrea,0.0,0.2772387025228722
Mouth cancer,0,Eritrea,1.7,0.0
Multiple myeloma,3,Eritrea,0.91,0.8317161075686166
Non-Hodgkin lymphoma,1,Eritrea,4.9,0.2772387025228722
Ovarian cancer,14,Eritrea,7.2,3.8813418353202107
Pancreatic cancer,0,Eritrea,1.2,0.0
Penile cancer,0,Eritrea,0.11,0.0
Prostate cancer,8,Eritrea,10.9,2.2179096201829775
Rectal cancer,1,Eritrea,3.2,0.2772387025228722
Salivary gland cancer,0,Eritrea,0.45,0.0
Skin cancer,1,Eritrea,2.86,0.2772387025228722
Stomach cancer,0,Eritrea,3.0,0.0
Testicular cancer,0,Eritrea,0.64,0.0
Throat cancer,0,Eritrea,1.24,0.0
Thyroid cancer,0,Eritrea,3.3,0.0
Uterine cancer,3,Eritrea,2.6,0.8317161075686166
Vaginal cancer,0,Eritrea,0.47,0.0
Vulvar cancer,0,Eritrea,1.3,0.0
Anal cancer,2,Botswana,0.71,0.8475980554405412
Bladder cancer,0,Botswana,0.82,0.0
Brain cancer,1,Botswana,0.58,0.4237990277202706
Breast cancer,11,Botswana,23.0,4.661789304922976
Cervical cancer,43,Botswana,39.1,18.223358191971634
Colon cancer,0,Botswana,2.2,0.0
Colorectal cancer,0,Botswana,4.5,0.0
Esophageal cancer,0,Botswana,7.8,0.0
Gallbladder cancer,0,Botswana,0.0,0.0
Hodgkin lymphoma,1,Botswana,1.2,0.4237990277202706
Kaposi sarcoma,3,Botswana,9.3,1.271397083160812
Kidney cancer,1,Botswana,0.95,0.4237990277202706
Laryngeal cancer,0,Botswana,2.1,0.0
Leukemia,3,Botswana,1.5,1.271397083160812
Liver cancer,1,Botswana,1.6,0.4237990277202706
Lung cancer,1,Botswana,3.6,0.4237990277202706
Mesothelioma,0,Botswana,0.0,0.0
Mouth cancer,0,Botswana,4.0,0.0
Multiple myeloma,0,Botswana,1.1,0.0
Non-Hodgkin lymphoma,0,Botswana,4.3,0.0
Ovarian cancer,2,Botswana,2.8,0.8475980554405412
Pancreatic cancer,0,Botswana,0.75,0.0
Penile cancer,1,Botswana,3.9,0.4237990277202706
Prostate cancer,4,Botswana,23.9,1.6951961108810825
Rectal cancer,0,Botswana,1.6,0.0
Salivary gland cancer,0,Botswana,0.37,0.0
Skin cancer,2,Botswana,6.5,0.8475980554405412
Stomach cancer,0,Botswana,1.3,0.0
Testicular cancer,0,Botswana,0.07,0.0
Throat cancer,0,Botswana,1.52,0.0
Thyroid cancer,0,Botswana,0.47,0.0
Uterine cancer,2,Botswana,4.1,0.8475980554405412
Vaginal cancer,0,Botswana,0.6,0.0
Vulvar cancer,2,Botswana,2.6,0.8475980554405412
Anal cancer,0,Laos,0.19,0.0
Bladder cancer,0,Laos,1.9,0.0
Brain cancer,0,Laos,3.0,0.0
Breast cancer,0,Laos,31.6,0.0
Cervical cancer,3,Laos,12.0,0.39231071008238527
Colon cancer,0,Laos,7.8,0.0
Colorectal cancer,0,Laos,14.1,0.0
Esophageal cancer,0,Laos,4.4,0.0
Gallbladder cancer,0,Laos,1.4,0.0
Hodgkin lymphoma,0,Laos,0.29,0.0
Kaposi sarcoma,0,Laos,0.02,0.0
Kidney cancer,0,Laos,1.3,0.0
Laryngeal cancer,0,Laos,1.3,0.0
Leukemia,0,Laos,5.0,0.0
Liver cancer,1,Laos,24.9,0.1307702366941284
Lung cancer,1,Laos,17.6,0.1307702366941284
Mesothelioma,0,Laos,0.0,0.0
Mouth cancer,0,Laos,3.7,0.0
Multiple myeloma,0,Laos,1.1,0.0
Non-Hodgkin lymphoma,0,Laos,4.3,0.0
Ovarian cancer,0,Laos,5.5,0.0
Pancreatic cancer,0,Laos,1.4,0.0
Penile cancer,0,Laos,1.3,0.0
Prostate cancer,0,Laos,4.1,0.0
Rectal cancer,0,Laos,6.0,0.0
Salivary gland cancer,0,Laos,0.59,0.0
Skin cancer,0,Laos,2.41,0.0
Stomach cancer,0,Laos,11.3,0.0
Testicular cancer,0,Laos,0.52,0.0
Throat cancer,0,Laos,5.37,0.0
Thyroid cancer,0,Laos,4.9,0.0
Uterine cancer,0,Laos,3.3,0.0
Vaginal cancer,0,Laos,0.27,0.0
Vulvar cancer,0,Laos,0.61,0.0
Anal cancer,1,Senegal,0.66,0.05378293572863884
Bladder cancer,2,Senegal,3.2,0.10756587145727768
Brain cancer,1,Senegal,2.1,0.05378293572863884
Breast cancer,15,Senegal,29.9,0.8067440359295827
Cervical cancer,15,Senegal,34.3,0.8067440359295827
Colon cancer,1,Senegal,3.0,0.05378293572863884
Colorectal cancer,0,Senegal,6.2,0.0
Esophageal cancer,0,Senegal,1.7,0.0
Gallbladder cancer,1,Senegal,0.28,0.05378293572863884
Hodgkin lymphoma,1,Senegal,0.55,0.05378293572863884
Kaposi sarcoma,0,Senegal,0.6,0.0
Kidney cancer,4,Senegal,1.2,0.21513174291455536
Laryngeal cancer,0,Senegal,0.65,0.0
Leukemia,15,Senegal,1.2,0.8067440359295827
Liver cancer,14,Senegal,11.1,0.7529611002009438
Lung cancer,14,Senegal,2.7,0.7529611002009438
Mesothelioma,1,Senegal,0.01,0.05378293572863884
Mouth cancer,0,Senegal,1.7,0.0
Multiple myeloma,5,Senegal,0.6,0.26891467864319424
Non-Hodgkin lymphoma,1,Senegal,2.4,0.05378293572863884
Ovarian cancer,0,Senegal,4.4,0.0
Pancreatic cancer,1,Senegal,1.8,0.05378293572863884
Penile cancer,1,Senegal,0.04,0.05378293572863884
Prostate cancer,9,Senegal,27.1,0.4840464215577496
Rectal cancer,2,Senegal,2.5,0.10756587145727768
Salivary gland cancer,0,Senegal,0.57,0.0
Skin cancer,7,Senegal,3.39,0.3764805501004719
Stomach cancer,1,Senegal,7.2,0.05378293572863884
Testicular cancer,2,Senegal,0.22,0.10756587145727768
Throat cancer,0,Senegal,0.51,0.0
Thyroid cancer,0,Senegal,1.1,0.0
Uterine cancer,0,Senegal,2.5,0.0
Vaginal cancer,0,Senegal,0.48,0.0
Vulvar cancer,4,Senegal,0.69,0.21513174291455536
Anal cancer,0,Algeria,0.34,0.0
Bladder cancer,4,Algeria,7.2,0.08438818565400844
Brain cancer,3,Algeria,4.5,0.06329113924050633
Breast cancer,66,Algeria,61.9,1.3924050632911393
Cervical cancer,11,Algeria,8.0,0.2320675105485232
Colon cancer,7,Algeria,9.9,0.14767932489451477
Colorectal cancer,33,Algeria,17.1,0.6962025316455697
Esophageal cancer,0,Algeria,0.61,0.0
Gallbladder cancer,0,Algeria,2.7,0.0
Hodgkin lymphoma,5,Algeria,2.2,0.10548523206751055
Kaposi sarcoma,0,Algeria,0.13,0.0
Kidney cancer,4,Algeria,1.6,0.08438818565400844
Laryngeal cancer,1,Algeria,2.2,0.02109704641350211
Leukemia,18,Algeria,3.8,0.379746835443038
Liver cancer,6,Algeria,1.7,0.12658227848101267
Lung cancer,8,Algeria,11.3,0.16877637130801687
Mesothelioma,2,Algeria,0.15,0.04219409282700422
Mouth cancer,0,Algeria,0.75,0.0
Multiple myeloma,6,Algeria,1.7,0.12658227848101267
Non-Hodgkin lymphoma,5,Algeria,4.9,0.10548523206751055
Ovarian cancer,4,Algeria,5.0,0.08438818565400844
Pancreatic cancer,3,Algeria,2.6,0.06329113924050633
Penile cancer,0,Algeria,0.03,0.0
Prostate cancer,16,Algeria,15.5,0.33755274261603374
Rectal cancer,3,Algeria,6.8,0.06329113924050633
Salivary gland cancer,0,Algeria,0.33,0.0
Skin cancer,6,Algeria,3.66,0.12658227848101267
Stomach cancer,3,Algeria,6.1,0.06329113924050633
Testicular cancer,0,Algeria,0.68,0.0
Throat cancer,0,Algeria,3.86,0.0
Thyroid cancer,5,Algeria,5.4,0.10548523206751055
Uterine cancer,0,Algeria,2.7,0.0
Vaginal cancer,0,Algeria,0.21,0.0
Vulvar cancer,0,Algeria,0.41,0.0
Anal cancer,0,Mali,0.61,0.0
Bladder cancer,1,Mali,7.8,0.0446518493076887
Brain cancer,0,Mali,1.3,0.0
Breast cancer,16,Mali,37.7,0.7144295889230192
Cervical cancer,10,Mali,43.1,0.44651849307688707
Colon cancer,0,Mali,4.3,0.0
Colorectal cancer,1,Mali,8.9,0.0446518493076887
Esophageal cancer,0,Mali,2.8,0.0
Gallbladder cancer,0,Mali,0.18,0.0
Hodgkin lymphoma,1,Mali,0.66,0.0446518493076887
Kaposi sarcoma,0,Mali,0.85,0.0
Kidney cancer,2,Mali,1.8,0.0893036986153774
Laryngeal cancer,0,Mali,0.82,0.0
Leukemia,5,Mali,1.1,0.22325924653844353
Liver cancer,2,Mali,8.6,0.0893036986153774
Lung cancer,2,Mali,3.2,0.0893036986153774
Mesothelioma,0,Mali,0.09,0.0
Mouth cancer,0,Mali,2.4,0.0
Multiple myeloma,0,Mali,0.23,0.0
Non-Hodgkin lymphoma,0,Mali,2.6,0.0
Ovarian cancer,0,Mali,5.4,0.0
Pancreatic cancer,1,Mali,2.9,0.0446518493076887
Penile cancer,0,Mali,0.11,0.0
Prostate cancer,1,Mali,21.0,0.0446518493076887
Rectal cancer,0,Mali,4.1,0.0
Salivary gland cancer,0,Mali,0.76,0.0
Skin cancer,2,Mali,3.73,0.0893036986153774
Stomach cancer,1,Mali,14.3,0.0446518493076887
Testicular cancer,0,Mali,0.64,0.0
Throat cancer,0,Mali,0.6699999999999999,0.0
Thyroid cancer,0,Mali,2.1,0.0
Uterine cancer,1,Mali,3.0,0.0446518493076887
Vaginal cancer,0,Mali,0.59,0.0
Vulvar cancer,0,Mali,0.83,0.0
Anal cancer,2,Estonia,0.69,1.4598593425523452
Bladder cancer,4,Estonia,9.4,2.9197186851046903
Brain cancer,23,Estonia,6.2,16.788382439351967
Breast cancer,51,Estonia,63.1,37.2264132350848
Cervical cancer,41,Estonia,11.8,29.927116522323075
Colon cancer,10,Estonia,20.0,7.299296712761725
Colorectal cancer,25,Estonia,31.8,18.248241781904312
Esophageal cancer,0,Estonia,3.5,0.0
Gallbladder cancer,0,Estonia,0.72,0.0
Hodgkin lymphoma,1,Estonia,2.4,0.7299296712761726
Kaposi sarcoma,0,Estonia,0.0,0.0
Kidney cancer,7,Estonia,10.5,5.109507698933208
Laryngeal cancer,1,Estonia,2.3,0.7299296712761726
Leukemia,21,Estonia,9.6,15.328523096799623
Liver cancer,3,Estonia,4.5,2.1897890138285176
Lung cancer,13,Estonia,25.8,9.489085726590243
Mesothelioma,2,Estonia,0.15,1.4598593425523452
Mouth cancer,0,Estonia,4.2,0.0
Multiple myeloma,4,Estonia,3.5,2.9197186851046903
Non-Hodgkin lymphoma,1,Estonia,9.4,0.7299296712761726
Ovarian cancer,6,Estonia,9.4,4.379578027657035
Pancreatic cancer,2,Estonia,8.6,1.4598593425523452
Penile cancer,0,Estonia,1.1,0.0
Prostate cancer,19,Estonia,98.8,13.868663754247278
Rectal cancer,6,Estonia,11.1,4.379578027657035
Salivary gland cancer,0,Estonia,0.62,0.0
Skin cancer,27,Estonia,16.7,19.708101124456658
Stomach cancer,8,Estonia,13.1,5.839437370209381
Testicular cancer,2,Estonia,4.5,1.4598593425523452
Throat cancer,0,Estonia,3.64,0.0
Thyroid cancer,5,Estonia,4.1,3.6496483563808626
Uterine cancer,4,Estonia,17.7,2.9197186851046903
Vaginal cancer,0,Estonia,0.34,0.0
Vulvar cancer,0,Estonia,1.4,0.0
Anal cancer,0,Iraq,0.16,0.0
Bladder cancer,15,Iraq,6.6,0.32524702023316177
Brain cancer,32,Iraq,5.5,0.6938603098307451
Breast cancer,350,Iraq,56.9,7.589097138773775
Cervical cancer,42,Iraq,2.2,0.910691656652853
Colon cancer,27,Iraq,5.6,0.5854446364196912
Colorectal cancer,104,Iraq,8.9,2.2550460069499216
Esophageal cancer,13,Iraq,1.2,0.2818807508687402
Gallbladder cancer,2,Iraq,0.78,0.04336626936442157
Hodgkin lymphoma,13,Iraq,2.5,0.2818807508687402
Kaposi sarcoma,1,Iraq,0.22,0.021683134682210784
Kidney cancer,11,Iraq,3.1,0.23851448150431864
Laryngeal cancer,2,Iraq,2.4,0.04336626936442157
Leukemia,92,Iraq,6.9,1.9948483907633923
Liver cancer,111,Iraq,3.4,2.4068279497253973
Lung cancer,126,Iraq,12.5,2.732074969958559
Mesothelioma,0,Iraq,0.11,0.0
Mouth cancer,0,Iraq,1.2,0.0
Multiple myeloma,8,Iraq,2.0,0.17346507745768627
Non-Hodgkin lymphoma,10,Iraq,6.6,0.21683134682210786
Ovarian cancer,31,Iraq,6.7,0.6721771751485344
Pancreatic cancer,14,Iraq,3.2,0.303563885550951
Penile cancer,0,Iraq,0.03,0.0
Prostate cancer,50,Iraq,12.7,1.0841567341105394
Rectal cancer,4,Iraq,3.2,0.08673253872884314
Salivary gland cancer,0,Iraq,0.49,0.0
Skin cancer,44,Iraq,2.02,0.9540579260172746
Stomach cancer,9,Iraq,5.0,0.19514821213989708
Testicular cancer,2,Iraq,1.3,0.04336626936442157
Throat cancer,0,Iraq,0.7699999999999999,0.0
Thyroid cancer,14,Iraq,4.7,0.303563885550951
Uterine cancer,6,Iraq,5.2,0.1300988080932647
Vaginal cancer,0,Iraq,0.14,0.0
Vulvar cancer,1,Iraq,0.22,0.021683134682210784
Anal cancer,1,Mozambique,0.66,0.02933371459339981
Bladder cancer,0,Mozambique,5.5,0.0
Brain cancer,0,Mozambique,0.39,0.0
Breast cancer,0,Mozambique,19.7,0.0
Cervical cancer,9,Mozambique,47.8,0.2640034313405983
Colon cancer,0,Mozambique,1.7,0.0
Colorectal cancer,0,Mozambique,3.9,0.0
Esophageal cancer,1,Mozambique,9.2,0.02933371459339981
Gallbladder cancer,0,Mozambique,0.06,0.0
Hodgkin lymphoma,0,Mozambique,0.61,0.0
Kaposi sarcoma,4,Mozambique,14.4,0.11733485837359924
Kidney cancer,0,Mozambique,0.71,0.0
Laryngeal cancer,0,Mozambique,0.42,0.0
Leukemia,0,Mozambique,1.7,0.0
Liver cancer,0,Mozambique,8.0,0.0
Lung cancer,0,Mozambique,1.3,0.0
Mesothelioma,0,Mozambique,0.04,0.0
Mouth cancer,0,Mozambique,1.2,0.0
Multiple myeloma,0,Mozambique,0.26,0.0
Non-Hodgkin lymphoma,1,Mozambique,5.6,0.02933371459339981
Ovarian cancer,0,Mozambique,1.9,0.0
Pancreatic cancer,0,Mozambique,0.87,0.0
Penile cancer,0,Mozambique,1.6,0.0
Prostate cancer,0,Mozambique,28.3,0.0
Rectal cancer,0,Mozambique,1.5,0.0
Salivary gland cancer,0,Mozambique,0.37,0.0
Skin cancer,0,Mozambique,4.390000000000001,0.0
Stomach cancer,0,Mozambique,0.81,0.0
Testicular cancer,0,Mozambique,0.22,0.0
Throat cancer,0,Mozambique,0.62,0.0
Thyroid cancer,0,Mozambique,0.84,0.0
Uterine cancer,0,Mozambique,1.8,0.0
Vaginal cancer,0,Mozambique,0.38,0.0
Vulvar cancer,0,Mozambique,2.2,0.0
Anal cancer,2,Kenya,0.87,0.03750165616689047
Bladder cancer,3,Kenya,2.3,0.0562524842503357
Brain cancer,8,Kenya,2.1,0.15000662466756187
Breast cancer,64,Kenya,40.8,1.200052997340495
Cervical cancer,106,Kenya,32.8,1.9875877768451948
Colon cancer,6,Kenya,6.6,0.1125049685006714
Colorectal cancer,15,Kenya,11.1,0.28126242125167855
Esophageal cancer,10,Kenya,13.0,0.18750828083445234
Gallbladder cancer,0,Kenya,1.6,0.0
Hodgkin lymphoma,3,Kenya,0.85,0.0562524842503357
Kaposi sarcoma,6,Kenya,1.5,0.1125049685006714
Kidney cancer,6,Kenya,1.3,0.1125049685006714
Laryngeal cancer,1,Kenya,1.3,0.018750828083445234
Leukemia,19,Kenya,4.7,0.3562657335854595
Liver cancer,20,Kenya,2.9,0.3750165616689047
Lung cancer,22,Kenya,3.4,0.4125182178357952
Mesothelioma,1,Kenya,0.01,0.018750828083445234
Mouth cancer,0,Kenya,2.7,0.0
Multiple myeloma,10,Kenya,2.9,0.18750828083445234
Non-Hodgkin lymphoma,3,Kenya,4.8,0.0562524842503357
Ovarian cancer,6,Kenya,7.9,0.1125049685006714
Pancreatic cancer,3,Kenya,3.5,0.0562524842503357
Penile cancer,1,Kenya,0.45,0.018750828083445234
Prostate cancer,32,Kenya,39.7,0.6000264986702475
Rectal cancer,2,Kenya,3.6,0.03750165616689047
Salivary gland cancer,0,Kenya,0.46,0.0
Skin cancer,8,Kenya,3.2,0.15000662466756187
Stomach cancer,0,Kenya,7.2,0.0
Testicular cancer,4,Kenya,0.14,0.07500331233378094
Throat cancer,0,Kenya,3.42,0.0
Thyroid cancer,2,Kenya,1.5,0.03750165616689047
Uterine cancer,0,Kenya,5.8,0.0
Vaginal cancer,0,Kenya,0.36,0.0
Vulvar cancer,0,Kenya,0.94,0.0
Anal cancer,0,Namibia,0.67,0.0
Bladder cancer,1,Namibia,3.1,0.33086278094799465
Brain cancer,0,Namibia,1.5,0.0
Breast cancer,2,Namibia,53.9,0.6617255618959893
Cervical cancer,7,Namibia,33.5,2.3160394666359627
Colon cancer,0,Namibia,4.9,0.0
Colorectal cancer,4,Namibia,8.7,1.3234511237919786
Esophageal cancer,0,Namibia,2.8,0.0
Gallbladder cancer,0,Namibia,0.49,0.0
Hodgkin lymphoma,0,Namibia,0.52,0.0
Kaposi sarcoma,1,Namibia,13.6,0.33086278094799465
Kidney cancer,0,Namibia,2.6,0.0
Laryngeal cancer,0,Namibia,2.4,0.0
Leukemia,4,Namibia,2.9,1.3234511237919786
Liver cancer,3,Namibia,3.8,0.992588342843984
Lung cancer,3,Namibia,5.8,0.992588342843984
Mesothelioma,0,Namibia,0.08,0.0
Mouth cancer,0,Namibia,6.5,0.0
Multiple myeloma,1,Namibia,1.3,0.33086278094799465
Non-Hodgkin lymphoma,0,Namibia,7.4,0.0
Ovarian cancer,0,Namibia,4.6,0.0
Pancreatic cancer,1,Namibia,1.2,0.33086278094799465
Penile cancer,0,Namibia,2.2,0.0
Prostate cancer,3,Namibia,63.8,0.992588342843984
Rectal cancer,1,Namibia,3.0,0.33086278094799465
Salivary gland cancer,0,Namibia,1.0,0.0
Skin cancer,2,Namibia,18.4,0.6617255618959893
Stomach cancer,0,Namibia,2.5,0.0
Testicular cancer,0,Namibia,0.95,0.0
Throat cancer,0,Namibia,2.1100000000000003,0.0
Thyroid cancer,0,Namibia,1.2,0.0
Uterine cancer,0,Namibia,5.8,0.0
Vaginal cancer,0,Namibia,1.2,0.0
Vulvar cancer,0,Namibia,1.7,0.0
Anal cancer,0,Oman,0.69,0.0
Bladder cancer,6,Oman,5.2,1.1305873627466942
Brain cancer,11,Oman,2.7,2.0727434983689395
Breast cancer,124,Oman,34.0,23.36547216343168
Cervical cancer,15,Oman,6.4,2.8264684068667356
Colon cancer,12,Oman,6.4,2.2611747254933885
Colorectal cancer,39,Oman,11.1,7.348817857853512
Esophageal cancer,0,Oman,1.2,0.0
Gallbladder cancer,1,Oman,1.1,0.188431227124449
Hodgkin lymphoma,2,Oman,2.4,0.376862454248898
Kaposi sarcoma,2,Oman,0.24,0.376862454248898
Kidney cancer,12,Oman,2.4,2.2611747254933885
Laryngeal cancer,0,Oman,1.2,0.0
Leukemia,51,Oman,5.3,9.6099925833469
Liver cancer,7,Oman,4.6,1.3190185898711433
Lung cancer,10,Oman,5.2,1.8843122712444902
Mesothelioma,0,Oman,0.12,0.0
Mouth cancer,0,Oman,1.8,0.0
Multiple myeloma,1,Oman,1.9,0.188431227124449
Non-Hodgkin lymphoma,6,Oman,6.3,1.1305873627466942
Ovarian cancer,28,Oman,3.5,5.276074359484573
Pancreatic cancer,4,Oman,2.8,0.753724908497796
Penile cancer,0,Oman,0.03,0.0
Prostate cancer,19,Oman,15.1,3.5801933153645313
Rectal cancer,1,Oman,4.0,0.188431227124449
Salivary gland cancer,0,Oman,0.25,0.0
Skin cancer,12,Oman,2.13,2.2611747254933885
Stomach cancer,5,Oman,8.2,0.9421561356222451
Testicular cancer,1,Oman,0.67,0.188431227124449
Throat cancer,0,Oman,1.1,0.0
Thyroid cancer,16,Oman,3.8,3.014899633991184
Uterine cancer,9,Oman,3.5,1.6958810441200411
Vaginal cancer,0,Oman,0.38,0.0
Vulvar cancer,0,Oman,0.05,0.0
Anal cancer,12,Iran,0.26,0.13959818987680458
Bladder cancer,409,Iran,7.1,4.75797163830109
Brain cancer,927,Iran,6.3,10.783960167983155
Breast cancer,6110,Iran,30.5,71.078745012273
Cervical cancer,764,Iran,2.5,8.88775142215656
Colon cancer,739,Iran,9.5,8.596921859913216
Colorectal cancer,2375,Iran,13.9,27.628808413117575
Esophageal cancer,376,Iran,3.9,4.374076616139877
Gallbladder cancer,13,Iran,0.6,0.1512313723665383
Hodgkin lymphoma,125,Iran,1.9,1.4541478112167145
Kaposi sarcoma,16,Iran,0.19,0.18613091983573946
Kidney cancer,245,Iran,2.3,2.8501297099847607
Laryngeal cancer,51,Iran,3.0,0.5932923069764195
Leukemia,1981,Iran,7.4,23.04533451216249
Liver cancer,661,Iran,6.4,7.689533625713986
Lung cancer,837,Iran,12.1,9.736973743907122
Mesothelioma,27,Iran,0.05,0.3140959272228103
Mouth cancer,4,Iran,1.4,0.046532729958934864
Multiple myeloma,215,Iran,1.4,2.5011342352927493
Non-Hodgkin lymphoma,147,Iran,4.0,1.7100778259908562
Ovarian cancer,599,Iran,4.2,6.968276311350496
Pancreatic cancer,312,Iran,3.9,3.6295529367969195
Penile cancer,5,Iran,0.08,0.05816591244866858
Prostate cancer,1142,Iran,21.8,13.285094403275904
Rectal cancer,155,Iran,4.1,1.803143285908726
Salivary gland cancer,3,Iran,0.31,0.034899547469201146
Skin cancer,976,Iran,5.28,11.353986109980108
Stomach cancer,341,Iran,19.4,3.966915228999197
Testicular cancer,42,Iran,1.4,0.4885936645688161
Throat cancer,0,Iran,0.53,0.0
Thyroid cancer,448,Iran,4.0,5.211665755400705
Uterine cancer,177,Iran,3.1,2.0590733006828676
Vaginal cancer,8,Iran,0.12,0.09306545991786973
Vulvar cancer,5,Iran,0.1,0.05816591244866858
Anal cancer,12,Belgium,1.0,1.0147518707584957
Bladder cancer,240,Belgium,12.9,20.295037415169915
Brain cancer,644,Belgium,5.0,54.458350397372605
Breast cancer,2850,Belgium,104.4,241.00356930514275
Cervical cancer,514,Belgium,6.3,43.465205130822234
Colon cancer,235,Belgium,19.8,19.87222413568721
Colorectal cancer,822,Belgium,29.2,69.51050314695696
Esophageal cancer,97,Belgium,4.5,8.202577621964506
Gallbladder cancer,13,Belgium,0.28,1.099314526655037
Hodgkin lymphoma,133,Belgium,3.0,11.246833234239995
Kaposi sarcoma,11,Belgium,0.25,0.9301892148619544
Kidney cancer,248,Belgium,8.2,20.971538662342244
Laryngeal cancer,36,Belgium,1.9,3.0442556122754874
Leukemia,1379,Belgium,10.5,116.61190248133047
Liver cancer,398,Belgium,4.8,33.65593704682344
Lung cancer,894,Belgium,32.7,75.59901437150793
Mesothelioma,236,Belgium,1.1,19.95678679158375
Mouth cancer,1,Belgium,4.7,0.08456265589654131
Multiple myeloma,432,Belgium,3.7,36.53106734730584
Non-Hodgkin lymphoma,221,Belgium,10.7,18.68834695313563
Ovarian cancer,409,Belgium,6.9,34.58612626168539
Pancreatic cancer,226,Belgium,7.5,19.111160232618335
Penile cancer,32,Belgium,0.75,2.706004988689322
Prostate cancer,1095,Belgium,81.7,92.59610820671274
Rectal cancer,226,Belgium,8.4,19.111160232618335
Salivary gland cancer,7,Belgium,0.65,0.5919385912757892
Skin cancer,1292,Belgium,44.1,109.25495141833137
Stomach cancer,38,Belgium,5.4,3.21338092406857
Testicular cancer,31,Belgium,6.4,2.6214423327927805
Throat cancer,1,Belgium,3.93,0.08456265589654131
Thyroid cancer,155,Belgium,6.9,13.107211663963904
Uterine cancer,177,Belgium,10.0,14.967590093687813
Vaginal cancer,7,Belgium,0.44,0.5919385912757892
Vulvar cancer,19,Belgium,1.9,1.606690462034285
Anal cancer,75,China,0.22,0.0532564546823075
Bladder cancer,9595,China,3.4,6.813275769023206
Brain cancer,12072,China,4.2,8.572158945664215
Breast cancer,53350,China,33.0,37.8830914306814
Cervical cancer,13913,China,13.8,9.879427386599255
Colon cancer,10536,China,10.4,7.481466753770557
Colorectal cancer,33491,China,20.1,23.781492316868803
Esophageal cancer,8634,China,8.3,6.130883063027239
Gallbladder cancer,1200,China,1.1,0.85210327491692
Hodgkin lymphoma,1491,China,0.23,1.058738319084273
Kaposi sarcoma,93,China,0.03,0.0660380038060613
Kidney cancer,9252,China,3.1,6.569716249609453
Laryngeal cancer,1276,China,1.2,0.9060698156616582
Leukemia,24452,China,4.5,17.363024398557105
Liver cancer,53323,China,15.0,37.863919106995766
Lung cancer,75314,China,40.8,53.47942170591076
Mesothelioma,744,China,0.1,0.5283040304484904
Mouth cancer,10,China,1.5,0.007100860624307666
Multiple myeloma,5256,China,1.2,3.7322123441361095
Non-Hodgkin lymphoma,4622,China,3.5,3.2820177805550035
Ovarian cancer,14422,China,5.7,10.240861192376515
Pancreatic cancer,11687,China,4.4,8.298775811628369
Penile cancer,232,China,0.49,0.16473996648393785
Prostate cancer,16849,China,9.7,11.964240065895986
Rectal cancer,5702,China,9.5,4.048910727980231
Salivary gland cancer,52,China,0.48,0.036924475246399864
Skin cancer,12339,China,2.27,8.761751924333229
Stomach cancer,2726,China,13.7,1.9356946061862699
Testicular cancer,214,China,0.41,0.15195841736018406
Throat cancer,16,China,3.12,0.011361376998892265
Thyroid cancer,7926,China,24.6,5.628142130826256
Uterine cancer,4323,China,6.8,3.069702047888204
Vaginal cancer,60,China,0.23,0.042605163745846
Vulvar cancer,119,China,0.32,0.08450024142926123
Anal cancer,2,Saudi Arabia,0.28,0.0566567743938575
Bladder cancer,87,Saudi Arabia,3.2,2.4645696861328013
Brain cancer,273,Saudi Arabia,1.9,7.7336497047615484
Breast cancer,1683,Saudi Arabia,25.3,47.676675652431086
Cervical cancer,272,Saudi Arabia,2.4,7.70532131756462
Colon cancer,326,Saudi Arabia,6.3,9.235054226198772
Colorectal cancer,623,Saudi Arabia,11.7,17.64858522368661
Esophageal cancer,28,Saudi Arabia,1.0,0.793194841514005
Gallbladder cancer,14,Saudi Arabia,0.72,0.3965974207570025
Hodgkin lymphoma,87,Saudi Arabia,2.0,2.4645696861328013
Kaposi sarcoma,11,Saudi Arabia,0.26,0.31161225916621627
Kidney cancer,109,Saudi Arabia,2.5,3.087794204465234
Laryngeal cancer,10,Saudi Arabia,0.76,0.2832838719692875
Leukemia,591,Saudi Arabia,4.8,16.742076833384893
Liver cancer,374,Saudi Arabia,4.7,10.594816811651352
Lung cancer,463,Saudi Arabia,4.3,13.116043272178011
Mesothelioma,13,Saudi Arabia,0.13,0.36826903356007373
Mouth cancer,3,Saudi Arabia,1.7,0.08498516159078624
Multiple myeloma,65,Saudi Arabia,1.0,1.8413451678003687
Non-Hodgkin lymphoma,115,Saudi Arabia,6.0,3.257764527646806
Ovarian cancer,161,Saudi Arabia,3.3,4.560870338705529
Pancreatic cancer,63,Saudi Arabia,2.0,1.7846883934065112
Penile cancer,5,Saudi Arabia,0.03,0.14164193598464375
Prostate cancer,256,Saudi Arabia,5.9,7.25206712241376
Rectal cancer,61,Saudi Arabia,5.1,1.7280316190126537
Salivary gland cancer,1,Saudi Arabia,0.22,0.02832838719692875
Skin cancer,312,Saudi Arabia,1.49,8.83845680544177
Stomach cancer,24,Saudi Arabia,2.7,0.6798812927262899
Testicular cancer,27,Saudi Arabia,0.8,0.7648664543170762
Throat cancer,0,Saudi Arabia,1.66,0.0
Thyroid cancer,322,Saudi Arabia,6.6,9.121740677411058
Uterine cancer,54,Saudi Arabia,8.4,1.5297329086341525
Vaginal cancer,2,Saudi Arabia,0.04,0.0566567743938575
Vulvar cancer,3,Saudi Arabia,0.14,0.08498516159078624
Anal cancer,1,Malaysia,0.26,0.029212688823517383
Bladder cancer,38,Malaysia,2.6,1.1100821752936605
Brain cancer,119,Malaysia,2.5,3.4763099699985687
Breast cancer,1459,Malaysia,46.1,42.621312993511864
Cervical cancer,278,Malaysia,10.3,8.121127492937832
Colon cancer,224,Malaysia,11.0,6.543642296467894
Colorectal cancer,541,Malaysia,19.7,15.804064653522904
Esophageal cancer,14,Malaysia,1.2,0.4089776435292434
Gallbladder cancer,1,Malaysia,0.79,0.029212688823517383
Hodgkin lymphoma,44,Malaysia,0.71,1.2853583082347648
Kaposi sarcoma,1,Malaysia,0.07,0.029212688823517383
Kidney cancer,60,Malaysia,3.1,1.752761329411043
Laryngeal cancer,5,Malaysia,1.7,0.14606344411758693
Leukemia,417,Malaysia,6.0,12.18169123940675
Liver cancer,227,Malaysia,6.5,6.631280362938446
Lung cancer,299,Malaysia,15.1,8.734593958231697
Mesothelioma,3,Malaysia,0.07,0.08763806647055215
Mouth cancer,1,Malaysia,2.3,0.029212688823517383
Multiple myeloma,49,Malaysia,1.0,1.4314217523523518
Non-Hodgkin lymphoma,72,Malaysia,6.0,2.1033135952932516
Ovarian cancer,98,Malaysia,10.3,2.8628435047047036
Pancreatic cancer,46,Malaysia,2.8,1.3437836858817995
Penile cancer,2,Malaysia,0.38,0.05842537764703477
Prostate cancer,173,Malaysia,12.9,5.0537951664685075
Rectal cancer,20,Malaysia,8.4,0.5842537764703477
Salivary gland cancer,0,Malaysia,0.63,0.0
Skin cancer,130,Malaysia,1.88,3.7976495470572598
Stomach cancer,19,Malaysia,4.1,0.5550410876468302
Testicular cancer,7,Malaysia,0.72,0.2044888217646217
Throat cancer,0,Malaysia,6.710000000000001,0.0
Thyroid cancer,60,Malaysia,2.3,1.752761329411043
Uterine cancer,51,Malaysia,8.4,1.4898471299993865
Vaginal cancer,1,Malaysia,0.26,0.029212688823517383
Vulvar cancer,0,Malaysia,0.29,0.0
Anal cancer,0,Ethiopia,0.44,0.0
Bladder cancer,3,Ethiopia,2.5,0.026868960562975656
Brain cancer,15,Ethiopia,1.1,0.1343448028148783
Breast cancer,227,Ethiopia,40.8,2.0330846825984916
Cervical cancer,344,Ethiopia,22.3,3.080974144554542
Colon cancer,11,Ethiopia,4.9,0.09851952206424408
Colorectal cancer,39,Ethiopia,9.0,0.34929648731868357
Esophageal cancer,12,Ethiopia,2.3,0.10747584225190263
Gallbladder cancer,0,Ethiopia,0.63,0.0
Hodgkin lymphoma,7,Ethiopia,0.65,0.06269424131360987
Kaposi sarcoma,0,Ethiopia,0.18,0.0
Kidney cancer,8,Ethiopia,2.2,0.07165056150126842
Laryngeal cancer,5,Ethiopia,0.71,0.04478160093829276
Leukemia,47,Ethiopia,5.0,0.420947048819952
Liver cancer,35,Ethiopia,4.1,0.31347120656804933
Lung cancer,37,Ethiopia,3.7,0.3313838469433664
Mesothelioma,3,Ethiopia,0.02,0.026868960562975656
Mouth cancer,0,Ethiopia,1.4,0.0
Multiple myeloma,5,Ethiopia,0.48,0.04478160093829276
Non-Hodgkin lymphoma,6,Ethiopia,4.1,0.05373792112595131
Ovarian cancer,7,Ethiopia,6.8,0.06269424131360987
Pancreatic cancer,5,Ethiopia,1.4,0.04478160093829276
Penile cancer,0,Ethiopia,0.11,0.0
Prostate cancer,15,Ethiopia,8.0,0.1343448028148783
Rectal cancer,5,Ethiopia,3.7,0.04478160093829276
Salivary gland cancer,0,Ethiopia,0.63,0.0
Skin cancer,15,Ethiopia,3.75,0.1343448028148783
Stomach cancer,5,Ethiopia,3.3,0.04478160093829276
Testicular cancer,2,Ethiopia,0.56,0.017912640375317104
Throat cancer,0,Ethiopia,1.25,0.0
Thyroid cancer,9,Ethiopia,3.8,0.08060688168892698
Uterine cancer,4,Ethiopia,2.4,0.03582528075063421
Vaginal cancer,1,Ethiopia,0.59,0.008956320187658552
Vulvar cancer,2,Ethiopia,1.1,0.017912640375317104
Anal cancer,149,Italy,1.0,2.5288596775989043
Bladder cancer,1935,Italy,18.1,32.841231383583086
Brain cancer,4715,Italy,5.6,80.02398241529418
Breast cancer,14980,Italy,87.0,254.24374476799724
Cervical cancer,1764,Italy,5.0,29.938983028754816
Colon cancer,2338,Italy,20.8,39.68103306192106
Colorectal cancer,6668,Italy,30.6,113.17071362570131
Esophageal cancer,425,Italy,1.6,7.2131903555673444
Gallbladder cancer,132,Italy,0.59,2.2403320633762105
Hodgkin lymphoma,1305,Italy,3.5,22.148737444742082
Kaposi sarcoma,182,Italy,0.53,3.088942693442957
Kidney cancer,2417,Italy,9.7,41.021837857426526
Laryngeal cancer,469,Italy,2.9,7.959967710026081
Leukemia,11199,Italy,8.5,190.07180892234987
Liver cancer,5035,Italy,6.8,85.45509044772136
Lung cancer,8078,Italy,24.6,137.10153339358357
Mesothelioma,1798,Italy,1.1,30.5160382572002
Mouth cancer,11,Italy,3.3,0.1866943386146842
Multiple myeloma,2885,Italy,3.6,48.96483335485127
Non-Hodgkin lymphoma,1752,Italy,11.6,29.735316477538795
Ovarian cancer,3543,Italy,9.0,60.132549246529656
Pancreatic cancer,2395,Italy,8.0,40.648449180197154
Penile cancer,129,Italy,0.84,2.189415425572206
Prostate cancer,6375,Italy,49.5,108.19785533351018
Rectal cancer,1727,Italy,8.7,29.311011162505423
Salivary gland cancer,33,Italy,0.9,0.5600830158440526
Skin cancer,8527,Italy,24.8,144.72205685158295
Stomach cancer,451,Italy,6.8,7.654467883202053
Testicular cancer,296,Italy,9.0,5.023774929995139
Throat cancer,0,Italy,2.2,0.0
Thyroid cancer,2660,Italy,10.0,45.14608551955091
Uterine cancer,1518,Italy,14.4,25.763818728826422
Vaginal cancer,51,Italy,0.29,0.8655828426680814
Vulvar cancer,213,Italy,1.6,3.61508128408434
Anal cancer,4,Israel,0.32,0.3952803525900745
Bladder cancer,205,Israel,13.7,20.25811807024132
Brain cancer,608,Israel,5.1,60.08261359369133
Breast cancer,2178,Israel,78.7,215.23015198529558
Cervical cancer,170,Israel,6.2,16.799414985078165
Colon cancer,486,Israel,17.4,48.02656283969405
Colorectal cancer,798,Israel,24.8,78.85843034171987
Esophageal cancer,46,Israel,1.1,4.545724054785857
Gallbladder cancer,2,Israel,0.52,0.19764017629503725
Hodgkin lymphoma,184,Israel,2.8,18.182896219143426
Kaposi sarcoma,23,Israel,0.58,2.2728620273929283
Kidney cancer,253,Israel,7.9,25.001482301322213
Laryngeal cancer,34,Israel,1.6,3.3598829970156334
Leukemia,2110,Israel,7.6,208.51038599126431
Liver cancer,239,Israel,2.8,23.61800106725695
Lung cancer,418,Israel,22.6,41.30679684566279
Mesothelioma,69,Israel,0.36,6.818586082178785
Mouth cancer,0,Israel,1.7,0.0
Multiple myeloma,425,Israel,3.6,41.99853746269542
Non-Hodgkin lymphoma,247,Israel,13.9,24.4085617724371
Ovarian cancer,545,Israel,7.7,53.856948040397654
Pancreatic cancer,257,Israel,8.2,25.396762653912287
Penile cancer,3,Israel,0.14,0.2964602644425559
Prostate cancer,555,Israel,44.6,54.84514892187284
Rectal cancer,128,Israel,7.1,12.648971282882384
Salivary gland cancer,4,Israel,0.77,0.3952803525900745
Skin cancer,1315,Israel,12.3,129.948415913987
Stomach cancer,30,Israel,5.8,2.964602644425559
Testicular cancer,28,Israel,3.1,2.7669624681305214
Throat cancer,0,Israel,0.88,0.0
Thyroid cancer,200,Israel,12.3,19.764017629503726
Uterine cancer,198,Israel,14.3,19.566377453208688
Vaginal cancer,3,Israel,0.25,0.2964602644425559
Vulvar cancer,14,Israel,0.85,1.3834812340652607
Anal cancer,0,Liberia,0.4,0.0
Bladder cancer,0,Liberia,0.67,0.0
Brain cancer,1,Liberia,2.4,0.19052623536734697
Breast cancer,0,Liberia,33.6,0.0
Cervical cancer,2,Liberia,39.6,0.38105247073469395
Colon cancer,0,Liberia,2.7,0.0
Colorectal cancer,0,Liberia,4.5,0.0
Esophageal cancer,0,Liberia,0.59,0.0
Gallbladder cancer,0,Liberia,0.29,0.0
Hodgkin lymphoma,0,Liberia,0.49,0.0
Kaposi sarcoma,0,Liberia,0.73,0.0
Kidney cancer,0,Liberia,0.9,0.0
Laryngeal cancer,0,Liberia,0.87,0.0
Leukemia,0,Liberia,1.2,0.0
Liver cancer,0,Liberia,14.8,0.0
Lung cancer,0,Liberia,2.7,0.0
Mesothelioma,0,Liberia,0.04,0.0
Mouth cancer,0,Liberia,1.2,0.0
Multiple myeloma,0,Liberia,0.57,0.0
Non-Hodgkin lymphoma,0,Liberia,3.6,0.0
Ovarian cancer,0,Liberia,3.3,0.0
Pancreatic cancer,0,Liberia,1.4,0.0
Penile cancer,0,Liberia,0.03,0.0
Prostate cancer,1,Liberia,38.6,0.19052623536734697
Rectal cancer,0,Liberia,1.4,0.0
Salivary gland cancer,0,Liberia,0.23,0.0
Skin cancer,0,Liberia,2.74,0.0
Stomach cancer,0,Liberia,4.5,0.0
Testicular cancer,0,Liberia,0.06,0.0
Throat cancer,0,Liberia,0.32,0.0
Thyroid cancer,0,Liberia,0.74,0.0
Uterine cancer,0,Liberia,3.2,0.0
Vaginal cancer,0,Liberia,0.55,0.0
Vulvar cancer,0,Liberia,0.23,0.0
Anal cancer,0,Kuwait,0.16,0.0
Bladder cancer,5,Kuwait,4.6,1.0243269454939243
Brain cancer,15,Kuwait,1.8,3.072980836481773
Breast cancer,162,Kuwait,49.8,33.18819303400315
Cervical cancer,15,Kuwait,3.1,3.072980836481773
Colon cancer,14,Kuwait,7.8,2.868115447382988
Colorectal cancer,41,Kuwait,11.2,8.39948095305018
Esophageal cancer,1,Kuwait,1.1,0.20486538909878485
Gallbladder cancer,0,Kuwait,0.83,0.0
Hodgkin lymphoma,17,Kuwait,1.9,3.4827116146793426
Kaposi sarcoma,3,Kuwait,0.13,0.6145961672963546
Kidney cancer,8,Kuwait,2.5,1.6389231127902788
Laryngeal cancer,0,Kuwait,1.4,0.0
Leukemia,68,Kuwait,6.0,13.93084645871737
Liver cancer,13,Kuwait,4.3,2.6632500582842034
Lung cancer,15,Kuwait,6.4,3.072980836481773
Mesothelioma,1,Kuwait,0.48,0.20486538909878485
Mouth cancer,1,Kuwait,1.5,0.20486538909878485
Multiple myeloma,5,Kuwait,1.8,1.0243269454939243
Non-Hodgkin lymphoma,28,Kuwait,6.2,5.736230894765976
Ovarian cancer,5,Kuwait,5.5,1.0243269454939243
Pancreatic cancer,4,Kuwait,3.3,0.8194615563951394
Penile cancer,0,Kuwait,0.0,0.0
Prostate cancer,36,Kuwait,16.6,7.375154007556255
Rectal cancer,5,Kuwait,3.3,1.0243269454939243
Salivary gland cancer,1,Kuwait,0.34,0.20486538909878485
Skin cancer,14,Kuwait,0.73,2.868115447382988
Stomach cancer,5,Kuwait,2.5,1.0243269454939243
Testicular cancer,2,Kuwait,0.63,0.4097307781975697
Throat cancer,0,Kuwait,1.28,0.0
Thyroid cancer,24,Kuwait,4.8,4.916769338370837
Uterine cancer,3,Kuwait,8.5,0.6145961672963546
Vaginal cancer,0,Kuwait,0.0,0.0
Vulvar cancer,0,Kuwait,0.12,0.0
Anal cancer,1,Morocco,0.62,0.026516651011677852
Bladder cancer,47,Morocco,5.1,1.2462825975488592
Brain cancer,113,Morocco,3.5,2.9963815643195972
Breast cancer,457,Morocco,58.4,12.11810951233678
Cervical cancer,111,Morocco,12.0,2.943348262296242
Colon cancer,37,Morocco,6.7,0.9811160874320806
Colorectal cancer,119,Morocco,12.3,3.1554814703896645
Esophageal cancer,4,Morocco,1.0,0.10606660404671141
Gallbladder cancer,8,Morocco,1.2,0.21213320809342281
Hodgkin lymphoma,62,Morocco,2.0,1.644032362724027
Kaposi sarcoma,8,Morocco,0.25,0.21213320809342281
Kidney cancer,59,Morocco,1.9,1.5644824096889933
Laryngeal cancer,5,Morocco,2.8,0.13258325505838928
Leukemia,167,Morocco,3.8,4.428280718950202
Liver cancer,42,Morocco,2.6,1.1136993424904698
Lung cancer,68,Morocco,20.4,1.803132268794094
Mesothelioma,18,Morocco,0.16,0.47729971821020134
Mouth cancer,0,Morocco,1.7,0.0
Multiple myeloma,67,Morocco,1.3,1.7766156177824162
Non-Hodgkin lymphoma,63,Morocco,5.7,1.6705490137357049
Ovarian cancer,69,Morocco,6.3,1.829648919805772
Pancreatic cancer,22,Morocco,2.8,0.5833663222569128
Penile cancer,6,Morocco,0.03,0.15909990607006713
Prostate cancer,73,Morocco,23.6,1.9357155238524832
Rectal cancer,39,Morocco,5.0,1.0341493894554363
Salivary gland cancer,1,Morocco,0.39,0.026516651011677852
Skin cancer,133,Morocco,1.75,3.5267145845531545
Stomach cancer,21,Morocco,5.5,0.5568496712452349
Testicular cancer,9,Morocco,0.79,0.23864985910510067
Throat cancer,0,Morocco,2.95,0.0
Thyroid cancer,43,Morocco,6.8,1.1402159935021476
Uterine cancer,24,Morocco,4.2,0.6363996242802685
Vaginal cancer,5,Morocco,0.31,0.13258325505838928
Vulvar cancer,4,Morocco,0.88,0.10606660404671141
Anal cancer,0,Papua New Guinea,1.9,0.0
Bladder cancer,0,Papua New Guinea,2.4,0.0
Brain cancer,2,Papua New Guinea,1.1,0.16975682080784046
Breast cancer,6,Papua New Guinea,46.0,0.5092704624235214
Cervical cancer,3,Papua New Guinea,27.8,0.2546352312117607
Colon cancer,0,Papua New Guinea,5.1,0.0
Colorectal cancer,1,Papua New Guinea,11.7,0.08487841040392023
Esophageal cancer,1,Papua New Guinea,3.7,0.08487841040392023
Gallbladder cancer,0,Papua New Guinea,1.4,0.0
Hodgkin lymphoma,0,Papua New Guinea,0.45,0.0
Kaposi sarcoma,0,Papua New Guinea,0.09,0.0
Kidney cancer,0,Papua New Guinea,1.1,0.0
Laryngeal cancer,0,Papua New Guinea,2.1,0.0
Leukemia,1,Papua New Guinea,4.4,0.08487841040392023
Liver cancer,0,Papua New Guinea,12.0,0.0
Lung cancer,0,Papua New Guinea,10.7,0.0
Mesothelioma,0,Papua New Guinea,0.11,0.0
Mouth cancer,0,Papua New Guinea,17.5,0.0
Multiple myeloma,0,Papua New Guinea,0.79,0.0
Non-Hodgkin lymphoma,0,Papua New Guinea,6.6,0.0
Ovarian cancer,1,Papua New Guinea,7.3,0.08487841040392023
Pancreatic cancer,0,Papua New Guinea,1.7,0.0
Penile cancer,0,Papua New Guinea,2.4,0.0
Prostate cancer,0,Papua New Guinea,28.3,0.0
Rectal cancer,0,Papua New Guinea,4.8,0.0
Salivary gland cancer,0,Papua New Guinea,0.64,0.0
Skin cancer,1,Papua New Guinea,16.9,0.08487841040392023
Stomach cancer,1,Papua New Guinea,8.1,0.08487841040392023
Testicular cancer,0,Papua New Guinea,1.1,0.0
Throat cancer,0,Papua New Guinea,1.93,0.0
Thyroid cancer,0,Papua New Guinea,6.9,0.0
Uterine cancer,0,Papua New Guinea,9.9,0.0
Vaginal cancer,0,Papua New Guinea,0.56,0.0
Vulvar cancer,0,Papua New Guinea,0.44,0.0
Anal cancer,2,Finland,0.44,0.35425498317200266
Bladder cancer,199,Finland,7.9,35.248370825614266
Brain cancer,293,Finland,4.8,51.89835503469839
Breast cancer,1969,Finland,92.3,348.76403093283665
Cervical cancer,243,Finland,4.6,43.041980455398324
Colon cancer,191,Finland,16.5,33.83135089292625
Colorectal cancer,661,Finland,26.8,117.08127193834687
Esophageal cancer,61,Finland,2.6,10.80477698674608
Gallbladder cancer,16,Finland,0.53,2.8340398653760213
Hodgkin lymphoma,86,Finland,2.7,15.232964276396114
Kaposi sarcoma,9,Finland,0.09,1.594147424274012
Kidney cancer,196,Finland,8.9,34.71698835085626
Laryngeal cancer,48,Finland,0.92,8.502119596128065
Leukemia,895,Finland,7.7,158.52910496947118
Liver cancer,103,Finland,4.1,18.244131633358137
Lung cancer,213,Finland,19.2,37.72815570781828
Mesothelioma,152,Finland,0.67,26.9233787210722
Mouth cancer,1,Finland,4.0,0.17712749158600133
Multiple myeloma,152,Finland,2.9,26.9233787210722
Non-Hodgkin lymphoma,183,Finland,11.4,32.414330960238246
Ovarian cancer,444,Finland,7.4,78.64460626418459
Pancreatic cancer,196,Finland,8.9,34.71698835085626
Penile cancer,6,Finland,0.68,1.062764949516008
Prostate cancer,1110,Finland,82.2,196.61151566046146
Rectal cancer,96,Finland,9.8,17.00423919225613
Salivary gland cancer,16,Finland,0.67,2.8340398653760213
Skin cancer,710,Finland,31.4,125.76051902606095
Stomach cancer,68,Finland,4.0,12.04466942784809
Testicular cancer,55,Finland,6.8,9.742012037230074
Throat cancer,0,Finland,1.71,0.0
Thyroid cancer,77,Finland,8.1,13.638816852122103
Uterine cancer,164,Finland,12.4,29.048908620104218
Vaginal cancer,4,Finland,0.33,0.7085099663440053
Vulvar cancer,13,Finland,1.7,2.3026573906180174
Anal cancer,0,Madagascar,1.4,0.0
Bladder cancer,0,Madagascar,5.0,0.0
Brain cancer,5,Madagascar,1.2,0.15759426926720746
Breast cancer,40,Madagascar,30.3,1.2607541541376597
Cervical cancer,11,Madagascar,41.8,0.3467073923878564
Colon cancer,4,Madagascar,2.0,0.12607541541376596
Colorectal cancer,13,Madagascar,5.7,0.40974510009473936
Esophageal cancer,3,Madagascar,4.2,0.09455656156032446
Gallbladder cancer,0,Madagascar,0.17,0.0
Hodgkin lymphoma,3,Madagascar,0.69,0.09455656156032446
Kaposi sarcoma,1,Madagascar,0.03,0.03151885385344149
Kidney cancer,3,Madagascar,0.97,0.09455656156032446
Laryngeal cancer,0,Madagascar,0.68,0.0
Leukemia,14,Madagascar,2.9,0.44126395394818085
Liver cancer,8,Madagascar,5.5,0.2521508308275319
Lung cancer,10,Madagascar,2.1,0.3151885385344149
Mesothelioma,1,Madagascar,0.08,0.03151885385344149
Mouth cancer,0,Madagascar,2.3,0.0
Multiple myeloma,5,Madagascar,0.33,0.15759426926720746
Non-Hodgkin lymphoma,2,Madagascar,4.1,0.06303770770688298
Ovarian cancer,12,Madagascar,2.8,0.37822624624129786
Pancreatic cancer,2,Madagascar,1.3,0.06303770770688298
Penile cancer,0,Madagascar,0.11,0.0
Prostate cancer,11,Madagascar,33.4,0.3467073923878564
Rectal cancer,4,Madagascar,2.3,0.12607541541376596
Salivary gland cancer,0,Madagascar,0.55,0.0
Skin cancer,17,Madagascar,4.1,0.5358205155085053
Stomach cancer,1,Madagascar,4.4,0.03151885385344149
Testicular cancer,1,Madagascar,0.24,0.03151885385344149
Throat cancer,0,Madagascar,2.36,0.0
Thyroid cancer,13,Madagascar,1.0,0.40974510009473936
Uterine cancer,1,Madagascar,1.9,0.03151885385344149
Vaginal cancer,0,Madagascar,0.54,0.0
Vulvar cancer,0,Madagascar,1.9,0.0
Anal cancer,66,Netherlands,1.0,3.6502520913870478
Bladder cancer,929,Netherlands,17.4,51.38006352876617
Brain cancer,1189,Netherlands,5.1,65.75984449483636
Breast cancer,6769,Netherlands,101.6,374.3720667666504
Cervical cancer,1172,Netherlands,6.7,64.81962804705485
Colon cancer,1053,Netherlands,28.0,58.23811291258426
Colorectal cancer,3746,Netherlands,42.8,207.1794596111497
Esophageal cancer,741,Netherlands,6.7,40.98237575330003
Gallbladder cancer,40,Netherlands,0.4,2.2122739947800287
Hodgkin lymphoma,474,Netherlands,2.6,26.215446838143343
Kaposi sarcoma,18,Netherlands,0.13,0.995523297651013
Kidney cancer,824,Netherlands,8.3,45.572844292468595
Laryngeal cancer,145,Netherlands,1.7,8.019493231077604
Leukemia,3789,Netherlands,9.9,209.55765415553824
Liver cancer,499,Netherlands,3.4,27.59811808488086
Lung cancer,1779,Netherlands,34.9,98.39088591784179
Mesothelioma,305,Netherlands,1.4,16.86858921019772
Mouth cancer,2,Netherlands,4.1,0.11061369973900144
Multiple myeloma,793,Netherlands,3.8,43.85833194651407
Non-Hodgkin lymphoma,596,Netherlands,12.0,32.96288252222243
Ovarian cancer,1310,Netherlands,8.1,72.45197332904594
Pancreatic cancer,963,Netherlands,8.1,53.2604964243292
Penile cancer,69,Netherlands,0.86,3.81617264099555
Prostate cancer,3231,Netherlands,57.0,178.69643192835684
Rectal cancer,1196,Netherlands,13.7,66.14699244392287
Salivary gland cancer,23,Netherlands,0.56,1.2720575469985167
Skin cancer,3314,Netherlands,54.9,183.28690046752538
Stomach cancer,128,Netherlands,4.3,7.079276783296092
Testicular cancer,243,Netherlands,9.7,13.439564518288675
Throat cancer,1,Netherlands,2.1,0.05530684986950072
Thyroid cancer,332,Netherlands,4.1,18.36187415667424
Uterine cancer,466,Netherlands,11.0,25.772992039187336
Vaginal cancer,13,Netherlands,0.3,0.7189890483035094
Vulvar cancer,129,Netherlands,2.6,7.134583633165593
Anal cancer,0,Armenia,0.24,0.0
Bladder cancer,1,Armenia,7.0,0.32455941060011034
Brain cancer,0,Armenia,6.8,0.0
Breast cancer,16,Armenia,39.6,5.1929505696017655
Cervical cancer,8,Armenia,6.8,2.5964752848008827
Colon cancer,3,Armenia,16.8,0.9736782318003311
Colorectal cancer,3,Armenia,22.0,0.9736782318003311
Esophageal cancer,0,Armenia,1.2,0.0
Gallbladder cancer,0,Armenia,1.0,0.0
Hodgkin lymphoma,2,Armenia,1.7,0.6491188212002207
Kaposi sarcoma,1,Armenia,0.0,0.32455941060011034
Kidney cancer,0,Armenia,4.4,0.0
Laryngeal cancer,2,Armenia,2.9,0.6491188212002207
Leukemia,16,Armenia,4.4,5.1929505696017655
Liver cancer,4,Armenia,10.7,1.2982376424004414
Lung cancer,4,Armenia,29.0,1.2982376424004414
Mesothelioma,1,Armenia,0.47,0.32455941060011034
Mouth cancer,0,Armenia,1.6,0.0
Multiple myeloma,4,Armenia,0.78,1.2982376424004414
Non-Hodgkin lymphoma,0,Armenia,3.0,0.0
Ovarian cancer,4,Armenia,5.0,1.2982376424004414
Pancreatic cancer,1,Armenia,9.3,0.32455941060011034
Penile cancer,0,Armenia,0.33,0.0
Prostate cancer,1,Armenia,37.2,0.32455941060011034
Rectal cancer,2,Armenia,5.0,0.6491188212002207
Salivary gland cancer,0,Armenia,0.41,0.0
Skin cancer,6,Armenia,4.2,1.9473564636006622
Stomach cancer,3,Armenia,12.1,0.9736782318003311
Testicular cancer,0,Armenia,2.9,0.0
Throat cancer,0,Armenia,0.6699999999999999,0.0
Thyroid cancer,2,Armenia,3.8,0.6491188212002207
Uterine cancer,1,Armenia,14.4,0.32455941060011034
Vaginal cancer,0,Armenia,0.28,0.0
Vulvar cancer,0,Armenia,0.48,0.0
Anal cancer,1,Lithuania,0.47,0.34552136928736565
Bladder cancer,16,Lithuania,7.8,5.5283419085978505
Brain cancer,85,Lithuania,6.8,29.36931638942608
Breast cancer,160,Lithuania,62.7,55.2834190859785
Cervical cancer,55,Lithuania,13.7,19.00367531080511
Colon cancer,17,Lithuania,12.9,5.873863277885215
Colorectal cancer,80,Lithuania,21.8,27.64170954298925
Esophageal cancer,4,Lithuania,4.3,1.3820854771494626
Gallbladder cancer,3,Lithuania,0.71,1.0365641078620969
Hodgkin lymphoma,4,Lithuania,1.8,1.3820854771494626
Kaposi sarcoma,1,Lithuania,0.09,0.34552136928736565
Kidney cancer,37,Lithuania,11.6,12.784290663632529
Laryngeal cancer,10,Lithuania,3.6,3.4552136928736563
Leukemia,76,Lithuania,8.5,26.259624065839787
Liver cancer,18,Lithuania,4.9,6.219384647172581
Lung cancer,41,Lithuania,24.2,14.16637614078199
Mesothelioma,9,Lithuania,0.12,3.1096923235862906
Mouth cancer,0,Lithuania,5.1,0.0
Multiple myeloma,10,Lithuania,2.9,3.4552136928736563
Non-Hodgkin lymphoma,3,Lithuania,5.8,1.0365641078620969
Ovarian cancer,36,Lithuania,12.8,12.438769294345162
Pancreatic cancer,45,Lithuania,8.5,15.548461617931453
Penile cancer,1,Lithuania,1.1,0.34552136928736565
Prostate cancer,95,Lithuania,135.0,32.82453008229974
Rectal cancer,59,Lithuania,8.4,20.385760787954574
Salivary gland cancer,0,Lithuania,0.64,0.0
Skin cancer,79,Lithuania,9.6,27.296188173701886
Stomach cancer,12,Lithuania,11.7,4.146256431448387
Testicular cancer,7,Lithuania,2.7,2.4186495850115595
Throat cancer,0,Lithuania,4.99,0.0
Thyroid cancer,23,Lithuania,8.8,7.94699149360941
Uterine cancer,15,Lithuania,21.8,5.182820539310485
Vaginal cancer,0,Lithuania,0.33,0.0
Vulvar cancer,0,Lithuania,0.95,0.0
Anal cancer,1,Bosnia and Herzegovina,0.16,0.29222676797194624
Bladder cancer,12,Bosnia and Herzegovina,9.2,3.506721215663355
Brain cancer,14,Bosnia and Herzegovina,6.6,4.091174751607247
Breast cancer,78,Bosnia and Herzegovina,51.9,22.793687901811808
Cervical cancer,29,Bosnia and Herzegovina,12.3,8.474576271186441
Colon cancer,12,Bosnia and Herzegovina,13.5,3.506721215663355
Colorectal cancer,40,Bosnia and Herzegovina,26.3,11.689070718877849
Esophageal cancer,0,Bosnia and Herzegovina,1.4,0.0
Gallbladder cancer,3,Bosnia and Herzegovina,1.5,0.8766803039158387
Hodgkin lymphoma,8,Bosnia and Herzegovina,2.7,2.33781414377557
Kaposi sarcoma,0,Bosnia and Herzegovina,0.0,0.0
Kidney cancer,10,Bosnia and Herzegovina,5.3,2.922267679719462
Laryngeal cancer,4,Bosnia and Herzegovina,4.2,1.168907071887785
Leukemia,40,Bosnia and Herzegovina,4.9,11.689070718877849
Liver cancer,13,Bosnia and Herzegovina,6.6,3.798947983635301
Lung cancer,29,Bosnia and Herzegovina,36.1,8.474576271186441
Mesothelioma,2,Bosnia and Herzegovina,0.18,0.5844535359438925
Mouth cancer,0,Bosnia and Herzegovina,2.3,0.0
Multiple myeloma,6,Bosnia and Herzegovina,1.2,1.7533606078316775
Non-Hodgkin lymphoma,8,Bosnia and Herzegovina,3.6,2.33781414377557
Ovarian cancer,5,Bosnia and Herzegovina,9.8,1.461133839859731
Pancreatic cancer,5,Bosnia and Herzegovina,7.1,1.461133839859731
Penile cancer,0,Bosnia and Herzegovina,0.18,0.0
Prostate cancer,27,Bosnia and Herzegovina,24.5,7.8901227352425485
Rectal cancer,13,Bosnia and Herzegovina,12.6,3.798947983635301
Salivary gland cancer,0,Bosnia and Herzegovina,0.6,0.0
Skin cancer,26,Bosnia and Herzegovina,12.1,7.597895967270602
Stomach cancer,5,Bosnia and Herzegovina,9.6,1.461133839859731
Testicular cancer,1,Bosnia and Herzegovina,6.9,0.29222676797194624
Throat cancer,0,Bosnia and Herzegovina,1.65,0.0
Thyroid cancer,15,Bosnia and Herzegovina,2.9,4.383401519579193
Uterine cancer,6,Bosnia and Herzegovina,11.2,1.7533606078316775
Vaginal cancer,1,Bosnia and Herzegovina,0.35,0.29222676797194624
Vulvar cancer,0,Bosnia and Herzegovina,0.8,0.0
Anal cancer,4,Slovenia,0.25,1.8773719421131136
Bladder cancer,40,Slovenia,12.2,18.773719421131137
Brain cancer,136,Slovenia,5.8,63.83064603184586
Breast cancer,297,Slovenia,82.3,139.39486670189868
Cervical cancer,80,Slovenia,7.2,37.547438842262274
Colon cancer,24,Slovenia,17.7,11.264231652678681
Colorectal cancer,111,Slovenia,30.5,52.0970713936389
Esophageal cancer,9,Slovenia,2.2,4.2240868697545055
Gallbladder cancer,1,Slovenia,1.2,0.4693429855282784
Hodgkin lymphoma,6,Slovenia,2.5,2.8160579131696704
Kaposi sarcoma,1,Slovenia,0.02,0.4693429855282784
Kidney cancer,21,Slovenia,8.5,9.856202696093845
Laryngeal cancer,13,Slovenia,2.8,6.101458811867619
Leukemia,101,Slovenia,8.5,47.40364153835612
Liver cancer,38,Slovenia,6.4,17.83503345007458
Lung cancer,85,Slovenia,34.2,39.89415376990366
Mesothelioma,38,Slovenia,0.96,17.83503345007458
Mouth cancer,0,Slovenia,3.7,0.0
Multiple myeloma,17,Slovenia,3.0,7.978830753980732
Non-Hodgkin lymphoma,26,Slovenia,10.3,12.202917623735239
Ovarian cancer,90,Slovenia,8.1,42.240868697545054
Pancreatic cancer,15,Slovenia,8.3,7.040144782924176
Penile cancer,0,Slovenia,0.55,0.0
Prostate cancer,46,Slovenia,72.6,21.589777334300805
Rectal cancer,29,Slovenia,12.5,13.610946580320073
Salivary gland cancer,0,Slovenia,0.46,0.0
Skin cancer,229,Slovenia,26.3,107.47954368597576
Stomach cancer,18,Slovenia,8.4,8.448173739509011
Testicular cancer,4,Slovenia,13.0,1.8773719421131136
Throat cancer,0,Slovenia,4.08,0.0
Thyroid cancer,21,Slovenia,8.5,9.856202696093845
Uterine cancer,71,Slovenia,16.9,33.323351972507766
Vaginal cancer,1,Slovenia,0.51,0.4693429855282784
Vulvar cancer,10,Slovenia,1.8,4.693429855282784
Anal cancer,0,Libya,0.21,0.0
Bladder cancer,7,Libya,8.7,0.9384636010189034
Brain cancer,1,Libya,4.5,0.1340662287169862
Breast cancer,15,Libya,31.0,2.0109934307547928
Cervical cancer,1,Libya,8.0,0.1340662287169862
Colon cancer,2,Libya,10.4,0.2681324574339724
Colorectal cancer,9,Libya,15.9,1.2065960584528757
Esophageal cancer,0,Libya,0.89,0.0
Gallbladder cancer,0,Libya,2.2,0.0
Hodgkin lymphoma,1,Libya,1.9,0.1340662287169862
Kaposi sarcoma,0,Libya,0.28,0.0
Kidney cancer,1,Libya,3.4,0.1340662287169862
Laryngeal cancer,0,Libya,3.0,0.0
Leukemia,7,Libya,5.4,0.9384636010189034
Liver cancer,3,Libya,4.7,0.40219868615095855
Lung cancer,3,Libya,16.4,0.40219868615095855
Mesothelioma,0,Libya,0.13,0.0
Mouth cancer,0,Libya,1.2,0.0
Multiple myeloma,2,Libya,1.5,0.2681324574339724
Non-Hodgkin lymphoma,2,Libya,5.3,0.2681324574339724
Ovarian cancer,4,Libya,5.3,0.5362649148679448
Pancreatic cancer,1,Libya,3.8,0.1340662287169862
Penile cancer,0,Libya,0.0,0.0
Prostate cancer,2,Libya,16.2,0.2681324574339724
Rectal cancer,0,Libya,5.3,0.0
Salivary gland cancer,0,Libya,0.27,0.0
Skin cancer,3,Libya,1.6,0.40219868615095855
Stomach cancer,1,Libya,3.8,0.1340662287169862
Testicular cancer,0,Libya,0.61,0.0
Throat cancer,0,Libya,2.26,0.0
Thyroid cancer,1,Libya,3.2,0.1340662287169862
Uterine cancer,1,Libya,2.0,0.1340662287169862
Vaginal cancer,0,Libya,0.28,0.0
Vulvar cancer,0,Libya,0.45,0.0
Anal cancer,0,Burundi,0.99,0.0
Bladder cancer,0,Burundi,2.1,0.0
Brain cancer,0,Burundi,1.3,0.0
Breast cancer,2,Burundi,25.3,0.16216933267643943
Cervical cancer,1,Burundi,43.6,0.08108466633821972
Colon cancer,0,Burundi,2.6,0.0
Colorectal cancer,1,Burundi,6.4,0.08108466633821972
Esophageal cancer,0,Burundi,8.8,0.0
Gallbladder cancer,0,Burundi,0.17,0.0
Hodgkin lymphoma,0,Burundi,0.92,0.0
Kaposi sarcoma,0,Burundi,4.9,0.0
Kidney cancer,0,Burundi,1.2,0.0
Laryngeal cancer,0,Burundi,1.2,0.0
Leukemia,0,Burundi,2.2,0.0
Liver cancer,1,Burundi,5.8,0.08108466633821972
Lung cancer,1,Burundi,3.4,0.08108466633821972
Mesothelioma,0,Burundi,0.07,0.0
Mouth cancer,0,Burundi,1.8,0.0
Multiple myeloma,0,Burundi,0.83,0.0
Non-Hodgkin lymphoma,0,Burundi,4.5,0.0
Ovarian cancer,0,Burundi,4.8,0.0
Pancreatic cancer,1,Burundi,1.5,0.08108466633821972
Penile cancer,0,Burundi,2.5,0.0
Prostate cancer,0,Burundi,38.0,0.0
Rectal cancer,0,Burundi,2.8,0.0
Salivary gland cancer,0,Burundi,0.42,0.0
Skin cancer,0,Burundi,2.99,0.0
Stomach cancer,0,Burundi,5.3,0.0
Testicular cancer,0,Burundi,0.44,0.0
Throat cancer,0,Burundi,1.85,0.0
Thyroid cancer,0,Burundi,1.3,0.0
Uterine cancer,0,Burundi,2.4,0.0
Vaginal cancer,0,Burundi,0.43,0.0
Vulvar cancer,0,Burundi,1.3,0.0
Anal cancer,0,Eswatini,0.85,0.0
Bladder cancer,0,Eswatini,1.1,0.0
Brain cancer,1,Eswatini,0.47,0.8093568122348851
Breast cancer,10,Eswatini,26.2,8.09356812234885
Cervical cancer,5,Eswatini,95.9,4.046784061174425
Colon cancer,0,Eswatini,2.5,0.0
Colorectal cancer,0,Eswatini,4.9,0.0
Esophageal cancer,0,Eswatini,1.9,0.0
Gallbladder cancer,0,Eswatini,0.0,0.0
Hodgkin lymphoma,0,Eswatini,0.6,0.0
Kaposi sarcoma,0,Eswatini,8.8,0.0
Kidney cancer,0,Eswatini,0.51,0.0
Laryngeal cancer,0,Eswatini,0.27,0.0
Leukemia,1,Eswatini,1.2,0.8093568122348851
Liver cancer,0,Eswatini,4.0,0.0
Lung cancer,0,Eswatini,4.1,0.0
Mesothelioma,0,Eswatini,0.0,0.0
Mouth cancer,0,Eswatini,1.1,0.0
Multiple myeloma,0,Eswatini,0.56,0.0
Non-Hodgkin lymphoma,0,Eswatini,3.1,0.0
Ovarian cancer,0,Eswatini,3.0,0.0
Pancreatic cancer,0,Eswatini,1.4,0.0
Penile cancer,0,Eswatini,6.8,0.0
Prostate cancer,2,Eswatini,41.0,1.6187136244697702
Rectal cancer,0,Eswatini,1.5,0.0
Salivary gland cancer,0,Eswatini,0.0,0.0
Skin cancer,0,Eswatini,4.5600000000000005,0.0
Stomach cancer,0,Eswatini,1.3,0.0
Testicular cancer,0,Eswatini,0.0,0.0
Throat cancer,0,Eswatini,0.35,0.0
Thyroid cancer,0,Eswatini,0.66,0.0
Uterine cancer,0,Eswatini,0.58,0.0
Vaginal cancer,0,Eswatini,0.73,0.0
Vulvar cancer,0,Eswatini,5.1,0.0
Anal cancer,3,Chile,0.38,0.14846374908676235
Bladder cancer,42,Chile,4.7,2.0784924872146733
Brain cancer,69,Chile,3.1,3.4146662289955345
Breast cancer,427,Chile,38.2,21.13134028668251
Cervical cancer,106,Chile,11.3,5.245719134398937
Colon cancer,53,Chile,13.7,2.6228595671994683
Colorectal cancer,121,Chile,20.3,5.988037879832748
Esophageal cancer,7,Chile,2.2,0.34641541453577884
Gallbladder cancer,153,Chile,5.7,7.571651203424881
Hodgkin lymphoma,32,Chile,1.3,1.583613323592132
Kaposi sarcoma,2,Chile,0.15,0.09897583272450824
Kidney cancer,36,Chile,7.6,1.7815649890411485
Laryngeal cancer,2,Chile,0.71,0.09897583272450824
Leukemia,171,Chile,6.0,8.462433697945455
Liver cancer,43,Chile,4.7,2.1279804035769274
Lung cancer,57,Chile,12.7,2.820811232648485
Mesothelioma,6,Chile,0.25,0.2969274981735247
Mouth cancer,1,Chile,1.2,0.04948791636225412
Multiple myeloma,34,Chile,2.7,1.6825891563166402
Non-Hodgkin lymphoma,22,Chile,5.3,1.0887341599695908
Ovarian cancer,96,Chile,6.3,4.750839970776395
Pancreatic cancer,25,Chile,5.5,1.237197909056353
Penile cancer,1,Chile,0.67,0.04948791636225412
Prostate cancer,197,Chile,62.3,9.749119523364062
Rectal cancer,13,Chile,6.2,0.6433429127093035
Salivary gland cancer,0,Chile,0.37,0.0
Skin cancer,240,Chile,10.5,11.87709992694099
Stomach cancer,44,Chile,14.2,2.1774683199391816
Testicular cancer,19,Chile,7.5,0.9402704108828283
Throat cancer,0,Chile,0.69,0.0
Thyroid cancer,45,Chile,4.5,2.2269562363014352
Uterine cancer,31,Chile,6.8,1.5341254072298778
Vaginal cancer,5,Chile,0.32,0.2474395818112706
Vulvar cancer,3,Chile,0.6,0.14846374908676235
Anal cancer,1,Peru,0.6,0.029111874722054377
Bladder cancer,3,Peru,2.3,0.08733562416616313
Brain cancer,18,Peru,2.9,0.5240137449969787
Breast cancer,136,Peru,39.3,3.959214962199395
Cervical cancer,72,Peru,23.9,2.096054979987915
Colon cancer,20,Peru,8.6,0.5822374944410875
Colorectal cancer,37,Peru,11.4,1.077139364716012
Esophageal cancer,7,Peru,0.82,0.20378312305438062
Gallbladder cancer,5,Peru,2.6,0.14555937361027188
Hodgkin lymphoma,15,Peru,1.2,0.43667812083081564
Kaposi sarcoma,8,Peru,0.79,0.23289499777643502
Kidney cancer,5,Peru,5.0,0.14555937361027188
Laryngeal cancer,1,Peru,0.58,0.029111874722054377
Leukemia,48,Peru,8.1,1.39736998665861
Liver cancer,22,Peru,4.9,0.6404612438851963
Lung cancer,37,Peru,6.8,1.077139364716012
Mesothelioma,4,Peru,0.16,0.11644749888821751
Mouth cancer,0,Peru,1.7,0.0
Multiple myeloma,4,Peru,2.2,0.11644749888821751
Non-Hodgkin lymphoma,30,Peru,9.6,0.8733562416616313
Ovarian cancer,13,Peru,5.8,0.3784543713867069
Pancreatic cancer,7,Peru,4.1,0.20378312305438062
Penile cancer,4,Peru,1.3,0.11644749888821751
Prostate cancer,27,Peru,40.1,0.7860206174954681
Rectal cancer,14,Peru,2.2,0.40756624610876124
Salivary gland cancer,0,Peru,0.58,0.0
Skin cancer,45,Peru,9.4,1.3100343624924469
Stomach cancer,30,Peru,14.3,0.8733562416616313
Testicular cancer,5,Peru,3.9,0.14555937361027188
Throat cancer,0,Peru,1.01,0.0
Thyroid cancer,18,Peru,6.3,0.5240137449969787
Uterine cancer,8,Peru,6.5,0.23289499777643502
Vaginal cancer,1,Peru,0.45,0.029111874722054377
Vulvar cancer,0,Peru,1.2,0.0
Anal cancer,0,Burkina Faso,0.84,0.0
Bladder cancer,1,Burkina Faso,9.7,0.04154453784256639
Brain cancer,2,Burkina Faso,2.4,0.08308907568513278
Breast cancer,19,Burkina Faso,21.4,0.7893462190087615
Cervical cancer,18,Burkina Faso,15.9,0.747801681166195
Colon cancer,3,Burkina Faso,1.9,0.12463361352769918
Colorectal cancer,2,Burkina Faso,3.4,0.08308907568513278
Esophageal cancer,0,Burkina Faso,3.2,0.0
Gallbladder cancer,0,Burkina Faso,0.44,0.0
Hodgkin lymphoma,2,Burkina Faso,0.18,0.08308907568513278
Kaposi sarcoma,1,Burkina Faso,0.64,0.04154453784256639
Kidney cancer,0,Burkina Faso,1.9,0.0
Laryngeal cancer,0,Burkina Faso,0.87,0.0
Leukemia,6,Burkina Faso,3.5,0.24926722705539836
Liver cancer,8,Burkina Faso,17.1,0.33235630274053113
Lung cancer,8,Burkina Faso,3.8,0.33235630274053113
Mesothelioma,0,Burkina Faso,0.06,0.0
Mouth cancer,0,Burkina Faso,1.9,0.0
Multiple myeloma,0,Burkina Faso,1.6,0.0
Non-Hodgkin lymphoma,2,Burkina Faso,2.3,0.08308907568513278
Ovarian cancer,1,Burkina Faso,8.5,0.04154453784256639
Pancreatic cancer,0,Burkina Faso,6.6,0.0
Penile cancer,0,Burkina Faso,0.0,0.0
Prostate cancer,12,Burkina Faso,35.3,0.4985344541107967
Rectal cancer,1,Burkina Faso,0.61,0.04154453784256639
Salivary gland cancer,0,Burkina Faso,0.87,0.0
Skin cancer,4,Burkina Faso,2.44,0.16617815137026556
Stomach cancer,0,Burkina Faso,3.9,0.0
Testicular cancer,0,Burkina Faso,0.25,0.0
Throat cancer,0,Burkina Faso,0.42,0.0
Thyroid cancer,0,Burkina Faso,0.83,0.0
Uterine cancer,0,Burkina Faso,6.3,0.0
Vaginal cancer,0,Burkina Faso,0.47,0.0
Vulvar cancer,0,Burkina Faso,0.47,0.0
Anal cancer,1,Croatia,0.48,0.2590884336186933
Bladder cancer,49,Croatia,11.7,12.695333247315974
Brain cancer,119,Croatia,6.5,30.831523600624507
Breast cancer,395,Croatia,74.6,102.33993127938386
Cervical cancer,94,Croatia,8.3,24.354312760157175
Colon cancer,88,Croatia,24.5,22.799782158445012
Colorectal cancer,121,Croatia,41.1,31.349700467861894
Esophageal cancer,6,Croatia,2.3,1.55453060171216
Gallbladder cancer,4,Croatia,1.5,1.0363537344747733
Hodgkin lymphoma,61,Croatia,2.2,15.804394450740293
Kaposi sarcoma,5,Croatia,0.08,1.2954421680934667
Kidney cancer,73,Croatia,10.3,18.913455654164615
Laryngeal cancer,22,Croatia,3.1,5.699945539611253
Leukemia,207,Croatia,8.8,53.63130575906952
Liver cancer,50,Croatia,5.2,12.954421680934667
Lung cancer,96,Croatia,37.1,24.87248962739456
Mesothelioma,21,Croatia,0.99,5.44085710599256
Mouth cancer,1,Croatia,3.3,0.2590884336186933
Multiple myeloma,49,Croatia,3.9,12.695333247315974
Non-Hodgkin lymphoma,85,Croatia,10.2,22.022516857588933
Ovarian cancer,83,Croatia,10.7,21.504339990351546
Pancreatic cancer,30,Croatia,7.3,7.7726530085608
Penile cancer,1,Croatia,0.87,0.2590884336186933
Prostate cancer,160,Croatia,69.5,41.454149378990934
Rectal cancer,12,Croatia,16.1,3.10906120342432
Salivary gland cancer,1,Croatia,0.61,0.2590884336186933
Skin cancer,290,Croatia,19.3,75.13564574942107
Stomach cancer,17,Croatia,9.4,4.404503371517786
Testicular cancer,13,Croatia,11.3,3.3681496370430133
Throat cancer,0,Croatia,3.79,0.0
Thyroid cancer,69,Croatia,14.0,17.87710191968984
Uterine cancer,33,Croatia,17.9,8.54991830941688
Vaginal cancer,2,Croatia,0.36,0.5181768672373867
Vulvar cancer,5,Croatia,1.6,1.2954421680934667
Anal cancer,0,Bahrain,0.24,0.0
Bladder cancer,4,Bahrain,7.3,2.5083811284454183
Brain cancer,7,Bahrain,2.1,4.389666974779482
Breast cancer,72,Bahrain,58.5,45.15086031201753
Cervical cancer,9,Bahrain,2.7,5.643857539002191
Colon cancer,7,Bahrain,9.4,4.389666974779482
Colorectal cancer,13,Bahrain,13.5,8.152238667447609
Esophageal cancer,0,Bahrain,1.2,0.0
Gallbladder cancer,0,Bahrain,0.48,0.0
Hodgkin lymphoma,2,Bahrain,0.75,1.2541905642227091
Kaposi sarcoma,0,Bahrain,0.0,0.0
Kidney cancer,6,Bahrain,2.3,3.762571692668127
Laryngeal cancer,1,Bahrain,1.3,0.6270952821113546
Leukemia,7,Bahrain,5.2,4.389666974779482
Liver cancer,2,Bahrain,2.7,1.2541905642227091
Lung cancer,3,Bahrain,10.1,1.8812858463340636
Mesothelioma,1,Bahrain,0.76,0.6270952821113546
Mouth cancer,0,Bahrain,1.9,0.0
Multiple myeloma,2,Bahrain,1.2,1.2541905642227091
Non-Hodgkin lymphoma,2,Bahrain,7.2,1.2541905642227091
Ovarian cancer,1,Bahrain,5.1,0.6270952821113546
Pancreatic cancer,2,Bahrain,2.8,1.2541905642227091
Penile cancer,0,Bahrain,0.0,0.0
Prostate cancer,8,Bahrain,13.4,5.0167622568908365
Rectal cancer,1,Bahrain,3.9,0.6270952821113546
Salivary gland cancer,0,Bahrain,0.04,0.0
Skin cancer,3,Bahrain,0.85,1.8812858463340636
Stomach cancer,0,Bahrain,3.3,0.0
Testicular cancer,2,Bahrain,0.45,1.2541905642227091
Throat cancer,0,Bahrain,0.5900000000000001,0.0
Thyroid cancer,5,Bahrain,2.7,3.1354764105567727
Uterine cancer,5,Bahrain,8.2,3.1354764105567727
Vaginal cancer,0,Bahrain,0.0,0.0
Vulvar cancer,0,Bahrain,0.15,0.0
Anal cancer,179,France,1.6,2.606745500087377
Bladder cancer,1104,France,10.1,16.077357721209296
Brain cancer,3315,France,6.4,48.27576163569639
Breast cancer,10503,France,105.4,152.95334071183083
Cervical cancer,1481,France,6.6,21.567542377817908
Colon cancer,1481,France,19.6,21.567542377817908
Colorectal cancer,3821,France,32.1,55.644550591250656
Esophageal cancer,349,France,3.6,5.082425583969243
Gallbladder cancer,46,France,0.35,0.6698899050503874
Hodgkin lymphoma,863,France,2.8,12.56771713170618
Kaposi sarcoma,169,France,0.19,2.461117259859032
Kidney cancer,1868,France,11.4,27.20335527465486
Laryngeal cancer,125,France,2.4,1.8203530028543136
Leukemia,9345,France,10.1,136.08959049338847
Liver cancer,3015,France,7.8,43.906914428846044
Lung cancer,4828,France,35.9,70.309314382245
Mesothelioma,692,France,0.75,10.07747422380148
Mouth cancer,8,France,5.6,0.11650259218267607
Multiple myeloma,2027,France,3.4,29.518844294285547
Non-Hodgkin lymphoma,1475,France,11.3,21.4801654336809
Ovarian cancer,1753,France,7.1,25.528630512028894
Pancreatic cancer,1105,France,9.4,16.09192054523213
Penile cancer,55,France,0.65,0.800955321255898
Prostate cancer,3811,France,82.3,55.49892235102231
Rectal cancer,864,France,10.9,12.582279955729016
Salivary gland cancer,22,France,0.59,0.3203821285023592
Skin cancer,5357,France,35.9,78.01304829032446
Stomach cancer,259,France,4.9,3.7717714219141376
Testicular cancer,182,France,7.5,2.6504339721558803
Throat cancer,9,France,5.67,0.13106541620551057
Thyroid cancer,878,France,11.0,12.786159492048698
Uterine cancer,592,France,12.1,8.621191821518028
Vaginal cancer,25,France,0.33,0.3640706005708627
Vulvar cancer,66,France,1.1,0.9611463855070775
Anal cancer,2,Romania,0.65,0.10506391799845251
Bladder cancer,80,Romania,11.8,4.202556719938101
Brain cancer,181,Romania,6.5,9.508284578859952
Breast cancer,626,Romania,69.2,32.88500633351563
Cervical cancer,196,Romania,21.7,10.296263963848347
Colon cancer,174,Romania,17.9,9.14056086586537
Colorectal cancer,530,Romania,32.2,27.841938269589917
Esophageal cancer,27,Romania,2.1,1.418362892979109
Gallbladder cancer,13,Romania,0.49,0.6829154669899413
Hodgkin lymphoma,47,Romania,1.6,2.469002072963634
Kaposi sarcoma,10,Romania,0.16,0.5253195899922626
Kidney cancer,105,Romania,7.5,5.515855694918757
Laryngeal cancer,30,Romania,5.1,1.5759587699767876
Leukemia,236,Romania,6.1,12.397542323817397
Liver cancer,230,Romania,8.9,12.082350569822038
Lung cancer,298,Romania,30.3,15.654523781769425
Mesothelioma,20,Romania,0.18,1.0506391799845252
Mouth cancer,0,Romania,5.6,0.0
Multiple myeloma,50,Romania,1.9,2.626597949961313
Non-Hodgkin lymphoma,64,Romania,5.6,3.3620453759504803
Ovarian cancer,166,Romania,9.6,8.720305193871559
Pancreatic cancer,156,Romania,7.9,8.194985603879296
Penile cancer,4,Romania,1.1,0.21012783599690502
Prostate cancer,180,Romania,53.9,9.455752619860727
Rectal cancer,133,Romania,13.6,6.986750546897092
Salivary gland cancer,0,Romania,0.43,0.0
Skin cancer,645,Romania,15.2,33.88311355450094
Stomach cancer,53,Romania,8.9,2.7841938269589916
Testicular cancer,7,Romania,3.8,0.3677237129945838
Throat cancer,0,Romania,8.600000000000001,0.0
Thyroid cancer,134,Romania,6.2,7.039282505896319
Uterine cancer,80,Romania,11.8,4.202556719938101
Vaginal cancer,5,Romania,0.31,0.2626597949961313
Vulvar cancer,5,Romania,1.8,0.2626597949961313
Anal cancer,0,Syria,0.16,0.0
Bladder cancer,14,Syria,4.9,0.546448087431694
Brain cancer,15,Syria,6.3,0.585480093676815
Breast cancer,66,Syria,46.2,2.576112412177986
Cervical cancer,6,Syria,2.5,0.234192037470726
Colon cancer,3,Syria,7.5,0.117096018735363
Colorectal cancer,11,Syria,10.9,0.42935206869633097
Esophageal cancer,2,Syria,0.69,0.078064012490242
Gallbladder cancer,0,Syria,0.93,0.0
Hodgkin lymphoma,16,Syria,1.9,0.624512099921936
Kaposi sarcoma,0,Syria,0.15,0.0
Kidney cancer,9,Syria,2.9,0.351288056206089
Laryngeal cancer,2,Syria,2.9,0.078064012490242
Leukemia,22,Syria,8.4,0.8587041373926619
Liver cancer,3,Syria,2.8,0.117096018735363
Lung cancer,8,Syria,17.8,0.312256049960968
Mesothelioma,3,Syria,0.19,0.117096018735363
Mouth cancer,0,Syria,1.3,0.0
Multiple myeloma,3,Syria,2.4,0.117096018735363
Non-Hodgkin lymphoma,21,Syria,5.5,0.819672131147541
Ovarian cancer,13,Syria,5.1,0.507416081186573
Pancreatic cancer,3,Syria,4.2,0.117096018735363
Penile cancer,0,Syria,0.08,0.0
Prostate cancer,5,Syria,17.6,0.195160031225605
Rectal cancer,1,Syria,3.2,0.039032006245121
Salivary gland cancer,0,Syria,0.53,0.0
Skin cancer,17,Syria,3.63,0.663544106167057
Stomach cancer,3,Syria,4.8,0.117096018735363
Testicular cancer,1,Syria,2.0,0.039032006245121
Throat cancer,0,Syria,0.86,0.0
Thyroid cancer,5,Syria,4.4,0.195160031225605
Uterine cancer,3,Syria,8.2,0.117096018735363
Vaginal cancer,0,Syria,0.17,0.0
Vulvar cancer,0,Syria,0.56,0.0
Anal cancer,241,United Kingdom,1.5,3.5303488194110706
Bladder cancer,1879,United Kingdom,13.4,27.525001791175942
Brain cancer,3130,United Kingdom,5.5,45.85058840147988
Breast cancer,16558,United Kingdom,94.0,242.55400726891497
Cervical cancer,1942,United Kingdom,7.5,28.447873059320745
Colon cancer,1486,United Kingdom,18.6,21.768042927986933
Colorectal cancer,7804,United Kingdom,30.9,114.31884724765143
Esophageal cancer,419,United Kingdom,5.9,6.137826370677339
Gallbladder cancer,111,United Kingdom,0.73,1.6260112819694144
Hodgkin lymphoma,716,United Kingdom,2.8,10.488505206217123
Kaposi sarcoma,110,United Kingdom,0.16,1.6113625316814015
Kidney cancer,1797,United Kingdom,10.0,26.323804267558895
Laryngeal cancer,216,United Kingdom,1.7,3.164130062210752
Leukemia,9712,United Kingdom,8.4,142.26866279717976
Liver cancer,1782,United Kingdom,4.8,26.104073013238704
Lung cancer,3590,United Kingdom,30.1,52.58901353396574
Mesothelioma,1020,United Kingdom,1.7,14.941725293772997
Mouth cancer,49,United Kingdom,4.9,0.7177887641126244
Multiple myeloma,2018,United Kingdom,4.0,29.56117808120971
Non-Hodgkin lymphoma,1270,United Kingdom,11.2,18.60391286577618
Ovarian cancer,3452,United Kingdom,9.2,50.567485994219986
Pancreatic cancer,1819,United Kingdom,6.7,26.646076773895178
Penile cancer,194,United Kingdom,1.2,2.841857555874472
Prostate cancer,7044,United Kingdom,74.0,103.18579702876175
Rectal cancer,1603,United Kingdom,10.7,23.481946711684426
Salivary gland cancer,17,United Kingdom,0.63,0.24902875489621662
Skin cancer,6759,United Kingdom,32.6,99.01090319667811
Stomach cancer,400,United Kingdom,3.6,5.859500115205097
Testicular cancer,438,United Kingdom,6.7,6.4161526261495805
Throat cancer,9,United Kingdom,3.45,0.13183875259211467
Thyroid cancer,699,United Kingdom,5.1,10.239476451320906
Uterine cancer,1037,United Kingdom,14.8,15.190754048669213
Vaginal cancer,28,United Kingdom,0.34,0.41016500806435674
Vulvar cancer,144,United Kingdom,1.9,2.1094200414738347
Anal cancer,22,Norway,0.99,3.9237060330903963
Bladder cancer,147,Norway,13.0,26.217490312013105
Brain cancer,460,Norway,7.2,82.04112614643556
Breast cancer,1985,Norway,95.6,354.0252943492926
Cervical cancer,311,Norway,10.9,55.46693528595969
Colon cancer,291,Norway,30.7,51.899929801332064
Colorectal cancer,900,Norway,45.3,160.5152468082435
Esophageal cancer,32,Norway,3.0,5.707208775404213
Gallbladder cancer,1,Norway,0.32,0.17835027423138167
Hodgkin lymphoma,88,Norway,2.4,15.694824132361585
Kaposi sarcoma,5,Norway,0.06,0.8917513711569083
Kidney cancer,125,Norway,11.1,22.293784278922708
Laryngeal cancer,14,Norway,0.98,2.496903839239343
Leukemia,875,Norway,9.7,156.05648995245895
Liver cancer,60,Norway,4.1,10.7010164538829
Lung cancer,337,Norway,28.0,60.10404241597562
Mesothelioma,102,Norway,0.6,18.19172797160093
Mouth cancer,0,Norway,4.2,0.0
Multiple myeloma,249,Norway,4.5,44.40921828361403
Non-Hodgkin lymphoma,130,Norway,10.9,23.185535650079615
Ovarian cancer,387,Norway,9.2,69.0215561275447
Pancreatic cancer,202,Norway,8.1,36.0267553947391
Penile cancer,15,Norway,1.2,2.675254113470725
Prostate cancer,813,Norway,109.9,144.99877295011328
Rectal cancer,268,Norway,13.6,47.79787349401028
Salivary gland cancer,0,Norway,0.75,0.0
Skin cancer,799,Norway,48.3,142.50186911087394
Stomach cancer,58,Norway,4.2,10.344315905420137
Testicular cancer,204,Norway,11.3,36.38345594320186
Throat cancer,0,Norway,2.13,0.0
Thyroid cancer,86,Norway,8.0,15.338123583898822
Uterine cancer,244,Norway,14.9,43.517466912457124
Vaginal cancer,3,Norway,0.44,0.535050822694145
Vulvar cancer,15,Norway,1.7,2.675254113470725
Anal cancer,0,Philippines,0.24,0.0
Bladder cancer,1,Philippines,2.1,0.008762429506254622
Brain cancer,17,Philippines,2.4,0.1489613016063286
Breast cancer,73,Philippines,60.3,0.6396573539565874
Cervical cancer,42,Philippines,15.5,0.3680220392626941
Colon cancer,9,Philippines,13.5,0.0788618655562916
Colorectal cancer,46,Philippines,20.8,0.4030717572877126
Esophageal cancer,0,Philippines,1.4,0.0
Gallbladder cancer,2,Philippines,0.35,0.017524859012509244
Hodgkin lymphoma,1,Philippines,0.54,0.008762429506254622
Kaposi sarcoma,0,Philippines,0.01,0.0
Kidney cancer,4,Philippines,2.9,0.03504971802501849
Laryngeal cancer,1,Philippines,2.0,0.008762429506254622
Leukemia,23,Philippines,6.6,0.2015358786438563
Liver cancer,16,Philippines,12.4,0.14019887210007395
Lung cancer,26,Philippines,24.0,0.2278231671626202
Mesothelioma,0,Philippines,0.07,0.0
Mouth cancer,0,Philippines,1.9,0.0
Multiple myeloma,2,Philippines,0.93,0.017524859012509244
Non-Hodgkin lymphoma,1,Philippines,4.9,0.008762429506254622
Ovarian cancer,11,Philippines,11.7,0.09638672456880085
Pancreatic cancer,4,Philippines,4.1,0.03504971802501849
Penile cancer,0,Philippines,0.32,0.0
Prostate cancer,17,Philippines,24.1,0.1489613016063286
Rectal cancer,9,Philippines,7.0,0.0788618655562916
Salivary gland cancer,0,Philippines,0.67,0.0
Skin cancer,11,Philippines,1.7,0.09638672456880085
Stomach cancer,2,Philippines,4.2,0.017524859012509244
Testicular cancer,0,Philippines,0.77,0.0
Throat cancer,0,Philippines,4.29,0.0
Thyroid cancer,25,Philippines,7.3,0.21906073765636555
Uterine cancer,8,Philippines,9.9,0.07009943605003698
Vaginal cancer,0,Philippines,0.22,0.0
Vulvar cancer,0,Philippines,0.35,0.0
Anal cancer,1,Egypt,0.38,0.009322161406512798
Bladder cancer,481,Egypt,15.2,4.4839596365326555
Brain cancer,205,Egypt,4.6,1.9110430883351235
Breast cancer,2185,Egypt,55.4,20.36892267323046
Cervical cancer,112,Egypt,2.8,1.0440820775294333
Colon cancer,350,Egypt,4.0,3.262756492279479
Colorectal cancer,524,Egypt,6.4,4.884812577012706
Esophageal cancer,15,Egypt,1.8,0.13983242109769195
Gallbladder cancer,9,Egypt,0.9,0.08389945265861518
Hodgkin lymphoma,114,Egypt,1.6,1.062726400342459
Kaposi sarcoma,7,Egypt,0.1,0.06525512984558958
Kidney cancer,123,Egypt,2.4,1.146625853001074
Laryngeal cancer,25,Egypt,2.1,0.23305403516281994
Leukemia,895,Egypt,6.4,8.343334458828954
Liver cancer,1584,Egypt,32.0,14.76630366791627
Lung cancer,1711,Egypt,8.8,15.950218166543397
Mesothelioma,53,Egypt,0.42,0.4940745545451783
Mouth cancer,2,Egypt,1.8,0.018644322813025596
Multiple myeloma,73,Egypt,1.0,0.6805177826754342
Non-Hodgkin lymphoma,131,Egypt,9.6,1.2212031442531766
Ovarian cancer,169,Egypt,6.4,1.575445277700663
Pancreatic cancer,105,Egypt,3.8,0.9788269476838437
Penile cancer,1,Egypt,0.03,0.009322161406512798
Prostate cancer,276,Egypt,13.5,2.572916548197532
Rectal cancer,80,Egypt,2.0,0.7457729125210238
Salivary gland cancer,5,Egypt,0.5,0.04661080703256399
Skin cancer,320,Egypt,2.4400000000000004,2.9830916500840954
Stomach cancer,23,Egypt,3.6,0.21440971234979433
Testicular cancer,10,Egypt,0.61,0.09322161406512798
Throat cancer,0,Egypt,0.8200000000000001,0.0
Thyroid cancer,92,Egypt,2.8,0.8576388493991773
Uterine cancer,66,Egypt,4.5,0.6152626528298446
Vaginal cancer,3,Egypt,0.21,0.027966484219538394
Vulvar cancer,2,Egypt,0.53,0.018644322813025596
Anal cancer,0,Congo Republic,0.84,0.0
Bladder cancer,0,Congo Republic,0.63,0.0
Brain cancer,0,Congo Republic,0.29,0.0
Breast cancer,13,Congo Republic,26.9,2.1165123783412403
Cervical cancer,7,Congo Republic,22.3,1.139660511414514
Colon cancer,0,Congo Republic,2.0,0.0
Colorectal cancer,2,Congo Republic,4.8,0.32561728897557546
Esophageal cancer,0,Congo Republic,0.43,0.0
Gallbladder cancer,0,Congo Republic,0.08,0.0
Hodgkin lymphoma,1,Congo Republic,0.07,0.16280864448778773
Kaposi sarcoma,0,Congo Republic,0.35,0.0
Kidney cancer,2,Congo Republic,0.67,0.32561728897557546
Laryngeal cancer,0,Congo Republic,0.52,0.0
Leukemia,6,Congo Republic,2.4,0.9768518669267263
Liver cancer,3,Congo Republic,6.9,0.48842593346336316
Lung cancer,3,Congo Republic,1.4,0.48842593346336316
Mesothelioma,0,Congo Republic,0.0,0.0
Mouth cancer,0,Congo Republic,0.61,0.0
Multiple myeloma,3,Congo Republic,1.3,0.48842593346336316
Non-Hodgkin lymphoma,0,Congo Republic,1.2,0.0
Ovarian cancer,4,Congo Republic,3.5,0.6512345779511509
Pancreatic cancer,0,Congo Republic,1.1,0.0
Penile cancer,0,Congo Republic,0.05,0.0
Prostate cancer,3,Congo Republic,42.3,0.48842593346336316
Rectal cancer,0,Congo Republic,2.0,0.0
Salivary gland cancer,0,Congo Republic,0.23,0.0
Skin cancer,3,Congo Republic,1.84,0.48842593346336316
Stomach cancer,0,Congo Republic,3.4,0.0
Testicular cancer,0,Congo Republic,0.03,0.0
Throat cancer,0,Congo Republic,0.52,0.0
Thyroid cancer,1,Congo Republic,0.45,0.16280864448778773
Uterine cancer,0,Congo Republic,1.2,0.0
Vaginal cancer,0,Congo Republic,0.29,0.0
Vulvar cancer,0,Congo Republic,1.6,0.0
Anal cancer,16,Puerto Rico,0.75,4.994856858328689
Bladder cancer,6,Puerto Rico,4.9,1.8730713218732586
Brain cancer,38,Puerto Rico,3.0,11.862785038530639
Breast cancer,143,Puerto Rico,62.3,44.641533171312666
Cervical cancer,49,Puerto Rico,10.6,15.296749128631612
Colon cancer,20,Puerto Rico,19.5,6.243571072910862
Colorectal cancer,44,Puerto Rico,27.8,13.735856360403897
Esophageal cancer,4,Puerto Rico,2.0,1.2487142145821724
Gallbladder cancer,0,Puerto Rico,0.32,0.0
Hodgkin lymphoma,10,Puerto Rico,2.3,3.121785536455431
Kaposi sarcoma,2,Puerto Rico,0.24,0.6243571072910862
Kidney cancer,10,Puerto Rico,4.7,3.121785536455431
Laryngeal cancer,1,Puerto Rico,1.9,0.3121785536455431
Leukemia,41,Puerto Rico,5.9,12.799320699467268
Liver cancer,20,Puerto Rico,6.3,6.243571072910862
Lung cancer,23,Puerto Rico,10.2,7.1801067338474915
Mesothelioma,0,Puerto Rico,0.06,0.0
Mouth cancer,0,Puerto Rico,3.0,0.0
Multiple myeloma,12,Puerto Rico,2.9,3.7461426437465173
Non-Hodgkin lymphoma,15,Puerto Rico,9.4,4.682678304683146
Ovarian cancer,20,Puerto Rico,5.4,6.243571072910862
Pancreatic cancer,4,Puerto Rico,5.3,1.2487142145821724
Penile cancer,1,Puerto Rico,1.6,0.3121785536455431
Prostate cancer,30,Puerto Rico,95.2,9.365356609366293
Rectal cancer,4,Puerto Rico,7.6,1.2487142145821724
Salivary gland cancer,0,Puerto Rico,0.29,0.0
Skin cancer,55,Puerto Rico,12.7,17.169820450504872
Stomach cancer,6,Puerto Rico,2.8,1.8730713218732586
Testicular cancer,2,Puerto Rico,3.1,0.6243571072910862
Throat cancer,0,Puerto Rico,2.5,0.0
Thyroid cancer,16,Puerto Rico,12.4,4.994856858328689
Uterine cancer,7,Puerto Rico,15.3,2.1852498755188017
Vaginal cancer,0,Puerto Rico,0.6,0.0
Vulvar cancer,1,Puerto Rico,0.73,0.3121785536455431
Anal cancer,13,Mexico,0.23,0.09955904075507536
Bladder cancer,26,Mexico,2.5,0.19911808151015073
Brain cancer,326,Mexico,2.6,2.4966344066272748
Breast cancer,1510,Mexico,39.9,11.564165503089523
Cervical cancer,868,Mexico,13.2,6.647480567338879
Colon cancer,181,Mexico,8.1,1.3861681828206647
Colorectal cancer,290,Mexico,10.9,2.2209324476132197
Esophageal cancer,16,Mexico,0.95,0.12253420400624661
Gallbladder cancer,11,Mexico,0.87,0.08424226525429454
Hodgkin lymphoma,85,Mexico,1.6,0.6509629587831851
Kaposi sarcoma,23,Mexico,0.34,0.17614291825897951
Kidney cancer,70,Mexico,4.5,0.5360871425273289
Laryngeal cancer,28,Mexico,0.75,0.21443485701093157
Leukemia,850,Mexico,5.7,6.509629587831851
Liver cancer,212,Mexico,5.7,1.6235782030827677
Lung cancer,301,Mexico,5.4,2.3051747128675144
Mesothelioma,38,Mexico,0.26,0.2910187345148357
Mouth cancer,1,Mexico,1.0,0.007658387750390413
Multiple myeloma,93,Mexico,1.6,0.7122300607863085
Non-Hodgkin lymphoma,126,Mexico,6.2,0.964956856549192
Ovarian cancer,161,Mexico,6.7,1.2330004278128566
Pancreatic cancer,68,Mexico,3.9,0.5207703670265481
Penile cancer,7,Mexico,1.1,0.05360871425273289
Prostate cancer,260,Mexico,39.1,1.9911808151015074
Rectal cancer,52,Mexico,2.5,0.39823616302030146
Salivary gland cancer,1,Mexico,0.38,0.007658387750390413
Skin cancer,292,Mexico,6.8,2.2362492231140005
Stomach cancer,62,Mexico,6.3,0.4748200405242056
Testicular cancer,34,Mexico,5.1,0.26038518351327405
Throat cancer,0,Mexico,0.53,0.0
Thyroid cancer,86,Mexico,7.9,0.6586213465335755
Uterine cancer,92,Mexico,7.0,0.7045716730359181
Vaginal cancer,4,Mexico,0.31,0.030633551001561652
Vulvar cancer,6,Mexico,0.56,0.04595032650234248
Anal cancer,0,Moldova,0.18,0.0
Bladder cancer,1,Moldova,7.2,0.4199386889514131
Brain cancer,2,Moldova,6.2,0.8398773779028262
Breast cancer,13,Moldova,46.6,5.459202956368371
Cervical cancer,4,Moldova,14.2,1.6797547558056525
Colon cancer,1,Moldova,16.3,0.4199386889514131
Colorectal cancer,3,Moldova,27.5,1.2598160668542393
Esophageal cancer,0,Moldova,2.1,0.0
Gallbladder cancer,0,Moldova,0.31,0.0
Hodgkin lymphoma,2,Moldova,1.5,0.8398773779028262
Kaposi sarcoma,0,Moldova,0.06,0.0
Kidney cancer,2,Moldova,5.8,0.8398773779028262
Laryngeal cancer,1,Moldova,5.5,0.4199386889514131
Leukemia,3,Moldova,5.0,1.2598160668542393
Liver cancer,0,Moldova,10.1,0.0
Lung cancer,1,Moldova,22.3,0.4199386889514131
Mesothelioma,0,Moldova,0.04,0.0
Mouth cancer,0,Moldova,4.4,0.0
Multiple myeloma,1,Moldova,1.2,0.4199386889514131
Non-Hodgkin lymphoma,2,Moldova,5.8,0.8398773779028262
Ovarian cancer,2,Moldova,6.9,0.8398773779028262
Pancreatic cancer,0,Moldova,8.1,0.0
Penile cancer,0,Moldova,0.62,0.0
Prostate cancer,1,Moldova,34.6,0.4199386889514131
Rectal cancer,1,Moldova,11.0,0.4199386889514131
Salivary gland cancer,0,Moldova,0.21,0.0
Skin cancer,2,Moldova,24.1,0.8398773779028262
Stomach cancer,0,Moldova,9.6,0.0
Testicular cancer,0,Moldova,1.9,0.0
Throat cancer,0,Moldova,6.029999999999999,0.0
Thyroid cancer,0,Moldova,7.4,0.0
Uterine cancer,1,Moldova,15.2,0.4199386889514131
Vaginal cancer,0,Moldova,0.07,0.0
Vulvar cancer,0,Moldova,0.95,0.0
Anal cancer,0,Turkmenistan,0.7,0.0
Bladder cancer,0,Turkmenistan,2.9,0.0
Brain cancer,0,Turkmenistan,4.3,0.0
Breast cancer,2,Turkmenistan,31.1,0.2833727764623771
Cervical cancer,0,Turkmenistan,14.1,0.0
Colon cancer,0,Turkmenistan,2.1,0.0
Colorectal cancer,0,Turkmenistan,5.9,0.0
Esophageal cancer,0,Turkmenistan,7.7,0.0
Gallbladder cancer,0,Turkmenistan,0.53,0.0
Hodgkin lymphoma,0,Turkmenistan,0.75,0.0
Kaposi sarcoma,0,Turkmenistan,0.05,0.0
Kidney cancer,0,Turkmenistan,3.8,0.0
Laryngeal cancer,0,Turkmenistan,1.2,0.0
Leukemia,0,Turkmenistan,3.7,0.0
Liver cancer,0,Turkmenistan,6.2,0.0
Lung cancer,0,Turkmenistan,9.5,0.0
Mesothelioma,0,Turkmenistan,0.02,0.0
Mouth cancer,0,Turkmenistan,2.8,0.0
Multiple myeloma,0,Turkmenistan,1.1,0.0
Non-Hodgkin lymphoma,0,Turkmenistan,1.3,0.0
Ovarian cancer,1,Turkmenistan,4.5,0.14168638823118854
Pancreatic cancer,0,Turkmenistan,2.6,0.0
Penile cancer,0,Turkmenistan,0.0,0.0
Prostate cancer,0,Turkmenistan,6.1,0.0
Rectal cancer,0,Turkmenistan,3.1,0.0
Salivary gland cancer,0,Turkmenistan,0.2,0.0
Skin cancer,0,Turkmenistan,5.57,0.0
Stomach cancer,0,Turkmenistan,12.1,0.0
Testicular cancer,0,Turkmenistan,2.0,0.0
Throat cancer,0,Turkmenistan,2.44,0.0
Thyroid cancer,0,Turkmenistan,1.3,0.0
Uterine cancer,1,Turkmenistan,5.4,0.14168638823118854
Vaginal cancer,0,Turkmenistan,0.25,0.0
Vulvar cancer,0,Turkmenistan,0.54,0.0
Anal cancer,0,Cameroon,0.68,0.0
Bladder cancer,0,Cameroon,1.4,0.0
Brain cancer,2,Cameroon,0.51,0.0679294133238857
Breast cancer,45,Cameroon,48.6,1.5284117997874285
Cervical cancer,35,Cameroon,33.1,1.188764733168
Colon cancer,2,Cameroon,3.2,0.0679294133238857
Colorectal cancer,5,Cameroon,6.3,0.16982353330971428
Esophageal cancer,1,Cameroon,1.3,0.03396470666194285
Gallbladder cancer,0,Cameroon,0.19,0.0
Hodgkin lymphoma,2,Cameroon,0.54,0.0679294133238857
Kaposi sarcoma,3,Cameroon,6.2,0.10189411998582856
Kidney cancer,2,Cameroon,0.84,0.0679294133238857
Laryngeal cancer,0,Cameroon,0.28,0.0
Leukemia,26,Cameroon,1.8,0.8830823732105142
Liver cancer,24,Cameroon,5.8,0.8151529598866285
Lung cancer,24,Cameroon,3.1,0.8151529598866285
Mesothelioma,0,Cameroon,0.05,0.0
Mouth cancer,0,Cameroon,1.7,0.0
Multiple myeloma,2,Cameroon,0.78,0.0679294133238857
Non-Hodgkin lymphoma,2,Cameroon,7.8,0.0679294133238857
Ovarian cancer,3,Cameroon,5.9,0.10189411998582856
Pancreatic cancer,5,Cameroon,1.4,0.16982353330971428
Penile cancer,0,Cameroon,0.11,0.0
Prostate cancer,13,Cameroon,38.6,0.4415411866052571
Rectal cancer,2,Cameroon,2.4,0.0679294133238857
Salivary gland cancer,0,Cameroon,1.3,0.0
Skin cancer,10,Cameroon,3.2,0.33964706661942856
Stomach cancer,0,Cameroon,3.5,0.0
Testicular cancer,1,Cameroon,0.36,0.03396470666194285
Throat cancer,0,Cameroon,4.24,0.0
Thyroid cancer,4,Cameroon,0.75,0.1358588266477714
Uterine cancer,2,Cameroon,2.9,0.0679294133238857
Vaginal cancer,0,Cameroon,0.59,0.0
Vulvar cancer,0,Cameroon,0.87,0.0
Anal cancer,0,Nicaragua,0.41,0.0
Bladder cancer,0,Nicaragua,1.2,0.0
Brain cancer,0,Nicaragua,2.6,0.0
Breast cancer,4,Nicaragua,35.3,0.5878993269434556
Cervical cancer,0,Nicaragua,20.6,0.0
Colon cancer,1,Nicaragua,7.2,0.1469748317358639
Colorectal cancer,1,Nicaragua,9.8,0.1469748317358639
Esophageal cancer,0,Nicaragua,0.74,0.0
Gallbladder cancer,0,Nicaragua,1.4,0.0
Hodgkin lymphoma,0,Nicaragua,1.3,0.0
Kaposi sarcoma,0,Nicaragua,0.23,0.0
Kidney cancer,1,Nicaragua,2.7,0.1469748317358639
Laryngeal cancer,0,Nicaragua,1.3,0.0
Leukemia,3,Nicaragua,7.2,0.44092449520759164
Liver cancer,0,Nicaragua,9.8,0.0
Lung cancer,0,Nicaragua,5.4,0.0
Mesothelioma,0,Nicaragua,0.04,0.0
Mouth cancer,0,Nicaragua,0.59,0.0
Multiple myeloma,0,Nicaragua,0.59,0.0
Non-Hodgkin lymphoma,0,Nicaragua,4.6,0.0
Ovarian cancer,1,Nicaragua,3.5,0.1469748317358639
Pancreatic cancer,0,Nicaragua,3.8,0.0
Penile cancer,0,Nicaragua,1.5,0.0
Prostate cancer,1,Nicaragua,36.8,0.1469748317358639
Rectal cancer,1,Nicaragua,2.2,0.1469748317358639
Salivary gland cancer,0,Nicaragua,0.32,0.0
Skin cancer,0,Nicaragua,3.66,0.0
Stomach cancer,1,Nicaragua,9.1,0.1469748317358639
Testicular cancer,1,Nicaragua,2.1,0.1469748317358639
Throat cancer,0,Nicaragua,1.08,0.0
Thyroid cancer,0,Nicaragua,4.0,0.0
Uterine cancer,0,Nicaragua,6.4,0.0
Vaginal cancer,0,Nicaragua,0.41,0.0
Vulvar cancer,0,Nicaragua,0.49,0.0
Anal cancer,5,Czechia,1.1,0.4596908578980636
Bladder cancer,81,Czechia,11.7,7.44699189794863
Brain cancer,257,Czechia,4.9,23.628110095960466
Breast cancer,720,Czechia,72.5,66.19548353732115
Cervical cancer,211,Czechia,8.0,19.39895420329828
Colon cancer,132,Czechia,17.7,12.135838648508878
Colorectal cancer,456,Czechia,30.5,41.9238062403034
Esophageal cancer,37,Czechia,3.1,3.4017123484456704
Gallbladder cancer,4,Czechia,1.2,0.3677526863184508
Hodgkin lymphoma,78,Czechia,2.2,7.171177383209791
Kaposi sarcoma,4,Czechia,0.06,0.3677526863184508
Kidney cancer,259,Czechia,13.3,23.811986439119693
Laryngeal cancer,16,Czechia,2.1,1.4710107452738033
Leukemia,1215,Czechia,7.4,111.70487846922944
Liver cancer,112,Czechia,3.9,10.297075216916623
Lung cancer,242,Czechia,23.7,22.249037522266274
Mesothelioma,28,Czechia,0.24,2.5742688042291557
Mouth cancer,3,Czechia,4.4,0.2758145147388381
Multiple myeloma,365,Czechia,2.5,33.55743262655864
Non-Hodgkin lymphoma,138,Czechia,7.9,12.687467677986554
Ovarian cancer,210,Czechia,8.0,19.307016031718668
Pancreatic cancer,171,Czechia,9.3,15.721427340113774
Penile cancer,4,Czechia,1.3,0.3677526863184508
Prostate cancer,338,Czechia,70.0,31.075101993909097
Rectal cancer,71,Czechia,11.7,6.527610182152502
Salivary gland cancer,2,Czechia,0.67,0.1838763431592254
Skin cancer,475,Czechia,28.1,43.670631500316034
Stomach cancer,12,Czechia,4.8,1.1032580589553524
Testicular cancer,16,Czechia,9.0,1.4710107452738033
Throat cancer,0,Czechia,3.92,0.0
Thyroid cancer,65,Czechia,9.0,5.9759811526748265
Uterine cancer,100,Czechia,14.5,9.193817157961272
Vaginal cancer,1,Czechia,0.43,0.0919381715796127
Vulvar cancer,12,Czechia,1.9,1.1032580589553524
Anal cancer,0,Kyrgyz Republic,0.26,0.0
Bladder cancer,1,Kyrgyz Republic,2.2,0.1373286824686204
Brain cancer,1,Kyrgyz Republic,3.9,0.1373286824686204
Breast cancer,9,Kyrgyz Republic,25.3,1.2359581422175836
Cervical cancer,2,Kyrgyz Republic,14.1,0.2746573649372408
Colon cancer,0,Kyrgyz Republic,3.7,0.0
Colorectal cancer,1,Kyrgyz Republic,7.9,0.1373286824686204
Esophageal cancer,0,Kyrgyz Republic,3.3,0.0
Gallbladder cancer,0,Kyrgyz Republic,1.1,0.0
Hodgkin lymphoma,0,Kyrgyz Republic,0.8,0.0
Kaposi sarcoma,0,Kyrgyz Republic,0.16,0.0
Kidney cancer,0,Kyrgyz Republic,2.5,0.0
Laryngeal cancer,1,Kyrgyz Republic,1.4,0.1373286824686204
Leukemia,2,Kyrgyz Republic,3.8,0.2746573649372408
Liver cancer,1,Kyrgyz Republic,7.8,0.1373286824686204
Lung cancer,2,Kyrgyz Republic,14.1,0.2746573649372408
Mesothelioma,0,Kyrgyz Republic,0.07,0.0
Mouth cancer,0,Kyrgyz Republic,1.9,0.0
Multiple myeloma,0,Kyrgyz Republic,0.29,0.0
Non-Hodgkin lymphoma,0,Kyrgyz Republic,1.6,0.0
Ovarian cancer,1,Kyrgyz Republic,7.3,0.1373286824686204
Pancreatic cancer,0,Kyrgyz Republic,4.7,0.0
Penile cancer,0,Kyrgyz Republic,0.1,0.0
Prostate cancer,0,Kyrgyz Republic,7.4,0.0
Rectal cancer,0,Kyrgyz Republic,3.9,0.0
Salivary gland cancer,0,Kyrgyz Republic,0.72,0.0
Skin cancer,0,Kyrgyz Republic,5.26,0.0
Stomach cancer,1,Kyrgyz Republic,16.5,0.1373286824686204
Testicular cancer,0,Kyrgyz Republic,0.82,0.0
Throat cancer,0,Kyrgyz Republic,1.7999999999999998,0.0
Thyroid cancer,0,Kyrgyz Republic,1.7,0.0
Uterine cancer,1,Kyrgyz Republic,6.9,0.1373286824686204
Vaginal cancer,0,Kyrgyz Republic,0.28,0.0
Vulvar cancer,0,Kyrgyz Republic,1.0,0.0
Anal cancer,39,Japan,0.29,0.31630170316301703
Bladder cancer,3519,Japan,7.0,28.54014598540146
Brain cancer,6381,Japan,2.5,51.75182481751825
Breast cancer,15484,Japan,74.4,125.57988645579887
Cervical cancer,3175,Japan,12.5,25.750202757502027
Colon cancer,6070,Japan,22.7,49.22952149229521
Colorectal cancer,11525,Japan,36.6,93.47120843471208
Esophageal cancer,5979,Japan,4.8,48.49148418491484
Gallbladder cancer,862,Japan,1.9,6.991078669910786
Hodgkin lymphoma,862,Japan,0.92,6.991078669910786
Kaposi sarcoma,45,Japan,0.03,0.36496350364963503
Kidney cancer,5171,Japan,6.9,41.938361719383614
Laryngeal cancer,331,Japan,1.4,2.6845093268450935
Leukemia,19073,Japan,5.9,154.68775344687754
Liver cancer,14364,Japan,9.2,116.4963503649635
Lung cancer,21607,Japan,30.5,175.23925385239255
Mesothelioma,1655,Japan,0.57,13.422546634225466
Mouth cancer,8,Japan,3.1,0.064882400648824
Multiple myeloma,2815,Japan,1.5,22.83049472830495
Non-Hodgkin lymphoma,3374,Japan,9.4,27.364152473641525
Ovarian cancer,3702,Japan,8.7,30.02433090024331
Pancreatic cancer,7248,Japan,9.8,58.78345498783455
Penile cancer,79,Japan,0.27,0.6407137064071371
Prostate cancer,8054,Japan,50.1,65.32035685320356
Rectal cancer,3633,Japan,13.6,29.464720194647203
Salivary gland cancer,84,Japan,0.6,0.681265206812652
Skin cancer,6974,Japan,2.8,56.561232765612324
Stomach cancer,1618,Japan,27.6,13.122465531224655
Testicular cancer,374,Japan,3.8,3.0332522303325224
Throat cancer,1,Japan,2.69,0.008110300081103
Thyroid cancer,1666,Japan,6.7,13.511759935117599
Uterine cancer,2256,Japan,14.8,18.29683698296837
Vaginal cancer,53,Japan,0.19,0.42984590429845904
Vulvar cancer,61,Japan,0.49,0.49472830494728304
Anal cancer,1,Tunisia,0.52,0.08352705345205201
Bladder cancer,64,Tunisia,8.9,5.345731420931329
Brain cancer,93,Tunisia,3.3,7.768015971040836
Breast cancer,383,Tunisia,36.2,31.99086147213592
Cervical cancer,55,Tunisia,5.3,4.593987939862861
Colon cancer,65,Tunisia,6.6,5.4292584743833805
Colorectal cancer,141,Tunisia,11.9,11.777314536739333
Esophageal cancer,4,Tunisia,0.7,0.33410821380820804
Gallbladder cancer,13,Tunisia,1.1,1.085851694876676
Hodgkin lymphoma,28,Tunisia,2.0,2.3387574966574562
Kaposi sarcoma,9,Tunisia,0.41,0.751743481068468
Kidney cancer,38,Tunisia,2.2,3.174028031177976
Laryngeal cancer,9,Tunisia,3.1,0.751743481068468
Leukemia,181,Tunisia,5.3,15.118396674821414
Liver cancer,42,Tunisia,4.1,3.508136244986184
Lung cancer,58,Tunisia,20.1,4.844569100219016
Mesothelioma,15,Tunisia,0.15,1.2529058017807801
Mouth cancer,0,Tunisia,1.8,0.0
Multiple myeloma,64,Tunisia,1.4,5.345731420931329
Non-Hodgkin lymphoma,31,Tunisia,5.8,2.589338657013612
Ovarian cancer,60,Tunisia,4.6,5.011623207123121
Pancreatic cancer,12,Tunisia,3.3,1.002324641424624
Penile cancer,1,Tunisia,0.12,0.08352705345205201
Prostate cancer,55,Tunisia,16.8,4.593987939862861
Rectal cancer,22,Tunisia,4.8,1.837595175945144
Salivary gland cancer,2,Tunisia,0.28,0.16705410690410402
Skin cancer,104,Tunisia,3.49,8.686813559013409
Stomach cancer,21,Tunisia,3.5,1.754068122493092
Testicular cancer,5,Tunisia,0.68,0.41763526726026
Throat cancer,0,Tunisia,3.45,0.0
Thyroid cancer,36,Tunisia,2.5,3.006973924273872
Uterine cancer,14,Tunisia,4.0,1.1693787483287281
Vaginal cancer,2,Tunisia,0.19,0.16705410690410402
Vulvar cancer,6,Tunisia,0.54,0.501162320712312
Anal cancer,13,Austria,1.1,1.4129004988734293
Bladder cancer,338,Austria,8.2,36.73541297070916
Brain cancer,578,Austria,5.3,62.81972987298785
Breast cancer,1884,Austria,69.5,204.76188768288773
Cervical cancer,335,Austria,5.9,36.40935900943067
Colon cancer,255,Austria,13.5,27.71458670867111
Colorectal cancer,699,Austria,21.8,75.97057297788669
Esophageal cancer,88,Austria,2.5,9.564249530835522
Gallbladder cancer,19,Austria,0.58,2.0650084214303965
Hodgkin lymphoma,61,Austria,1.6,6.629763879329168
Kaposi sarcoma,7,Austria,0.05,0.7607925763164619
Kidney cancer,370,Austria,7.8,40.21332189101299
Laryngeal cancer,16,Austria,1.8,1.738954460151913
Leukemia,1665,Austria,7.4,180.95994850955844
Liver cancer,387,Austria,4.9,42.060961004924394
Lung cancer,741,Austria,27.2,80.53532843578546
Mesothelioma,95,Austria,0.55,10.325042107151983
Mouth cancer,0,Austria,3.4,0.0
Multiple myeloma,297,Austria,2.4,32.27934216656988
Non-Hodgkin lymphoma,191,Austria,8.5,20.75876886806346
Ovarian cancer,527,Austria,7.7,57.27681253125363
Pancreatic cancer,237,Austria,9.4,25.75826294100021
Penile cancer,18,Austria,0.79,1.956323767670902
Prostate cancer,1087,Austria,61.0,118.14021863657058
Rectal cancer,140,Austria,7.3,15.215851526329239
Salivary gland cancer,9,Austria,0.6,0.978161883835451
Skin cancer,1290,Austria,30.0,140.20320334974798
Stomach cancer,28,Austria,5.4,3.0431703052658476
Testicular cancer,75,Austria,8.0,8.151349031962091
Throat cancer,1,Austria,3.15,0.10868465375949456
Thyroid cancer,160,Austria,7.0,17.38954460151913
Uterine cancer,161,Austria,9.7,17.498229255278623
Vaginal cancer,5,Austria,0.33,0.5434232687974728
Vulvar cancer,51,Austria,1.4,5.542917341734222
Anal cancer,0,Mauritius,0.26,0.0
Bladder cancer,0,Mauritius,3.1,0.0
Brain cancer,0,Mauritius,2.4,0.0
Breast cancer,7,Mauritius,52.7,5.628181430056579
Cervical cancer,2,Mauritius,12.9,1.6080518371590227
Colon cancer,3,Mauritius,11.7,2.412077755738534
Colorectal cancer,0,Mauritius,16.9,0.0
Esophageal cancer,0,Mauritius,1.8,0.0
Gallbladder cancer,0,Mauritius,0.95,0.0
Hodgkin lymphoma,0,Mauritius,0.76,0.0
Kaposi sarcoma,0,Mauritius,0.0,0.0
Kidney cancer,1,Mauritius,1.7,0.8040259185795113
Laryngeal cancer,0,Mauritius,1.7,0.0
Leukemia,1,Mauritius,4.1,0.8040259185795113
Liver cancer,4,Mauritius,3.6,3.2161036743180453
Lung cancer,4,Mauritius,8.4,3.2161036743180453
Mesothelioma,0,Mauritius,0.0,0.0
Mouth cancer,0,Mauritius,3.1,0.0
Multiple myeloma,0,Mauritius,1.3,0.0
Non-Hodgkin lymphoma,0,Mauritius,2.5,0.0
Ovarian cancer,0,Mauritius,7.9,0.0
Pancreatic cancer,2,Mauritius,3.8,1.6080518371590227
Penile cancer,0,Mauritius,0.39,0.0
Prostate cancer,0,Mauritius,24.8,0.0
Rectal cancer,0,Mauritius,5.0,0.0
Salivary gland cancer,0,Mauritius,0.33,0.0
Skin cancer,3,Mauritius,4.44,2.412077755738534
Stomach cancer,0,Mauritius,5.7,0.0
Testicular cancer,0,Mauritius,1.3,0.0
Throat cancer,0,Mauritius,1.55,0.0
Thyroid cancer,0,Mauritius,1.6,0.0
Uterine cancer,0,Mauritius,13.0,0.0
Vaginal cancer,0,Mauritius,0.44,0.0
Vulvar cancer,0,Mauritius,0.77,0.0
Anal cancer,103,Canada,1.2,2.479013406576707
Bladder cancer,1121,Canada,15.6,26.98033037643193
Brain cancer,2676,Canada,5.5,64.40621238834241
Breast cancer,11172,Canada,88.6,268.88871629393174
Cervical cancer,1387,Canada,6.6,33.38244266914459
Colon cancer,1140,Canada,17.5,27.437624111625688
Colorectal cancer,2929,Canada,28.6,70.49543949381723
Esophageal cancer,288,Canada,3.2,6.931610301884385
Gallbladder cancer,47,Canada,0.55,1.13120029232141
Hodgkin lymphoma,483,Canada,2.6,11.624888110451938
Kaposi sarcoma,33,Canada,0.16,0.7942470137575858
Kidney cancer,1457,Canada,10.9,35.06720906196371
Laryngeal cancer,88,Canada,1.2,2.1179920366868954
Leukemia,5333,Canada,11.7,128.35513104149106
Liver cancer,1066,Canada,5.9,25.656585353502617
Lung cancer,2328,Canada,32.4,56.03051660689878
Mesothelioma,347,Canada,0.66,8.351627690117644
Mouth cancer,1,Canada,4.4,0.02406809132598745
Multiple myeloma,954,Canada,5.3,22.960959124992023
Non-Hodgkin lymphoma,726,Canada,12.1,17.473434302666888
Ovarian cancer,2267,Canada,9.2,54.562363036013544
Pancreatic cancer,720,Canada,7.5,17.329025754710962
Penile cancer,52,Canada,0.68,1.2515407489513473
Prostate cancer,6209,Canada,60.1,149.43877904305606
Rectal cancer,555,Canada,9.9,13.357790685923034
Salivary gland cancer,12,Canada,0.94,0.28881709591184934
Skin cancer,3111,Canada,68.0,74.87583211514695
Stomach cancer,137,Canada,4.7,3.29732851166028
Testicular cancer,226,Canada,5.8,5.439388639673163
Throat cancer,0,Canada,3.1100000000000003,0.0
Thyroid cancer,625,Canada,10.7,15.042557078742155
Uterine cancer,726,Canada,21.1,17.473434302666888
Vaginal cancer,15,Canada,0.53,0.3610213698898117
Vulvar cancer,54,Canada,2.2,1.299676931603322
Anal cancer,1,Ukraine,0.45,0.030430284218854603
Bladder cancer,19,Ukraine,6.3,0.5781754001582374
Brain cancer,61,Ukraine,4.1,1.856247337350131
Breast cancer,224,Ukraine,43.1,6.816383665023431
Cervical cancer,30,Ukraine,15.2,0.9129085265656381
Colon cancer,39,Ukraine,12.9,1.1867810845353295
Colorectal cancer,50,Ukraine,24.2,1.5215142109427302
Esophageal cancer,6,Ukraine,3.2,0.18258170531312762
Gallbladder cancer,1,Ukraine,0.61,0.030430284218854603
Hodgkin lymphoma,5,Ukraine,2.0,0.15215142109427301
Kaposi sarcoma,0,Ukraine,0.05,0.0
Kidney cancer,36,Ukraine,8.0,1.0954902318787658
Laryngeal cancer,3,Ukraine,3.5,0.09129085265656381
Leukemia,200,Ukraine,5.7,6.086056843770921
Liver cancer,4,Ukraine,2.6,0.12172113687541841
Lung cancer,19,Ukraine,20.6,0.5781754001582374
Mesothelioma,3,Ukraine,0.24,0.09129085265656381
Mouth cancer,0,Ukraine,4.3,0.0
Multiple myeloma,37,Ukraine,1.3,1.1259205160976204
Non-Hodgkin lymphoma,8,Ukraine,3.9,0.24344227375083682
Ovarian cancer,37,Ukraine,11.0,1.1259205160976204
Pancreatic cancer,15,Ukraine,6.4,0.4564542632828191
Penile cancer,0,Ukraine,0.71,0.0
Prostate cancer,54,Ukraine,26.4,1.6432353478181487
Rectal cancer,22,Ukraine,10.9,0.6694662528148013
Salivary gland cancer,0,Ukraine,0.63,0.0
Skin cancer,68,Ukraine,9.3,2.069259326882113
Stomach cancer,10,Ukraine,9.5,0.30430284218854603
Testicular cancer,0,Ukraine,1.9,0.0
Throat cancer,0,Ukraine,4.07,0.0
Thyroid cancer,87,Ukraine,6.0,2.6474347270403507
Uterine cancer,34,Ukraine,19.4,1.0346296634410566
Vaginal cancer,1,Ukraine,0.3,0.030430284218854603
Vulvar cancer,0,Ukraine,1.1,0.0
Anal cancer,0,Indonesia,0.28,0.0
Bladder cancer,46,Indonesia,2.6,0.16172196940429875
Brain cancer,42,Indonesia,2.0,0.14765918945609885
Breast cancer,618,Indonesia,41.8,2.1726995019968833
Cervical cancer,152,Indonesia,23.3,0.5343856380315959
Colon cancer,39,Indonesia,6.3,0.13711210449494893
Colorectal cancer,133,Indonesia,12.1,0.46758743327764635
Esophageal cancer,1,Indonesia,0.48,0.0035156949870499728
Gallbladder cancer,2,Indonesia,0.22,0.0070313899740999455
Hodgkin lymphoma,29,Indonesia,0.44,0.1019551546244492
Kaposi sarcoma,2,Indonesia,0.04,0.0070313899740999455
Kidney cancer,24,Indonesia,0.9,0.08437667968919935
Laryngeal cancer,1,Indonesia,1.4,0.0035156949870499728
Leukemia,110,Indonesia,5.2,0.386726448575497
Liver cancer,87,Indonesia,8.0,0.3058654638733476
Lung cancer,115,Indonesia,13.4,0.40430492351074687
Mesothelioma,2,Indonesia,0.09,0.0070313899740999455
Mouth cancer,0,Indonesia,2.2,0.0
Multiple myeloma,12,Indonesia,1.2,0.04218833984459967
Non-Hodgkin lymphoma,35,Indonesia,5.5,0.12304932454674905
Ovarian cancer,75,Indonesia,9.8,0.26367712402874793
Pancreatic cancer,21,Indonesia,2.0,0.07382959472804942
Penile cancer,7,Indonesia,0.77,0.02460986490934981
Prostate cancer,89,Indonesia,10.5,0.3128968538474476
Rectal cancer,8,Indonesia,5.5,0.028125559896399782
Salivary gland cancer,0,Indonesia,0.8,0.0
Skin cancer,48,Indonesia,3.3000000000000003,0.1687533593783987
Stomach cancer,4,Indonesia,1.3,0.014062779948199891
Testicular cancer,6,Indonesia,1.1,0.021094169922299837
Throat cancer,1,Indonesia,6.709999999999999,0.0035156949870499728
Thyroid cancer,33,Indonesia,4.5,0.1160179345726491
Uterine cancer,13,Indonesia,5.3,0.04570403483164964
Vaginal cancer,0,Indonesia,0.3,0.0
Vulvar cancer,3,Indonesia,0.84,0.010547084961149918
Anal cancer,0,Belarus,0.75,0.0
Bladder cancer,13,Belarus,7.9,1.427116083817821
Brain cancer,5,Belarus,5.1,0.5488908014683926
Breast cancer,28,Belarus,56.6,3.073788488222999
Cervical cancer,7,Belarus,9.3,0.7684471220557497
Colon cancer,3,Belarus,18.9,0.3293344808810356
Colorectal cancer,5,Belarus,32.7,0.5488908014683926
Esophageal cancer,0,Belarus,3.5,0.0
Gallbladder cancer,0,Belarus,0.75,0.0
Hodgkin lymphoma,4,Belarus,2.5,0.43911264117471416
Kaposi sarcoma,0,Belarus,0.15,0.0
Kidney cancer,2,Belarus,14.1,0.21955632058735708
Laryngeal cancer,0,Belarus,4.3,0.0
Leukemia,45,Belarus,8.2,4.940017213215534
Liver cancer,2,Belarus,3.4,0.21955632058735708
Lung cancer,6,Belarus,26.0,0.6586689617620712
Mesothelioma,0,Belarus,0.25,0.0
Mouth cancer,0,Belarus,5.6,0.0
Multiple myeloma,2,Belarus,2.1,0.21955632058735708
Non-Hodgkin lymphoma,8,Belarus,6.4,0.8782252823494283
Ovarian cancer,3,Belarus,9.2,0.3293344808810356
Pancreatic cancer,2,Belarus,7.2,0.21955632058735708
Penile cancer,0,Belarus,0.86,0.0
Prostate cancer,7,Belarus,68.2,0.7684471220557497
Rectal cancer,1,Belarus,13.1,0.10977816029367854
Salivary gland cancer,0,Belarus,0.78,0.0
Skin cancer,11,Belarus,13.2,1.207559763230464
Stomach cancer,2,Belarus,15.3,0.21955632058735708
Testicular cancer,2,Belarus,2.7,0.21955632058735708
Throat cancer,0,Belarus,5.69,0.0
Thyroid cancer,42,Belarus,9.0,4.6106827323344985
Uterine cancer,0,Belarus,24.3,0.0
Vaginal cancer,1,Belarus,0.24,0.10977816029367854
Vulvar cancer,0,Belarus,1.3,0.0
Anal cancer,0,North Korea,0.09,0.0
Bladder cancer,0,North Korea,4.1,0.0
Brain cancer,1,North Korea,3.3,0.038535645472061654
Breast cancer,3,North Korea,32.3,0.11560693641618497
Cervical cancer,1,North Korea,11.8,0.038535645472061654
Colon cancer,0,North Korea,8.8,0.0
Colorectal cancer,0,North Korea,19.0,0.0
Esophageal cancer,0,North Korea,4.2,0.0
Gallbladder cancer,0,North Korea,2.5,0.0
Hodgkin lymphoma,0,North Korea,0.44,0.0
Kaposi sarcoma,0,North Korea,0.02,0.0
Kidney cancer,2,North Korea,3.2,0.07707129094412331
Laryngeal cancer,0,North Korea,1.5,0.0
Leukemia,1,North Korea,4.7,0.038535645472061654
Liver cancer,1,North Korea,16.4,0.038535645472061654
Lung cancer,1,North Korea,38.4,0.038535645472061654
Mesothelioma,0,North Korea,0.18,0.0
Mouth cancer,0,North Korea,0.89,0.0
Multiple myeloma,0,North Korea,0.56,0.0
Non-Hodgkin lymphoma,0,North Korea,2.0,0.0
Ovarian cancer,0,North Korea,5.9,0.0
Pancreatic cancer,0,North Korea,4.7,0.0
Penile cancer,0,North Korea,0.38,0.0
Prostate cancer,0,North Korea,3.7,0.0
Rectal cancer,1,North Korea,10.1,0.038535645472061654
Salivary gland cancer,0,North Korea,0.33,0.0
Skin cancer,2,North Korea,1.11,0.07707129094412331
Stomach cancer,0,North Korea,13.9,0.0
Testicular cancer,0,North Korea,0.39,0.0
Throat cancer,0,North Korea,1.43,0.0
Thyroid cancer,0,North Korea,3.3,0.0
Uterine cancer,0,North Korea,4.5,0.0
Vaginal cancer,0,North Korea,0.14,0.0
Vulvar cancer,0,North Korea,0.26,0.0
Anal cancer,19,Portugal,0.74,1.7675018733194197
Bladder cancer,231,Portugal,11.0,21.489101722988735
Brain cancer,311,Portugal,6.2,28.931214873807342
Breast cancer,1615,Portugal,88.8,150.23765923215066
Cervical cancer,216,Portugal,11.1,20.093705507210245
Colon cancer,199,Portugal,23.7,18.51225646266129
Colorectal cancer,595,Portugal,37.8,55.3507165592134
Esophageal cancer,54,Portugal,3.1,5.023426376802561
Gallbladder cancer,3,Portugal,0.57,0.2790792431556978
Hodgkin lymphoma,71,Portugal,3.2,6.604875421351515
Kaposi sarcoma,19,Portugal,0.68,1.7675018733194197
Kidney cancer,167,Portugal,7.2,15.535411202333847
Laryngeal cancer,16,Portugal,3.5,1.4884226301637218
Leukemia,421,Portugal,7.7,39.16412045618293
Liver cancer,155,Portugal,6.7,14.419094229711055
Lung cancer,334,Portugal,23.9,31.070822404667695
Mesothelioma,31,Portugal,0.27,2.883818845942211
Mouth cancer,0,Portugal,6.3,0.0
Multiple myeloma,124,Portugal,3.4,11.535275383768845
Non-Hodgkin lymphoma,122,Portugal,10.8,11.349222554998379
Ovarian cancer,184,Portugal,5.8,17.1168602468828
Pancreatic cancer,140,Portugal,6.8,13.023698013932567
Penile cancer,14,Portugal,0.98,1.3023698013932565
Prostate cancer,556,Portugal,62.6,51.72268639818933
Rectal cancer,103,Portugal,13.3,9.58172068167896
Salivary gland cancer,2,Portugal,0.63,0.18605282877046522
Skin cancer,526,Portugal,14.1,48.93189396663236
Stomach cancer,94,Portugal,12.8,8.744482952211866
Testicular cancer,19,Portugal,6.3,1.7675018733194197
Throat cancer,0,Portugal,5.65,0.0
Thyroid cancer,219,Portugal,15.6,20.37278475036594
Uterine cancer,62,Portugal,10.0,5.767637691884422
Vaginal cancer,6,Portugal,0.27,0.5581584863113956
Vulvar cancer,13,Portugal,0.78,1.209343387008024
Anal cancer,2,Cuba,0.83,0.20517014400994993
Bladder cancer,2,Cuba,5.6,0.20517014400994993
Brain cancer,32,Cuba,5.2,3.282722304159199
Breast cancer,43,Cuba,47.2,4.411158096213923
Cervical cancer,16,Cuba,12.8,1.6413611520795994
Colon cancer,9,Cuba,15.2,0.9232656480447747
Colorectal cancer,11,Cuba,19.9,1.1284357920547246
Esophageal cancer,2,Cuba,4.4,0.20517014400994993
Gallbladder cancer,0,Cuba,0.31,0.0
Hodgkin lymphoma,2,Cuba,2.1,0.20517014400994993
Kaposi sarcoma,0,Cuba,0.11,0.0
Kidney cancer,19,Cuba,3.4,1.9491163680945243
Laryngeal cancer,2,Cuba,8.3,0.20517014400994993
Leukemia,36,Cuba,6.0,3.693062592179099
Liver cancer,5,Cuba,4.1,0.5129253600248749
Lung cancer,35,Cuba,29.8,3.5904775201741237
Mesothelioma,0,Cuba,0.07,0.0
Mouth cancer,0,Cuba,5.0,0.0
Multiple myeloma,4,Cuba,1.9,0.41034028801989986
Non-Hodgkin lymphoma,3,Cuba,6.4,0.3077552160149249
Ovarian cancer,2,Cuba,5.3,0.20517014400994993
Pancreatic cancer,1,Cuba,4.4,0.10258507200497496
Penile cancer,0,Cuba,1.3,0.0
Prostate cancer,27,Cuba,58.1,2.769796944134324
Rectal cancer,1,Cuba,3.9,0.10258507200497496
Salivary gland cancer,0,Cuba,0.73,0.0
Skin cancer,52,Cuba,17.01,5.334423744258698
Stomach cancer,0,Cuba,5.6,0.0
Testicular cancer,1,Cuba,1.3,0.10258507200497496
Throat cancer,0,Cuba,5.01,0.0
Thyroid cancer,0,Cuba,4.3,0.0
Uterine cancer,0,Cuba,17.0,0.0
Vaginal cancer,0,Cuba,0.55,0.0
Vulvar cancer,0,Cuba,0.98,0.0
Anal cancer,0,Malawi,0.85,0.0
Bladder cancer,1,Malawi,7.2,0.04822935101331313
Brain cancer,1,Malawi,0.62,0.04822935101331313
Breast cancer,9,Malawi,25.2,0.4340641591198182
Cervical cancer,37,Malawi,70.9,1.784485987492586
Colon cancer,0,Malawi,2.0,0.0
Colorectal cancer,0,Malawi,4.9,0.0
Esophageal cancer,3,Malawi,17.9,0.1446880530399394
Gallbladder cancer,0,Malawi,0.04,0.0
Hodgkin lymphoma,12,Malawi,0.61,0.5787522121597576
Kaposi sarcoma,14,Malawi,12.0,0.6752109141863839
Kidney cancer,17,Malawi,0.91,0.8198989672263233
Laryngeal cancer,0,Malawi,0.69,0.0
Leukemia,9,Malawi,0.86,0.4340641591198182
Liver cancer,7,Malawi,3.9,0.33760545709319195
Lung cancer,7,Malawi,1.6,0.33760545709319195
Mesothelioma,0,Malawi,0.0,0.0
Mouth cancer,0,Malawi,1.5,0.0
Multiple myeloma,0,Malawi,0.22,0.0
Non-Hodgkin lymphoma,10,Malawi,6.5,0.4822935101331313
Ovarian cancer,0,Malawi,3.3,0.0
Pancreatic cancer,0,Malawi,0.5,0.0
Penile cancer,0,Malawi,2.5,0.0
Prostate cancer,0,Malawi,28.0,0.0
Rectal cancer,0,Malawi,2.1,0.0
Salivary gland cancer,0,Malawi,0.98,0.0
Skin cancer,3,Malawi,5.300000000000001,0.1446880530399394
Stomach cancer,0,Malawi,3.2,0.0
Testicular cancer,0,Malawi,0.5,0.0
Throat cancer,0,Malawi,0.46,0.0
Thyroid cancer,2,Malawi,1.2,0.09645870202662626
Uterine cancer,0,Malawi,0.99,0.0
Vaginal cancer,0,Malawi,1.5,0.0
Vulvar cancer,1,Malawi,1.1,0.04822935101331313
Anal cancer,0,Dominican Republic,0.16,0.0
Bladder cancer,0,Dominican Republic,2.0,0.0
Brain cancer,3,Dominican Republic,3.4,0.2785126385321864
Breast cancer,3,Dominican Republic,53.4,0.2785126385321864
Cervical cancer,1,Dominican Republic,15.6,0.09283754617739547
Colon cancer,0,Dominican Republic,12.7,0.0
Colorectal cancer,0,Dominican Republic,14.7,0.0
Esophageal cancer,0,Dominican Republic,1.7,0.0
Gallbladder cancer,0,Dominican Republic,0.44,0.0
Hodgkin lymphoma,0,Dominican Republic,2.0,0.0
Kaposi sarcoma,0,Dominican Republic,0.29,0.0
Kidney cancer,0,Dominican Republic,1.4,0.0
Laryngeal cancer,0,Dominican Republic,2.7,0.0
Leukemia,1,Dominican Republic,5.5,0.09283754617739547
Liver cancer,0,Dominican Republic,6.8,0.0
Lung cancer,0,Dominican Republic,12.8,0.0
Mesothelioma,0,Dominican Republic,0.04,0.0
Mouth cancer,0,Dominican Republic,1.3,0.0
Multiple myeloma,1,Dominican Republic,1.5,0.09283754617739547
Non-Hodgkin lymphoma,0,Dominican Republic,2.6,0.0
Ovarian cancer,0,Dominican Republic,2.7,0.0
Pancreatic cancer,0,Dominican Republic,5.0,0.0
Penile cancer,0,Dominican Republic,1.1,0.0
Prostate cancer,0,Dominican Republic,86.1,0.0
Rectal cancer,0,Dominican Republic,1.8,0.0
Salivary gland cancer,0,Dominican Republic,0.45,0.0
Skin cancer,1,Dominican Republic,2.6900000000000004,0.09283754617739547
Stomach cancer,0,Dominican Republic,6.2,0.0
Testicular cancer,0,Dominican Republic,0.14,0.0
Throat cancer,0,Dominican Republic,2.35,0.0
Thyroid cancer,0,Dominican Republic,2.3,0.0
Uterine cancer,0,Dominican Republic,3.4,0.0
Vaginal cancer,0,Dominican Republic,0.92,0.0
Vulvar cancer,0,Dominican Republic,0.13,0.0
Anal cancer,0,Angola,0.24,0.0
Bladder cancer,2,Angola,2.9,0.05529297383058194
Brain cancer,2,Angola,3.7,0.05529297383058194
Breast cancer,3,Angola,29.4,0.08293946074587291
Cervical cancer,1,Angola,30.4,0.02764648691529097
Colon cancer,0,Angola,2.4,0.0
Colorectal cancer,0,Angola,4.6,0.0
Esophageal cancer,0,Angola,6.4,0.0
Gallbladder cancer,0,Angola,0.18,0.0
Hodgkin lymphoma,0,Angola,0.58,0.0
Kaposi sarcoma,1,Angola,2.8,0.02764648691529097
Kidney cancer,0,Angola,1.9,0.0
Laryngeal cancer,0,Angola,2.2,0.0
Leukemia,1,Angola,2.0,0.02764648691529097
Liver cancer,0,Angola,6.6,0.0
Lung cancer,0,Angola,2.4,0.0
Mesothelioma,0,Angola,0.0,0.0
Mouth cancer,0,Angola,3.4,0.0
Multiple myeloma,3,Angola,0.91,0.08293946074587291
Non-Hodgkin lymphoma,0,Angola,2.8,0.0
Ovarian cancer,0,Angola,2.9,0.0
Pancreatic cancer,1,Angola,1.6,0.02764648691529097
Penile cancer,0,Angola,1.1,0.0
Prostate cancer,2,Angola,47.9,0.05529297383058194
Rectal cancer,0,Angola,1.9,0.0
Salivary gland cancer,0,Angola,0.85,0.0
Skin cancer,0,Angola,3.6,0.0
Stomach cancer,0,Angola,4.5,0.0
Testicular cancer,0,Angola,0.68,0.0
Throat cancer,0,Angola,1.85,0.0
Thyroid cancer,0,Angola,0.73,0.0
Uterine cancer,0,Angola,4.4,0.0
Vaginal cancer,0,Angola,0.65,0.0
Vulvar cancer,0,Angola,0.91,0.0
Anal cancer,0,Cambodia,0.29,0.0
Bladder cancer,1,Cambodia,2.0,0.05689007017959057
Brain cancer,0,Cambodia,3.8,0.0
Breast cancer,6,Cambodia,25.1,0.3413404210775434
Cervical cancer,10,Cambodia,15.2,0.5689007017959057
Colon cancer,0,Cambodia,7.0,0.0
Colorectal cancer,0,Cambodia,12.6,0.0
Esophageal cancer,0,Cambodia,2.9,0.0
Gallbladder cancer,0,Cambodia,1.2,0.0
Hodgkin lymphoma,0,Cambodia,0.45,0.0
Kaposi sarcoma,0,Cambodia,0.01,0.0
Kidney cancer,0,Cambodia,1.3,0.0
Laryngeal cancer,0,Cambodia,1.3,0.0
Leukemia,2,Cambodia,4.7,0.11378014035918114
Liver cancer,3,Cambodia,25.1,0.1706702105387717
Lung cancer,3,Cambodia,15.7,0.1706702105387717
Mesothelioma,0,Cambodia,0.01,0.0
Mouth cancer,0,Cambodia,3.9,0.0
Multiple myeloma,0,Cambodia,1.0,0.0
Non-Hodgkin lymphoma,0,Cambodia,4.3,0.0
Ovarian cancer,0,Cambodia,5.6,0.0
Pancreatic cancer,0,Cambodia,1.4,0.0
Penile cancer,0,Cambodia,1.5,0.0
Prostate cancer,0,Cambodia,5.2,0.0
Rectal cancer,2,Cambodia,5.3,0.11378014035918114
Salivary gland cancer,0,Cambodia,0.56,0.0
Skin cancer,0,Cambodia,2.51,0.0
Stomach cancer,0,Cambodia,4.1,0.0
Testicular cancer,0,Cambodia,0.89,0.0
Throat cancer,0,Cambodia,3.56,0.0
Thyroid cancer,0,Cambodia,4.7,0.0
Uterine cancer,0,Cambodia,3.1,0.0
Vaginal cancer,0,Cambodia,0.12,0.0
Vulvar cancer,0,Cambodia,0.5,0.0
Anal cancer,16,India,0.36,0.011287541658083431
Bladder cancer,737,India,1.6,0.5199323876254681
Brain cancer,2626,India,2.3,1.8525677746329432
Breast cancer,9154,India,26.6,6.457884771130983
Cervical cancer,2781,India,17.7,1.9619158344456264
Colon cancer,1271,India,2.4,0.8966540904640026
Colorectal cancer,1481,India,4.9,1.0448030747263477
Esophageal cancer,404,India,5.0,0.28501042686660666
Gallbladder cancer,531,India,1.5,0.3746052887776439
Hodgkin lymphoma,402,India,0.67,0.2835994841593462
Kaposi sarcoma,36,India,0.0,0.02539696873068772
Kidney cancer,885,India,1.3,0.6243421479627398
Laryngeal cancer,111,India,2.5,0.07830732025295381
Leukemia,4036,India,3.6,2.8472823832515455
Liver cancer,1751,India,2.7,1.2352803402065056
Lung cancer,2501,India,5.8,1.7643838554291664
Mesothelioma,131,India,0.11,0.0924167473255581
Mouth cancer,28,India,9.9,0.019753197901646005
Multiple myeloma,693,India,1.2,0.48889164806573865
Non-Hodgkin lymphoma,544,India,2.8,0.38377641637483667
Ovarian cancer,1189,India,6.6,0.838805439466325
Pancreatic cancer,655,India,0.96,0.4620837366277905
Penile cancer,84,India,1.5,0.05925959370493802
Prostate cancer,1801,India,5.6,1.2705539078880164
Rectal cancer,350,India,2.2,0.24691497377057509
Salivary gland cancer,8,India,0.56,0.005643770829041716
Skin cancer,2456,India,1.07,1.7326376445158067
Stomach cancer,234,India,4.5,0.1650802967494702
Testicular cancer,61,India,0.57,0.04303375257144308
Throat cancer,4,India,4.15,0.002821885414520858
Thyroid cancer,630,India,1.5,0.4444469527870351
Uterine cancer,324,India,2.5,0.2285727185761895
Vaginal cancer,19,India,0.7,0.013403955718974075
Vulvar cancer,44,India,0.43,0.031040739559729438
Anal cancer,73,Spain,0.6,1.4802513483011348
Bladder cancer,1082,Spain,19.3,21.940163820025038
Brain cancer,1746,Spain,5.4,35.40436786484632
Breast cancer,6361,Spain,81.0,128.98464145950024
Cervical cancer,638,Spain,5.4,12.936991235837315
Colon cancer,1193,Spain,21.4,24.19095696607197
Colorectal cancer,3648,Spain,33.8,73.97201258359644
Esophageal cancer,133,Spain,2.1,2.696896292110287
Gallbladder cancer,31,Spain,0.49,0.6285998876347285
Hodgkin lymphoma,430,Spain,2.3,8.719288763965588
Kaposi sarcoma,84,Spain,0.38,1.7033029213328126
Kidney cancer,928,Spain,8.8,18.817441797581548
Laryngeal cancer,156,Spain,3.1,3.163276853903795
Leukemia,4229,Spain,6.6,85.75319112281505
Liver cancer,1546,Spain,6.0,31.348884718815814
Lung cancer,2775,Spain,27.8,56.26982865117328
Mesothelioma,240,Spain,0.54,4.866579775236607
Mouth cancer,3,Spain,3.6,0.06083224719045759
Multiple myeloma,1297,Spain,2.7,26.299808202007835
Non-Hodgkin lymphoma,897,Spain,9.6,18.18884190994682
Ovarian cancer,997,Spain,7.6,20.216583482962072
Pancreatic cancer,849,Spain,7.5,17.215525954899498
Penile cancer,52,Spain,0.85,1.0544256179679317
Prostate cancer,2492,Spain,66.5,50.53131999954011
Rectal cancer,613,Spain,11.8,12.430055842583501
Salivary gland cancer,2,Spain,0.49,0.040554831460305064
Skin cancer,3442,Spain,16.0,69.79486494318502
Stomach cancer,255,Spain,6.0,5.170741011188896
Testicular cancer,87,Spain,7.0,1.7641351685232702
Throat cancer,3,Spain,2.44,0.06083224719045759
Thyroid cancer,521,Spain,8.3,10.564533595409468
Uterine cancer,502,Spain,12.9,10.17926269653657
Vaginal cancer,13,Spain,0.26,0.2636064044919829
Vulvar cancer,65,Spain,1.3,1.3180320224599145
Anal cancer,1,Qatar,0.22,0.315156771584457
Bladder cancer,13,Qatar,4.4,4.097038030597941
Brain cancer,27,Qatar,1.8,8.509232832780338
Breast cancer,241,Qatar,39.0,75.95278195185413
Cervical cancer,29,Qatar,4.7,9.139546375949251
Colon cancer,40,Qatar,5.8,12.60627086337828
Colorectal cancer,104,Qatar,9.3,32.776304244783525
Esophageal cancer,6,Qatar,1.3,1.890940629506742
Gallbladder cancer,4,Qatar,1.1,1.260627086337828
Hodgkin lymphoma,12,Qatar,1.4,3.781881259013484
Kaposi sarcoma,3,Qatar,0.19,0.945470314753371
Kidney cancer,22,Qatar,1.6,6.933448974858053
Laryngeal cancer,2,Qatar,0.76,0.630313543168914
Leukemia,143,Qatar,4.5,45.06741833657735
Liver cancer,28,Qatar,4.1,8.824389604364795
Lung cancer,46,Qatar,5.8,14.49721149288502
Mesothelioma,2,Qatar,0.15,0.630313543168914
Mouth cancer,0,Qatar,1.6,0.0
Multiple myeloma,29,Qatar,0.97,9.139546375949251
Non-Hodgkin lymphoma,15,Qatar,3.9,4.727351573766855
Ovarian cancer,43,Qatar,5.8,13.55174117813165
Pancreatic cancer,13,Qatar,2.1,4.097038030597941
Penile cancer,0,Qatar,0.27,0.0
Prostate cancer,28,Qatar,11.0,8.824389604364795
Rectal cancer,9,Qatar,3.3,2.8364109442601126
Salivary gland cancer,0,Qatar,0.25,0.0
Skin cancer,40,Qatar,1.01,12.60627086337828
Stomach cancer,4,Qatar,3.5,1.260627086337828
Testicular cancer,3,Qatar,0.45,0.945470314753371
Throat cancer,0,Qatar,0.7799999999999999,0.0
Thyroid cancer,25,Qatar,2.6,7.878919289611424
Uterine cancer,3,Qatar,4.1,0.945470314753371
Vaginal cancer,0,Qatar,0.0,0.0
Vulvar cancer,0,Qatar,0.0,0.0
Anal cancer,0,Djibouti,0.0,0.0
Bladder cancer,0,Djibouti,2.1,0.0
Brain cancer,0,Djibouti,0.6,0.0
Breast cancer,0,Djibouti,38.1,0.0
Cervical cancer,0,Djibouti,16.5,0.0
Colon cancer,0,Djibouti,3.5,0.0
Colorectal cancer,0,Djibouti,6.4,0.0
Esophageal cancer,1,Djibouti,2.5,0.9373749190342414
Gallbladder cancer,0,Djibouti,0.54,0.0
Hodgkin lymphoma,0,Djibouti,0.29,0.0
Kaposi sarcoma,0,Djibouti,0.0,0.0
Kidney cancer,0,Djibouti,1.9,0.0
Laryngeal cancer,0,Djibouti,0.75,0.0
Leukemia,0,Djibouti,4.3,0.0
Liver cancer,0,Djibouti,3.5,0.0
Lung cancer,0,Djibouti,3.1,0.0
Mesothelioma,0,Djibouti,0.0,0.0
Mouth cancer,0,Djibouti,1.6,0.0
Multiple myeloma,0,Djibouti,0.3,0.0
Non-Hodgkin lymphoma,0,Djibouti,5.0,0.0
Ovarian cancer,0,Djibouti,6.5,0.0
Pancreatic cancer,0,Djibouti,1.4,0.0
Penile cancer,0,Djibouti,0.0,0.0
Prostate cancer,0,Djibouti,11.1,0.0
Rectal cancer,0,Djibouti,2.9,0.0
Salivary gland cancer,0,Djibouti,0.0,0.0
Skin cancer,0,Djibouti,2.0,0.0
Stomach cancer,0,Djibouti,2.9,0.0
Testicular cancer,0,Djibouti,0.0,0.0
Throat cancer,0,Djibouti,0.69,0.0
Thyroid cancer,0,Djibouti,3.0,0.0
Uterine cancer,0,Djibouti,2.5,0.0
Vaginal cancer,0,Djibouti,0.22,0.0
Vulvar cancer,0,Djibouti,0.86,0.0
Anal cancer,0,Niger,0.87,0.0
Bladder cancer,2,Niger,2.5,0.07601084735600448
Brain cancer,0,Niger,0.82,0.0
Breast cancer,4,Niger,29.5,0.15202169471200896
Cervical cancer,1,Niger,9.3,0.03800542367800224
Colon cancer,0,Niger,3.3,0.0
Colorectal cancer,0,Niger,5.9,0.0
Esophageal cancer,0,Niger,0.95,0.0
Gallbladder cancer,0,Niger,0.23,0.0
Hodgkin lymphoma,0,Niger,0.12,0.0
Kaposi sarcoma,0,Niger,0.13,0.0
Kidney cancer,0,Niger,1.5,0.0
Laryngeal cancer,0,Niger,0.59,0.0
Leukemia,0,Niger,2.2,0.0
Liver cancer,1,Niger,9.8,0.03800542367800224
Lung cancer,1,Niger,0.95,0.03800542367800224
Mesothelioma,0,Niger,0.01,0.0
Mouth cancer,0,Niger,1.5,0.0
Multiple myeloma,1,Niger,0.1,0.03800542367800224
Non-Hodgkin lymphoma,0,Niger,1.8,0.0
Ovarian cancer,0,Niger,7.7,0.0
Pancreatic cancer,0,Niger,3.4,0.0
Penile cancer,0,Niger,0.08,0.0
Prostate cancer,0,Niger,5.5,0.0
Rectal cancer,0,Niger,1.8,0.0
Salivary gland cancer,0,Niger,0.49,0.0
Skin cancer,0,Niger,2.52,0.0
Stomach cancer,0,Niger,3.1,0.0
Testicular cancer,0,Niger,0.59,0.0
Throat cancer,0,Niger,0.69,0.0
Thyroid cancer,0,Niger,1.0,0.0
Uterine cancer,0,Niger,2.5,0.0
Vaginal cancer,0,Niger,0.42,0.0
Vulvar cancer,0,Niger,0.24,0.0
Anal cancer,0,Venezuela,0.95,0.0
Bladder cancer,0,Venezuela,3.6,0.0
Brain cancer,18,Venezuela,2.8,0.6312024406494372
Breast cancer,41,Venezuela,47.1,1.4377388925903847
Cervical cancer,17,Venezuela,22.7,0.5961356383911351
Colon cancer,2,Venezuela,12.4,0.07013360451660414
Colorectal cancer,12,Venezuela,18.7,0.42080162709962476
Esophageal cancer,2,Venezuela,1.2,0.07013360451660414
Gallbladder cancer,0,Venezuela,0.57,0.0
Hodgkin lymphoma,1,Venezuela,2.2,0.03506680225830207
Kaposi sarcoma,1,Venezuela,0.62,0.03506680225830207
Kidney cancer,3,Venezuela,6.6,0.10520040677490619
Laryngeal cancer,0,Venezuela,2.3,0.0
Leukemia,34,Venezuela,6.0,1.1922712767822703
Liver cancer,3,Venezuela,4.0,0.10520040677490619
Lung cancer,6,Venezuela,15.9,0.21040081354981238
Mesothelioma,1,Venezuela,0.05,0.03506680225830207
Mouth cancer,0,Venezuela,1.9,0.0
Multiple myeloma,4,Venezuela,1.4,0.14026720903320827
Non-Hodgkin lymphoma,1,Venezuela,6.2,0.03506680225830207
Ovarian cancer,1,Venezuela,6.1,0.03506680225830207
Pancreatic cancer,1,Venezuela,4.2,0.03506680225830207
Penile cancer,2,Venezuela,1.7,0.07013360451660414
Prostate cancer,16,Venezuela,52.3,0.5610688361328331
Rectal cancer,4,Venezuela,5.3,0.14026720903320827
Salivary gland cancer,0,Venezuela,0.46,0.0
Skin cancer,56,Venezuela,12.9,1.9637409264649157
Stomach cancer,11,Venezuela,7.5,0.3857348248413227
Testicular cancer,2,Venezuela,2.5,0.07013360451660414
Throat cancer,0,Venezuela,1.65,0.0
Thyroid cancer,1,Venezuela,3.4,0.03506680225830207
Uterine cancer,3,Venezuela,8.4,0.10520040677490619
Vaginal cancer,0,Venezuela,0.64,0.0
Vulvar cancer,0,Venezuela,0.49,0.0
Anal cancer,0,Uganda,0.6,0.0
Bladder cancer,1,Uganda,1.9,0.021783921492315384
Brain cancer,2,Uganda,1.9,0.04356784298463077
Breast cancer,58,Uganda,23.3,1.2634674465542923
Cervical cancer,124,Uganda,53.8,2.701206265047108
Colon cancer,4,Uganda,3.8,0.08713568596926154
Colorectal cancer,7,Uganda,7.3,0.15248745044620768
Esophageal cancer,6,Uganda,13.2,0.1307035289538923
Gallbladder cancer,0,Uganda,0.13,0.0
Hodgkin lymphoma,10,Uganda,1.2,0.21783921492315383
Kaposi sarcoma,17,Uganda,11.1,0.37032666536936154
Kidney cancer,5,Uganda,1.3,0.10891960746157692
Laryngeal cancer,1,Uganda,1.4,0.021783921492315384
Leukemia,13,Uganda,2.4,0.2831909794001
Liver cancer,13,Uganda,8.9,0.2831909794001
Lung cancer,15,Uganda,3.0,0.32675882238473075
Mesothelioma,1,Uganda,0.11,0.021783921492315384
Mouth cancer,0,Uganda,2.3,0.0
Multiple myeloma,1,Uganda,1.0,0.021783921492315384
Non-Hodgkin lymphoma,7,Uganda,7.4,0.15248745044620768
Ovarian cancer,4,Uganda,5.6,0.08713568596926154
Pancreatic cancer,1,Uganda,1.6,0.021783921492315384
Penile cancer,0,Uganda,3.1,0.0
Prostate cancer,29,Uganda,43.1,0.6317337232771462
Rectal cancer,0,Uganda,2.9,0.0
Salivary gland cancer,1,Uganda,0.41,0.021783921492315384
Skin cancer,2,Uganda,2.54,0.04356784298463077
Stomach cancer,1,Uganda,3.3,0.021783921492315384
Testicular cancer,1,Uganda,0.45,0.021783921492315384
Throat cancer,0,Uganda,3.16,0.0
Thyroid cancer,2,Uganda,1.8,0.04356784298463077
Uterine cancer,2,Uganda,3.8,0.04356784298463077
Vaginal cancer,0,Uganda,0.35,0.0
Vulvar cancer,0,Uganda,1.1,0.0
Anal cancer,40,Switzerland,1.4,4.411532451673867
Bladder cancer,370,Switzerland,14.7,40.80667517798328
Brain cancer,1162,Switzerland,5.6,128.15501772112586
Breast cancer,2378,Switzerland,77.4,262.2656042520114
Cervical cancer,366,Switzerland,4.1,40.36552193281589
Colon cancer,338,Switzerland,15.7,37.277449216644186
Colorectal cancer,894,Switzerland,26.3,98.59775029491094
Esophageal cancer,117,Switzerland,3.1,12.903732421146064
Gallbladder cancer,17,Switzerland,0.65,1.8749012919613939
Hodgkin lymphoma,170,Switzerland,2.9,18.74901291961394
Kaposi sarcoma,51,Switzerland,0.19,5.624703875884181
Kidney cancer,322,Switzerland,5.8,35.51283623597463
Laryngeal cancer,31,Switzerland,1.3,3.4189376500472477
Leukemia,1520,Switzerland,8.2,167.63823316360697
Liver cancer,576,Switzerland,5.4,63.5260673041037
Lung cancer,1085,Switzerland,24.1,119.66281775165366
Mesothelioma,302,Switzerland,1.1,33.3070700101377
Mouth cancer,1,Switzerland,3.8,0.1102883112918467
Multiple myeloma,318,Switzerland,3.2,35.07168299080725
Non-Hodgkin lymphoma,424,Switzerland,9.8,46.762243987743
Ovarian cancer,441,Switzerland,6.8,48.63714527970439
Pancreatic cancer,318,Switzerland,8.5,35.07168299080725
Penile cancer,7,Switzerland,0.46,0.7720181790429269
Prostate cancer,1288,Switzerland,69.1,142.05134494389853
Rectal cancer,194,Switzerland,9.2,21.39593239061826
Salivary gland cancer,4,Switzerland,0.49,0.4411532451673868
Skin cancer,2011,Switzerland,50.9,221.7897940079037
Stomach cancer,64,Switzerland,5.1,7.058451922678189
Testicular cancer,67,Switzerland,10.3,7.389316856553728
Throat cancer,1,Switzerland,3.31,0.1102883112918467
Thyroid cancer,222,Switzerland,7.0,24.484005106789965
Uterine cancer,143,Switzerland,11.8,15.771228514734076
Vaginal cancer,4,Switzerland,0.24,0.4411532451673868
Vulvar cancer,27,Switzerland,0.97,2.977784404879861
Anal cancer,1,Benin,0.65,0.07561516719269618
Bladder cancer,0,Benin,0.91,0.0
Brain cancer,0,Benin,0.9,0.0
Breast cancer,7,Benin,33.3,0.5293061703488733
Cervical cancer,4,Benin,18.1,0.3024606687707847
Colon cancer,1,Benin,4.1,0.07561516719269618
Colorectal cancer,1,Benin,6.9,0.07561516719269618
Esophageal cancer,2,Benin,3.3,0.15123033438539235
Gallbladder cancer,0,Benin,0.47,0.0
Hodgkin lymphoma,0,Benin,0.39,0.0
Kaposi sarcoma,1,Benin,0.26,0.07561516719269618
Kidney cancer,1,Benin,1.2,0.07561516719269618
Laryngeal cancer,0,Benin,0.44,0.0
Leukemia,1,Benin,3.0,0.07561516719269618
Liver cancer,5,Benin,8.2,0.3780758359634809
Lung cancer,6,Benin,1.5,0.45369100315617705
Mesothelioma,0,Benin,0.0,0.0
Mouth cancer,0,Benin,1.1,0.0
Multiple myeloma,1,Benin,0.89,0.07561516719269618
Non-Hodgkin lymphoma,0,Benin,2.1,0.0
Ovarian cancer,1,Benin,2.8,0.07561516719269618
Pancreatic cancer,1,Benin,3.2,0.07561516719269618
Penile cancer,0,Benin,0.39,0.0
Prostate cancer,2,Benin,38.0,0.15123033438539235
Rectal cancer,0,Benin,2.2,0.0
Salivary gland cancer,0,Benin,1.0,0.0
Skin cancer,2,Benin,2.0500000000000003,0.15123033438539235
Stomach cancer,1,Benin,5.9,0.07561516719269618
Testicular cancer,0,Benin,0.33,0.0
Throat cancer,0,Benin,1.51,0.0
Thyroid cancer,0,Benin,0.62,0.0
Uterine cancer,2,Benin,4.9,0.15123033438539235
Vaginal cancer,0,Benin,0.39,0.0
Vulvar cancer,0,Benin,0.88,0.0
Anal cancer,3,Pakistan,0.35,0.012422389516934307
Bladder cancer,81,Pakistan,3.4,0.3354045169572263
Brain cancer,211,Pakistan,2.7,0.8737080626910463
Breast cancer,1070,Pakistan,34.2,4.430652261039903
Cervical cancer,132,Pakistan,5.4,0.5465851387451095
Colon cancer,73,Pakistan,3.1,0.3022781449120681
Colorectal cancer,181,Pakistan,5.4,0.7494841675217032
Esophageal cancer,46,Pakistan,5.5,0.19047663925965938
Gallbladder cancer,19,Pakistan,1.8,0.0786751336072506
Hodgkin lymphoma,82,Pakistan,0.86,0.33954531346287103
Kaposi sarcoma,2,Pakistan,0.04,0.008281593011289537
Kidney cancer,98,Pakistan,1.7,0.4057980575531874
Laryngeal cancer,11,Pakistan,2.4,0.045548761562092456
Leukemia,390,Pakistan,3.5,1.6149106372014599
Liver cancer,283,Pakistan,3.8,1.1718454110974696
Lung cancer,317,Pakistan,6.0,1.3126324922893917
Mesothelioma,8,Pakistan,0.03,0.03312637204515815
Mouth cancer,2,Pakistan,9.2,0.008281593011289537
Multiple myeloma,50,Pakistan,1.1,0.20703982528223844
Non-Hodgkin lymphoma,91,Pakistan,4.1,0.37681248201367396
Ovarian cancer,104,Pakistan,5.6,0.430642836587056
Pancreatic cancer,62,Pakistan,0.69,0.2567293833499757
Penile cancer,2,Pakistan,0.34,0.008281593011289537
Prostate cancer,198,Pakistan,6.7,0.8198777081176643
Rectal cancer,38,Pakistan,2.0,0.1573502672145012
Salivary gland cancer,1,Pakistan,0.51,0.004140796505644769
Skin cancer,160,Pakistan,3.21,0.6625274409031631
Stomach cancer,20,Pakistan,3.5,0.08281593011289538
Testicular cancer,7,Pakistan,0.7,0.02898557553951338
Throat cancer,1,Pakistan,2.13,0.004140796505644769
Thyroid cancer,86,Pakistan,1.6,0.35610849948545015
Uterine cancer,31,Pakistan,3.8,0.12836469167498785
Vaginal cancer,2,Pakistan,0.29,0.008281593011289537
Vulvar cancer,4,Pakistan,0.3,0.016563186022579075
Anal cancer,0,Bangladesh,0.24,0.0
Bladder cancer,17,Bangladesh,1.1,0.10010074197555209
Brain cancer,33,Bangladesh,0.81,0.1943132050113658
Breast cancer,185,Bangladesh,15.2,1.0893316038515963
Cervical cancer,116,Bangladesh,11.3,0.6830403570096496
Colon cancer,24,Bangladesh,1.7,0.1413186945537206
Colorectal cancer,48,Bangladesh,3.6,0.2826373891074412
Esophageal cancer,2,Bangladesh,16.0,0.011776557879476717
Gallbladder cancer,2,Bangladesh,5.3,0.011776557879476717
Hodgkin lymphoma,9,Bangladesh,0.31,0.05299451045764522
Kaposi sarcoma,0,Bangladesh,0.0,0.0
Kidney cancer,14,Bangladesh,0.95,0.08243590515633702
Laryngeal cancer,1,Bangladesh,3.9,0.005888278939738359
Leukemia,60,Bangladesh,1.8,0.3532967363843015
Liver cancer,35,Bangladesh,2.1,0.20608976289084255
Lung cancer,42,Bangladesh,8.8,0.24730771546901104
Mesothelioma,2,Bangladesh,0.01,0.011776557879476717
Mouth cancer,0,Bangladesh,10.3,0.0
Multiple myeloma,9,Bangladesh,0.5,0.05299451045764522
Non-Hodgkin lymphoma,12,Bangladesh,2.0,0.0706593472768603
Ovarian cancer,26,Bangladesh,3.3,0.15309525243319733
Pancreatic cancer,19,Bangladesh,0.88,0.11187729985502881
Penile cancer,0,Bangladesh,0.83,0.0
Prostate cancer,29,Bangladesh,3.2,0.1707600892524124
Rectal cancer,9,Bangladesh,1.6,0.05299451045764522
Salivary gland cancer,0,Bangladesh,0.53,0.0
Skin cancer,40,Bangladesh,1.02,0.23553115758953433
Stomach cancer,11,Bangladesh,5.5,0.06477106833712194
Testicular cancer,1,Bangladesh,0.43,0.005888278939738359
Throat cancer,0,Bangladesh,8.91,0.0
Thyroid cancer,11,Bangladesh,0.99,0.06477106833712194
Uterine cancer,3,Bangladesh,1.2,0.017664836819215074
Vaginal cancer,1,Bangladesh,0.31,0.005888278939738359
Vulvar cancer,2,Bangladesh,0.37,0.011776557879476717
Anal cancer,0,Timor-Leste,0.0,0.0
Bladder cancer,0,Timor-Leste,1.6,0.0
Brain cancer,0,Timor-Leste,1.0,0.0
Breast cancer,0,Timor-Leste,26.4,0.0
Cervical cancer,0,Timor-Leste,14.8,0.0
Colon cancer,0,Timor-Leste,5.2,0.0
Colorectal cancer,0,Timor-Leste,8.8,0.0
Esophageal cancer,0,Timor-Leste,0.38,0.0
Gallbladder cancer,0,Timor-Leste,0.0,0.0
Hodgkin lymphoma,0,Timor-Leste,0.13,0.0
Kaposi sarcoma,0,Timor-Leste,0.0,0.0
Kidney cancer,0,Timor-Leste,1.0,0.0
Laryngeal cancer,0,Timor-Leste,0.65,0.0
Leukemia,0,Timor-Leste,2.8,0.0
Liver cancer,0,Timor-Leste,5.4,0.0
Lung cancer,0,Timor-Leste,10.2,0.0
Mesothelioma,0,Timor-Leste,0.0,0.0
Mouth cancer,0,Timor-Leste,1.1,0.0
Multiple myeloma,0,Timor-Leste,0.75,0.0
Non-Hodgkin lymphoma,0,Timor-Leste,3.7,0.0
Ovarian cancer,0,Timor-Leste,6.6,0.0
Pancreatic cancer,0,Timor-Leste,1.8,0.0
Penile cancer,0,Timor-Leste,0.0,0.0
Prostate cancer,0,Timor-Leste,7.8,0.0
Rectal cancer,0,Timor-Leste,3.6,0.0
Salivary gland cancer,0,Timor-Leste,0.23,0.0
Skin cancer,0,Timor-Leste,0.93,0.0
Stomach cancer,0,Timor-Leste,3.2,0.0
Testicular cancer,0,Timor-Leste,0.49,0.0
Throat cancer,0,Timor-Leste,5.0,0.0
Thyroid cancer,0,Timor-Leste,1.4,0.0
Uterine cancer,0,Timor-Leste,2.3,0.0
Vaginal cancer,0,Timor-Leste,0.0,0.0
Vulvar cancer,0,Timor-Leste,0.0,0.0
Anal cancer,8,South Africa,0.83,0.12678098560964499
Bladder cancer,22,South Africa,4.1,0.3486477104265237
Brain cancer,68,South Africa,1.5,1.0776383776819825
Breast cancer,780,South Africa,47.8,12.361146096940386
Cervical cancer,583,South Africa,33.2,9.239164326302879
Colon cancer,68,South Africa,6.8,1.0776383776819825
Colorectal cancer,190,South Africa,13.5,3.0110484082290685
Esophageal cancer,74,South Africa,6.4,1.1727241168892162
Gallbladder cancer,4,South Africa,0.66,0.06339049280482249
Hodgkin lymphoma,57,South Africa,1.1,0.9033145224687206
Kaposi sarcoma,68,South Africa,6.0,1.0776383776819825
Kidney cancer,84,South Africa,2.6,1.3312003489012725
Laryngeal cancer,8,South Africa,1.9,0.12678098560964499
Leukemia,236,South Africa,3.6,3.7400390754845274
Liver cancer,240,South Africa,4.9,3.8034295682893497
Lung cancer,273,South Africa,18.1,4.326401133929135
Mesothelioma,45,South Africa,0.6,0.7131430440542531
Mouth cancer,2,South Africa,3.1,0.031695246402411247
Multiple myeloma,52,South Africa,2.3,0.8240764064626924
Non-Hodgkin lymphoma,58,South Africa,5.6,0.9191621456699262
Ovarian cancer,85,South Africa,5.1,1.347047972102478
Pancreatic cancer,42,South Africa,5.3,0.6656001744506362
Penile cancer,8,South Africa,1.4,0.12678098560964499
Prostate cancer,284,South Africa,62.0,4.500724989142397
Rectal cancer,6,South Africa,5.9,0.09508573920723375
Salivary gland cancer,0,South Africa,0.54,0.0
Skin cancer,292,South Africa,23.9,4.627505974752042
Stomach cancer,14,South Africa,3.6,0.22186672481687875
Testicular cancer,8,South Africa,0.7,0.12678098560964499
Throat cancer,0,South Africa,1.49,0.0
Thyroid cancer,20,South Africa,2.2,0.3169524640241125
Uterine cancer,31,South Africa,6.2,0.49127631923737436
Vaginal cancer,2,South Africa,0.74,0.031695246402411247
Vulvar cancer,11,South Africa,2.0,0.17432385521326185
Anal cancer,1,Tanzania,1.7,0.014672867537871111
Bladder cancer,4,Tanzania,4.1,0.058691470151484446
Brain cancer,1,Tanzania,0.46,0.014672867537871111
Breast cancer,64,Tanzania,25.1,0.9390635224237511
Cervical cancer,76,Tanzania,64.8,1.1151379328782045
Colon cancer,0,Tanzania,2.5,0.0
Colorectal cancer,8,Tanzania,6.8,0.11738294030296889
Esophageal cancer,2,Tanzania,11.8,0.029345735075742223
Gallbladder cancer,1,Tanzania,0.47,0.014672867537871111
Hodgkin lymphoma,5,Tanzania,1.0,0.07336433768935556
Kaposi sarcoma,4,Tanzania,3.4,0.058691470151484446
Kidney cancer,3,Tanzania,1.4,0.04401860261361333
Laryngeal cancer,0,Tanzania,0.96,0.0
Leukemia,7,Tanzania,1.5,0.10271007276509778
Liver cancer,11,Tanzania,3.4,0.16140154291658224
Lung cancer,13,Tanzania,2.5,0.19074727799232444
Mesothelioma,0,Tanzania,0.18,0.0
Mouth cancer,0,Tanzania,2.3,0.0
Multiple myeloma,5,Tanzania,0.44,0.07336433768935556
Non-Hodgkin lymphoma,4,Tanzania,3.3,0.058691470151484446
Ovarian cancer,4,Tanzania,3.8,0.058691470151484446
Pancreatic cancer,1,Tanzania,1.8,0.014672867537871111
Penile cancer,2,Tanzania,1.2,0.029345735075742223
Prostate cancer,22,Tanzania,45.4,0.32280308583316447
Rectal cancer,1,Tanzania,2.6,0.014672867537871111
Salivary gland cancer,0,Tanzania,0.68,0.0
Skin cancer,11,Tanzania,3.8,0.16140154291658224
Stomach cancer,2,Tanzania,4.2,0.029345735075742223
Testicular cancer,2,Tanzania,0.29,0.029345735075742223
Throat cancer,0,Tanzania,2.08,0.0
Thyroid cancer,2,Tanzania,1.3,0.029345735075742223
Uterine cancer,1,Tanzania,2.3,0.014672867537871111
Vaginal cancer,0,Tanzania,0.66,0.0
Vulvar cancer,0,Tanzania,1.3,0.0
Anal cancer,0,Uruguay,1.0,0.0
Bladder cancer,9,Uruguay,8.8,2.5718319816451207
Brain cancer,8,Uruguay,4.9,2.286072872573441
Breast cancer,91,Uruguay,75.1,26.00407892552289
Cervical cancer,10,Uruguay,15.9,2.857591090716801
Colon cancer,17,Uruguay,21.0,4.857904854218562
Colorectal cancer,27,Uruguay,31.0,7.715495944935363
Esophageal cancer,7,Uruguay,4.2,2.0003137635017607
Gallbladder cancer,0,Uruguay,1.9,0.0
Hodgkin lymphoma,11,Uruguay,2.0,3.143350199788481
Kaposi sarcoma,0,Uruguay,0.28,0.0
Kidney cancer,4,Uruguay,14.0,1.1430364362867205
Laryngeal cancer,8,Uruguay,3.1,2.286072872573441
Leukemia,48,Uruguay,5.7,13.716437235440646
Liver cancer,3,Uruguay,3.0,0.8572773272150404
Lung cancer,6,Uruguay,29.7,1.7145546544300807
Mesothelioma,0,Uruguay,0.19,0.0
Mouth cancer,0,Uruguay,3.0,0.0
Multiple myeloma,8,Uruguay,2.4,2.286072872573441
Non-Hodgkin lymphoma,10,Uruguay,8.7,2.857591090716801
Ovarian cancer,1,Uruguay,8.0,0.2857591090716801
Pancreatic cancer,3,Uruguay,11.4,0.8572773272150404
Penile cancer,0,Uruguay,1.2,0.0
Prostate cancer,31,Uruguay,59.0,8.858532381222084
Rectal cancer,6,Uruguay,9.0,1.7145546544300807
Salivary gland cancer,0,Uruguay,0.53,0.0
Skin cancer,51,Uruguay,21.7,14.573714562655685
Stomach cancer,7,Uruguay,9.2,2.0003137635017607
Testicular cancer,3,Uruguay,6.5,0.8572773272150404
Throat cancer,0,Uruguay,2.18,0.0
Thyroid cancer,3,Uruguay,8.5,0.8572773272150404
Uterine cancer,0,Uruguay,8.3,0.0
Vaginal cancer,0,Uruguay,0.44,0.0
Vulvar cancer,0,Uruguay,1.1,0.0
Anal cancer,0,Yemen,0.12,0.0
Bladder cancer,4,Yemen,2.1,0.12238215768494323
Brain cancer,2,Yemen,2.9,0.061191078842471616
Breast cancer,19,Yemen,25.4,0.5813152490034803
Cervical cancer,2,Yemen,2.1,0.061191078842471616
Colon cancer,1,Yemen,5.5,0.030595539421235808
Colorectal cancer,4,Yemen,9.1,0.12238215768494323
Esophageal cancer,1,Yemen,5.4,0.030595539421235808
Gallbladder cancer,0,Yemen,0.11,0.0
Hodgkin lymphoma,0,Yemen,1.7,0.0
Kaposi sarcoma,0,Yemen,0.06,0.0
Kidney cancer,1,Yemen,0.62,0.030595539421235808
Laryngeal cancer,0,Yemen,2.0,0.0
Leukemia,3,Yemen,4.2,0.09178661826370742
Liver cancer,4,Yemen,4.4,0.12238215768494323
Lung cancer,4,Yemen,4.1,0.12238215768494323
Mesothelioma,0,Yemen,0.01,0.0
Mouth cancer,0,Yemen,1.8,0.0
Multiple myeloma,0,Yemen,0.11,0.0
Non-Hodgkin lymphoma,0,Yemen,3.6,0.0
Ovarian cancer,2,Yemen,2.9,0.061191078842471616
Pancreatic cancer,1,Yemen,2.0,0.030595539421235808
Penile cancer,0,Yemen,0.0,0.0
Prostate cancer,0,Yemen,2.6,0.0
Rectal cancer,0,Yemen,3.5,0.0
Salivary gland cancer,0,Yemen,0.94,0.0
Skin cancer,3,Yemen,1.78,0.09178661826370742
Stomach cancer,1,Yemen,5.9,0.030595539421235808
Testicular cancer,0,Yemen,0.2,0.0
Throat cancer,0,Yemen,1.82,0.0
Thyroid cancer,11,Yemen,2.3,0.3365509336335939
Uterine cancer,0,Yemen,0.15,0.0
Vaginal cancer,0,Yemen,0.41,0.0
Vulvar cancer,0,Yemen,0.24,0.0
Anal cancer,0,Lesotho,0.33,0.0
Bladder cancer,0,Lesotho,1.6,0.0
Brain cancer,0,Lesotho,0.47,0.0
Breast cancer,1,Lesotho,18.9,0.4336513443191674
Cervical cancer,2,Lesotho,60.5,0.8673026886383348
Colon cancer,0,Lesotho,3.4,0.0
Colorectal cancer,0,Lesotho,5.8,0.0
Esophageal cancer,0,Lesotho,7.4,0.0
Gallbladder cancer,0,Lesotho,0.0,0.0
Hodgkin lymphoma,0,Lesotho,0.35,0.0
Kaposi sarcoma,0,Lesotho,6.5,0.0
Kidney cancer,0,Lesotho,0.36,0.0
Laryngeal cancer,0,Lesotho,0.69,0.0
Leukemia,0,Lesotho,0.67,0.0
Liver cancer,0,Lesotho,3.0,0.0
Lung cancer,0,Lesotho,4.2,0.0
Mesothelioma,0,Lesotho,0.12,0.0
Mouth cancer,0,Lesotho,1.8,0.0
Multiple myeloma,0,Lesotho,0.51,0.0
Non-Hodgkin lymphoma,0,Lesotho,2.6,0.0
Ovarian cancer,0,Lesotho,2.6,0.0
Pancreatic cancer,0,Lesotho,1.2,0.0
Penile cancer,0,Lesotho,3.1,0.0
Prostate cancer,1,Lesotho,32.1,0.4336513443191674
Rectal cancer,0,Lesotho,2.1,0.0
Salivary gland cancer,0,Lesotho,0.0,0.0
Skin cancer,0,Lesotho,4.07,0.0
Stomach cancer,0,Lesotho,1.7,0.0
Testicular cancer,0,Lesotho,0.23,0.0
Throat cancer,0,Lesotho,0.43,0.0
Thyroid cancer,0,Lesotho,0.33,0.0
Uterine cancer,0,Lesotho,2.3,0.0
Vaginal cancer,0,Lesotho,0.34,0.0
Vulvar cancer,0,Lesotho,2.8,0.0
Anal cancer,4,Russia,0.56,0.02739194604882306
Bladder cancer,132,Russia,6.9,0.903934219611161
Brain cancer,563,Russia,5.3,3.855416406371846
Breast cancer,1122,Russia,57.7,7.683440866694869
Cervical cancer,156,Russia,17.6,1.0682858959040995
Colon cancer,160,Russia,18.4,1.0956778419529225
Colorectal cancer,387,Russia,29.4,2.650170780223631
Esophageal cancer,48,Russia,3.5,0.32870335258587674
Gallbladder cancer,5,Russia,0.68,0.03423993256102883
Hodgkin lymphoma,40,Russia,2.0,0.2739194604882306
Kaposi sarcoma,3,Russia,0.18,0.020543959536617296
Kidney cancer,225,Russia,11.8,1.5407969652462972
Laryngeal cancer,27,Russia,2.9,0.18489563582955568
Leukemia,689,Russia,6.9,4.718262706909773
Liver cancer,158,Russia,4.3,1.081981868928511
Lung cancer,302,Russia,26.0,2.068091926686141
Mesothelioma,24,Russia,0.66,0.16435167629293837
Mouth cancer,3,Russia,3.9,0.020543959536617296
Multiple myeloma,102,Russia,1.9,0.6984946242449881
Non-Hodgkin lymphoma,79,Russia,5.2,0.5409909344642555
Ovarian cancer,231,Russia,11.5,1.581884884319532
Pancreatic cancer,91,Russia,7.8,0.6231667726107246
Penile cancer,3,Russia,0.76,0.020543959536617296
Prostate cancer,409,Russia,47.4,2.800826483492158
Rectal cancer,80,Russia,10.4,0.5478389209764613
Salivary gland cancer,1,Russia,0.58,0.006847986512205765
Skin cancer,590,Russia,12.4,4.040312042201402
Stomach cancer,106,Russia,13.7,0.7258865702938111
Testicular cancer,10,Russia,2.1,0.06847986512205766
Throat cancer,0,Russia,3.37,0.0
Thyroid cancer,145,Russia,8.0,0.992958044269836
Uterine cancer,103,Russia,20.6,0.7053426107571938
Vaginal cancer,3,Russia,0.35,0.020543959536617296
Vulvar cancer,6,Russia,1.1,0.04108791907323459
Anal cancer,0,Tajikistan,0.51,0.0
Bladder cancer,0,Tajikistan,1.0,0.0
Brain cancer,0,Tajikistan,4.5,0.0
Breast cancer,0,Tajikistan,19.5,0.0
Cervical cancer,0,Tajikistan,6.6,0.0
Colon cancer,0,Tajikistan,2.6,0.0
Colorectal cancer,0,Tajikistan,5.6,0.0
Esophageal cancer,0,Tajikistan,2.3,0.0
Gallbladder cancer,0,Tajikistan,0.36,0.0
Hodgkin lymphoma,0,Tajikistan,0.32,0.0
Kaposi sarcoma,0,Tajikistan,0.04,0.0
Kidney cancer,1,Tajikistan,2.0,0.0952471663967997
Laryngeal cancer,0,Tajikistan,0.31,0.0
Leukemia,0,Tajikistan,2.1,0.0
Liver cancer,0,Tajikistan,4.6,0.0
Lung cancer,0,Tajikistan,5.4,0.0
Mesothelioma,0,Tajikistan,0.02,0.0
Mouth cancer,0,Tajikistan,1.3,0.0
Multiple myeloma,0,Tajikistan,0.22,0.0
Non-Hodgkin lymphoma,0,Tajikistan,2.3,0.0
Ovarian cancer,0,Tajikistan,1.8,0.0
Pancreatic cancer,0,Tajikistan,1.3,0.0
Penile cancer,0,Tajikistan,0.0,0.0
Prostate cancer,0,Tajikistan,3.9,0.0
Rectal cancer,0,Tajikistan,2.5,0.0
Salivary gland cancer,0,Tajikistan,0.11,0.0
Skin cancer,1,Tajikistan,2.12,0.0952471663967997
Stomach cancer,0,Tajikistan,19.4,0.0
Testicular cancer,0,Tajikistan,0.43,0.0
Throat cancer,0,Tajikistan,0.87,0.0
Thyroid cancer,0,Tajikistan,0.34,0.0
Uterine cancer,0,Tajikistan,6.0,0.0
Vaginal cancer,0,Tajikistan,0.02,0.0
Vulvar cancer,0,Tajikistan,0.3,0.0
Anal cancer,1,Myanmar,0.31,0.019486812455565196
Bladder cancer,22,Myanmar,1.9,0.4287098740224343
Brain cancer,2,Myanmar,2.1,0.03897362491113039
Breast cancer,14,Myanmar,23.4,0.27281537437791276
Cervical cancer,5,Myanmar,21.4,0.09743406227782599
Colon cancer,1,Myanmar,4.9,0.019486812455565196
Colorectal cancer,5,Myanmar,9.9,0.09743406227782599
Esophageal cancer,2,Myanmar,6.9,0.03897362491113039
Gallbladder cancer,0,Myanmar,1.8,0.0
Hodgkin lymphoma,0,Myanmar,0.2,0.0
Kaposi sarcoma,0,Myanmar,0.02,0.0
Kidney cancer,22,Myanmar,1.0,0.4287098740224343
Laryngeal cancer,1,Myanmar,2.3,0.019486812455565196
Leukemia,11,Myanmar,3.6,0.21435493701121716
Liver cancer,3,Myanmar,10.7,0.05846043736669559
Lung cancer,7,Myanmar,16.1,0.13640768718895638
Mesothelioma,0,Myanmar,0.02,0.0
Mouth cancer,0,Myanmar,4.4,0.0
Multiple myeloma,2,Myanmar,0.45,0.03897362491113039
Non-Hodgkin lymphoma,1,Myanmar,3.4,0.019486812455565196
Ovarian cancer,1,Myanmar,5.6,0.019486812455565196
Pancreatic cancer,1,Myanmar,1.3,0.019486812455565196
Penile cancer,1,Myanmar,1.5,0.019486812455565196
Prostate cancer,36,Myanmar,4.2,0.701525248400347
Rectal cancer,0,Myanmar,4.7,0.0
Salivary gland cancer,0,Myanmar,0.45,0.0
Skin cancer,8,Myanmar,3.08,0.15589449964452157
Stomach cancer,0,Myanmar,11.8,0.0
Testicular cancer,3,Myanmar,0.52,0.05846043736669559
Throat cancer,0,Myanmar,7.0,0.0
Thyroid cancer,1,Myanmar,2.9,0.019486812455565196
Uterine cancer,1,Myanmar,2.7,0.019486812455565196
Vaginal cancer,0,Myanmar,0.21,0.0
Vulvar cancer,0,Myanmar,0.47,0.0
Anal cancer,8,Poland,0.6,0.2138980241170022
Bladder cancer,465,Poland,12.9,12.432822651800754
Brain cancer,902,Poland,6.7,24.117002219192
Breast cancer,2831,Poland,66.0,75.69316328440416
Cervical cancer,526,Poland,11.3,14.063795085692895
Colon cancer,640,Poland,17.2,17.11184192936018
Colorectal cancer,1353,Poland,30.9,36.175503328788
Esophageal cancer,102,Poland,2.7,2.7271998074917785
Gallbladder cancer,15,Poland,1.2,0.40105879521937915
Hodgkin lymphoma,157,Poland,2.1,4.1977487232961685
Kaposi sarcoma,14,Poland,0.07,0.3743215422047539
Kidney cancer,498,Poland,7.6,13.315152001283389
Laryngeal cancer,223,Poland,4.3,5.962407422261437
Leukemia,2202,Poland,6.9,58.87543113820486
Liver cancer,334,Poland,3.3,8.930242506884843
Lung cancer,948,Poland,36.5,25.34691585786476
Mesothelioma,51,Poland,0.48,1.3635999037458892
Mouth cancer,2,Poland,5.6,0.05347450602925055
Multiple myeloma,439,Poland,2.8,11.737654073420497
Non-Hodgkin lymphoma,213,Poland,5.6,5.695034892115184
Ovarian cancer,1022,Poland,12.2,27.325472580947032
Pancreatic cancer,414,Poland,6.7,11.069222748054864
Penile cancer,24,Poland,1.4,0.6416940723510066
Prostate cancer,932,Poland,56.0,24.919119809630757
Rectal cancer,223,Poland,13.0,5.962407422261437
Salivary gland cancer,13,Poland,0.7,0.3475842891901286
Skin cancer,1692,Poland,10.7,45.23943210074597
Stomach cancer,105,Poland,8.1,2.807411566535654
Testicular cancer,39,Poland,8.4,1.0427528675703859
Throat cancer,1,Poland,4.640000000000001,0.026737253014625276
Thyroid cancer,493,Poland,5.4,13.181465736210262
Uterine cancer,554,Poland,18.3,14.812438170102403
Vaginal cancer,10,Poland,0.27,0.2673725301462528
Vulvar cancer,55,Poland,1.4,1.4705489158043903
Anal cancer,0,Ecuador,0.66,0.0
Bladder cancer,2,Ecuador,3.2,0.1104748984459496
Brain cancer,14,Ecuador,3.6,0.7733242891216472
Breast cancer,25,Ecuador,39.5,1.38093623057437
Cervical cancer,19,Ecuador,17.7,1.0495115352365212
Colon cancer,5,Ecuador,8.6,0.276187246114874
Colorectal cancer,8,Ecuador,12.4,0.4418995937837984
Esophageal cancer,2,Ecuador,0.87,0.1104748984459496
Gallbladder cancer,0,Ecuador,1.1,0.0
Hodgkin lymphoma,1,Ecuador,1.2,0.0552374492229748
Kaposi sarcoma,1,Ecuador,0.34,0.0552374492229748
Kidney cancer,2,Ecuador,3.1,0.1104748984459496
Laryngeal cancer,1,Ecuador,0.75,0.0552374492229748
Leukemia,23,Ecuador,6.5,1.2704613321284204
Liver cancer,7,Ecuador,5.2,0.3866621445608236
Lung cancer,9,Ecuador,6.3,0.4971370430067732
Mesothelioma,0,Ecuador,0.13,0.0
Mouth cancer,0,Ecuador,1.2,0.0
Multiple myeloma,3,Ecuador,1.4,0.1657123476689244
Non-Hodgkin lymphoma,5,Ecuador,7.4,0.276187246114874
Ovarian cancer,4,Ecuador,5.1,0.2209497968918992
Pancreatic cancer,2,Ecuador,3.7,0.1104748984459496
Penile cancer,0,Ecuador,1.4,0.0
Prostate cancer,13,Ecuador,35.0,0.7180868398986724
Rectal cancer,2,Ecuador,3.1,0.1104748984459496
Salivary gland cancer,0,Ecuador,0.39,0.0
Skin cancer,12,Ecuador,8.1,0.6628493906756976
Stomach cancer,2,Ecuador,12.8,0.1104748984459496
Testicular cancer,2,Ecuador,3.8,0.1104748984459496
Throat cancer,0,Ecuador,0.68,0.0
Thyroid cancer,23,Ecuador,6.7,1.2704613321284204
Uterine cancer,6,Ecuador,8.0,0.3314246953378488
Vaginal cancer,0,Ecuador,0.28,0.0
Vulvar cancer,0,Ecuador,0.66,0.0
Anal cancer,0,Uzbekistan,0.76,0.0
Bladder cancer,1,Uzbekistan,2.6,0.02641331159059959
Brain cancer,4,Uzbekistan,4.9,0.10565324636239835
Breast cancer,6,Uzbekistan,27.8,0.15847986954359752
Cervical cancer,1,Uzbekistan,14.8,0.02641331159059959
Colon cancer,0,Uzbekistan,4.1,0.0
Colorectal cancer,1,Uzbekistan,9.0,0.02641331159059959
Esophageal cancer,2,Uzbekistan,5.0,0.05282662318119918
Gallbladder cancer,0,Uzbekistan,0.28,0.0
Hodgkin lymphoma,0,Uzbekistan,1.4,0.0
Kaposi sarcoma,0,Uzbekistan,0.16,0.0
Kidney cancer,0,Uzbekistan,2.4,0.0
Laryngeal cancer,0,Uzbekistan,0.48,0.0
Leukemia,4,Uzbekistan,4.4,0.10565324636239835
Liver cancer,2,Uzbekistan,5.4,0.05282662318119918
Lung cancer,2,Uzbekistan,8.4,0.05282662318119918
Mesothelioma,0,Uzbekistan,0.16,0.0
Mouth cancer,0,Uzbekistan,3.2,0.0
Multiple myeloma,1,Uzbekistan,0.12,0.02641331159059959
Non-Hodgkin lymphoma,2,Uzbekistan,1.8,0.05282662318119918
Ovarian cancer,0,Uzbekistan,4.8,0.0
Pancreatic cancer,0,Uzbekistan,3.7,0.0
Penile cancer,0,Uzbekistan,0.08,0.0
Prostate cancer,4,Uzbekistan,10.3,0.10565324636239835
Rectal cancer,0,Uzbekistan,4.2,0.0
Salivary gland cancer,0,Uzbekistan,0.41,0.0
Skin cancer,5,Uzbekistan,1.98,0.13206655795299793
Stomach cancer,0,Uzbekistan,10.2,0.0
Testicular cancer,1,Uzbekistan,1.7,0.02641331159059959
Throat cancer,0,Uzbekistan,1.76,0.0
Thyroid cancer,1,Uzbekistan,1.2,0.02641331159059959
Uterine cancer,0,Uzbekistan,5.3,0.0
Vaginal cancer,0,Uzbekistan,0.26,0.0
Vulvar cancer,0,Uzbekistan,0.47,0.0
Anal cancer,0,United Arab Emirates,0.21,0.0
Bladder cancer,14,United Arab Emirates,6.1,1.3110386835073955
Brain cancer,31,United Arab Emirates,2.1,2.9030142277663757
Breast cancer,321,United Arab Emirates,57.1,30.06024410041957
Cervical cancer,58,United Arab Emirates,5.7,5.4314459745306385
Colon cancer,33,United Arab Emirates,7.2,3.0903054682674322
Colorectal cancer,105,United Arab Emirates,11.5,9.832790126305467
Esophageal cancer,2,United Arab Emirates,0.97,0.1872912405010565
Gallbladder cancer,1,United Arab Emirates,0.39,0.09364562025052825
Hodgkin lymphoma,14,United Arab Emirates,1.4,1.3110386835073955
Kaposi sarcoma,2,United Arab Emirates,0.11,0.1872912405010565
Kidney cancer,19,United Arab Emirates,2.7,1.7792667847600367
Laryngeal cancer,2,United Arab Emirates,1.4,0.1872912405010565
Leukemia,61,United Arab Emirates,5.6,5.712382835282224
Liver cancer,52,United Arab Emirates,2.7,4.869572253027469
Lung cancer,67,United Arab Emirates,6.2,6.274256556785393
Mesothelioma,9,United Arab Emirates,0.22,0.8428105822547542
Mouth cancer,0,United Arab Emirates,1.8,0.0
Multiple myeloma,14,United Arab Emirates,1.5,1.3110386835073955
Non-Hodgkin lymphoma,12,United Arab Emirates,4.0,1.123747443006339
Ovarian cancer,23,United Arab Emirates,5.4,2.1538492657621497
Pancreatic cancer,19,United Arab Emirates,2.4,1.7792667847600367
Penile cancer,0,United Arab Emirates,0.11,0.0
Prostate cancer,42,United Arab Emirates,13.8,3.9331160505221865
Rectal cancer,7,United Arab Emirates,4.1,0.6555193417536977
Salivary gland cancer,0,United Arab Emirates,0.15,0.0
Skin cancer,51,United Arab Emirates,2.15,4.775926632776941
Stomach cancer,2,United Arab Emirates,3.9,0.1872912405010565
Testicular cancer,2,United Arab Emirates,0.57,0.1872912405010565
Throat cancer,0,United Arab Emirates,0.7400000000000001,0.0
Thyroid cancer,22,United Arab Emirates,5.4,2.0602036455116215
Uterine cancer,9,United Arab Emirates,10.3,0.8428105822547542
Vaginal cancer,1,United Arab Emirates,0.11,0.09364562025052825
Vulvar cancer,1,United Arab Emirates,0.1,0.09364562025052825
Anal cancer,0,Honduras,0.58,0.0
Bladder cancer,0,Honduras,1.8,0.0
Brain cancer,1,Honduras,4.6,0.1010853330033908
Breast cancer,1,Honduras,27.3,0.1010853330033908
Cervical cancer,8,Honduras,19.5,0.8086826640271264
Colon cancer,0,Honduras,4.4,0.0
Colorectal cancer,1,Honduras,7.1,0.1010853330033908
Esophageal cancer,0,Honduras,1.4,0.0
Gallbladder cancer,0,Honduras,1.6,0.0
Hodgkin lymphoma,0,Honduras,1.9,0.0
Kaposi sarcoma,0,Honduras,0.05,0.0
Kidney cancer,0,Honduras,2.2,0.0
Laryngeal cancer,0,Honduras,3.5,0.0
Leukemia,0,Honduras,7.1,0.0
Liver cancer,0,Honduras,5.4,0.0
Lung cancer,0,Honduras,6.7,0.0
Mesothelioma,0,Honduras,0.2,0.0
Mouth cancer,0,Honduras,1.1,0.0
Multiple myeloma,0,Honduras,1.4,0.0
Non-Hodgkin lymphoma,0,Honduras,6.1,0.0
Ovarian cancer,0,Honduras,4.0,0.0
Pancreatic cancer,0,Honduras,3.7,0.0
Penile cancer,0,Honduras,2.0,0.0
Prostate cancer,0,Honduras,28.5,0.0
Rectal cancer,0,Honduras,2.1,0.0
Salivary gland cancer,0,Honduras,0.52,0.0
Skin cancer,2,Honduras,2.66,0.2021706660067816
Stomach cancer,2,Honduras,8.6,0.2021706660067816
Testicular cancer,0,Honduras,2.1,0.0
Throat cancer,0,Honduras,0.39,0.0
Thyroid cancer,0,Honduras,4.8,0.0
Uterine cancer,0,Honduras,2.7,0.0
Vaginal cancer,0,Honduras,0.45,0.0
Vulvar cancer,0,Honduras,0.59,0.0
Anal cancer,1,El Salvador,0.25,0.1658381393226109
Bladder cancer,0,El Salvador,1.2,0.0
Brain cancer,0,El Salvador,3.9,0.0
Breast cancer,3,El Salvador,39.7,0.4975144179678327
Cervical cancer,4,El Salvador,15.2,0.6633525572904436
Colon cancer,2,El Salvador,6.4,0.3316762786452218
Colorectal cancer,3,El Salvador,8.7,0.4975144179678327
Esophageal cancer,0,El Salvador,1.0,0.0
Gallbladder cancer,0,El Salvador,1.0,0.0
Hodgkin lymphoma,8,El Salvador,0.88,1.3267051145808872
Kaposi sarcoma,0,El Salvador,0.04,0.0
Kidney cancer,0,El Salvador,2.1,0.0
Laryngeal cancer,1,El Salvador,0.59,0.1658381393226109
Leukemia,19,El Salvador,7.7,3.150924647129607
Liver cancer,1,El Salvador,5.6,0.1658381393226109
Lung cancer,1,El Salvador,4.7,0.1658381393226109
Mesothelioma,0,El Salvador,0.0,0.0
Mouth cancer,0,El Salvador,1.2,0.0
Multiple myeloma,10,El Salvador,0.78,1.6583813932261091
Non-Hodgkin lymphoma,5,El Salvador,2.5,0.8291906966130546
Ovarian cancer,1,El Salvador,4.3,0.1658381393226109
Pancreatic cancer,0,El Salvador,2.6,0.0
Penile cancer,0,El Salvador,0.83,0.0
Prostate cancer,1,El Salvador,41.9,0.1658381393226109
Rectal cancer,2,El Salvador,2.0,0.3316762786452218
Salivary gland cancer,0,El Salvador,0.45,0.0
Skin cancer,0,El Salvador,2.64,0.0
Stomach cancer,0,El Salvador,8.2,0.0
Testicular cancer,0,El Salvador,1.2,0.0
Throat cancer,0,El Salvador,0.37,0.0
Thyroid cancer,3,El Salvador,2.4,0.4975144179678327
Uterine cancer,0,El Salvador,2.9,0.0
Vaginal cancer,0,El Salvador,0.17,0.0
Vulvar cancer,0,El Salvador,0.48,0.0
Anal cancer,0,Mongolia,0.36,0.0
Bladder cancer,0,Mongolia,1.6,0.0
Brain cancer,1,Mongolia,3.0,0.2821005773188315
Breast cancer,15,Mongolia,12.6,4.231508659782472
Cervical cancer,6,Mongolia,20.2,1.692603463912989
Colon cancer,2,Mongolia,5.5,0.564201154637663
Colorectal cancer,6,Mongolia,7.6,1.692603463912989
Esophageal cancer,2,Mongolia,15.7,0.564201154637663
Gallbladder cancer,1,Mongolia,0.44,0.2821005773188315
Hodgkin lymphoma,0,Mongolia,0.5,0.0
Kaposi sarcoma,0,Mongolia,0.0,0.0
Kidney cancer,2,Mongolia,4.3,0.564201154637663
Laryngeal cancer,0,Mongolia,1.2,0.0
Leukemia,6,Mongolia,1.8,1.692603463912989
Liver cancer,27,Mongolia,96.1,7.61671558760845
Lung cancer,32,Mongolia,19.0,9.027218474202607
Mesothelioma,0,Mongolia,0.26,0.0
Mouth cancer,0,Mongolia,1.5,0.0
Multiple myeloma,0,Mongolia,0.29,0.0
Non-Hodgkin lymphoma,1,Mongolia,1.5,0.2821005773188315
Ovarian cancer,3,Mongolia,5.7,0.8463017319564945
Pancreatic cancer,2,Mongolia,5.5,0.564201154637663
Penile cancer,0,Mongolia,0.67,0.0
Prostate cancer,1,Mongolia,3.3,0.2821005773188315
Rectal cancer,0,Mongolia,1.7,0.0
Salivary gland cancer,0,Mongolia,0.59,0.0
Skin cancer,1,Mongolia,1.98,0.2821005773188315
Stomach cancer,2,Mongolia,35.5,0.564201154637663
Testicular cancer,0,Mongolia,0.54,0.0
Throat cancer,0,Mongolia,1.4,0.0
Thyroid cancer,1,Mongolia,1.3,0.2821005773188315
Uterine cancer,0,Mongolia,1.9,0.0
Vaginal cancer,0,Mongolia,0.63,0.0
Vulvar cancer,0,Mongolia,0.42,0.0
Anal cancer,0,Mauritania,0.84,0.0
Bladder cancer,0,Mauritania,2.3,0.0
Brain cancer,2,Mauritania,1.3,0.4058827015227907
Breast cancer,1,Mauritania,34.5,0.20294135076139536
Cervical cancer,0,Mauritania,28.3,0.0
Colon cancer,0,Mauritania,3.2,0.0
Colorectal cancer,0,Mauritania,6.2,0.0
Esophageal cancer,0,Mauritania,1.8,0.0
Gallbladder cancer,0,Mauritania,0.44,0.0
Hodgkin lymphoma,0,Mauritania,0.52,0.0
Kaposi sarcoma,0,Mauritania,0.55,0.0
Kidney cancer,0,Mauritania,1.2,0.0
Laryngeal cancer,0,Mauritania,0.65,0.0
Leukemia,0,Mauritania,1.5,0.0
Liver cancer,0,Mauritania,9.3,0.0
Lung cancer,0,Mauritania,1.9,0.0
Mesothelioma,0,Mauritania,0.0,0.0
Mouth cancer,0,Mauritania,1.7,0.0
Multiple myeloma,0,Mauritania,1.0,0.0
Non-Hodgkin lymphoma,0,Mauritania,2.6,0.0
Ovarian cancer,0,Mauritania,4.8,0.0
Pancreatic cancer,0,Mauritania,1.8,0.0
Penile cancer,0,Mauritania,0.0,0.0
Prostate cancer,0,Mauritania,26.5,0.0
Rectal cancer,0,Mauritania,2.2,0.0
Salivary gland cancer,0,Mauritania,0.82,0.0
Skin cancer,0,Mauritania,2.85,0.0
Stomach cancer,0,Mauritania,5.2,0.0
Testicular cancer,0,Mauritania,0.37,0.0
Throat cancer,0,Mauritania,0.6,0.0
Thyroid cancer,0,Mauritania,1.1,0.0
Uterine cancer,0,Mauritania,2.7,0.0
Vaginal cancer,0,Mauritania,0.46,0.0
Vulvar cancer,0,Mauritania,0.86,0.0
Anal cancer,0,Palestine,0.11,0.0
Bladder cancer,4,Palestine,6.6,0.7294677620840894
Brain cancer,3,Palestine,3.6,0.547100821563067
Breast cancer,64,Palestine,46.3,11.67148419334543
Cervical cancer,10,Palestine,3.1,1.8236694052102236
Colon cancer,6,Palestine,12.2,1.094201643126134
Colorectal cancer,21,Palestine,18.3,3.829705750941469
Esophageal cancer,0,Palestine,0.7,0.0
Gallbladder cancer,0,Palestine,1.6,0.0
Hodgkin lymphoma,3,Palestine,2.0,0.547100821563067
Kaposi sarcoma,0,Palestine,0.26,0.0
Kidney cancer,5,Palestine,3.3,0.9118347026051118
Laryngeal cancer,0,Palestine,2.6,0.0
Leukemia,13,Palestine,6.1,2.3707702267732906
Liver cancer,6,Palestine,5.1,1.094201643126134
Lung cancer,6,Palestine,20.4,1.094201643126134
Mesothelioma,0,Palestine,0.15,0.0
Mouth cancer,0,Palestine,1.2,0.0
Multiple myeloma,6,Palestine,3.4,1.094201643126134
Non-Hodgkin lymphoma,2,Palestine,6.7,0.3647338810420447
Ovarian cancer,6,Palestine,4.2,1.094201643126134
Pancreatic cancer,3,Palestine,4.6,0.547100821563067
Penile cancer,0,Palestine,0.0,0.0
Prostate cancer,8,Palestine,17.5,1.4589355241681787
Rectal cancer,2,Palestine,6.0,0.3647338810420447
Salivary gland cancer,0,Palestine,0.42,0.0
Skin cancer,15,Palestine,2.14,2.735504107815335
Stomach cancer,2,Palestine,5.0,0.3647338810420447
Testicular cancer,1,Palestine,1.6,0.18236694052102234
Throat cancer,0,Palestine,0.76,0.0
Thyroid cancer,5,Palestine,4.9,0.9118347026051118
Uterine cancer,0,Palestine,6.9,0.0
Vaginal cancer,0,Palestine,0.16,0.0
Vulvar cancer,0,Palestine,0.35,0.0
Anal cancer,10,Türkiye,0.24,0.11673386490511217
Bladder cancer,728,Türkiye,11.6,8.498225365092166
Brain cancer,1354,Türkiye,6.4,15.80576530815219
Breast cancer,5015,Türkiye,46.8,58.54203324991376
Cervical cancer,675,Türkiye,4.8,7.879535881095072
Colon cancer,730,Türkiye,12.4,8.52157213807319
Colorectal cancer,1241,Türkiye,19.8,14.486672634724421
Esophageal cancer,107,Türkiye,1.2,1.2490523544847003
Gallbladder cancer,61,Türkiye,0.7,0.7120765759211842
Hodgkin lymphoma,364,Türkiye,1.9,4.249112682546083
Kaposi sarcoma,75,Türkiye,0.5,0.8755039867883413
Kidney cancer,818,Türkiye,5.3,9.548830149238176
Laryngeal cancer,222,Türkiye,3.8,2.59149180089349
Leukemia,2145,Türkiye,6.8,25.039414022146563
Liver cancer,824,Türkiye,4.7,9.618870468181244
Lung cancer,1672,Türkiye,37.9,19.517902212134757
Mesothelioma,318,Türkiye,0.82,3.712136903982567
Mouth cancer,2,Türkiye,2.1,0.023346772981022435
Multiple myeloma,514,Türkiye,2.6,6.000120656122766
Non-Hodgkin lymphoma,401,Türkiye,6.6,4.6810279826949985
Ovarian cancer,779,Türkiye,6.9,9.09356807610824
Pancreatic cancer,344,Türkiye,7.7,4.015644952735859
Penile cancer,15,Türkiye,0.04,0.17510079735766826
Prostate cancer,1823,Türkiye,35.3,21.28058357220195
Rectal cancer,377,Türkiye,7.2,4.400866706922729
Salivary gland cancer,4,Türkiye,0.54,0.04669354596204487
Skin cancer,1267,Türkiye,9.0,14.790180683477713
Stomach cancer,236,Türkiye,11.7,2.7549192117606474
Testicular cancer,144,Türkiye,3.8,1.6809676546336154
Throat cancer,1,Türkiye,1.35,0.011673386490511218
Thyroid cancer,775,Türkiye,15.6,9.046874530146194
Uterine cancer,695,Türkiye,14.3,8.113003610905297
Vaginal cancer,8,Türkiye,0.16,0.09338709192408974
Vulvar cancer,38,Türkiye,0.5,0.4435886866394263
Anal cancer,0,Albania,0.24,0.0
Bladder cancer,0,Albania,8.2,0.0
Brain cancer,4,Albania,7.0,1.6925385285239287
Breast cancer,7,Albania,51.1,2.961942424916875
Cervical cancer,3,Albania,8.7,1.2694038963929466
Colon cancer,1,Albania,4.9,0.4231346321309822
Colorectal cancer,2,Albania,10.2,0.8462692642619644
Esophageal cancer,0,Albania,1.3,0.0
Gallbladder cancer,0,Albania,0.79,0.0
Hodgkin lymphoma,0,Albania,1.9,0.0
Kaposi sarcoma,0,Albania,0.07,0.0
Kidney cancer,0,Albania,3.5,0.0
Laryngeal cancer,0,Albania,3.3,0.0
Leukemia,1,Albania,7.4,0.4231346321309822
Liver cancer,0,Albania,3.2,0.0
Lung cancer,0,Albania,25.3,0.0
Mesothelioma,1,Albania,0.64,0.4231346321309822
Mouth cancer,0,Albania,1.7,0.0
Multiple myeloma,1,Albania,1.5,0.4231346321309822
Non-Hodgkin lymphoma,0,Albania,2.3,0.0
Ovarian cancer,1,Albania,8.8,0.4231346321309822
Pancreatic cancer,2,Albania,5.3,0.8462692642619644
Penile cancer,0,Albania,0.51,0.0
Prostate cancer,2,Albania,12.2,0.8462692642619644
Rectal cancer,0,Albania,5.0,0.0
Salivary gland cancer,0,Albania,0.33,0.0
Skin cancer,1,Albania,7.4,0.4231346321309822
Stomach cancer,1,Albania,12.6,0.4231346321309822
Testicular cancer,0,Albania,3.3,0.0
Throat cancer,0,Albania,1.6,0.0
Thyroid cancer,3,Albania,1.1,1.2694038963929466
Uterine cancer,0,Albania,9.7,0.0
Vaginal cancer,0,Albania,0.62,0.0
Vulvar cancer,0,Albania,1.0,0.0
Anal cancer,89,Denmark,1.6,14.827352967636386
Bladder cancer,490,Denmark,16.8,81.63374105777336
Brain cancer,499,Denmark,5.7,83.13313630169165
Breast cancer,2874,Denmark,95.4,478.80688122457275
Cervical cancer,578,Denmark,9.7,96.29449455386327
Colon cancer,484,Denmark,32.7,80.6341442284945
Colorectal cancer,1605,Denmark,48.1,267.3921518320944
Esophageal cancer,64,Denmark,4.3,10.66236617897448
Gallbladder cancer,5,Denmark,0.48,0.8329973577323813
Hodgkin lymphoma,226,Denmark,2.6,37.65148056950363
Kaposi sarcoma,13,Denmark,0.05,2.1657931301041913
Kidney cancer,251,Denmark,11.0,41.81646735816554
Laryngeal cancer,21,Denmark,1.9,3.4985889024760013
Leukemia,1379,Denmark,10.1,229.74067126259075
Liver cancer,222,Denmark,4.6,36.98508268331773
Lung cancer,677,Denmark,34.2,112.78784223696442
Mesothelioma,106,Denmark,1.0,17.659543983926483
Mouth cancer,1,Denmark,3.8,0.16659947154647625
Multiple myeloma,324,Denmark,4.7,53.978228781058306
Non-Hodgkin lymphoma,317,Denmark,14.0,52.81203248023297
Ovarian cancer,649,Denmark,7.2,108.12305703366309
Pancreatic cancer,301,Denmark,8.5,50.14644093548935
Penile cancer,45,Denmark,1.1,7.496976219591431
Prostate cancer,938,Denmark,76.7,156.27030431059472
Rectal cancer,411,Denmark,13.7,68.47238280560174
Salivary gland cancer,3,Denmark,0.74,0.49979841463942876
Skin cancer,1383,Denmark,56.0,230.40706914877666
Stomach cancer,41,Denmark,5.3,6.830578333405526
Testicular cancer,283,Denmark,10.2,47.14765044765278
Throat cancer,0,Denmark,5.3,0.0
Thyroid cancer,118,Denmark,8.0,19.658737642484198
Uterine cancer,197,Denmark,14.3,32.82009589465582
Vaginal cancer,11,Denmark,0.3,1.8325941870112388
Vulvar cancer,37,Denmark,2.8,6.164180447219621
Anal cancer,14,Ireland,0.78,2.564760194921775
Bladder cancer,43,Ireland,9.6,7.8774777415454516
Brain cancer,166,Ireland,6.1,30.410728025501044
Breast cancer,1451,Ireland,91.5,265.819074487964
Cervical cancer,134,Ireland,7.5,24.54841900853699
Colon cancer,180,Ireland,19.4,32.97548822042282
Colorectal cancer,600,Ireland,32.3,109.91829406807607
Esophageal cancer,117,Ireland,5.3,21.434067343274833
Gallbladder cancer,2,Ireland,0.77,0.36639431356025354
Hodgkin lymphoma,29,Ireland,3.2,5.312717546623676
Kaposi sarcoma,4,Ireland,0.1,0.7327886271205071
Kidney cancer,108,Ireland,10.4,19.785292932253693
Laryngeal cancer,16,Ireland,2.3,2.9311545084820283
Leukemia,423,Ireland,7.4,77.49239731799362
Liver cancer,71,Ireland,5.7,13.006998131389
Lung cancer,231,Ireland,31.4,42.318543216209285
Mesothelioma,32,Ireland,0.54,5.862309016964057
Mouth cancer,7,Ireland,4.1,1.2823800974608874
Multiple myeloma,137,Ireland,4.5,25.098010478877367
Non-Hodgkin lymphoma,45,Ireland,11.6,8.243872055105705
Ovarian cancer,171,Ireland,9.9,31.326713809401678
Pancreatic cancer,92,Ireland,6.9,16.854138423771662
Penile cancer,18,Ireland,1.2,3.2975488220422817
Prostate cancer,522,Ireland,99.8,95.62891583922618
Rectal cancer,193,Ireland,12.1,35.35705125856447
Salivary gland cancer,1,Ireland,0.64,0.18319715678012677
Skin cancer,478,Ireland,55.8,87.5682409409006
Stomach cancer,31,Ireland,5.3,5.67911186018393
Testicular cancer,39,Ireland,6.6,7.144689114424944
Throat cancer,0,Ireland,2.6,0.0
Thyroid cancer,58,Ireland,5.3,10.625435093247352
Uterine cancer,40,Ireland,15.8,7.327886271205071
Vaginal cancer,0,Ireland,0.24,0.0
Vulvar cancer,3,Ireland,1.6,0.5495914703403804
Anal cancer,0,Sri Lanka,0.41,0.0
Bladder cancer,14,Sri Lanka,1.9,0.6432886385577101
Brain cancer,6,Sri Lanka,1.8,0.27569513081044716
Breast cancer,97,Sri Lanka,27.7,4.457071281435563
Cervical cancer,18,Sri Lanka,9.2,0.8270853924313416
Colon cancer,12,Sri Lanka,3.3,0.5513902616208943
Colorectal cancer,33,Sri Lanka,7.8,1.5163232194574596
Esophageal cancer,4,Sri Lanka,5.4,0.18379675387363145
Gallbladder cancer,1,Sri Lanka,0.33,0.04594918846840786
Hodgkin lymphoma,6,Sri Lanka,0.92,0.27569513081044716
Kaposi sarcoma,0,Sri Lanka,0.0,0.0
Kidney cancer,12,Sri Lanka,1.2,0.5513902616208943
Laryngeal cancer,2,Sri Lanka,2.5,0.09189837693681573
Leukemia,17,Sri Lanka,3.9,0.7811362039629337
Liver cancer,20,Sri Lanka,1.2,0.9189837693681573
Lung cancer,22,Sri Lanka,6.7,1.010882146304973
Mesothelioma,0,Sri Lanka,0.02,0.0
Mouth cancer,0,Sri Lanka,8.1,0.0
Multiple myeloma,6,Sri Lanka,1.5,0.27569513081044716
Non-Hodgkin lymphoma,7,Sri Lanka,3.3,0.32164431927885506
Ovarian cancer,6,Sri Lanka,8.2,0.27569513081044716
Pancreatic cancer,3,Sri Lanka,0.83,0.13784756540522358
Penile cancer,0,Sri Lanka,0.69,0.0
Prostate cancer,7,Sri Lanka,6.5,0.32164431927885506
Rectal cancer,20,Sri Lanka,4.0,0.9189837693681573
Salivary gland cancer,0,Sri Lanka,0.67,0.0
Skin cancer,9,Sri Lanka,1.63,0.4135426962156708
Stomach cancer,4,Sri Lanka,2.6,0.18379675387363145
Testicular cancer,1,Sri Lanka,0.73,0.04594918846840786
Throat cancer,0,Sri Lanka,3.12,0.0
Thyroid cancer,12,Sri Lanka,6.7,0.5513902616208943
Uterine cancer,4,Sri Lanka,4.3,0.18379675387363145
Vaginal cancer,0,Sri Lanka,0.35,0.0
Vulvar cancer,1,Sri Lanka,0.25,0.04594918846840786
Anal cancer,0,Chad,0.13,0.0
Bladder cancer,0,Chad,3.2,0.0
Brain cancer,0,Chad,0.75,0.0
Breast cancer,1,Chad,14.2,0.05170428437728678
Cervical cancer,0,Chad,23.5,0.0
Colon cancer,0,Chad,0.89,0.0
Colorectal cancer,1,Chad,2.3,0.05170428437728678
Esophageal cancer,0,Chad,1.4,0.0
Gallbladder cancer,0,Chad,0.08,0.0
Hodgkin lymphoma,0,Chad,0.17,0.0
Kaposi sarcoma,0,Chad,0.33,0.0
Kidney cancer,0,Chad,1.6,0.0
Laryngeal cancer,0,Chad,0.39,0.0
Leukemia,0,Chad,0.69,0.0
Liver cancer,0,Chad,19.1,0.0
Lung cancer,0,Chad,2.0,0.0
Mesothelioma,0,Chad,0.26,0.0
Mouth cancer,0,Chad,1.7,0.0
Multiple myeloma,0,Chad,0.49,0.0
Non-Hodgkin lymphoma,0,Chad,2.5,0.0
Ovarian cancer,0,Chad,3.6,0.0
Pancreatic cancer,0,Chad,2.0,0.0
Penile cancer,0,Chad,0.0,0.0
Prostate cancer,0,Chad,82.2,0.0
Rectal cancer,0,Chad,1.2,0.0
Salivary gland cancer,0,Chad,0.41,0.0
Skin cancer,0,Chad,1.04,0.0
Stomach cancer,0,Chad,3.0,0.0
Testicular cancer,0,Chad,0.4,0.0
Throat cancer,0,Chad,0.95,0.0
Thyroid cancer,0,Chad,5.1,0.0
Uterine cancer,0,Chad,0.71,0.0
Vaginal cancer,0,Chad,0.43,0.0
Vulvar cancer,0,Chad,0.62,0.0
Anal cancer,1,Singapore,0.6,0.16564793188557042
Bladder cancer,122,Singapore,3.9,20.20904769003959
Brain cancer,249,Singapore,2.8,41.24633503950703
Breast cancer,1441,Singapore,72.6,238.69866984710697
Cervical cancer,151,Singapore,7.4,25.012837714721133
Colon cancer,148,Singapore,20.7,24.51589391906442
Colorectal cancer,588,Singapore,34.0,97.4009839487154
Esophageal cancer,26,Singapore,1.9,4.30684622902483
Gallbladder cancer,12,Singapore,1.3,1.9877751826268448
Hodgkin lymphoma,48,Singapore,1.3,7.951100730507379
Kaposi sarcoma,3,Singapore,0.06,0.4969437956567112
Kidney cancer,138,Singapore,7.0,22.859414600208716
Laryngeal cancer,4,Singapore,1.5,0.6625917275422817
Leukemia,576,Singapore,8.8,95.41320876608856
Liver cancer,804,Singapore,12.1,133.1809372359986
Lung cancer,1000,Singapore,24.3,165.64793188557042
Mesothelioma,19,Singapore,0.36,3.147310705825838
Mouth cancer,0,Singapore,2.3,0.0
Multiple myeloma,163,Singapore,2.2,27.000612897347978
Non-Hodgkin lymphoma,105,Singapore,11.3,17.393032847984895
Ovarian cancer,191,Singapore,10.3,31.638754990143948
Pancreatic cancer,73,Singapore,7.7,12.09229902764664
Penile cancer,7,Singapore,0.45,1.1595355231989928
Prostate cancer,294,Singapore,32.8,48.7004919743577
Rectal cancer,112,Singapore,12.7,18.552568371183884
Salivary gland cancer,2,Singapore,0.68,0.33129586377114084
Skin cancer,265,Singapore,4.24,43.89670194967616
Stomach cancer,54,Singapore,8.0,8.944988321820802
Testicular cancer,11,Singapore,2.2,1.8221272507412745
Throat cancer,1,Singapore,6.4,0.16564793188557042
Thyroid cancer,67,Singapore,7.1,11.098411436333217
Uterine cancer,46,Singapore,17.6,7.619804866736239
Vaginal cancer,1,Singapore,0.38,0.16564793188557042
Vulvar cancer,3,Singapore,0.63,0.4969437956567112
Anal cancer,7,New Zealand,0.77,1.3146280541626758
Bladder cancer,42,New Zealand,5.8,7.887768324976055
Brain cancer,138,New Zealand,5.4,25.916953067778465
Breast cancer,779,New Zealand,94.4,146.29932202753207
Cervical cancer,141,New Zealand,4.9,26.480365090991043
Colon cancer,103,New Zealand,24.7,19.343812796965086
Colorectal cancer,464,New Zealand,39.0,87.14105959021165
Esophageal cancer,4,New Zealand,3.6,0.7512160309501005
Gallbladder cancer,4,New Zealand,0.66,0.7512160309501005
Hodgkin lymphoma,25,New Zealand,1.7,4.695100193438128
Kaposi sarcoma,1,New Zealand,0.08,0.18780400773752512
Kidney cancer,134,New Zealand,7.7,25.165737036828364
Laryngeal cancer,7,New Zealand,1.4,1.3146280541626758
Leukemia,394,New Zealand,9.6,73.9947790485849
Liver cancer,77,New Zealand,4.0,14.460908595789434
Lung cancer,183,New Zealand,27.3,34.368133415967094
Mesothelioma,32,New Zealand,1.0,6.009728247600804
Mouth cancer,0,New Zealand,4.0,0.0
Multiple myeloma,119,New Zealand,3.9,22.348676920765488
Non-Hodgkin lymphoma,65,New Zealand,10.3,12.207260502939132
Ovarian cancer,126,New Zealand,8.5,23.663304974928163
Pancreatic cancer,76,New Zealand,6.0,14.27310458805191
Penile cancer,0,New Zealand,0.35,0.0
Prostate cancer,309,New Zealand,82.9,58.03143839089526
Rectal cancer,78,New Zealand,13.4,14.64871260352696
Salivary gland cancer,1,New Zealand,0.42,0.18780400773752512
Skin cancer,538,New Zealand,157.3,101.03855616278851
Stomach cancer,26,New Zealand,5.0,4.882904201175653
Testicular cancer,27,New Zealand,7.2,5.070708208913178
Throat cancer,1,New Zealand,2.0,0.18780400773752512
Thyroid cancer,32,New Zealand,6.7,6.009728247600804
Uterine cancer,73,New Zealand,12.0,13.709692564839333
Vaginal cancer,2,New Zealand,0.45,0.37560801547505024
Vulvar cancer,9,New Zealand,1.4,1.690236069637726
Anal cancer,2,Jordan,0.27,0.17044486108743823
Bladder cancer,31,Jordan,8.7,2.6418953468552924
Brain cancer,63,Jordan,4.8,5.3690131242543035
Breast cancer,443,Jordan,60.0,37.753536730867566
Cervical cancer,38,Jordan,3.2,3.2384523606613262
Colon cancer,27,Jordan,12.0,2.301005624680416
Colorectal cancer,127,Jordan,16.5,10.823248679052327
Esophageal cancer,2,Jordan,1.1,0.17044486108743823
Gallbladder cancer,7,Jordan,0.93,0.5965570138060338
Hodgkin lymphoma,22,Jordan,2.1,1.8748934719618204
Kaposi sarcoma,0,Jordan,0.17,0.0
Kidney cancer,19,Jordan,3.2,1.6192261803306631
Laryngeal cancer,3,Jordan,3.1,0.2556672916311573
Leukemia,104,Jordan,7.0,8.863132776546788
Liver cancer,16,Jordan,2.6,1.3635588886995058
Lung cancer,35,Jordan,14.3,2.982785069030169
Mesothelioma,8,Jordan,0.17,0.6817794443497529
Mouth cancer,3,Jordan,1.3,0.2556672916311573
Multiple myeloma,14,Jordan,2.4,1.1931140276120675
Non-Hodgkin lymphoma,23,Jordan,6.5,1.9601159025055395
Ovarian cancer,27,Jordan,5.7,2.301005624680416
Pancreatic cancer,21,Jordan,3.8,1.7896710414181012
Penile cancer,1,Jordan,0.0,0.08522243054371911
Prostate cancer,75,Jordan,15.1,6.391682290778933
Rectal cancer,8,Jordan,4.3,0.6817794443497529
Salivary gland cancer,0,Jordan,0.46,0.0
Skin cancer,56,Jordan,2.5500000000000003,4.77245611044827
Stomach cancer,11,Jordan,5.3,0.9374467359809102
Testicular cancer,6,Jordan,1.7,0.5113345832623146
Throat cancer,0,Jordan,1.37,0.0
Thyroid cancer,31,Jordan,5.6,2.6418953468552924
Uterine cancer,12,Jordan,7.3,1.0226691665246292
Vaginal cancer,0,Jordan,0.28,0.0
Vulvar cancer,2,Jordan,0.32,0.17044486108743823
Anal cancer,164,Germany,1.5,1.9622590579194263
Bladder cancer,2186,Germany,12.4,26.15547744275528
Brain cancer,6376,Germany,5.1,76.2888033737455
Breast cancer,11849,Germany,77.0,141.77321693467854
Cervical cancer,1373,Germany,7.1,16.427937112947394
Colon cancer,1788,Germany,14.2,21.39340972902399
Colorectal cancer,5315,Germany,25.7,63.593944468547264
Esophageal cancer,939,Germany,3.5,11.235129606014276
Gallbladder cancer,97,Germany,0.57,1.160604442793807
Hodgkin lymphoma,1257,Germany,2.1,15.039997779297066
Kaposi sarcoma,90,Germany,0.09,1.0768494830045632
Kidney cancer,2779,Germany,9.0,33.25071903632979
Laryngeal cancer,250,Germany,1.8,2.9912485639015647
Leukemia,11663,Germany,7.4,139.54772800313577
Liver cancer,3398,Germany,4.5,40.65705048055006
Lung cancer,5387,Germany,28.1,64.45542405495091
Mesothelioma,520,Germany,0.69,6.221797012915254
Mouth cancer,11,Germany,2.8,0.13161493681166883
Multiple myeloma,2141,Germany,2.9,25.617052701252998
Non-Hodgkin lymphoma,1571,Germany,9.0,18.797005975557433
Ovarian cancer,2448,Germany,7.0,29.29030593772412
Pancreatic cancer,3430,Germany,8.7,41.039930296729466
Penile cancer,168,Germany,0.87,2.010119034941851
Prostate cancer,6792,Germany,54.2,81.2662409840777
Rectal cancer,1315,Germany,9.9,15.733967446122229
Salivary gland cancer,57,Germany,0.52,0.6820046725695567
Skin cancer,8906,Germany,36.0,106.56023884042934
Stomach cancer,375,Germany,6.4,4.486872845852346
Testicular cancer,454,Germany,9.5,5.432107392045241
Throat cancer,3,Germany,3.91,0.035894982766818774
Thyroid cancer,1110,Germany,5.6,13.281143623722945
Uterine cancer,692,Germany,10.8,8.27977602487953
Vaginal cancer,36,Germany,0.44,0.43073979320182526
Vulvar cancer,185,Germany,3.7,2.2135239372871576
Anal cancer,56,Sweden,1.0,5.286666667925397
Bladder cancer,608,Sweden,12.2,57.398095251761454
Brain cancer,920,Sweden,6.1,86.8523809730601
Breast cancer,4170,Sweden,81.4,393.66785723658757
Cervical cancer,677,Sweden,8.6,63.912023824740956
Colon cancer,733,Sweden,20.0,69.19869049266636
Colorectal cancer,1744,Sweden,31.2,164.64190480110523
Esophageal cancer,199,Sweden,2.3,18.786547623520608
Gallbladder cancer,64,Sweden,0.96,6.041904763343311
Hodgkin lymphoma,245,Sweden,1.8,23.12916667217361
Kaposi sarcoma,10,Sweden,0.08,0.9440476192723923
Kidney cancer,490,Sweden,9.1,46.25833334434722
Laryngeal cancer,53,Sweden,0.69,5.003452382143679
Leukemia,2789,Sweden,8.8,263.2948810150702
Liver cancer,447,Sweden,4.6,42.19892858147593
Lung cancer,773,Sweden,17.4,72.97488096975593
Mesothelioma,181,Sweden,0.75,17.0872619088303
Mouth cancer,0,Sweden,3.6,0.0
Multiple myeloma,510,Sweden,3.7,48.14642858289201
Non-Hodgkin lymphoma,304,Sweden,10.7,28.699047625880727
Ovarian cancer,622,Sweden,7.9,58.7197619187428
Pancreatic cancer,551,Sweden,9.3,52.017023821908815
Penile cancer,39,Sweden,1.2,3.68178571516233
Prostate cancer,2351,Sweden,104.3,221.94559529093942
Rectal cancer,728,Sweden,10.2,68.72666668303016
Salivary gland cancer,6,Sweden,0.48,0.5664285715634354
Skin cancer,1915,Sweden,48.6,180.78511909066313
Stomach cancer,176,Sweden,3.6,16.615238099194105
Testicular cancer,143,Sweden,7.5,13.49988095559521
Throat cancer,1,Sweden,1.9,0.09440476192723923
Thyroid cancer,229,Sweden,6.8,21.618690481337783
Uterine cancer,360,Sweden,13.1,33.985714293806126
Vaginal cancer,13,Sweden,0.33,1.22726190505411
Vulvar cancer,21,Sweden,1.7,1.982500000472024
Anal cancer,2,Nigeria,1.3,0.008936550491510277
Bladder cancer,21,Nigeria,1.5,0.0938337801608579
Brain cancer,42,Nigeria,1.1,0.1876675603217158
Breast cancer,437,Nigeria,51.5,1.9526362823949954
Cervical cancer,362,Nigeria,26.2,1.61751563896336
Colon cancer,20,Nigeria,3.4,0.08936550491510277
Colorectal cancer,75,Nigeria,7.5,0.3351206434316354
Esophageal cancer,2,Nigeria,0.59,0.008936550491510277
Gallbladder cancer,3,Nigeria,0.27,0.013404825737265416
Hodgkin lymphoma,21,Nigeria,1.7,0.0938337801608579
Kaposi sarcoma,22,Nigeria,1.0,0.09830205540661305
Kidney cancer,35,Nigeria,0.93,0.15638963360142985
Laryngeal cancer,8,Nigeria,0.79,0.035746201966041107
Leukemia,85,Nigeria,2.1,0.37980339588918677
Liver cancer,94,Nigeria,4.2,0.42001787310098304
Lung cancer,97,Nigeria,1.7,0.4334226988382484
Mesothelioma,1,Nigeria,0.04,0.004468275245755138
Mouth cancer,0,Nigeria,1.4,0.0
Multiple myeloma,29,Nigeria,0.98,0.12957998212689903
Non-Hodgkin lymphoma,18,Nigeria,4.0,0.08042895442359249
Ovarian cancer,53,Nigeria,4.2,0.23681858802502234
Pancreatic cancer,8,Nigeria,1.3,0.035746201966041107
Penile cancer,0,Nigeria,0.02,0.0
Prostate cancer,196,Nigeria,41.2,0.8757819481680071
Rectal cancer,10,Nigeria,2.8,0.044682752457551385
Salivary gland cancer,0,Nigeria,0.83,0.0
Skin cancer,66,Nigeria,3.02,0.2949061662198391
Stomach cancer,10,Nigeria,1.8,0.044682752457551385
Testicular cancer,11,Nigeria,1.4,0.049151027703306524
Throat cancer,0,Nigeria,1.45,0.0
Thyroid cancer,18,Nigeria,1.0,0.08042895442359249
Uterine cancer,12,Nigeria,3.0,0.05361930294906166
Vaginal cancer,5,Nigeria,0.28,0.022341376228775692
Vulvar cancer,4,Nigeria,1.9,0.017873100983020553
Anal cancer,0,Afghanistan,0.47,0.0
Bladder cancer,1,Afghanistan,2.4,0.022808137943618283
Brain cancer,3,Afghanistan,3.8,0.06842441383085485
Breast cancer,18,Afghanistan,29.4,0.4105464829851291
Cervical cancer,5,Afghanistan,10.3,0.11404068971809142
Colon cancer,1,Afghanistan,2.7,0.022808137943618283
Colorectal cancer,8,Afghanistan,5.6,0.18246510354894627
Esophageal cancer,3,Afghanistan,4.8,0.06842441383085485
Gallbladder cancer,0,Afghanistan,0.81,0.0
Hodgkin lymphoma,1,Afghanistan,0.73,0.022808137943618283
Kaposi sarcoma,0,Afghanistan,0.1,0.0
Kidney cancer,2,Afghanistan,2.4,0.04561627588723657
Laryngeal cancer,0,Afghanistan,1.2,0.0
Leukemia,4,Afghanistan,3.3,0.09123255177447313
Liver cancer,2,Afghanistan,4.6,0.04561627588723657
Lung cancer,2,Afghanistan,7.2,0.04561627588723657
Mesothelioma,1,Afghanistan,0.07,0.022808137943618283
Mouth cancer,0,Afghanistan,4.6,0.0
Multiple myeloma,2,Afghanistan,0.62,0.04561627588723657
Non-Hodgkin lymphoma,0,Afghanistan,2.2,0.0
Ovarian cancer,2,Afghanistan,4.2,0.04561627588723657
Pancreatic cancer,0,Afghanistan,1.9,0.0
Penile cancer,0,Afghanistan,0.1,0.0
Prostate cancer,0,Afghanistan,6.5,0.0
Rectal cancer,0,Afghanistan,2.4,0.0
Salivary gland cancer,0,Afghanistan,0.27,0.0
Skin cancer,2,Afghanistan,3.1900000000000004,0.04561627588723657
Stomach cancer,0,Afghanistan,11.0,0.0
Testicular cancer,0,Afghanistan,0.93,0.0
Throat cancer,0,Afghanistan,1.75,0.0
Thyroid cancer,0,Afghanistan,1.0,0.0
Uterine cancer,0,Afghanistan,5.0,0.0
Vaginal cancer,0,Afghanistan,0.18,0.0
Vulvar cancer,0,Afghanistan,0.37,0.0
Anal cancer,7,Colombia,0.78,0.132837528013537
Bladder cancer,10,Colombia,2.8,0.1897678971621957
Brain cancer,53,Colombia,3.3,1.0057698549596372
Breast cancer,298,Colombia,50.7,5.655083335433432
Cervical cancer,182,Colombia,13.7,3.4537757283519617
Colon cancer,31,Colombia,11.2,0.5882804812028066
Colorectal cancer,90,Colombia,16.4,1.7079110744597612
Esophageal cancer,2,Colombia,1.4,0.037953579432439134
Gallbladder cancer,3,Colombia,0.96,0.056930369148658705
Hodgkin lymphoma,13,Colombia,1.2,0.2466982663108544
Kaposi sarcoma,4,Colombia,0.69,0.07590715886487827
Kidney cancer,29,Colombia,3.8,0.5503269017703675
Laryngeal cancer,3,Colombia,1.4,0.056930369148658705
Leukemia,164,Colombia,6.1,3.112193513460009
Liver cancer,23,Colombia,3.6,0.43646616347305006
Lung cancer,46,Colombia,10.1,0.8729323269461001
Mesothelioma,13,Colombia,0.21,0.2466982663108544
Mouth cancer,0,Colombia,1.3,0.0
Multiple myeloma,21,Colombia,2.1,0.39851258404061096
Non-Hodgkin lymphoma,25,Colombia,6.0,0.4744197429054892
Ovarian cancer,35,Colombia,6.7,0.6641876400676849
Pancreatic cancer,7,Colombia,4.0,0.132837528013537
Penile cancer,13,Colombia,1.6,0.2466982663108544
Prostate cancer,102,Colombia,52.6,1.935632551054396
Rectal cancer,13,Colombia,4.5,0.2466982663108544
Salivary gland cancer,0,Colombia,0.68,0.0
Skin cancer,126,Colombia,6.6,2.3910755042436658
Stomach cancer,39,Colombia,12.9,0.7400947989325631
Testicular cancer,4,Colombia,4.5,0.07590715886487827
Throat cancer,0,Colombia,1.34,0.0
Thyroid cancer,52,Colombia,8.1,0.9867930652434176
Uterine cancer,16,Colombia,8.8,0.3036286354595131
Vaginal cancer,0,Colombia,0.51,0.0
Vulvar cancer,1,Colombia,1.1,0.018976789716219567
Anal cancer,0,DR Congo,0.98,0.0
Bladder cancer,0,DR Congo,1.6,0.0
Brain cancer,2,DR Congo,0.63,0.01772546795235394
Breast cancer,9,DR Congo,26.5,0.07976460578559275
Cervical cancer,11,DR Congo,32.9,0.09749007373794669
Colon cancer,2,DR Congo,2.3,0.01772546795235394
Colorectal cancer,1,DR Congo,6.0,0.00886273397617697
Esophageal cancer,0,DR Congo,2.8,0.0
Gallbladder cancer,0,DR Congo,0.21,0.0
Hodgkin lymphoma,2,DR Congo,0.45,0.01772546795235394
Kaposi sarcoma,0,DR Congo,0.22,0.0
Kidney cancer,0,DR Congo,1.1,0.0
Laryngeal cancer,0,DR Congo,0.59,0.0
Leukemia,5,DR Congo,2.2,0.04431366988088486
Liver cancer,2,DR Congo,6.1,0.01772546795235394
Lung cancer,2,DR Congo,2.2,0.01772546795235394
Mesothelioma,0,DR Congo,0.05,0.0
Mouth cancer,0,DR Congo,1.1,0.0
Multiple myeloma,1,DR Congo,1.1,0.00886273397617697
Non-Hodgkin lymphoma,2,DR Congo,3.1,0.01772546795235394
Ovarian cancer,0,DR Congo,4.1,0.0
Pancreatic cancer,0,DR Congo,1.4,0.0
Penile cancer,2,DR Congo,0.63,0.01772546795235394
Prostate cancer,3,DR Congo,40.1,0.026588201928530914
Rectal cancer,0,DR Congo,2.7,0.0
Salivary gland cancer,0,DR Congo,0.47,0.0
Skin cancer,5,DR Congo,2.3,0.04431366988088486
Stomach cancer,0,DR Congo,3.9,0.0
Testicular cancer,0,DR Congo,0.22,0.0
Throat cancer,0,DR Congo,1.41,0.0
Thyroid cancer,5,DR Congo,0.85,0.04431366988088486
Uterine cancer,0,DR Congo,2.0,0.0
Vaginal cancer,0,DR Congo,0.45,0.0
Vulvar cancer,1,DR Congo,1.2,0.00886273397617697
Anal cancer,1,Togo,0.77,0.12352544587127315
Bladder cancer,0,Togo,1.3,0.0
Brain cancer,1,Togo,0.79,0.12352544587127315
Breast cancer,14,Togo,32.9,1.7293562421978241
Cervical cancer,8,Togo,19.1,0.9882035669701852
Colon cancer,0,Togo,4.7,0.0
Colorectal cancer,3,Togo,7.5,0.3705763376138194
Esophageal cancer,2,Togo,3.8,0.2470508917425463
Gallbladder cancer,0,Togo,0.5,0.0
Hodgkin lymphoma,2,Togo,1.0,0.2470508917425463
Kaposi sarcoma,0,Togo,1.4,0.0
Kidney cancer,0,Togo,1.3,0.0
Laryngeal cancer,1,Togo,1.2,0.12352544587127315
Leukemia,5,Togo,2.1,0.6176272293563657
Liver cancer,5,Togo,4.3,0.6176272293563657
Lung cancer,5,Togo,1.9,0.6176272293563657
Mesothelioma,0,Togo,0.03,0.0
Mouth cancer,0,Togo,1.3,0.0
Multiple myeloma,0,Togo,0.71,0.0
Non-Hodgkin lymphoma,2,Togo,3.8,0.2470508917425463
Ovarian cancer,1,Togo,4.1,0.12352544587127315
Pancreatic cancer,2,Togo,1.5,0.2470508917425463
Penile cancer,0,Togo,0.29,0.0
Prostate cancer,7,Togo,31.3,0.8646781210989121
Rectal cancer,0,Togo,2.0,0.0
Salivary gland cancer,0,Togo,1.5,0.0
Skin cancer,15,Togo,4.7,1.8528816880690973
Stomach cancer,3,Togo,5.4,0.3705763376138194
Testicular cancer,0,Togo,0.38,0.0
Throat cancer,0,Togo,1.54,0.0
Thyroid cancer,2,Togo,0.99,0.2470508917425463
Uterine cancer,2,Togo,5.6,0.2470508917425463
Vaginal cancer,0,Togo,0.68,0.0
Vulvar cancer,1,Togo,0.74,0.12352544587127315
Anal cancer,0,Gabon,1.1,0.0
Bladder cancer,0,Gabon,1.8,0.0
Brain cancer,10,Gabon,0.96,4.049737253047022
Breast cancer,3,Gabon,36.4,1.2149211759141068
Cervical cancer,0,Gabon,32.5,0.0
Colon cancer,1,Gabon,4.1,0.4049737253047022
Colorectal cancer,1,Gabon,6.8,0.4049737253047022
Esophageal cancer,0,Gabon,1.7,0.0
Gallbladder cancer,0,Gabon,0.62,0.0
Hodgkin lymphoma,0,Gabon,0.31,0.0
Kaposi sarcoma,0,Gabon,2.9,0.0
Kidney cancer,0,Gabon,1.5,0.0
Laryngeal cancer,0,Gabon,2.3,0.0
Leukemia,5,Gabon,1.3,2.024868626523511
Liver cancer,1,Gabon,8.9,0.4049737253047022
Lung cancer,1,Gabon,3.1,0.4049737253047022
Mesothelioma,0,Gabon,0.05,0.0
Mouth cancer,0,Gabon,3.5,0.0
Multiple myeloma,0,Gabon,0.93,0.0
Non-Hodgkin lymphoma,1,Gabon,3.9,0.4049737253047022
Ovarian cancer,1,Gabon,7.8,0.4049737253047022
Pancreatic cancer,0,Gabon,3.4,0.0
Penile cancer,0,Gabon,0.13,0.0
Prostate cancer,1,Gabon,26.1,0.4049737253047022
Rectal cancer,0,Gabon,1.7,0.0
Salivary gland cancer,0,Gabon,0.68,0.0
Skin cancer,0,Gabon,2.74,0.0
Stomach cancer,0,Gabon,2.4,0.0
Testicular cancer,0,Gabon,0.3,0.0
Throat cancer,0,Gabon,1.88,0.0
Thyroid cancer,0,Gabon,0.68,0.0
Uterine cancer,1,Gabon,4.0,0.4049737253047022
Vaginal cancer,0,Gabon,0.46,0.0
Vulvar cancer,0,Gabon,0.24,0.0
Anal cancer,0,Georgia,0.2,0.0
Bladder cancer,1,Georgia,7.1,0.26994196247806723
Brain cancer,4,Georgia,7.0,1.079767849912269
Breast cancer,11,Georgia,49.0,2.9693615872587396
Cervical cancer,2,Georgia,10.4,0.5398839249561345
Colon cancer,1,Georgia,7.1,0.26994196247806723
Colorectal cancer,2,Georgia,14.5,0.5398839249561345
Esophageal cancer,1,Georgia,1.1,0.26994196247806723
Gallbladder cancer,0,Georgia,1.1,0.0
Hodgkin lymphoma,0,Georgia,2.3,0.0
Kaposi sarcoma,0,Georgia,0.06,0.0
Kidney cancer,0,Georgia,4.6,0.0
Laryngeal cancer,0,Georgia,4.4,0.0
Leukemia,8,Georgia,5.1,2.159535699824538
Liver cancer,2,Georgia,6.7,0.5398839249561345
Lung cancer,3,Georgia,22.0,0.8098258874342017
Mesothelioma,0,Georgia,0.17,0.0
Mouth cancer,0,Georgia,3.0,0.0
Multiple myeloma,1,Georgia,1.0,0.26994196247806723
Non-Hodgkin lymphoma,0,Georgia,5.0,0.0
Ovarian cancer,3,Georgia,10.6,0.8098258874342017
Pancreatic cancer,0,Georgia,5.4,0.0
Penile cancer,0,Georgia,0.88,0.0
Prostate cancer,2,Georgia,34.6,0.5398839249561345
Rectal cancer,1,Georgia,7.2,0.26994196247806723
Salivary gland cancer,0,Georgia,0.42,0.0
Skin cancer,1,Georgia,9.8,0.26994196247806723
Stomach cancer,1,Georgia,9.7,0.26994196247806723
Testicular cancer,0,Georgia,6.0,0.0
Throat cancer,0,Georgia,2.2,0.0
Thyroid cancer,0,Georgia,4.6,0.0
Uterine cancer,0,Georgia,10.7,0.0
Vaginal cancer,0,Georgia,0.32,0.0
Vulvar cancer,0,Georgia,1.2,0.0
Anal cancer,1,Costa Rica,0.23,0.18833721778845022
Bladder cancer,0,Costa Rica,3.3,0.0
Brain cancer,0,Costa Rica,3.7,0.0
Breast cancer,20,Costa Rica,37.5,3.7667443557690046
Cervical cancer,23,Costa Rica,10.6,4.331756009134355
Colon cancer,5,Costa Rica,9.5,0.9416860889422511
Colorectal cancer,6,Costa Rica,14.3,1.1300233067307013
Esophageal cancer,0,Costa Rica,0.81,0.0
Gallbladder cancer,0,Costa Rica,0.71,0.0
Hodgkin lymphoma,1,Costa Rica,1.7,0.18833721778845022
Kaposi sarcoma,0,Costa Rica,0.24,0.0
Kidney cancer,0,Costa Rica,2.8,0.0
Laryngeal cancer,1,Costa Rica,1.1,0.18833721778845022
Leukemia,26,Costa Rica,6.1,4.896767662499705
Liver cancer,2,Costa Rica,5.0,0.37667443557690045
Lung cancer,6,Costa Rica,6.8,1.1300233067307013
Mesothelioma,1,Costa Rica,0.05,0.18833721778845022
Mouth cancer,0,Costa Rica,1.4,0.0
Multiple myeloma,3,Costa Rica,1.6,0.5650116533653506
Non-Hodgkin lymphoma,1,Costa Rica,5.7,0.18833721778845022
Ovarian cancer,2,Costa Rica,4.3,0.37667443557690045
Pancreatic cancer,1,Costa Rica,4.2,0.18833721778845022
Penile cancer,2,Costa Rica,1.1,0.37667443557690045
Prostate cancer,2,Costa Rica,45.6,0.37667443557690045
Rectal cancer,0,Costa Rica,4.6,0.0
Salivary gland cancer,0,Costa Rica,0.51,0.0
Skin cancer,9,Costa Rica,20.2,1.695034960096052
Stomach cancer,10,Costa Rica,14.0,1.8833721778845023
Testicular cancer,0,Costa Rica,4.0,0.0
Throat cancer,0,Costa Rica,0.96,0.0
Thyroid cancer,1,Costa Rica,13.8,0.18833721778845022
Uterine cancer,2,Costa Rica,10.7,0.37667443557690045
Vaginal cancer,0,Costa Rica,0.24,0.0
Vulvar cancer,0,Costa Rica,0.67,0.0
Anal cancer,3,Serbia,0.61,0.4567751401043548
Bladder cancer,52,Serbia,12.5,7.917435761808817
Brain cancer,154,Serbia,5.9,23.447790525356883
Breast cancer,451,Serbia,60.5,68.66852939568801
Cervical cancer,133,Serbia,13.4,20.250364544626397
Colon cancer,74,Serbia,14.9,11.267120122574086
Colorectal cancer,169,Serbia,30.2,25.731666225878655
Esophageal cancer,25,Serbia,1.5,3.806459500869624
Gallbladder cancer,4,Serbia,1.1,0.6090335201391398
Hodgkin lymphoma,34,Serbia,1.8,5.176784921182688
Kaposi sarcoma,1,Serbia,0.13,0.15225838003478495
Kidney cancer,70,Serbia,6.5,10.658086602434947
Laryngeal cancer,26,Serbia,4.1,3.9587178809044086
Leukemia,296,Serbia,7.2,45.068480490296345
Liver cancer,69,Serbia,4.5,10.505828222400162
Lung cancer,147,Serbia,40.4,22.38198186511339
Mesothelioma,9,Serbia,0.25,1.3703254203130646
Mouth cancer,1,Serbia,3.8,0.15225838003478495
Multiple myeloma,47,Serbia,2.3,7.1561438616348925
Non-Hodgkin lymphoma,57,Serbia,6.1,8.678727661982743
Ovarian cancer,74,Serbia,9.3,11.267120122574086
Pancreatic cancer,31,Serbia,7.6,4.720009781078334
Penile cancer,3,Serbia,0.76,0.4567751401043548
Prostate cancer,133,Serbia,37.0,20.250364544626397
Rectal cancer,46,Serbia,14.7,7.003885481600108
Salivary gland cancer,4,Serbia,0.45,0.6090335201391398
Skin cancer,260,Serbia,12.0,39.58717880904409
Stomach cancer,20,Serbia,7.1,3.045167600695699
Testicular cancer,9,Serbia,8.1,1.3703254203130646
Throat cancer,0,Serbia,2.63,0.0
Thyroid cancer,96,Serbia,3.5,14.616804483339354
Uterine cancer,36,Serbia,14.4,5.481301681252258
Vaginal cancer,1,Serbia,0.36,0.15225838003478495
Vulvar cancer,3,Serbia,1.3,0.4567751401043548
Anal cancer,0,Kazakhstan,0.25,0.0
Bladder cancer,2,Kazakhstan,3.3,0.09809782913918517
Brain cancer,10,Kazakhstan,3.7,0.4904891456959259
Breast cancer,90,Kazakhstan,36.9,4.414402311263332
Cervical cancer,42,Kazakhstan,15.5,2.0600544119228887
Colon cancer,11,Kazakhstan,8.3,0.5395380602655184
Colorectal cancer,43,Kazakhstan,15.5,2.1091033264924812
Esophageal cancer,11,Kazakhstan,4.1,0.5395380602655184
Gallbladder cancer,0,Kazakhstan,0.49,0.0
Hodgkin lymphoma,0,Kazakhstan,0.85,0.0
Kaposi sarcoma,0,Kazakhstan,0.11,0.0
Kidney cancer,6,Kazakhstan,4.6,0.2942934874175555
Laryngeal cancer,4,Kazakhstan,2.3,0.19619565827837035
Leukemia,27,Kazakhstan,3.2,1.324320693379
Liver cancer,13,Kazakhstan,5.3,0.6376358894047036
Lung cancer,16,Kazakhstan,19.7,0.7847826331134814
Mesothelioma,1,Kazakhstan,0.24,0.04904891456959259
Mouth cancer,0,Kazakhstan,2.7,0.0
Multiple myeloma,3,Kazakhstan,0.68,0.14714674370877776
Non-Hodgkin lymphoma,0,Kazakhstan,2.2,0.0
Ovarian cancer,9,Kazakhstan,7.7,0.4414402311263333
Pancreatic cancer,8,Kazakhstan,5.3,0.3923913165567407
Penile cancer,0,Kazakhstan,0.42,0.0
Prostate cancer,24,Kazakhstan,15.5,1.177173949670222
Rectal cancer,7,Kazakhstan,7.0,0.3433424019871481
Salivary gland cancer,0,Kazakhstan,0.72,0.0
Skin cancer,5,Kazakhstan,10.3,0.24524457284796294
Stomach cancer,4,Kazakhstan,13.7,0.19619565827837035
Testicular cancer,1,Kazakhstan,1.4,0.04904891456959259
Throat cancer,0,Kazakhstan,1.49,0.0
Thyroid cancer,5,Kazakhstan,2.8,0.24524457284796294
Uterine cancer,6,Kazakhstan,10.3,0.2942934874175555
Vaginal cancer,0,Kazakhstan,0.4,0.0
Vulvar cancer,0,Kazakhstan,0.92,0.0
Anal cancer,0,Nepal,0.15,0.0
Bladder cancer,11,Nepal,1.7,0.3677473535563175
Brain cancer,15,Nepal,1.1,0.5014736639404329
Breast cancer,81,Nepal,14.4,2.707957785278338
Cervical cancer,69,Nepal,14.2,2.3067788541259917
Colon cancer,7,Nepal,2.6,0.23402104317220204
Colorectal cancer,14,Nepal,4.4,0.4680420863444041
Esophageal cancer,8,Nepal,0.97,0.2674526207682309
Gallbladder cancer,10,Nepal,4.4,0.3343157759602886
Hodgkin lymphoma,2,Nepal,0.31,0.06686315519205772
Kaposi sarcoma,0,Nepal,0.0,0.0
Kidney cancer,14,Nepal,0.53,0.4680420863444041
Laryngeal cancer,1,Nepal,1.8,0.03343157759602886
Leukemia,24,Nepal,2.4,0.8023578623046927
Liver cancer,14,Nepal,2.1,0.4680420863444041
Lung cancer,24,Nepal,9.3,0.8023578623046927
Mesothelioma,4,Nepal,0.03,0.13372631038411545
Mouth cancer,0,Nepal,3.6,0.0
Multiple myeloma,6,Nepal,0.47,0.2005894655761732
Non-Hodgkin lymphoma,6,Nepal,2.1,0.2005894655761732
Ovarian cancer,12,Nepal,4.1,0.4011789311523464
Pancreatic cancer,12,Nepal,1.4,0.4011789311523464
Penile cancer,2,Nepal,1.5,0.06686315519205772
Prostate cancer,11,Nepal,3.0,0.3677473535563175
Rectal cancer,4,Nepal,1.7,0.13372631038411545
Salivary gland cancer,0,Nepal,0.48,0.0
Skin cancer,36,Nepal,1.05,1.2035367934570391
Stomach cancer,9,Nepal,6.5,0.3008841983642598
Testicular cancer,2,Nepal,0.18,0.06686315519205772
Throat cancer,0,Nepal,0.8300000000000001,0.0
Thyroid cancer,8,Nepal,2.5,0.2674526207682309
Uterine cancer,2,Nepal,1.3,0.06686315519205772
Vaginal cancer,0,Nepal,0.23,0.0
Vulvar cancer,0,Nepal,0.16,0.0
Anal cancer,0,North Macedonia,0.34,0.0
Bladder cancer,10,North Macedonia,7.4,5.475710569271298
Brain cancer,4,North Macedonia,7.3,2.1902842277085193
Breast cancer,40,North Macedonia,65.3,21.902842277085192
Cervical cancer,12,North Macedonia,6.7,6.570852683125557
Colon cancer,10,North Macedonia,11.9,5.475710569271298
Colorectal cancer,20,North Macedonia,23.5,10.951421138542596
Esophageal cancer,1,North Macedonia,1.0,0.5475710569271298
Gallbladder cancer,0,North Macedonia,0.86,0.0
Hodgkin lymphoma,2,North Macedonia,2.1,1.0951421138542596
Kaposi sarcoma,0,North Macedonia,0.0,0.0
Kidney cancer,5,North Macedonia,2.9,2.737855284635649
Laryngeal cancer,1,North Macedonia,3.4,0.5475710569271298
Leukemia,25,North Macedonia,4.0,13.689276423178244
Liver cancer,9,North Macedonia,5.4,4.928139512344168
Lung cancer,16,North Macedonia,31.1,8.761136910834077
Mesothelioma,0,North Macedonia,0.05,0.0
Mouth cancer,0,North Macedonia,1.6,0.0
Multiple myeloma,5,North Macedonia,0.7,2.737855284635649
Non-Hodgkin lymphoma,3,North Macedonia,2.3,1.6427131707813893
Ovarian cancer,6,North Macedonia,6.4,3.2854263415627787
Pancreatic cancer,3,North Macedonia,6.5,1.6427131707813893
Penile cancer,1,North Macedonia,0.57,0.5475710569271298
Prostate cancer,16,North Macedonia,41.4,8.761136910834077
Rectal cancer,4,North Macedonia,11.3,2.1902842277085193
Salivary gland cancer,0,North Macedonia,0.28,0.0
Skin cancer,6,North Macedonia,12.1,3.2854263415627787
Stomach cancer,1,North Macedonia,9.5,0.5475710569271298
Testicular cancer,1,North Macedonia,7.0,0.5475710569271298
Throat cancer,0,North Macedonia,1.01,0.0
Thyroid cancer,7,North Macedonia,1.4,3.8329973984899084
Uterine cancer,7,North Macedonia,17.5,3.8329973984899084
Vaginal cancer,0,North Macedonia,0.22,0.0
Vulvar cancer,0,North Macedonia,0.33,0.0
Anal cancer,0,Central African Republic,0.57,0.0
Bladder cancer,0,Central African Republic,1.5,0.0
Brain cancer,0,Central African Republic,0.74,0.0
Breast cancer,1,Central African Republic,37.7,0.15455217194485515
Cervical cancer,1,Central African Republic,21.8,0.15455217194485515
Colon cancer,0,Central African Republic,2.6,0.0
Colorectal cancer,0,Central African Republic,5.7,0.0
Esophageal cancer,0,Central African Republic,1.3,0.0
Gallbladder cancer,0,Central African Republic,0.36,0.0
Hodgkin lymphoma,0,Central African Republic,0.39,0.0
Kaposi sarcoma,1,Central African Republic,2.3,0.15455217194485515
Kidney cancer,0,Central African Republic,1.1,0.0
Laryngeal cancer,0,Central African Republic,0.55,0.0
Leukemia,0,Central African Republic,2.9,0.0
Liver cancer,2,Central African Republic,6.4,0.3091043438897103
Lung cancer,2,Central African Republic,2.0,0.3091043438897103
Mesothelioma,0,Central African Republic,0.0,0.0
Mouth cancer,0,Central African Republic,1.4,0.0
Multiple myeloma,0,Central African Republic,1.2,0.0
Non-Hodgkin lymphoma,0,Central African Republic,4.6,0.0
Ovarian cancer,0,Central African Republic,5.8,0.0
Pancreatic cancer,2,Central African Republic,1.2,0.3091043438897103
Penile cancer,0,Central African Republic,0.12,0.0
Prostate cancer,0,Central African Republic,31.3,0.0
Rectal cancer,0,Central African Republic,2.5,0.0
Salivary gland cancer,0,Central African Republic,0.59,0.0
Skin cancer,0,Central African Republic,2.2,0.0
Stomach cancer,0,Central African Republic,3.5,0.0
Testicular cancer,0,Central African Republic,0.1,0.0
Throat cancer,0,Central African Republic,1.68,0.0
Thyroid cancer,0,Central African Republic,1.3,0.0
Uterine cancer,0,Central African Republic,2.0,0.0
Vaginal cancer,0,Central African Republic,0.21,0.0
Vulvar cancer,0,Central African Republic,1.3,0.0
Anal cancer,0,Azerbaijan,0.87,0.0
Bladder cancer,3,Azerbaijan,5.4,0.29291949146832924
Brain cancer,3,Azerbaijan,5.5,0.29291949146832924
Breast cancer,14,Azerbaijan,32.9,1.3669576268522032
Cervical cancer,0,Azerbaijan,8.2,0.0
Colon cancer,1,Azerbaijan,8.4,0.09763983048944308
Colorectal cancer,7,Azerbaijan,14.2,0.6834788134261016
Esophageal cancer,3,Azerbaijan,8.0,0.29291949146832924
Gallbladder cancer,1,Azerbaijan,0.56,0.09763983048944308
Hodgkin lymphoma,0,Azerbaijan,2.0,0.0
Kaposi sarcoma,0,Azerbaijan,0.44,0.0
Kidney cancer,5,Azerbaijan,2.8,0.4881991524472154
Laryngeal cancer,0,Azerbaijan,3.1,0.0
Leukemia,4,Azerbaijan,5.3,0.3905593219577723
Liver cancer,1,Azerbaijan,5.4,0.09763983048944308
Lung cancer,1,Azerbaijan,19.4,0.09763983048944308
Mesothelioma,0,Azerbaijan,0.23,0.0
Mouth cancer,0,Azerbaijan,1.8,0.0
Multiple myeloma,0,Azerbaijan,1.2,0.0
Non-Hodgkin lymphoma,0,Azerbaijan,3.6,0.0
Ovarian cancer,1,Azerbaijan,5.9,0.09763983048944308
Pancreatic cancer,4,Azerbaijan,3.0,0.3905593219577723
Penile cancer,0,Azerbaijan,0.02,0.0
Prostate cancer,3,Azerbaijan,10.8,0.29291949146832924
Rectal cancer,0,Azerbaijan,4.9,0.0
Salivary gland cancer,0,Azerbaijan,0.89,0.0
Skin cancer,6,Azerbaijan,3.56,0.5858389829366585
Stomach cancer,4,Azerbaijan,16.6,0.3905593219577723
Testicular cancer,0,Azerbaijan,1.2,0.0
Throat cancer,0,Azerbaijan,1.07,0.0
Thyroid cancer,1,Azerbaijan,2.9,0.09763983048944308
Uterine cancer,0,Azerbaijan,5.0,0.0
Vaginal cancer,0,Azerbaijan,0.03,0.0
Vulvar cancer,0,Azerbaijan,0.3,0.0
Anal cancer,1192,United States,1.5,3.504738282669068
Bladder cancer,10040,United States,10.5,29.51977546811866
Brain cancer,28489,United States,5.5,83.76383299912675
Breast cancer,99327,United States,95.9,292.0429021834484
Cervical cancer,12697,United States,6.3,37.331931187121775
Colon cancer,15442,United States,17.0,45.402825973972945
Colorectal cancer,28403,United States,27.0,83.51097436463887
Esophageal cancer,4365,United States,2.8,12.834045808599397
Gallbladder cancer,710,United States,0.67,2.087553842864965
Hodgkin lymphoma,6425,United States,2.2,18.890892169587886
Kaposi sarcoma,1149,United States,0.24,3.3783089654251337
Kidney cancer,14970,United States,12.8,44.015043700969755
Laryngeal cancer,885,United States,2.0,2.6020917618809776
Leukemia,63336,United States,11.2,186.22156365027524
Liver cancer,16494,United States,6.8,48.4959339214292
Lung cancer,30501,United States,31.9,89.67954895947084
Mesothelioma,4402,United States,0.4,12.942833825762783
Mouth cancer,30,United States,4.6,0.088206500402745
Multiple myeloma,13912,United States,4.8,40.90429445343295
Non-Hodgkin lymphoma,9835,United States,12.5,28.917031048699904
Ovarian cancer,20004,United States,7.3,58.81609446855037
Pancreatic cancer,16441,United States,8.6,48.34010243738435
Penile cancer,514,United States,0.53,1.5112713735670311
Prostate cancer,53406,United States,75.2,157.02521201696666
Rectal cancer,4593,United States,8.5,13.504415211660259
Salivary gland cancer,214,United States,0.85,0.629206369539581
Skin cancer,49636,United States,79.8,145.9405951330217
Stomach cancer,1913,United States,4.1,5.624634509015039
Testicular cancer,1630,United States,5.5,4.792553188549145
Throat cancer,30,United States,3.39,0.088206500402745
Thyroid cancer,7420,United States,12.1,21.81640776627893
Uterine cancer,7028,United States,22.5,20.663842827683062
Vaginal cancer,265,United States,0.42,0.7791574202242475
Vulvar cancer,516,United States,1.8,1.517151806927214
