Cancer,Articles,Country,ASR,Norm_articles
Anal cancer,0,Comoros,0.0,0.0
Bladder cancer,0,Comoros,4.8,0.0
Brain cancer,3,Comoros,0.0,3.4481252542992373
Breast cancer,12,Comoros,21.5,13.79250101719695
Cervical cancer,3,Comoros,52.0,3.4481252542992373
Colon cancer,1,Comoros,1.9,1.1493750847664126
Colorectal cancer,0,Comoros,3.7,0.0
Esophageal cancer,0,Comoros,10.4,0.0
Gallbladder cancer,0,Comoros,0.0,0.0
Hodgkin lymphoma,0,Comoros,0.08,0.0
Kaposi sarcoma,0,Comoros,0.0,0.0
Kidney cancer,0,Comoros,0.46,0.0
Laryngeal cancer,0,Comoros,0.44,0.0
Leukemia,8,Comoros,1.2,9.1950006781313
Liver cancer,2,Comoros,5.0,2.298750169532825
Lung cancer,2,Comoros,1.8,2.298750169532825
Mesothelioma,0,Comoros,0.0,0.0
Mouth cancer,0,Comoros,1.5,0.0
Multiple myeloma,0,Comoros,0.0,0.0
Non-Hodgkin lymphoma,0,Comoros,4.2,0.0
Ovarian cancer,0,Comoros,2.5,0.0
Pancreatic cancer,1,Comoros,0.76,1.1493750847664126
Penile cancer,0,Comoros,0.68,0.0
Prostate cancer,2,Comoros,33.2,2.298750169532825
Rectal cancer,0,Comoros,1.8,0.0
Salivary gland cancer,0,Comoros,0.21,0.0
Skin cancer,2,Comoros,3.18,2.298750169532825
Stomach cancer,0,Comoros,2.1,0.0
Testicular cancer,0,Comoros,0.0,0.0
Throat cancer,0,Comoros,0.33,0.0
Thyroid cancer,0,Comoros,0.54,0.0
Uterine cancer,0,Comoros,1.2,0.0
Vaginal cancer,0,Comoros,0.0,0.0
Vulvar cancer,0,Comoros,1.6,0.0
Anal cancer,0,Palestine,0.11,0.0
Bladder cancer,4,Palestine,6.6,0.7294677620840894
Brain cancer,3,Palestine,3.6,0.547100821563067
Breast cancer,63,Palestine,46.3,11.489117252824409
Cervical cancer,10,Palestine,3.1,1.8236694052102236
Colon cancer,6,Palestine,12.2,1.094201643126134
Colorectal cancer,21,Palestine,18.3,3.829705750941469
Esophageal cancer,0,Palestine,0.7,0.0
Gallbladder cancer,0,Palestine,1.6,0.0
Hodgkin lymphoma,2,Palestine,2.0,0.3647338810420447
Kaposi sarcoma,0,Palestine,0.26,0.0
Kidney cancer,5,Palestine,3.3,0.9118347026051118
Laryngeal cancer,0,Palestine,2.6,0.0
Leukemia,13,Palestine,6.1,2.3707702267732906
Liver cancer,6,Palestine,5.1,1.094201643126134
Lung cancer,11,Palestine,20.4,2.006036345731246
Mesothelioma,0,Palestine,0.15,0.0
Mouth cancer,0,Palestine,1.2,0.0
Multiple myeloma,6,Palestine,3.4,1.094201643126134
Non-Hodgkin lymphoma,1,Palestine,6.7,0.18236694052102234
Ovarian cancer,6,Palestine,4.2,1.094201643126134
Pancreatic cancer,3,Palestine,4.6,0.547100821563067
Penile cancer,0,Palestine,0.0,0.0
Prostate cancer,8,Palestine,17.5,1.4589355241681787
Rectal cancer,2,Palestine,6.0,0.3647338810420447
Salivary gland cancer,0,Palestine,0.42,0.0
Skin cancer,15,Palestine,2.14,2.735504107815335
Stomach cancer,2,Palestine,5.0,0.3647338810420447
Testicular cancer,1,Palestine,1.6,0.18236694052102234
Throat cancer,0,Palestine,0.76,0.0
Thyroid cancer,5,Palestine,4.9,0.9118347026051118
Uterine cancer,0,Palestine,6.9,0.0
Vaginal cancer,0,Palestine,0.16,0.0
Vulvar cancer,0,Palestine,0.35,0.0
Anal cancer,0,Malawi,0.85,0.0
Bladder cancer,1,Malawi,7.2,0.04822935101331313
Brain cancer,1,Malawi,0.62,0.04822935101331313
Breast cancer,8,Malawi,25.2,0.38583480810650506
Cervical cancer,37,Malawi,70.9,1.784485987492586
Colon cancer,0,Malawi,2.0,0.0
Colorectal cancer,0,Malawi,4.9,0.0
Esophageal cancer,3,Malawi,17.9,0.1446880530399394
Gallbladder cancer,0,Malawi,0.04,0.0
Hodgkin lymphoma,11,Malawi,0.61,0.5305228611464444
Kaposi sarcoma,14,Malawi,12.0,0.6752109141863839
Kidney cancer,16,Malawi,0.91,0.7716696162130101
Laryngeal cancer,0,Malawi,0.69,0.0
Leukemia,8,Malawi,0.86,0.38583480810650506
Liver cancer,7,Malawi,3.9,0.33760545709319195
Lung cancer,7,Malawi,1.6,0.33760545709319195
Mesothelioma,0,Malawi,0.0,0.0
Mouth cancer,0,Malawi,1.5,0.0
Multiple myeloma,0,Malawi,0.22,0.0
Non-Hodgkin lymphoma,10,Malawi,6.5,0.4822935101331313
Ovarian cancer,0,Malawi,3.3,0.0
Pancreatic cancer,0,Malawi,0.5,0.0
Penile cancer,0,Malawi,2.5,0.0
Prostate cancer,0,Malawi,28.0,0.0
Rectal cancer,0,Malawi,2.1,0.0
Salivary gland cancer,0,Malawi,0.98,0.0
Skin cancer,3,Malawi,5.300000000000001,0.1446880530399394
Stomach cancer,0,Malawi,3.2,0.0
Testicular cancer,0,Malawi,0.5,0.0
Throat cancer,0,Malawi,0.46,0.0
Thyroid cancer,2,Malawi,1.2,0.09645870202662626
Uterine cancer,0,Malawi,0.99,0.0
Vaginal cancer,0,Malawi,1.5,0.0
Vulvar cancer,1,Malawi,1.1,0.04822935101331313
Anal cancer,4,Slovenia,0.25,1.8773719421131136
Bladder cancer,40,Slovenia,12.2,18.773719421131137
Brain cancer,136,Slovenia,5.8,63.83064603184586
Breast cancer,297,Slovenia,82.3,139.39486670189868
Cervical cancer,80,Slovenia,7.2,37.547438842262274
Colon cancer,24,Slovenia,17.7,11.264231652678681
Colorectal cancer,111,Slovenia,30.5,52.0970713936389
Esophageal cancer,9,Slovenia,2.2,4.2240868697545055
Gallbladder cancer,1,Slovenia,1.2,0.4693429855282784
Hodgkin lymphoma,6,Slovenia,2.5,2.8160579131696704
Kaposi sarcoma,1,Slovenia,0.02,0.4693429855282784
Kidney cancer,21,Slovenia,8.5,9.856202696093845
Laryngeal cancer,13,Slovenia,2.8,6.101458811867619
Leukemia,101,Slovenia,8.5,47.40364153835612
Liver cancer,38,Slovenia,6.4,17.83503345007458
Lung cancer,87,Slovenia,34.2,40.83283974096022
Mesothelioma,38,Slovenia,0.96,17.83503345007458
Mouth cancer,0,Slovenia,3.7,0.0
Multiple myeloma,17,Slovenia,3.0,7.978830753980732
Non-Hodgkin lymphoma,26,Slovenia,10.3,12.202917623735239
Ovarian cancer,90,Slovenia,8.1,42.240868697545054
Pancreatic cancer,14,Slovenia,8.3,6.570801797395897
Penile cancer,0,Slovenia,0.55,0.0
Prostate cancer,46,Slovenia,72.6,21.589777334300805
Rectal cancer,29,Slovenia,12.5,13.610946580320073
Salivary gland cancer,0,Slovenia,0.46,0.0
Skin cancer,229,Slovenia,26.3,107.47954368597576
Stomach cancer,18,Slovenia,8.4,8.448173739509011
Testicular cancer,4,Slovenia,13.0,1.8773719421131136
Throat cancer,0,Slovenia,4.08,0.0
Thyroid cancer,21,Slovenia,8.5,9.856202696093845
Uterine cancer,71,Slovenia,16.9,33.323351972507766
Vaginal cancer,1,Slovenia,0.51,0.4693429855282784
Vulvar cancer,10,Slovenia,1.8,4.693429855282784
Anal cancer,1,Barbados,1.4,3.7341299477221805
Bladder cancer,0,Barbados,1.6,0.0
Brain cancer,1,Barbados,1.1,3.7341299477221805
Breast cancer,3,Barbados,57.7,11.202389843166543
Cervical cancer,3,Barbados,13.8,11.202389843166543
Colon cancer,5,Barbados,15.8,18.670649738610905
Colorectal cancer,4,Barbados,24.7,14.936519790888722
Esophageal cancer,0,Barbados,0.92,0.0
Gallbladder cancer,0,Barbados,0.37,0.0
Hodgkin lymphoma,0,Barbados,0.0,0.0
Kaposi sarcoma,1,Barbados,2.0,3.7341299477221805
Kidney cancer,1,Barbados,5.1,3.7341299477221805
Laryngeal cancer,0,Barbados,1.3,0.0
Leukemia,4,Barbados,7.0,14.936519790888722
Liver cancer,0,Barbados,2.4,0.0
Lung cancer,0,Barbados,9.4,0.0
Mesothelioma,1,Barbados,0.0,3.7341299477221805
Mouth cancer,0,Barbados,1.6,0.0
Multiple myeloma,1,Barbados,6.1,3.7341299477221805
Non-Hodgkin lymphoma,0,Barbados,7.6,0.0
Ovarian cancer,0,Barbados,7.3,0.0
Pancreatic cancer,0,Barbados,6.1,0.0
Penile cancer,0,Barbados,0.41,0.0
Prostate cancer,5,Barbados,100.5,18.670649738610905
Rectal cancer,3,Barbados,7.5,11.202389843166543
Salivary gland cancer,0,Barbados,0.2,0.0
Skin cancer,1,Barbados,3.1,3.7341299477221805
Stomach cancer,0,Barbados,5.0,0.0
Testicular cancer,0,Barbados,0.0,0.0
Throat cancer,0,Barbados,3.31,0.0
Thyroid cancer,0,Barbados,3.4,0.0
Uterine cancer,1,Barbados,24.9,3.7341299477221805
Vaginal cancer,1,Barbados,0.0,3.7341299477221805
Vulvar cancer,0,Barbados,1.5,0.0
Anal cancer,0,Burkina Faso,0.84,0.0
Bladder cancer,1,Burkina Faso,9.7,0.04154453784256639
Brain cancer,2,Burkina Faso,2.4,0.08308907568513278
Breast cancer,19,Burkina Faso,21.4,0.7893462190087615
Cervical cancer,18,Burkina Faso,15.9,0.747801681166195
Colon cancer,3,Burkina Faso,1.9,0.12463361352769918
Colorectal cancer,2,Burkina Faso,3.4,0.08308907568513278
Esophageal cancer,0,Burkina Faso,3.2,0.0
Gallbladder cancer,0,Burkina Faso,0.44,0.0
Hodgkin lymphoma,2,Burkina Faso,0.18,0.08308907568513278
Kaposi sarcoma,1,Burkina Faso,0.64,0.04154453784256639
Kidney cancer,0,Burkina Faso,1.9,0.0
Laryngeal cancer,0,Burkina Faso,0.87,0.0
Leukemia,6,Burkina Faso,3.5,0.24926722705539836
Liver cancer,8,Burkina Faso,17.1,0.33235630274053113
Lung cancer,8,Burkina Faso,3.8,0.33235630274053113
Mesothelioma,0,Burkina Faso,0.06,0.0
Mouth cancer,0,Burkina Faso,1.9,0.0
Multiple myeloma,0,Burkina Faso,1.6,0.0
Non-Hodgkin lymphoma,2,Burkina Faso,2.3,0.08308907568513278
Ovarian cancer,1,Burkina Faso,8.5,0.04154453784256639
Pancreatic cancer,0,Burkina Faso,6.6,0.0
Penile cancer,0,Burkina Faso,0.0,0.0
Prostate cancer,12,Burkina Faso,35.3,0.4985344541107967
Rectal cancer,1,Burkina Faso,0.61,0.04154453784256639
Salivary gland cancer,0,Burkina Faso,0.87,0.0
Skin cancer,4,Burkina Faso,2.44,0.16617815137026556
Stomach cancer,0,Burkina Faso,3.9,0.0
Testicular cancer,0,Burkina Faso,0.25,0.0
Throat cancer,0,Burkina Faso,0.42,0.0
Thyroid cancer,0,Burkina Faso,0.83,0.0
Uterine cancer,0,Burkina Faso,6.3,0.0
Vaginal cancer,0,Burkina Faso,0.47,0.0
Vulvar cancer,0,Burkina Faso,0.47,0.0
Anal cancer,3,Chile,0.38,0.14846374908676235
Bladder cancer,42,Chile,4.7,2.0784924872146733
Brain cancer,69,Chile,3.1,3.4146662289955345
Breast cancer,423,Chile,38.2,20.933388621233494
Cervical cancer,105,Chile,11.3,5.196231218036683
Colon cancer,53,Chile,13.7,2.6228595671994683
Colorectal cancer,121,Chile,20.3,5.988037879832748
Esophageal cancer,7,Chile,2.2,0.34641541453577884
Gallbladder cancer,153,Chile,5.7,7.571651203424881
Hodgkin lymphoma,32,Chile,1.3,1.583613323592132
Kaposi sarcoma,2,Chile,0.15,0.09897583272450824
Kidney cancer,36,Chile,7.6,1.7815649890411485
Laryngeal cancer,2,Chile,0.71,0.09897583272450824
Leukemia,171,Chile,6.0,8.462433697945455
Liver cancer,43,Chile,4.7,2.1279804035769274
Lung cancer,62,Chile,12.7,3.0682508144597556
Mesothelioma,6,Chile,0.25,0.2969274981735247
Mouth cancer,1,Chile,1.2,0.04948791636225412
Multiple myeloma,34,Chile,2.7,1.6825891563166402
Non-Hodgkin lymphoma,22,Chile,5.3,1.0887341599695908
Ovarian cancer,96,Chile,6.3,4.750839970776395
Pancreatic cancer,25,Chile,5.5,1.237197909056353
Penile cancer,1,Chile,0.67,0.04948791636225412
Prostate cancer,197,Chile,62.3,9.749119523364062
Rectal cancer,13,Chile,6.2,0.6433429127093035
Salivary gland cancer,0,Chile,0.37,0.0
Skin cancer,238,Chile,10.5,11.77812409421648
Stomach cancer,44,Chile,14.2,2.1774683199391816
Testicular cancer,19,Chile,7.5,0.9402704108828283
Throat cancer,0,Chile,0.69,0.0
Thyroid cancer,45,Chile,4.5,2.2269562363014352
Uterine cancer,31,Chile,6.8,1.5341254072298778
Vaginal cancer,5,Chile,0.32,0.2474395818112706
Vulvar cancer,3,Chile,0.6,0.14846374908676235
Anal cancer,11,Iran,0.26,0.1279650073870709
Bladder cancer,406,Iran,7.1,4.723072090831889
Brain cancer,922,Iran,6.3,10.725794255534487
Breast cancer,6071,Iran,30.5,70.62505089517339
Cervical cancer,762,Iran,2.5,8.864485057177092
Colon cancer,735,Iran,9.5,8.550389129954281
Colorectal cancer,2359,Iran,13.9,27.44267749328184
Esophageal cancer,376,Iran,3.9,4.374076616139877
Gallbladder cancer,13,Iran,0.6,0.1512313723665383
Hodgkin lymphoma,125,Iran,1.9,1.4541478112167145
Kaposi sarcoma,16,Iran,0.19,0.18613091983573946
Kidney cancer,242,Iran,2.3,2.8152301625155594
Laryngeal cancer,51,Iran,3.0,0.5932923069764195
Leukemia,1967,Iran,7.4,22.88246995730622
Liver cancer,659,Iran,6.4,7.666267260734519
Lung cancer,870,Iran,12.1,10.120868766068334
Mesothelioma,27,Iran,0.05,0.3140959272228103
Mouth cancer,4,Iran,1.4,0.046532729958934864
Multiple myeloma,214,Iran,1.4,2.4895010528030155
Non-Hodgkin lymphoma,147,Iran,4.0,1.7100778259908562
Ovarian cancer,593,Iran,4.2,6.898477216412094
Pancreatic cancer,312,Iran,3.9,3.6295529367969195
Penile cancer,5,Iran,0.08,0.05816591244866858
Prostate cancer,1134,Iran,21.8,13.192028943358034
Rectal cancer,154,Iran,4.1,1.7915101034189924
Salivary gland cancer,3,Iran,0.31,0.034899547469201146
Skin cancer,972,Iran,5.28,11.307453380021173
Stomach cancer,340,Iran,19.4,3.955282046509464
Testicular cancer,41,Iran,1.4,0.47696048207908237
Throat cancer,0,Iran,0.53,0.0
Thyroid cancer,445,Iran,4.0,5.176766207931504
Uterine cancer,176,Iran,3.1,2.0474401181931343
Vaginal cancer,8,Iran,0.12,0.09306545991786973
Vulvar cancer,5,Iran,0.1,0.05816591244866858
Anal cancer,13,Austria,1.1,1.4129004988734293
Bladder cancer,338,Austria,8.2,36.73541297070916
Brain cancer,577,Austria,5.3,62.71104521922836
Breast cancer,1883,Austria,69.5,204.65320302912824
Cervical cancer,334,Austria,5.9,36.300674355671184
Colon cancer,255,Austria,13.5,27.71458670867111
Colorectal cancer,693,Austria,21.8,75.31846505532972
Esophageal cancer,88,Austria,2.5,9.564249530835522
Gallbladder cancer,19,Austria,0.58,2.0650084214303965
Hodgkin lymphoma,61,Austria,1.6,6.629763879329168
Kaposi sarcoma,7,Austria,0.05,0.7607925763164619
Kidney cancer,370,Austria,7.8,40.21332189101299
Laryngeal cancer,15,Austria,1.8,1.6302698063924184
Leukemia,1664,Austria,7.4,180.85126385579895
Liver cancer,385,Austria,4.9,41.8435916974054
Lung cancer,766,Austria,27.2,83.25244477977283
Mesothelioma,94,Austria,0.55,10.216357453392488
Mouth cancer,0,Austria,3.4,0.0
Multiple myeloma,297,Austria,2.4,32.27934216656988
Non-Hodgkin lymphoma,191,Austria,8.5,20.75876886806346
Ovarian cancer,524,Austria,7.7,56.95075856997515
Pancreatic cancer,236,Austria,9.4,25.649578287240715
Penile cancer,18,Austria,0.79,1.956323767670902
Prostate cancer,1083,Austria,61.0,117.70548002153261
Rectal cancer,140,Austria,7.3,15.215851526329239
Salivary gland cancer,9,Austria,0.6,0.978161883835451
Skin cancer,1289,Austria,30.0,140.09451869598848
Stomach cancer,28,Austria,5.4,3.0431703052658476
Testicular cancer,75,Austria,8.0,8.151349031962091
Throat cancer,1,Austria,3.15,0.10868465375949456
Thyroid cancer,159,Austria,7.0,17.280859947759634
Uterine cancer,161,Austria,9.7,17.498229255278623
Vaginal cancer,5,Austria,0.33,0.5434232687974728
Vulvar cancer,51,Austria,1.4,5.542917341734222
Anal cancer,1,Peru,0.6,0.029111874722054377
Bladder cancer,3,Peru,2.3,0.08733562416616313
Brain cancer,18,Peru,2.9,0.5240137449969787
Breast cancer,136,Peru,39.3,3.959214962199395
Cervical cancer,71,Peru,23.9,2.0669431052658607
Colon cancer,20,Peru,8.6,0.5822374944410875
Colorectal cancer,37,Peru,11.4,1.077139364716012
Esophageal cancer,7,Peru,0.82,0.20378312305438062
Gallbladder cancer,5,Peru,2.6,0.14555937361027188
Hodgkin lymphoma,15,Peru,1.2,0.43667812083081564
Kaposi sarcoma,8,Peru,0.79,0.23289499777643502
Kidney cancer,5,Peru,5.0,0.14555937361027188
Laryngeal cancer,1,Peru,0.58,0.029111874722054377
Leukemia,48,Peru,8.1,1.39736998665861
Liver cancer,22,Peru,4.9,0.6404612438851963
Lung cancer,40,Peru,6.8,1.164474988882175
Mesothelioma,4,Peru,0.16,0.11644749888821751
Mouth cancer,0,Peru,1.7,0.0
Multiple myeloma,4,Peru,2.2,0.11644749888821751
Non-Hodgkin lymphoma,30,Peru,9.6,0.8733562416616313
Ovarian cancer,13,Peru,5.8,0.3784543713867069
Pancreatic cancer,7,Peru,4.1,0.20378312305438062
Penile cancer,4,Peru,1.3,0.11644749888821751
Prostate cancer,27,Peru,40.1,0.7860206174954681
Rectal cancer,14,Peru,2.2,0.40756624610876124
Salivary gland cancer,0,Peru,0.58,0.0
Skin cancer,45,Peru,9.4,1.3100343624924469
Stomach cancer,30,Peru,14.3,0.8733562416616313
Testicular cancer,5,Peru,3.9,0.14555937361027188
Throat cancer,0,Peru,1.01,0.0
Thyroid cancer,18,Peru,6.3,0.5240137449969787
Uterine cancer,8,Peru,6.5,0.23289499777643502
Vaginal cancer,1,Peru,0.45,0.029111874722054377
Vulvar cancer,0,Peru,1.2,0.0
Anal cancer,0,Mauritania,0.84,0.0
Bladder cancer,0,Mauritania,2.3,0.0
Brain cancer,2,Mauritania,1.3,0.4058827015227907
Breast cancer,1,Mauritania,34.5,0.20294135076139536
Cervical cancer,0,Mauritania,28.3,0.0
Colon cancer,0,Mauritania,3.2,0.0
Colorectal cancer,0,Mauritania,6.2,0.0
Esophageal cancer,0,Mauritania,1.8,0.0
Gallbladder cancer,0,Mauritania,0.44,0.0
Hodgkin lymphoma,0,Mauritania,0.52,0.0
Kaposi sarcoma,0,Mauritania,0.55,0.0
Kidney cancer,0,Mauritania,1.2,0.0
Laryngeal cancer,0,Mauritania,0.65,0.0
Leukemia,0,Mauritania,1.5,0.0
Liver cancer,0,Mauritania,9.3,0.0
Lung cancer,0,Mauritania,1.9,0.0
Mesothelioma,0,Mauritania,0.0,0.0
Mouth cancer,0,Mauritania,1.7,0.0
Multiple myeloma,0,Mauritania,1.0,0.0
Non-Hodgkin lymphoma,0,Mauritania,2.6,0.0
Ovarian cancer,0,Mauritania,4.8,0.0
Pancreatic cancer,0,Mauritania,1.8,0.0
Penile cancer,0,Mauritania,0.0,0.0
Prostate cancer,0,Mauritania,26.5,0.0
Rectal cancer,0,Mauritania,2.2,0.0
Salivary gland cancer,0,Mauritania,0.82,0.0
Skin cancer,0,Mauritania,2.85,0.0
Stomach cancer,0,Mauritania,5.2,0.0
Testicular cancer,0,Mauritania,0.37,0.0
Throat cancer,0,Mauritania,0.6,0.0
Thyroid cancer,0,Mauritania,1.1,0.0
Uterine cancer,0,Mauritania,2.7,0.0
Vaginal cancer,0,Mauritania,0.46,0.0
Vulvar cancer,0,Mauritania,0.86,0.0
Anal cancer,27,South Korea,0.34,0.5277572044771246
Bladder cancer,933,South Korea,4.9,18.236943399153972
Brain cancer,2039,South Korea,2.9,39.8554422195873
Breast cancer,9319,South Korea,61.5,182.15442179712312
Cervical cancer,2022,South Korea,8.6,39.523150646398
Colon cancer,2764,South Korea,15.2,54.026700487954535
Colorectal cancer,4654,South Korea,26.5,90.96970480135326
Esophageal cancer,478,South Korea,2.2,9.343257175557984
Gallbladder cancer,335,South Korea,2.6,6.548098648142102
Hodgkin lymphoma,250,South Korea,0.54,4.886640782195599
Kaposi sarcoma,28,South Korea,0.05,0.547303767605907
Kidney cancer,1161,South Korea,5.0,22.69355979251636
Laryngeal cancer,104,South Korea,1.1,2.032842565393369
Leukemia,3086,South Korea,5.5,60.320693815422466
Liver cancer,5928,South Korea,13.7,115.87202622742204
Lung cancer,8663,South Korea,26.2,169.33187638464187
Mesothelioma,140,South Korea,0.19,2.7365188380295353
Mouth cancer,3,South Korea,1.6,0.058639689386347185
Multiple myeloma,715,South Korea,1.8,13.975792637079412
Non-Hodgkin lymphoma,832,South Korea,5.7,16.262740523146952
Ovarian cancer,1829,South Korea,6.5,35.750663962543
Pancreatic cancer,1606,South Korea,7.5,31.391780384824525
Penile cancer,19,South Korea,0.2,0.3713846994468655
Prostate cancer,2809,South Korea,29.3,54.90629582874975
Rectal cancer,1495,South Korea,11.0,29.22211187752968
Salivary gland cancer,36,South Korea,0.61,0.7036762726361662
Skin cancer,2666,South Korea,4.43,52.11113730133386
Stomach cancer,1095,South Korea,27.0,21.403486626016722
Testicular cancer,30,South Korea,1.2,0.5863968938634718
Throat cancer,0,South Korea,1.78,0.0
Thyroid cancer,2321,South Korea,23.2,45.36757302190394
Uterine cancer,690,South Korea,7.6,13.487128558859853
Vaginal cancer,20,South Korea,0.17,0.39093126257564786
Vulvar cancer,30,South Korea,0.35,0.5863968938634718
Anal cancer,0,Rwanda,0.23,0.0
Bladder cancer,1,Rwanda,0.81,0.07089700090797789
Brain cancer,2,Rwanda,1.6,0.14179400181595578
Breast cancer,14,Rwanda,16.2,0.9925580127116904
Cervical cancer,20,Rwanda,18.9,1.4179400181595578
Colon cancer,0,Rwanda,1.9,0.0
Colorectal cancer,3,Rwanda,4.2,0.21269100272393368
Esophageal cancer,0,Rwanda,2.0,0.0
Gallbladder cancer,0,Rwanda,0.0,0.0
Hodgkin lymphoma,2,Rwanda,0.65,0.14179400181595578
Kaposi sarcoma,0,Rwanda,1.2,0.0
Kidney cancer,0,Rwanda,0.8,0.0
Laryngeal cancer,0,Rwanda,0.93,0.0
Leukemia,4,Rwanda,2.5,0.28358800363191156
Liver cancer,0,Rwanda,4.9,0.0
Lung cancer,0,Rwanda,2.8,0.0
Mesothelioma,0,Rwanda,0.0,0.0
Mouth cancer,0,Rwanda,1.1,0.0
Multiple myeloma,0,Rwanda,0.73,0.0
Non-Hodgkin lymphoma,0,Rwanda,3.0,0.0
Ovarian cancer,1,Rwanda,4.0,0.07089700090797789
Pancreatic cancer,2,Rwanda,0.73,0.14179400181595578
Penile cancer,1,Rwanda,2.6,0.07089700090797789
Prostate cancer,1,Rwanda,36.4,0.07089700090797789
Rectal cancer,0,Rwanda,2.2,0.0
Salivary gland cancer,0,Rwanda,0.33,0.0
Skin cancer,2,Rwanda,2.5700000000000003,0.14179400181595578
Stomach cancer,1,Rwanda,8.2,0.07089700090797789
Testicular cancer,0,Rwanda,0.44,0.0
Throat cancer,0,Rwanda,0.75,0.0
Thyroid cancer,0,Rwanda,0.9,0.0
Uterine cancer,0,Rwanda,1.2,0.0
Vaginal cancer,0,Rwanda,0.24,0.0
Vulvar cancer,0,Rwanda,1.4,0.0
Anal cancer,0,Philippines,0.24,0.0
Bladder cancer,1,Philippines,2.1,0.008762429506254622
Brain cancer,17,Philippines,2.4,0.1489613016063286
Breast cancer,72,Philippines,60.3,0.6308949244503328
Cervical cancer,42,Philippines,15.5,0.3680220392626941
Colon cancer,9,Philippines,13.5,0.0788618655562916
Colorectal cancer,46,Philippines,20.8,0.4030717572877126
Esophageal cancer,0,Philippines,1.4,0.0
Gallbladder cancer,2,Philippines,0.35,0.017524859012509244
Hodgkin lymphoma,1,Philippines,0.54,0.008762429506254622
Kaposi sarcoma,0,Philippines,0.01,0.0
Kidney cancer,4,Philippines,2.9,0.03504971802501849
Laryngeal cancer,1,Philippines,2.0,0.008762429506254622
Leukemia,23,Philippines,6.6,0.2015358786438563
Liver cancer,16,Philippines,12.4,0.14019887210007395
Lung cancer,31,Philippines,24.0,0.2716353146938933
Mesothelioma,0,Philippines,0.07,0.0
Mouth cancer,0,Philippines,1.9,0.0
Multiple myeloma,2,Philippines,0.93,0.017524859012509244
Non-Hodgkin lymphoma,1,Philippines,4.9,0.008762429506254622
Ovarian cancer,11,Philippines,11.7,0.09638672456880085
Pancreatic cancer,4,Philippines,4.1,0.03504971802501849
Penile cancer,0,Philippines,0.32,0.0
Prostate cancer,17,Philippines,24.1,0.1489613016063286
Rectal cancer,9,Philippines,7.0,0.0788618655562916
Salivary gland cancer,0,Philippines,0.67,0.0
Skin cancer,11,Philippines,1.7,0.09638672456880085
Stomach cancer,2,Philippines,4.2,0.017524859012509244
Testicular cancer,0,Philippines,0.77,0.0
Throat cancer,0,Philippines,4.29,0.0
Thyroid cancer,25,Philippines,7.3,0.21906073765636555
Uterine cancer,8,Philippines,9.9,0.07009943605003698
Vaginal cancer,0,Philippines,0.22,0.0
Vulvar cancer,0,Philippines,0.35,0.0
Anal cancer,3,Serbia,0.61,0.4567751401043548
Bladder cancer,66,Serbia,12.5,10.049053082295806
Brain cancer,217,Serbia,5.9,33.04006846754834
Breast cancer,513,Serbia,60.5,78.10854895784468
Cervical cancer,153,Serbia,13.4,23.2955321453221
Colon cancer,77,Serbia,14.9,11.723895262678441
Colorectal cancer,185,Serbia,30.2,28.167800306435215
Esophageal cancer,31,Serbia,1.5,4.720009781078334
Gallbladder cancer,4,Serbia,1.1,0.6090335201391398
Hodgkin lymphoma,34,Serbia,1.8,5.176784921182688
Kaposi sarcoma,1,Serbia,0.13,0.15225838003478495
Kidney cancer,74,Serbia,6.5,11.267120122574086
Laryngeal cancer,26,Serbia,4.1,3.9587178809044086
Leukemia,331,Serbia,7.2,50.39752379151382
Liver cancer,88,Serbia,4.5,13.398737443061076
Lung cancer,180,Serbia,40.4,27.406508406261292
Mesothelioma,9,Serbia,0.25,1.3703254203130646
Mouth cancer,3,Serbia,3.8,0.4567751401043548
Multiple myeloma,48,Serbia,2.3,7.308402241669677
Non-Hodgkin lymphoma,60,Serbia,6.1,9.135502802087096
Ovarian cancer,81,Serbia,9.3,12.33292878281758
Pancreatic cancer,33,Serbia,7.6,5.024526541147903
Penile cancer,3,Serbia,0.76,0.4567751401043548
Prostate cancer,153,Serbia,37.0,23.2955321453221
Rectal cancer,46,Serbia,14.7,7.003885481600108
Salivary gland cancer,4,Serbia,0.45,0.6090335201391398
Skin cancer,300,Serbia,12.0,45.67751401043549
Stomach cancer,25,Serbia,7.1,3.806459500869624
Testicular cancer,10,Serbia,8.1,1.5225838003478496
Throat cancer,0,Serbia,2.63,0.0
Thyroid cancer,106,Serbia,3.5,16.139388283687204
Uterine cancer,39,Serbia,14.4,5.938076821356613
Vaginal cancer,1,Serbia,0.36,0.15225838003478495
Vulvar cancer,3,Serbia,1.3,0.4567751401043548
Anal cancer,2,Cuba,0.83,0.20517014400994993
Bladder cancer,2,Cuba,5.6,0.20517014400994993
Brain cancer,32,Cuba,5.2,3.282722304159199
Breast cancer,42,Cuba,47.2,4.308573024208949
Cervical cancer,16,Cuba,12.8,1.6413611520795994
Colon cancer,9,Cuba,15.2,0.9232656480447747
Colorectal cancer,11,Cuba,19.9,1.1284357920547246
Esophageal cancer,2,Cuba,4.4,0.20517014400994993
Gallbladder cancer,0,Cuba,0.31,0.0
Hodgkin lymphoma,2,Cuba,2.1,0.20517014400994993
Kaposi sarcoma,0,Cuba,0.11,0.0
Kidney cancer,19,Cuba,3.4,1.9491163680945243
Laryngeal cancer,2,Cuba,8.3,0.20517014400994993
Leukemia,36,Cuba,6.0,3.693062592179099
Liver cancer,5,Cuba,4.1,0.5129253600248749
Lung cancer,37,Cuba,29.8,3.7956476641840737
Mesothelioma,0,Cuba,0.07,0.0
Mouth cancer,0,Cuba,5.0,0.0
Multiple myeloma,4,Cuba,1.9,0.41034028801989986
Non-Hodgkin lymphoma,3,Cuba,6.4,0.3077552160149249
Ovarian cancer,2,Cuba,5.3,0.20517014400994993
Pancreatic cancer,1,Cuba,4.4,0.10258507200497496
Penile cancer,0,Cuba,1.3,0.0
Prostate cancer,27,Cuba,58.1,2.769796944134324
Rectal cancer,1,Cuba,3.9,0.10258507200497496
Salivary gland cancer,0,Cuba,0.73,0.0
Skin cancer,52,Cuba,17.01,5.334423744258698
Stomach cancer,0,Cuba,5.6,0.0
Testicular cancer,1,Cuba,1.3,0.10258507200497496
Throat cancer,0,Cuba,5.01,0.0
Thyroid cancer,0,Cuba,4.3,0.0
Uterine cancer,0,Cuba,17.0,0.0
Vaginal cancer,0,Cuba,0.55,0.0
Vulvar cancer,0,Cuba,0.98,0.0
Anal cancer,0,Kuwait,0.16,0.0
Bladder cancer,5,Kuwait,4.6,1.0243269454939243
Brain cancer,15,Kuwait,1.8,3.072980836481773
Breast cancer,161,Kuwait,49.8,32.983327644904364
Cervical cancer,15,Kuwait,3.1,3.072980836481773
Colon cancer,14,Kuwait,7.8,2.868115447382988
Colorectal cancer,41,Kuwait,11.2,8.39948095305018
Esophageal cancer,1,Kuwait,1.1,0.20486538909878485
Gallbladder cancer,0,Kuwait,0.83,0.0
Hodgkin lymphoma,17,Kuwait,1.9,3.4827116146793426
Kaposi sarcoma,3,Kuwait,0.13,0.6145961672963546
Kidney cancer,8,Kuwait,2.5,1.6389231127902788
Laryngeal cancer,0,Kuwait,1.4,0.0
Leukemia,68,Kuwait,6.0,13.93084645871737
Liver cancer,13,Kuwait,4.3,2.6632500582842034
Lung cancer,15,Kuwait,6.4,3.072980836481773
Mesothelioma,1,Kuwait,0.48,0.20486538909878485
Mouth cancer,1,Kuwait,1.5,0.20486538909878485
Multiple myeloma,5,Kuwait,1.8,1.0243269454939243
Non-Hodgkin lymphoma,28,Kuwait,6.2,5.736230894765976
Ovarian cancer,5,Kuwait,5.5,1.0243269454939243
Pancreatic cancer,4,Kuwait,3.3,0.8194615563951394
Penile cancer,0,Kuwait,0.0,0.0
Prostate cancer,36,Kuwait,16.6,7.375154007556255
Rectal cancer,5,Kuwait,3.3,1.0243269454939243
Salivary gland cancer,1,Kuwait,0.34,0.20486538909878485
Skin cancer,14,Kuwait,0.73,2.868115447382988
Stomach cancer,5,Kuwait,2.5,1.0243269454939243
Testicular cancer,2,Kuwait,0.63,0.4097307781975697
Throat cancer,0,Kuwait,1.28,0.0
Thyroid cancer,24,Kuwait,4.8,4.916769338370837
Uterine cancer,3,Kuwait,8.5,0.6145961672963546
Vaginal cancer,0,Kuwait,0.0,0.0
Vulvar cancer,0,Kuwait,0.12,0.0
Anal cancer,6,Argentina,0.5,0.12747611464105457
Bladder cancer,49,Argentina,5.2,1.041054936235279
Brain cancer,149,Argentina,3.7,3.1656568469195214
Breast cancer,835,Argentina,71.3,17.740425954213425
Cervical cancer,142,Argentina,16.8,3.0169347131716244
Colon cancer,95,Argentina,19.0,2.0183718151500307
Colorectal cancer,197,Argentina,24.2,4.185465764047958
Esophageal cancer,16,Argentina,3.1,0.33993630570947886
Gallbladder cancer,10,Argentina,1.3,0.21246019106842426
Hodgkin lymphoma,67,Argentina,1.7,1.4234832801584427
Kaposi sarcoma,13,Argentina,0.45,0.2761982483889516
Kidney cancer,76,Argentina,8.1,1.6146974521200244
Laryngeal cancer,7,Argentina,2.1,0.148722133747897
Leukemia,474,Argentina,5.3,10.07061305664331
Liver cancer,164,Argentina,3.7,3.484347133522158
Lung cancer,224,Argentina,19.9,4.759108279932704
Mesothelioma,16,Argentina,0.37,0.33993630570947886
Mouth cancer,0,Argentina,2.0,0.0
Multiple myeloma,59,Argentina,1.7,1.2535151273037033
Non-Hodgkin lymphoma,67,Argentina,6.6,1.4234832801584427
Ovarian cancer,50,Argentina,6.8,1.0623009553421214
Pancreatic cancer,50,Argentina,7.9,1.0623009553421214
Penile cancer,2,Argentina,1.6,0.04249203821368486
Prostate cancer,165,Argentina,44.7,3.5055931526290003
Rectal cancer,17,Argentina,4.7,0.3611823248163213
Salivary gland cancer,3,Argentina,0.48,0.06373805732052729
Skin cancer,362,Argentina,7.699999999999999,7.691058916676958
Stomach cancer,15,Argentina,6.7,0.31869028660263643
Testicular cancer,8,Argentina,8.5,0.16996815285473943
Throat cancer,0,Argentina,1.16,0.0
Thyroid cancer,127,Argentina,8.0,2.6982444265689884
Uterine cancer,22,Argentina,8.6,0.4674124203505334
Vaginal cancer,3,Argentina,0.32,0.06373805732052729
Vulvar cancer,7,Argentina,0.83,0.148722133747897
Anal cancer,0,Panama,0.31,0.0
Bladder cancer,2,Panama,1.8,0.4920315490629259
Brain cancer,0,Panama,2.0,0.0
Breast cancer,11,Panama,41.4,2.7061735198460926
Cervical cancer,6,Panama,14.5,1.4760946471887777
Colon cancer,1,Panama,10.9,0.24601577453146295
Colorectal cancer,4,Panama,15.1,0.9840630981258518
Esophageal cancer,0,Panama,0.94,0.0
Gallbladder cancer,0,Panama,0.9,0.0
Hodgkin lymphoma,0,Panama,1.5,0.0
Kaposi sarcoma,0,Panama,0.73,0.0
Kidney cancer,2,Panama,3.8,0.4920315490629259
Laryngeal cancer,0,Panama,0.68,0.0
Leukemia,0,Panama,7.1,0.0
Liver cancer,2,Panama,4.3,0.4920315490629259
Lung cancer,2,Panama,6.4,0.4920315490629259
Mesothelioma,0,Panama,0.02,0.0
Mouth cancer,0,Panama,1.1,0.0
Multiple myeloma,2,Panama,1.6,0.4920315490629259
Non-Hodgkin lymphoma,0,Panama,4.5,0.0
Ovarian cancer,1,Panama,4.0,0.24601577453146295
Pancreatic cancer,0,Panama,3.1,0.0
Penile cancer,1,Panama,1.0,0.24601577453146295
Prostate cancer,4,Panama,56.2,0.9840630981258518
Rectal cancer,0,Panama,3.8,0.0
Salivary gland cancer,0,Panama,0.27,0.0
Skin cancer,1,Panama,4.800000000000001,0.24601577453146295
Stomach cancer,2,Panama,8.8,0.4920315490629259
Testicular cancer,0,Panama,1.5,0.0
Throat cancer,0,Panama,1.26,0.0
Thyroid cancer,0,Panama,5.7,0.0
Uterine cancer,2,Panama,13.7,0.4920315490629259
Vaginal cancer,0,Panama,0.45,0.0
Vulvar cancer,0,Panama,0.4,0.0
Anal cancer,0,Nepal,0.15,0.0
Bladder cancer,11,Nepal,1.7,0.3677473535563175
Brain cancer,15,Nepal,1.1,0.5014736639404329
Breast cancer,80,Nepal,14.4,2.674526207682309
Cervical cancer,68,Nepal,14.2,2.2733472765299627
Colon cancer,7,Nepal,2.6,0.23402104317220204
Colorectal cancer,14,Nepal,4.4,0.4680420863444041
Esophageal cancer,8,Nepal,0.97,0.2674526207682309
Gallbladder cancer,10,Nepal,4.4,0.3343157759602886
Hodgkin lymphoma,2,Nepal,0.31,0.06686315519205772
Kaposi sarcoma,0,Nepal,0.0,0.0
Kidney cancer,14,Nepal,0.53,0.4680420863444041
Laryngeal cancer,1,Nepal,1.8,0.03343157759602886
Leukemia,24,Nepal,2.4,0.8023578623046927
Liver cancer,14,Nepal,2.1,0.4680420863444041
Lung cancer,25,Nepal,9.3,0.8357894399007216
Mesothelioma,4,Nepal,0.03,0.13372631038411545
Mouth cancer,0,Nepal,3.6,0.0
Multiple myeloma,6,Nepal,0.47,0.2005894655761732
Non-Hodgkin lymphoma,6,Nepal,2.1,0.2005894655761732
Ovarian cancer,12,Nepal,4.1,0.4011789311523464
Pancreatic cancer,12,Nepal,1.4,0.4011789311523464
Penile cancer,2,Nepal,1.5,0.06686315519205772
Prostate cancer,11,Nepal,3.0,0.3677473535563175
Rectal cancer,4,Nepal,1.7,0.13372631038411545
Salivary gland cancer,0,Nepal,0.48,0.0
Skin cancer,36,Nepal,1.05,1.2035367934570391
Stomach cancer,9,Nepal,6.5,0.3008841983642598
Testicular cancer,2,Nepal,0.18,0.06686315519205772
Throat cancer,0,Nepal,0.8300000000000001,0.0
Thyroid cancer,8,Nepal,2.5,0.2674526207682309
Uterine cancer,2,Nepal,1.3,0.06686315519205772
Vaginal cancer,0,Nepal,0.23,0.0
Vulvar cancer,0,Nepal,0.16,0.0
Anal cancer,1182,United States,1.5,3.475336115868153
Bladder cancer,10006,United States,10.5,29.41980810099555
Brain cancer,28398,United States,5.5,83.49627328123842
Breast cancer,99024,United States,95.9,291.1520165293807
Cervical cancer,12661,United States,6.3,37.22608338663848
Colon cancer,15411,United States,17.0,45.31167925689011
Colorectal cancer,28276,United States,27.0,83.13756684626725
Esophageal cancer,4347,United States,2.8,12.78112190835775
Gallbladder cancer,708,United States,0.67,2.081673409504782
Hodgkin lymphoma,6408,United States,2.2,18.840908486026333
Kaposi sarcoma,1145,United States,0.24,3.3665480987047673
Kidney cancer,14930,United States,12.8,43.897435033766094
Laryngeal cancer,881,United States,2.0,2.5903308951606117
Leukemia,63212,United States,11.2,185.8569767819439
Liver cancer,16445,United States,6.8,48.35186330410472
Lung cancer,31763,United States,31.9,93.39010240974632
Mesothelioma,4396,United States,0.4,12.925192525682235
Mouth cancer,30,United States,4.6,0.088206500402745
Multiple myeloma,13871,United States,4.8,40.7837455695492
Non-Hodgkin lymphoma,9799,United States,12.5,28.811183248216608
Ovarian cancer,19933,United States,7.3,58.60733908426387
Pancreatic cancer,16356,United States,8.6,48.090184019576576
Penile cancer,511,United States,0.53,1.5024507235267566
Prostate cancer,53262,United States,75.2,156.60182081503348
Rectal cancer,4582,United States,8.5,13.472072828179254
Salivary gland cancer,211,United States,0.85,0.6203857194993065
Skin cancer,49517,United States,79.8,145.5907093480908
Stomach cancer,1906,United States,4.1,5.604052992254399
Testicular cancer,1627,United States,5.5,4.783732538508871
Throat cancer,30,United States,3.39,0.088206500402745
Thyroid cancer,7397,United States,12.1,21.748782782636827
Uterine cancer,7003,United States,22.5,20.590337410680775
Vaginal cancer,264,United States,0.42,0.776217203544156
Vulvar cancer,515,United States,1.8,1.5142115902471225
Anal cancer,0,Moldova,0.18,0.0
Bladder cancer,1,Moldova,7.2,0.4199386889514131
Brain cancer,2,Moldova,6.2,0.8398773779028262
Breast cancer,13,Moldova,46.6,5.459202956368371
Cervical cancer,4,Moldova,14.2,1.6797547558056525
Colon cancer,1,Moldova,16.3,0.4199386889514131
Colorectal cancer,3,Moldova,27.5,1.2598160668542393
Esophageal cancer,0,Moldova,2.1,0.0
Gallbladder cancer,0,Moldova,0.31,0.0
Hodgkin lymphoma,2,Moldova,1.5,0.8398773779028262
Kaposi sarcoma,0,Moldova,0.06,0.0
Kidney cancer,2,Moldova,5.8,0.8398773779028262
Laryngeal cancer,1,Moldova,5.5,0.4199386889514131
Leukemia,3,Moldova,5.0,1.2598160668542393
Liver cancer,0,Moldova,10.1,0.0
Lung cancer,2,Moldova,22.3,0.8398773779028262
Mesothelioma,0,Moldova,0.04,0.0
Mouth cancer,0,Moldova,4.4,0.0
Multiple myeloma,1,Moldova,1.2,0.4199386889514131
Non-Hodgkin lymphoma,2,Moldova,5.8,0.8398773779028262
Ovarian cancer,2,Moldova,6.9,0.8398773779028262
Pancreatic cancer,0,Moldova,8.1,0.0
Penile cancer,0,Moldova,0.62,0.0
Prostate cancer,1,Moldova,34.6,0.4199386889514131
Rectal cancer,1,Moldova,11.0,0.4199386889514131
Salivary gland cancer,0,Moldova,0.21,0.0
Skin cancer,2,Moldova,24.1,0.8398773779028262
Stomach cancer,0,Moldova,9.6,0.0
Testicular cancer,0,Moldova,1.9,0.0
Throat cancer,0,Moldova,6.029999999999999,0.0
Thyroid cancer,0,Moldova,7.4,0.0
Uterine cancer,1,Moldova,15.2,0.4199386889514131
Vaginal cancer,0,Moldova,0.07,0.0
Vulvar cancer,0,Moldova,0.95,0.0
Anal cancer,0,Somalia,0.5,0.0
Bladder cancer,2,Somalia,2.3,0.10175527855507505
Brain cancer,0,Somalia,1.4,0.0
Breast cancer,3,Somalia,38.6,0.15263291783261257
Cervical cancer,4,Somalia,26.6,0.2035105571101501
Colon cancer,0,Somalia,5.2,0.0
Colorectal cancer,1,Somalia,9.2,0.05087763927753752
Esophageal cancer,3,Somalia,5.4,0.15263291783261257
Gallbladder cancer,0,Somalia,0.91,0.0
Hodgkin lymphoma,2,Somalia,0.74,0.10175527855507505
Kaposi sarcoma,0,Somalia,0.74,0.0
Kidney cancer,2,Somalia,2.0,0.10175527855507505
Laryngeal cancer,1,Somalia,1.2,0.05087763927753752
Leukemia,1,Somalia,4.5,0.05087763927753752
Liver cancer,5,Somalia,3.7,0.2543881963876876
Lung cancer,5,Somalia,3.5,0.2543881963876876
Mesothelioma,0,Somalia,0.01,0.0
Mouth cancer,0,Somalia,2.3,0.0
Multiple myeloma,0,Somalia,1.3,0.0
Non-Hodgkin lymphoma,1,Somalia,4.3,0.05087763927753752
Ovarian cancer,0,Somalia,7.0,0.0
Pancreatic cancer,0,Somalia,2.0,0.0
Penile cancer,0,Somalia,0.07,0.0
Prostate cancer,1,Somalia,18.5,0.05087763927753752
Rectal cancer,0,Somalia,3.5,0.0
Salivary gland cancer,0,Somalia,0.58,0.0
Skin cancer,0,Somalia,3.58,0.0
Stomach cancer,1,Somalia,5.0,0.05087763927753752
Testicular cancer,0,Somalia,0.37,0.0
Throat cancer,0,Somalia,2.0700000000000003,0.0
Thyroid cancer,1,Somalia,2.8,0.05087763927753752
Uterine cancer,0,Somalia,3.6,0.0
Vaginal cancer,0,Somalia,0.57,0.0
Vulvar cancer,0,Somalia,1.1,0.0
Anal cancer,1,Togo,0.77,0.12352544587127315
Bladder cancer,0,Togo,1.3,0.0
Brain cancer,1,Togo,0.79,0.12352544587127315
Breast cancer,14,Togo,32.9,1.7293562421978241
Cervical cancer,8,Togo,19.1,0.9882035669701852
Colon cancer,0,Togo,4.7,0.0
Colorectal cancer,3,Togo,7.5,0.3705763376138194
Esophageal cancer,2,Togo,3.8,0.2470508917425463
Gallbladder cancer,0,Togo,0.5,0.0
Hodgkin lymphoma,2,Togo,1.0,0.2470508917425463
Kaposi sarcoma,0,Togo,1.4,0.0
Kidney cancer,0,Togo,1.3,0.0
Laryngeal cancer,1,Togo,1.2,0.12352544587127315
Leukemia,5,Togo,2.1,0.6176272293563657
Liver cancer,5,Togo,4.3,0.6176272293563657
Lung cancer,5,Togo,1.9,0.6176272293563657
Mesothelioma,0,Togo,0.03,0.0
Mouth cancer,0,Togo,1.3,0.0
Multiple myeloma,0,Togo,0.71,0.0
Non-Hodgkin lymphoma,2,Togo,3.8,0.2470508917425463
Ovarian cancer,1,Togo,4.1,0.12352544587127315
Pancreatic cancer,2,Togo,1.5,0.2470508917425463
Penile cancer,0,Togo,0.29,0.0
Prostate cancer,7,Togo,31.3,0.8646781210989121
Rectal cancer,0,Togo,2.0,0.0
Salivary gland cancer,0,Togo,1.5,0.0
Skin cancer,15,Togo,4.7,1.8528816880690973
Stomach cancer,3,Togo,5.4,0.3705763376138194
Testicular cancer,0,Togo,0.38,0.0
Throat cancer,0,Togo,1.54,0.0
Thyroid cancer,2,Togo,0.99,0.2470508917425463
Uterine cancer,2,Togo,5.6,0.2470508917425463
Vaginal cancer,0,Togo,0.68,0.0
Vulvar cancer,1,Togo,0.74,0.12352544587127315
Anal cancer,0,United Arab Emirates,0.21,0.0
Bladder cancer,13,United Arab Emirates,6.1,1.2173930632568672
Brain cancer,30,United Arab Emirates,2.1,2.8093686075158475
Breast cancer,318,United Arab Emirates,57.1,29.779307239667986
Cervical cancer,58,United Arab Emirates,5.7,5.4314459745306385
Colon cancer,33,United Arab Emirates,7.2,3.0903054682674322
Colorectal cancer,103,United Arab Emirates,11.5,9.645498885804411
Esophageal cancer,2,United Arab Emirates,0.97,0.1872912405010565
Gallbladder cancer,1,United Arab Emirates,0.39,0.09364562025052825
Hodgkin lymphoma,14,United Arab Emirates,1.4,1.3110386835073955
Kaposi sarcoma,2,United Arab Emirates,0.11,0.1872912405010565
Kidney cancer,19,United Arab Emirates,2.7,1.7792667847600367
Laryngeal cancer,2,United Arab Emirates,1.4,0.1872912405010565
Leukemia,61,United Arab Emirates,5.6,5.712382835282224
Liver cancer,51,United Arab Emirates,2.7,4.775926632776941
Lung cancer,70,United Arab Emirates,6.2,6.5551934175369775
Mesothelioma,9,United Arab Emirates,0.22,0.8428105822547542
Mouth cancer,0,United Arab Emirates,1.8,0.0
Multiple myeloma,14,United Arab Emirates,1.5,1.3110386835073955
Non-Hodgkin lymphoma,12,United Arab Emirates,4.0,1.123747443006339
Ovarian cancer,23,United Arab Emirates,5.4,2.1538492657621497
Pancreatic cancer,19,United Arab Emirates,2.4,1.7792667847600367
Penile cancer,0,United Arab Emirates,0.11,0.0
Prostate cancer,41,United Arab Emirates,13.8,3.8394704302716582
Rectal cancer,7,United Arab Emirates,4.1,0.6555193417536977
Salivary gland cancer,0,United Arab Emirates,0.15,0.0
Skin cancer,50,United Arab Emirates,2.15,4.6822810125264125
Stomach cancer,2,United Arab Emirates,3.9,0.1872912405010565
Testicular cancer,2,United Arab Emirates,0.57,0.1872912405010565
Throat cancer,0,United Arab Emirates,0.7400000000000001,0.0
Thyroid cancer,22,United Arab Emirates,5.4,2.0602036455116215
Uterine cancer,9,United Arab Emirates,10.3,0.8428105822547542
Vaginal cancer,1,United Arab Emirates,0.11,0.09364562025052825
Vulvar cancer,1,United Arab Emirates,0.1,0.09364562025052825
Anal cancer,0,Jamaica,0.65,0.0
Bladder cancer,0,Jamaica,3.0,0.0
Brain cancer,2,Jamaica,2.1,0.7078282978428225
Breast cancer,41,Jamaica,71.1,14.51048010577786
Cervical cancer,19,Jamaica,20.4,6.724368829506814
Colon cancer,5,Jamaica,14.8,1.769570744607056
Colorectal cancer,13,Jamaica,20.2,4.600883935978346
Esophageal cancer,0,Jamaica,1.9,0.0
Gallbladder cancer,0,Jamaica,1.1,0.0
Hodgkin lymphoma,1,Jamaica,0.55,0.35391414892141126
Kaposi sarcoma,0,Jamaica,0.0,0.0
Kidney cancer,8,Jamaica,1.3,2.83131319137129
Laryngeal cancer,0,Jamaica,1.5,0.0
Leukemia,19,Jamaica,5.1,6.724368829506814
Liver cancer,3,Jamaica,2.9,1.0617424467642338
Lung cancer,8,Jamaica,14.0,2.83131319137129
Mesothelioma,0,Jamaica,0.06,0.0
Mouth cancer,0,Jamaica,0.81,0.0
Multiple myeloma,7,Jamaica,3.8,2.477399042449879
Non-Hodgkin lymphoma,2,Jamaica,6.9,0.7078282978428225
Ovarian cancer,4,Jamaica,5.5,1.415656595685645
Pancreatic cancer,0,Jamaica,3.7,0.0
Penile cancer,2,Jamaica,0.96,0.7078282978428225
Prostate cancer,52,Jamaica,85.7,18.403535743913384
Rectal cancer,1,Jamaica,4.7,0.35391414892141126
Salivary gland cancer,0,Jamaica,0.4,0.0
Skin cancer,6,Jamaica,2.26,2.1234848935284676
Stomach cancer,1,Jamaica,6.9,0.35391414892141126
Testicular cancer,0,Jamaica,0.29,0.0
Throat cancer,0,Jamaica,1.4500000000000002,0.0
Thyroid cancer,1,Jamaica,3.1,0.35391414892141126
Uterine cancer,2,Jamaica,25.4,0.7078282978428225
Vaginal cancer,0,Jamaica,0.31,0.0
Vulvar cancer,1,Jamaica,0.37,0.35391414892141126
Anal cancer,0,Sierra Leone,0.04,0.0
Bladder cancer,1,Sierra Leone,0.09,0.11016017178817829
Brain cancer,1,Sierra Leone,0.01,0.11016017178817829
Breast cancer,14,Sierra Leone,7.0,1.542242405034496
Cervical cancer,15,Sierra Leone,16.5,1.6524025768226744
Colon cancer,0,Sierra Leone,0.07,0.0
Colorectal cancer,7,Sierra Leone,0.24,0.771121202517248
Esophageal cancer,0,Sierra Leone,0.01,0.0
Gallbladder cancer,0,Sierra Leone,0.01,0.0
Hodgkin lymphoma,0,Sierra Leone,0.0,0.0
Kaposi sarcoma,0,Sierra Leone,0.0,0.0
Kidney cancer,1,Sierra Leone,0.04,0.11016017178817829
Laryngeal cancer,0,Sierra Leone,0.0,0.0
Leukemia,2,Sierra Leone,0.05,0.22032034357635658
Liver cancer,0,Sierra Leone,5.9,0.0
Lung cancer,0,Sierra Leone,1.3,0.0
Mesothelioma,0,Sierra Leone,0.0,0.0
Mouth cancer,0,Sierra Leone,0.04,0.0
Multiple myeloma,0,Sierra Leone,0.0,0.0
Non-Hodgkin lymphoma,0,Sierra Leone,0.64,0.0
Ovarian cancer,0,Sierra Leone,2.7,0.0
Pancreatic cancer,0,Sierra Leone,0.65,0.0
Penile cancer,0,Sierra Leone,0.0,0.0
Prostate cancer,1,Sierra Leone,21.2,0.11016017178817829
Rectal cancer,0,Sierra Leone,0.12,0.0
Salivary gland cancer,0,Sierra Leone,0.0,0.0
Skin cancer,3,Sierra Leone,0.07,0.3304805153645349
Stomach cancer,0,Sierra Leone,2.6,0.0
Testicular cancer,0,Sierra Leone,0.0,0.0
Throat cancer,0,Sierra Leone,0.0,0.0
Thyroid cancer,0,Sierra Leone,0.04,0.0
Uterine cancer,0,Sierra Leone,0.06,0.0
Vaginal cancer,0,Sierra Leone,0.0,0.0
Vulvar cancer,0,Sierra Leone,0.0,0.0
Anal cancer,0,Turkmenistan,0.7,0.0
Bladder cancer,0,Turkmenistan,2.9,0.0
Brain cancer,0,Turkmenistan,4.3,0.0
Breast cancer,2,Turkmenistan,31.1,0.2833727764623771
Cervical cancer,0,Turkmenistan,14.1,0.0
Colon cancer,0,Turkmenistan,2.1,0.0
Colorectal cancer,0,Turkmenistan,5.9,0.0
Esophageal cancer,0,Turkmenistan,7.7,0.0
Gallbladder cancer,0,Turkmenistan,0.53,0.0
Hodgkin lymphoma,0,Turkmenistan,0.75,0.0
Kaposi sarcoma,0,Turkmenistan,0.05,0.0
Kidney cancer,0,Turkmenistan,3.8,0.0
Laryngeal cancer,0,Turkmenistan,1.2,0.0
Leukemia,0,Turkmenistan,3.7,0.0
Liver cancer,0,Turkmenistan,6.2,0.0
Lung cancer,0,Turkmenistan,9.5,0.0
Mesothelioma,0,Turkmenistan,0.02,0.0
Mouth cancer,0,Turkmenistan,2.8,0.0
Multiple myeloma,0,Turkmenistan,1.1,0.0
Non-Hodgkin lymphoma,0,Turkmenistan,1.3,0.0
Ovarian cancer,1,Turkmenistan,4.5,0.14168638823118854
Pancreatic cancer,0,Turkmenistan,2.6,0.0
Penile cancer,0,Turkmenistan,0.0,0.0
Prostate cancer,0,Turkmenistan,6.1,0.0
Rectal cancer,0,Turkmenistan,3.1,0.0
Salivary gland cancer,0,Turkmenistan,0.2,0.0
Skin cancer,0,Turkmenistan,5.57,0.0
Stomach cancer,0,Turkmenistan,12.1,0.0
Testicular cancer,0,Turkmenistan,2.0,0.0
Throat cancer,0,Turkmenistan,2.44,0.0
Thyroid cancer,0,Turkmenistan,1.3,0.0
Uterine cancer,1,Turkmenistan,5.4,0.14168638823118854
Vaginal cancer,0,Turkmenistan,0.25,0.0
Vulvar cancer,0,Turkmenistan,0.54,0.0
Anal cancer,1,El Salvador,0.25,0.1658381393226109
Bladder cancer,0,El Salvador,1.2,0.0
Brain cancer,0,El Salvador,3.9,0.0
Breast cancer,3,El Salvador,39.7,0.4975144179678327
Cervical cancer,4,El Salvador,15.2,0.6633525572904436
Colon cancer,2,El Salvador,6.4,0.3316762786452218
Colorectal cancer,3,El Salvador,8.7,0.4975144179678327
Esophageal cancer,0,El Salvador,1.0,0.0
Gallbladder cancer,0,El Salvador,1.0,0.0
Hodgkin lymphoma,8,El Salvador,0.88,1.3267051145808872
Kaposi sarcoma,0,El Salvador,0.04,0.0
Kidney cancer,0,El Salvador,2.1,0.0
Laryngeal cancer,1,El Salvador,0.59,0.1658381393226109
Leukemia,19,El Salvador,7.7,3.150924647129607
Liver cancer,1,El Salvador,5.6,0.1658381393226109
Lung cancer,1,El Salvador,4.7,0.1658381393226109
Mesothelioma,0,El Salvador,0.0,0.0
Mouth cancer,0,El Salvador,1.2,0.0
Multiple myeloma,9,El Salvador,0.78,1.4925432539034982
Non-Hodgkin lymphoma,5,El Salvador,2.5,0.8291906966130546
Ovarian cancer,1,El Salvador,4.3,0.1658381393226109
Pancreatic cancer,0,El Salvador,2.6,0.0
Penile cancer,0,El Salvador,0.83,0.0
Prostate cancer,1,El Salvador,41.9,0.1658381393226109
Rectal cancer,2,El Salvador,2.0,0.3316762786452218
Salivary gland cancer,0,El Salvador,0.45,0.0
Skin cancer,0,El Salvador,2.64,0.0
Stomach cancer,0,El Salvador,8.2,0.0
Testicular cancer,0,El Salvador,1.2,0.0
Throat cancer,0,El Salvador,0.37,0.0
Thyroid cancer,3,El Salvador,2.4,0.4975144179678327
Uterine cancer,0,El Salvador,2.9,0.0
Vaginal cancer,0,El Salvador,0.17,0.0
Vulvar cancer,0,El Salvador,0.48,0.0
Anal cancer,2,Estonia,0.69,1.4598593425523452
Bladder cancer,4,Estonia,9.4,2.9197186851046903
Brain cancer,23,Estonia,6.2,16.788382439351967
Breast cancer,51,Estonia,63.1,37.2264132350848
Cervical cancer,41,Estonia,11.8,29.927116522323075
Colon cancer,10,Estonia,20.0,7.299296712761725
Colorectal cancer,25,Estonia,31.8,18.248241781904312
Esophageal cancer,0,Estonia,3.5,0.0
Gallbladder cancer,0,Estonia,0.72,0.0
Hodgkin lymphoma,1,Estonia,2.4,0.7299296712761726
Kaposi sarcoma,0,Estonia,0.0,0.0
Kidney cancer,7,Estonia,10.5,5.109507698933208
Laryngeal cancer,1,Estonia,2.3,0.7299296712761726
Leukemia,21,Estonia,9.6,15.328523096799623
Liver cancer,3,Estonia,4.5,2.1897890138285176
Lung cancer,14,Estonia,25.8,10.219015397866416
Mesothelioma,2,Estonia,0.15,1.4598593425523452
Mouth cancer,0,Estonia,4.2,0.0
Multiple myeloma,4,Estonia,3.5,2.9197186851046903
Non-Hodgkin lymphoma,1,Estonia,9.4,0.7299296712761726
Ovarian cancer,6,Estonia,9.4,4.379578027657035
Pancreatic cancer,2,Estonia,8.6,1.4598593425523452
Penile cancer,0,Estonia,1.1,0.0
Prostate cancer,19,Estonia,98.8,13.868663754247278
Rectal cancer,6,Estonia,11.1,4.379578027657035
Salivary gland cancer,0,Estonia,0.62,0.0
Skin cancer,27,Estonia,16.7,19.708101124456658
Stomach cancer,8,Estonia,13.1,5.839437370209381
Testicular cancer,2,Estonia,4.5,1.4598593425523452
Throat cancer,0,Estonia,3.64,0.0
Thyroid cancer,5,Estonia,4.1,3.6496483563808626
Uterine cancer,4,Estonia,17.7,2.9197186851046903
Vaginal cancer,0,Estonia,0.34,0.0
Vulvar cancer,0,Estonia,1.4,0.0
Anal cancer,0,Georgia,0.2,0.0
Bladder cancer,1,Georgia,7.1,0.26994196247806723
Brain cancer,4,Georgia,7.0,1.079767849912269
Breast cancer,11,Georgia,49.0,2.9693615872587396
Cervical cancer,2,Georgia,10.4,0.5398839249561345
Colon cancer,1,Georgia,7.1,0.26994196247806723
Colorectal cancer,2,Georgia,14.5,0.5398839249561345
Esophageal cancer,1,Georgia,1.1,0.26994196247806723
Gallbladder cancer,0,Georgia,1.1,0.0
Hodgkin lymphoma,0,Georgia,2.3,0.0
Kaposi sarcoma,0,Georgia,0.06,0.0
Kidney cancer,0,Georgia,4.6,0.0
Laryngeal cancer,0,Georgia,4.4,0.0
Leukemia,8,Georgia,5.1,2.159535699824538
Liver cancer,2,Georgia,6.7,0.5398839249561345
Lung cancer,3,Georgia,22.0,0.8098258874342017
Mesothelioma,0,Georgia,0.17,0.0
Mouth cancer,0,Georgia,3.0,0.0
Multiple myeloma,1,Georgia,1.0,0.26994196247806723
Non-Hodgkin lymphoma,0,Georgia,5.0,0.0
Ovarian cancer,3,Georgia,10.6,0.8098258874342017
Pancreatic cancer,0,Georgia,5.4,0.0
Penile cancer,0,Georgia,0.88,0.0
Prostate cancer,2,Georgia,34.6,0.5398839249561345
Rectal cancer,1,Georgia,7.2,0.26994196247806723
Salivary gland cancer,0,Georgia,0.42,0.0
Skin cancer,1,Georgia,9.8,0.26994196247806723
Stomach cancer,1,Georgia,9.7,0.26994196247806723
Testicular cancer,0,Georgia,6.0,0.0
Throat cancer,0,Georgia,2.2,0.0
Thyroid cancer,0,Georgia,4.6,0.0
Uterine cancer,0,Georgia,10.7,0.0
Vaginal cancer,0,Georgia,0.32,0.0
Vulvar cancer,0,Georgia,1.2,0.0
Anal cancer,8,South Africa,0.83,0.12678098560964499
Bladder cancer,20,South Africa,4.1,0.3169524640241125
Brain cancer,68,South Africa,1.5,1.0776383776819825
Breast cancer,774,South Africa,47.8,12.266060357733153
Cervical cancer,576,South Africa,33.2,9.12823096389444
Colon cancer,68,South Africa,6.8,1.0776383776819825
Colorectal cancer,189,South Africa,13.5,2.995200785027863
Esophageal cancer,74,South Africa,6.4,1.1727241168892162
Gallbladder cancer,4,South Africa,0.66,0.06339049280482249
Hodgkin lymphoma,57,South Africa,1.1,0.9033145224687206
Kaposi sarcoma,67,South Africa,6.0,1.0617907544807768
Kidney cancer,83,South Africa,2.6,1.3153527257000668
Laryngeal cancer,8,South Africa,1.9,0.12678098560964499
Leukemia,236,South Africa,3.6,3.7400390754845274
Liver cancer,239,South Africa,4.9,3.787581945088144
Lung cancer,275,South Africa,18.1,4.3580963803315464
Mesothelioma,45,South Africa,0.6,0.7131430440542531
Mouth cancer,2,South Africa,3.1,0.031695246402411247
Multiple myeloma,52,South Africa,2.3,0.8240764064626924
Non-Hodgkin lymphoma,58,South Africa,5.6,0.9191621456699262
Ovarian cancer,84,South Africa,5.1,1.3312003489012725
Pancreatic cancer,42,South Africa,5.3,0.6656001744506362
Penile cancer,8,South Africa,1.4,0.12678098560964499
Prostate cancer,284,South Africa,62.0,4.500724989142397
Rectal cancer,6,South Africa,5.9,0.09508573920723375
Salivary gland cancer,0,South Africa,0.54,0.0
Skin cancer,291,South Africa,23.9,4.611658351550837
Stomach cancer,14,South Africa,3.6,0.22186672481687875
Testicular cancer,8,South Africa,0.7,0.12678098560964499
Throat cancer,0,South Africa,1.49,0.0
Thyroid cancer,20,South Africa,2.2,0.3169524640241125
Uterine cancer,31,South Africa,6.2,0.49127631923737436
Vaginal cancer,2,South Africa,0.74,0.031695246402411247
Vulvar cancer,11,South Africa,2.0,0.17432385521326185
Anal cancer,0,Eswatini,0.85,0.0
Bladder cancer,0,Eswatini,1.1,0.0
Brain cancer,1,Eswatini,0.47,0.8093568122348851
Breast cancer,10,Eswatini,26.2,8.09356812234885
Cervical cancer,5,Eswatini,95.9,4.046784061174425
Colon cancer,0,Eswatini,2.5,0.0
Colorectal cancer,0,Eswatini,4.9,0.0
Esophageal cancer,0,Eswatini,1.9,0.0
Gallbladder cancer,0,Eswatini,0.0,0.0
Hodgkin lymphoma,0,Eswatini,0.6,0.0
Kaposi sarcoma,0,Eswatini,8.8,0.0
Kidney cancer,0,Eswatini,0.51,0.0
Laryngeal cancer,0,Eswatini,0.27,0.0
Leukemia,1,Eswatini,1.2,0.8093568122348851
Liver cancer,0,Eswatini,4.0,0.0
Lung cancer,0,Eswatini,4.1,0.0
Mesothelioma,0,Eswatini,0.0,0.0
Mouth cancer,0,Eswatini,1.1,0.0
Multiple myeloma,0,Eswatini,0.56,0.0
Non-Hodgkin lymphoma,0,Eswatini,3.1,0.0
Ovarian cancer,0,Eswatini,3.0,0.0
Pancreatic cancer,0,Eswatini,1.4,0.0
Penile cancer,0,Eswatini,6.8,0.0
Prostate cancer,2,Eswatini,41.0,1.6187136244697702
Rectal cancer,0,Eswatini,1.5,0.0
Salivary gland cancer,0,Eswatini,0.0,0.0
Skin cancer,0,Eswatini,4.5600000000000005,0.0
Stomach cancer,0,Eswatini,1.3,0.0
Testicular cancer,0,Eswatini,0.0,0.0
Throat cancer,0,Eswatini,0.35,0.0
Thyroid cancer,0,Eswatini,0.66,0.0
Uterine cancer,0,Eswatini,0.58,0.0
Vaginal cancer,0,Eswatini,0.73,0.0
Vulvar cancer,0,Eswatini,5.1,0.0
Anal cancer,0,Mauritius,0.26,0.0
Bladder cancer,0,Mauritius,3.1,0.0
Brain cancer,0,Mauritius,2.4,0.0
Breast cancer,6,Mauritius,52.7,4.824155511477068
Cervical cancer,2,Mauritius,12.9,1.6080518371590227
Colon cancer,3,Mauritius,11.7,2.412077755738534
Colorectal cancer,0,Mauritius,16.9,0.0
Esophageal cancer,0,Mauritius,1.8,0.0
Gallbladder cancer,0,Mauritius,0.95,0.0
Hodgkin lymphoma,0,Mauritius,0.76,0.0
Kaposi sarcoma,0,Mauritius,0.0,0.0
Kidney cancer,1,Mauritius,1.7,0.8040259185795113
Laryngeal cancer,0,Mauritius,1.7,0.0
Leukemia,1,Mauritius,4.1,0.8040259185795113
Liver cancer,4,Mauritius,3.6,3.2161036743180453
Lung cancer,4,Mauritius,8.4,3.2161036743180453
Mesothelioma,0,Mauritius,0.0,0.0
Mouth cancer,0,Mauritius,3.1,0.0
Multiple myeloma,0,Mauritius,1.3,0.0
Non-Hodgkin lymphoma,0,Mauritius,2.5,0.0
Ovarian cancer,0,Mauritius,7.9,0.0
Pancreatic cancer,2,Mauritius,3.8,1.6080518371590227
Penile cancer,0,Mauritius,0.39,0.0
Prostate cancer,0,Mauritius,24.8,0.0
Rectal cancer,0,Mauritius,5.0,0.0
Salivary gland cancer,0,Mauritius,0.33,0.0
Skin cancer,3,Mauritius,4.44,2.412077755738534
Stomach cancer,0,Mauritius,5.7,0.0
Testicular cancer,0,Mauritius,1.3,0.0
Throat cancer,0,Mauritius,1.55,0.0
Thyroid cancer,0,Mauritius,1.6,0.0
Uterine cancer,0,Mauritius,13.0,0.0
Vaginal cancer,0,Mauritius,0.44,0.0
Vulvar cancer,0,Mauritius,0.77,0.0
Anal cancer,0,Indonesia,0.28,0.0
Bladder cancer,45,Indonesia,2.6,0.15820627441724877
Brain cancer,42,Indonesia,2.0,0.14765918945609885
Breast cancer,615,Indonesia,41.8,2.1621524170357334
Cervical cancer,151,Indonesia,23.3,0.5308699430445458
Colon cancer,39,Indonesia,6.3,0.13711210449494893
Colorectal cancer,132,Indonesia,12.1,0.4640717382905964
Esophageal cancer,1,Indonesia,0.48,0.0035156949870499728
Gallbladder cancer,2,Indonesia,0.22,0.0070313899740999455
Hodgkin lymphoma,29,Indonesia,0.44,0.1019551546244492
Kaposi sarcoma,2,Indonesia,0.04,0.0070313899740999455
Kidney cancer,23,Indonesia,0.9,0.08086098470214938
Laryngeal cancer,1,Indonesia,1.4,0.0035156949870499728
Leukemia,109,Indonesia,5.2,0.38321075358844703
Liver cancer,87,Indonesia,8.0,0.3058654638733476
Lung cancer,123,Indonesia,13.4,0.4324304834071466
Mesothelioma,2,Indonesia,0.09,0.0070313899740999455
Mouth cancer,0,Indonesia,2.2,0.0
Multiple myeloma,12,Indonesia,1.2,0.04218833984459967
Non-Hodgkin lymphoma,35,Indonesia,5.5,0.12304932454674905
Ovarian cancer,75,Indonesia,9.8,0.26367712402874793
Pancreatic cancer,21,Indonesia,2.0,0.07382959472804942
Penile cancer,7,Indonesia,0.77,0.02460986490934981
Prostate cancer,88,Indonesia,10.5,0.3093811588603976
Rectal cancer,8,Indonesia,5.5,0.028125559896399782
Salivary gland cancer,0,Indonesia,0.8,0.0
Skin cancer,48,Indonesia,3.3000000000000003,0.1687533593783987
Stomach cancer,4,Indonesia,1.3,0.014062779948199891
Testicular cancer,6,Indonesia,1.1,0.021094169922299837
Throat cancer,1,Indonesia,6.709999999999999,0.0035156949870499728
Thyroid cancer,33,Indonesia,4.5,0.1160179345726491
Uterine cancer,13,Indonesia,5.3,0.04570403483164964
Vaginal cancer,0,Indonesia,0.3,0.0
Vulvar cancer,3,Indonesia,0.84,0.010547084961149918
Anal cancer,0,Ethiopia,0.44,0.0
Bladder cancer,3,Ethiopia,2.5,0.026868960562975656
Brain cancer,15,Ethiopia,1.1,0.1343448028148783
Breast cancer,226,Ethiopia,40.8,2.024128362410833
Cervical cancer,343,Ethiopia,22.3,3.0720178243668834
Colon cancer,11,Ethiopia,4.9,0.09851952206424408
Colorectal cancer,38,Ethiopia,9.0,0.340340167131025
Esophageal cancer,12,Ethiopia,2.3,0.10747584225190263
Gallbladder cancer,0,Ethiopia,0.63,0.0
Hodgkin lymphoma,6,Ethiopia,0.65,0.05373792112595131
Kaposi sarcoma,0,Ethiopia,0.18,0.0
Kidney cancer,8,Ethiopia,2.2,0.07165056150126842
Laryngeal cancer,5,Ethiopia,0.71,0.04478160093829276
Leukemia,46,Ethiopia,5.0,0.4119907286322934
Liver cancer,34,Ethiopia,4.1,0.3045148863803908
Lung cancer,37,Ethiopia,3.7,0.3313838469433664
Mesothelioma,3,Ethiopia,0.02,0.026868960562975656
Mouth cancer,0,Ethiopia,1.4,0.0
Multiple myeloma,5,Ethiopia,0.48,0.04478160093829276
Non-Hodgkin lymphoma,5,Ethiopia,4.1,0.04478160093829276
Ovarian cancer,7,Ethiopia,6.8,0.06269424131360987
Pancreatic cancer,5,Ethiopia,1.4,0.04478160093829276
Penile cancer,0,Ethiopia,0.11,0.0
Prostate cancer,15,Ethiopia,8.0,0.1343448028148783
Rectal cancer,4,Ethiopia,3.7,0.03582528075063421
Salivary gland cancer,0,Ethiopia,0.63,0.0
Skin cancer,15,Ethiopia,3.75,0.1343448028148783
Stomach cancer,5,Ethiopia,3.3,0.04478160093829276
Testicular cancer,2,Ethiopia,0.56,0.017912640375317104
Throat cancer,0,Ethiopia,1.25,0.0
Thyroid cancer,9,Ethiopia,3.8,0.08060688168892698
Uterine cancer,4,Ethiopia,2.4,0.03582528075063421
Vaginal cancer,1,Ethiopia,0.59,0.008956320187658552
Vulvar cancer,2,Ethiopia,1.1,0.017912640375317104
Anal cancer,0,Libya,0.21,0.0
Bladder cancer,7,Libya,8.7,0.9384636010189034
Brain cancer,1,Libya,4.5,0.1340662287169862
Breast cancer,15,Libya,31.0,2.0109934307547928
Cervical cancer,1,Libya,8.0,0.1340662287169862
Colon cancer,2,Libya,10.4,0.2681324574339724
Colorectal cancer,9,Libya,15.9,1.2065960584528757
Esophageal cancer,0,Libya,0.89,0.0
Gallbladder cancer,0,Libya,2.2,0.0
Hodgkin lymphoma,1,Libya,1.9,0.1340662287169862
Kaposi sarcoma,0,Libya,0.28,0.0
Kidney cancer,1,Libya,3.4,0.1340662287169862
Laryngeal cancer,0,Libya,3.0,0.0
Leukemia,7,Libya,5.4,0.9384636010189034
Liver cancer,3,Libya,4.7,0.40219868615095855
Lung cancer,3,Libya,16.4,0.40219868615095855
Mesothelioma,0,Libya,0.13,0.0
Mouth cancer,0,Libya,1.2,0.0
Multiple myeloma,2,Libya,1.5,0.2681324574339724
Non-Hodgkin lymphoma,2,Libya,5.3,0.2681324574339724
Ovarian cancer,4,Libya,5.3,0.5362649148679448
Pancreatic cancer,1,Libya,3.8,0.1340662287169862
Penile cancer,0,Libya,0.0,0.0
Prostate cancer,2,Libya,16.2,0.2681324574339724
Rectal cancer,0,Libya,5.3,0.0
Salivary gland cancer,0,Libya,0.27,0.0
Skin cancer,3,Libya,1.6,0.40219868615095855
Stomach cancer,1,Libya,3.8,0.1340662287169862
Testicular cancer,0,Libya,0.61,0.0
Throat cancer,0,Libya,2.26,0.0
Thyroid cancer,1,Libya,3.2,0.1340662287169862
Uterine cancer,1,Libya,2.0,0.1340662287169862
Vaginal cancer,0,Libya,0.28,0.0
Vulvar cancer,0,Libya,0.45,0.0
Anal cancer,0,Ecuador,0.66,0.0
Bladder cancer,2,Ecuador,3.2,0.1104748984459496
Brain cancer,13,Ecuador,3.6,0.7180868398986724
Breast cancer,25,Ecuador,39.5,1.38093623057437
Cervical cancer,19,Ecuador,17.7,1.0495115352365212
Colon cancer,5,Ecuador,8.6,0.276187246114874
Colorectal cancer,8,Ecuador,12.4,0.4418995937837984
Esophageal cancer,2,Ecuador,0.87,0.1104748984459496
Gallbladder cancer,0,Ecuador,1.1,0.0
Hodgkin lymphoma,1,Ecuador,1.2,0.0552374492229748
Kaposi sarcoma,1,Ecuador,0.34,0.0552374492229748
Kidney cancer,1,Ecuador,3.1,0.0552374492229748
Laryngeal cancer,1,Ecuador,0.75,0.0552374492229748
Leukemia,22,Ecuador,6.5,1.2152238829054456
Liver cancer,6,Ecuador,5.2,0.3314246953378488
Lung cancer,8,Ecuador,6.3,0.4418995937837984
Mesothelioma,0,Ecuador,0.13,0.0
Mouth cancer,0,Ecuador,1.2,0.0
Multiple myeloma,3,Ecuador,1.4,0.1657123476689244
Non-Hodgkin lymphoma,5,Ecuador,7.4,0.276187246114874
Ovarian cancer,4,Ecuador,5.1,0.2209497968918992
Pancreatic cancer,2,Ecuador,3.7,0.1104748984459496
Penile cancer,0,Ecuador,1.4,0.0
Prostate cancer,13,Ecuador,35.0,0.7180868398986724
Rectal cancer,2,Ecuador,3.1,0.1104748984459496
Salivary gland cancer,0,Ecuador,0.39,0.0
Skin cancer,11,Ecuador,8.1,0.6076119414527228
Stomach cancer,2,Ecuador,12.8,0.1104748984459496
Testicular cancer,2,Ecuador,3.8,0.1104748984459496
Throat cancer,0,Ecuador,0.68,0.0
Thyroid cancer,23,Ecuador,6.7,1.2704613321284204
Uterine cancer,6,Ecuador,8.0,0.3314246953378488
Vaginal cancer,0,Ecuador,0.28,0.0
Vulvar cancer,0,Ecuador,0.66,0.0
Anal cancer,0,Albania,0.24,0.0
Bladder cancer,0,Albania,8.2,0.0
Brain cancer,4,Albania,7.0,1.6925385285239287
Breast cancer,7,Albania,51.1,2.961942424916875
Cervical cancer,3,Albania,8.7,1.2694038963929466
Colon cancer,1,Albania,4.9,0.4231346321309822
Colorectal cancer,2,Albania,10.2,0.8462692642619644
Esophageal cancer,0,Albania,1.3,0.0
Gallbladder cancer,0,Albania,0.79,0.0
Hodgkin lymphoma,0,Albania,1.9,0.0
Kaposi sarcoma,0,Albania,0.07,0.0
Kidney cancer,0,Albania,3.5,0.0
Laryngeal cancer,0,Albania,3.3,0.0
Leukemia,1,Albania,7.4,0.4231346321309822
Liver cancer,0,Albania,3.2,0.0
Lung cancer,0,Albania,25.3,0.0
Mesothelioma,1,Albania,0.64,0.4231346321309822
Mouth cancer,0,Albania,1.7,0.0
Multiple myeloma,1,Albania,1.5,0.4231346321309822
Non-Hodgkin lymphoma,0,Albania,2.3,0.0
Ovarian cancer,1,Albania,8.8,0.4231346321309822
Pancreatic cancer,2,Albania,5.3,0.8462692642619644
Penile cancer,0,Albania,0.51,0.0
Prostate cancer,2,Albania,12.2,0.8462692642619644
Rectal cancer,0,Albania,5.0,0.0
Salivary gland cancer,0,Albania,0.33,0.0
Skin cancer,1,Albania,7.4,0.4231346321309822
Stomach cancer,1,Albania,12.6,0.4231346321309822
Testicular cancer,0,Albania,3.3,0.0
Throat cancer,0,Albania,1.6,0.0
Thyroid cancer,3,Albania,1.1,1.2694038963929466
Uterine cancer,0,Albania,9.7,0.0
Vaginal cancer,0,Albania,0.62,0.0
Vulvar cancer,0,Albania,1.0,0.0
Anal cancer,0,Uzbekistan,0.76,0.0
Bladder cancer,1,Uzbekistan,2.6,0.02641331159059959
Brain cancer,4,Uzbekistan,4.9,0.10565324636239835
Breast cancer,6,Uzbekistan,27.8,0.15847986954359752
Cervical cancer,1,Uzbekistan,14.8,0.02641331159059959
Colon cancer,0,Uzbekistan,4.1,0.0
Colorectal cancer,1,Uzbekistan,9.0,0.02641331159059959
Esophageal cancer,2,Uzbekistan,5.0,0.05282662318119918
Gallbladder cancer,0,Uzbekistan,0.28,0.0
Hodgkin lymphoma,0,Uzbekistan,1.4,0.0
Kaposi sarcoma,0,Uzbekistan,0.16,0.0
Kidney cancer,0,Uzbekistan,2.4,0.0
Laryngeal cancer,0,Uzbekistan,0.48,0.0
Leukemia,4,Uzbekistan,4.4,0.10565324636239835
Liver cancer,2,Uzbekistan,5.4,0.05282662318119918
Lung cancer,2,Uzbekistan,8.4,0.05282662318119918
Mesothelioma,0,Uzbekistan,0.16,0.0
Mouth cancer,0,Uzbekistan,3.2,0.0
Multiple myeloma,1,Uzbekistan,0.12,0.02641331159059959
Non-Hodgkin lymphoma,2,Uzbekistan,1.8,0.05282662318119918
Ovarian cancer,0,Uzbekistan,4.8,0.0
Pancreatic cancer,0,Uzbekistan,3.7,0.0
Penile cancer,0,Uzbekistan,0.08,0.0
Prostate cancer,4,Uzbekistan,10.3,0.10565324636239835
Rectal cancer,0,Uzbekistan,4.2,0.0
Salivary gland cancer,0,Uzbekistan,0.41,0.0
Skin cancer,5,Uzbekistan,1.98,0.13206655795299793
Stomach cancer,0,Uzbekistan,10.2,0.0
Testicular cancer,1,Uzbekistan,1.7,0.02641331159059959
Throat cancer,0,Uzbekistan,1.76,0.0
Thyroid cancer,1,Uzbekistan,1.2,0.02641331159059959
Uterine cancer,0,Uzbekistan,5.3,0.0
Vaginal cancer,0,Uzbekistan,0.26,0.0
Vulvar cancer,0,Uzbekistan,0.47,0.0
Anal cancer,0,Djibouti,0.0,0.0
Bladder cancer,0,Djibouti,2.1,0.0
Brain cancer,0,Djibouti,0.6,0.0
Breast cancer,0,Djibouti,38.1,0.0
Cervical cancer,0,Djibouti,16.5,0.0
Colon cancer,0,Djibouti,3.5,0.0
Colorectal cancer,0,Djibouti,6.4,0.0
Esophageal cancer,1,Djibouti,2.5,0.9373749190342414
Gallbladder cancer,0,Djibouti,0.54,0.0
Hodgkin lymphoma,0,Djibouti,0.29,0.0
Kaposi sarcoma,0,Djibouti,0.0,0.0
Kidney cancer,0,Djibouti,1.9,0.0
Laryngeal cancer,0,Djibouti,0.75,0.0
Leukemia,0,Djibouti,4.3,0.0
Liver cancer,0,Djibouti,3.5,0.0
Lung cancer,0,Djibouti,3.1,0.0
Mesothelioma,0,Djibouti,0.0,0.0
Mouth cancer,0,Djibouti,1.6,0.0
Multiple myeloma,0,Djibouti,0.3,0.0
Non-Hodgkin lymphoma,0,Djibouti,5.0,0.0
Ovarian cancer,0,Djibouti,6.5,0.0
Pancreatic cancer,0,Djibouti,1.4,0.0
Penile cancer,0,Djibouti,0.0,0.0
Prostate cancer,0,Djibouti,11.1,0.0
Rectal cancer,0,Djibouti,2.9,0.0
Salivary gland cancer,0,Djibouti,0.0,0.0
Skin cancer,0,Djibouti,2.0,0.0
Stomach cancer,0,Djibouti,2.9,0.0
Testicular cancer,0,Djibouti,0.0,0.0
Throat cancer,0,Djibouti,0.69,0.0
Thyroid cancer,0,Djibouti,3.0,0.0
Uterine cancer,0,Djibouti,2.5,0.0
Vaginal cancer,0,Djibouti,0.22,0.0
Vulvar cancer,0,Djibouti,0.86,0.0
Anal cancer,0,Niger,0.87,0.0
Bladder cancer,2,Niger,2.5,0.07601084735600448
Brain cancer,0,Niger,0.82,0.0
Breast cancer,4,Niger,29.5,0.15202169471200896
Cervical cancer,1,Niger,9.3,0.03800542367800224
Colon cancer,0,Niger,3.3,0.0
Colorectal cancer,0,Niger,5.9,0.0
Esophageal cancer,0,Niger,0.95,0.0
Gallbladder cancer,0,Niger,0.23,0.0
Hodgkin lymphoma,0,Niger,0.12,0.0
Kaposi sarcoma,0,Niger,0.13,0.0
Kidney cancer,0,Niger,1.5,0.0
Laryngeal cancer,0,Niger,0.59,0.0
Leukemia,0,Niger,2.2,0.0
Liver cancer,1,Niger,9.8,0.03800542367800224
Lung cancer,1,Niger,0.95,0.03800542367800224
Mesothelioma,0,Niger,0.01,0.0
Mouth cancer,0,Niger,1.5,0.0
Multiple myeloma,1,Niger,0.1,0.03800542367800224
Non-Hodgkin lymphoma,0,Niger,1.8,0.0
Ovarian cancer,0,Niger,7.7,0.0
Pancreatic cancer,0,Niger,3.4,0.0
Penile cancer,0,Niger,0.08,0.0
Prostate cancer,0,Niger,5.5,0.0
Rectal cancer,0,Niger,1.8,0.0
Salivary gland cancer,0,Niger,0.49,0.0
Skin cancer,0,Niger,2.52,0.0
Stomach cancer,0,Niger,3.1,0.0
Testicular cancer,0,Niger,0.59,0.0
Throat cancer,0,Niger,0.69,0.0
Thyroid cancer,0,Niger,1.0,0.0
Uterine cancer,0,Niger,2.5,0.0
Vaginal cancer,0,Niger,0.42,0.0
Vulvar cancer,0,Niger,0.24,0.0
Anal cancer,0,Guyana,0.13,0.0
Bladder cancer,0,Guyana,1.1,0.0
Brain cancer,0,Guyana,0.24,0.0
Breast cancer,1,Guyana,52.6,1.2937029011287557
Cervical cancer,4,Guyana,30.3,5.174811604515023
Colon cancer,0,Guyana,7.3,0.0
Colorectal cancer,0,Guyana,8.8,0.0
Esophageal cancer,0,Guyana,0.79,0.0
Gallbladder cancer,0,Guyana,0.48,0.0
Hodgkin lymphoma,0,Guyana,0.0,0.0
Kaposi sarcoma,0,Guyana,0.0,0.0
Kidney cancer,0,Guyana,1.9,0.0
Laryngeal cancer,0,Guyana,1.3,0.0
Leukemia,0,Guyana,4.0,0.0
Liver cancer,1,Guyana,3.5,1.2937029011287557
Lung cancer,1,Guyana,4.3,1.2937029011287557
Mesothelioma,0,Guyana,0.0,0.0
Mouth cancer,0,Guyana,1.1,0.0
Multiple myeloma,0,Guyana,0.34,0.0
Non-Hodgkin lymphoma,0,Guyana,5.9,0.0
Ovarian cancer,0,Guyana,4.5,0.0
Pancreatic cancer,0,Guyana,2.0,0.0
Penile cancer,0,Guyana,0.99,0.0
Prostate cancer,0,Guyana,61.9,0.0
Rectal cancer,0,Guyana,1.3,0.0
Salivary gland cancer,0,Guyana,0.08,0.0
Skin cancer,1,Guyana,0.21,1.2937029011287557
Stomach cancer,1,Guyana,4.5,1.2937029011287557
Testicular cancer,0,Guyana,0.28,0.0
Throat cancer,0,Guyana,0.6,0.0
Thyroid cancer,0,Guyana,0.85,0.0
Uterine cancer,0,Guyana,7.0,0.0
Vaginal cancer,0,Guyana,0.0,0.0
Vulvar cancer,0,Guyana,0.67,0.0
Anal cancer,1,Tunisia,0.52,0.08352705345205201
Bladder cancer,64,Tunisia,8.9,5.345731420931329
Brain cancer,93,Tunisia,3.3,7.768015971040836
Breast cancer,381,Tunisia,36.2,31.823807365231815
Cervical cancer,54,Tunisia,5.3,4.510460886410808
Colon cancer,64,Tunisia,6.6,5.345731420931329
Colorectal cancer,141,Tunisia,11.9,11.777314536739333
Esophageal cancer,4,Tunisia,0.7,0.33410821380820804
Gallbladder cancer,12,Tunisia,1.1,1.002324641424624
Hodgkin lymphoma,28,Tunisia,2.0,2.3387574966574562
Kaposi sarcoma,9,Tunisia,0.41,0.751743481068468
Kidney cancer,38,Tunisia,2.2,3.174028031177976
Laryngeal cancer,9,Tunisia,3.1,0.751743481068468
Leukemia,181,Tunisia,5.3,15.118396674821414
Liver cancer,41,Tunisia,4.1,3.4246091915341323
Lung cancer,59,Tunisia,20.1,4.928096153671068
Mesothelioma,15,Tunisia,0.15,1.2529058017807801
Mouth cancer,0,Tunisia,1.8,0.0
Multiple myeloma,64,Tunisia,1.4,5.345731420931329
Non-Hodgkin lymphoma,31,Tunisia,5.8,2.589338657013612
Ovarian cancer,60,Tunisia,4.6,5.011623207123121
Pancreatic cancer,12,Tunisia,3.3,1.002324641424624
Penile cancer,1,Tunisia,0.12,0.08352705345205201
Prostate cancer,55,Tunisia,16.8,4.593987939862861
Rectal cancer,22,Tunisia,4.8,1.837595175945144
Salivary gland cancer,2,Tunisia,0.28,0.16705410690410402
Skin cancer,104,Tunisia,3.49,8.686813559013409
Stomach cancer,21,Tunisia,3.5,1.754068122493092
Testicular cancer,5,Tunisia,0.68,0.41763526726026
Throat cancer,0,Tunisia,3.45,0.0
Thyroid cancer,36,Tunisia,2.5,3.006973924273872
Uterine cancer,14,Tunisia,4.0,1.1693787483287281
Vaginal cancer,2,Tunisia,0.19,0.16705410690410402
Vulvar cancer,6,Tunisia,0.54,0.501162320712312
Anal cancer,0,Bangladesh,0.24,0.0
Bladder cancer,16,Bangladesh,1.1,0.09421246303581374
Brain cancer,34,Bangladesh,0.81,0.20020148395110418
Breast cancer,183,Bangladesh,15.2,1.0775550459721195
Cervical cancer,114,Bangladesh,11.3,0.6712637991301729
Colon cancer,25,Bangladesh,1.7,0.14720697349345896
Colorectal cancer,48,Bangladesh,3.6,0.2826373891074412
Esophageal cancer,2,Bangladesh,16.0,0.011776557879476717
Gallbladder cancer,2,Bangladesh,5.3,0.011776557879476717
Hodgkin lymphoma,9,Bangladesh,0.31,0.05299451045764522
Kaposi sarcoma,0,Bangladesh,0.0,0.0
Kidney cancer,15,Bangladesh,0.95,0.08832418409607537
Laryngeal cancer,1,Bangladesh,3.9,0.005888278939738359
Leukemia,59,Bangladesh,1.8,0.3474084574445631
Liver cancer,33,Bangladesh,2.1,0.1943132050113658
Lung cancer,46,Bangladesh,8.8,0.2708608312279645
Mesothelioma,2,Bangladesh,0.01,0.011776557879476717
Mouth cancer,0,Bangladesh,10.3,0.0
Multiple myeloma,9,Bangladesh,0.5,0.05299451045764522
Non-Hodgkin lymphoma,12,Bangladesh,2.0,0.0706593472768603
Ovarian cancer,24,Bangladesh,3.3,0.1413186945537206
Pancreatic cancer,19,Bangladesh,0.88,0.11187729985502881
Penile cancer,0,Bangladesh,0.83,0.0
Prostate cancer,33,Bangladesh,3.2,0.1943132050113658
Rectal cancer,9,Bangladesh,1.6,0.05299451045764522
Salivary gland cancer,0,Bangladesh,0.53,0.0
Skin cancer,39,Bangladesh,1.02,0.22964287864979596
Stomach cancer,11,Bangladesh,5.5,0.06477106833712194
Testicular cancer,1,Bangladesh,0.43,0.005888278939738359
Throat cancer,0,Bangladesh,8.91,0.0
Thyroid cancer,11,Bangladesh,0.99,0.06477106833712194
Uterine cancer,3,Bangladesh,1.2,0.017664836819215074
Vaginal cancer,1,Bangladesh,0.31,0.005888278939738359
Vulvar cancer,2,Bangladesh,0.37,0.011776557879476717
Anal cancer,0,Armenia,0.24,0.0
Bladder cancer,1,Armenia,7.0,0.32455941060011034
Brain cancer,0,Armenia,6.8,0.0
Breast cancer,16,Armenia,39.6,5.1929505696017655
Cervical cancer,8,Armenia,6.8,2.5964752848008827
Colon cancer,3,Armenia,16.8,0.9736782318003311
Colorectal cancer,3,Armenia,22.0,0.9736782318003311
Esophageal cancer,0,Armenia,1.2,0.0
Gallbladder cancer,0,Armenia,1.0,0.0
Hodgkin lymphoma,2,Armenia,1.7,0.6491188212002207
Kaposi sarcoma,1,Armenia,0.0,0.32455941060011034
Kidney cancer,0,Armenia,4.4,0.0
Laryngeal cancer,2,Armenia,2.9,0.6491188212002207
Leukemia,16,Armenia,4.4,5.1929505696017655
Liver cancer,4,Armenia,10.7,1.2982376424004414
Lung cancer,4,Armenia,29.0,1.2982376424004414
Mesothelioma,1,Armenia,0.47,0.32455941060011034
Mouth cancer,0,Armenia,1.6,0.0
Multiple myeloma,4,Armenia,0.78,1.2982376424004414
Non-Hodgkin lymphoma,0,Armenia,3.0,0.0
Ovarian cancer,4,Armenia,5.0,1.2982376424004414
Pancreatic cancer,1,Armenia,9.3,0.32455941060011034
Penile cancer,0,Armenia,0.33,0.0
Prostate cancer,1,Armenia,37.2,0.32455941060011034
Rectal cancer,2,Armenia,5.0,0.6491188212002207
Salivary gland cancer,0,Armenia,0.41,0.0
Skin cancer,6,Armenia,4.2,1.9473564636006622
Stomach cancer,3,Armenia,12.1,0.9736782318003311
Testicular cancer,0,Armenia,2.9,0.0
Throat cancer,0,Armenia,0.6699999999999999,0.0
Thyroid cancer,2,Armenia,3.8,0.6491188212002207
Uterine cancer,1,Armenia,14.4,0.32455941060011034
Vaginal cancer,0,Armenia,0.28,0.0
Vulvar cancer,0,Armenia,0.48,0.0
Anal cancer,0,Guam,0.0,0.0
Bladder cancer,0,Guam,1.8,0.0
Brain cancer,0,Guam,0.0,0.0
Breast cancer,4,Guam,44.2,26.001716113263477
Cervical cancer,3,Guam,19.0,19.501287084947606
Colon cancer,1,Guam,10.2,6.500429028315869
Colorectal cancer,4,Guam,16.0,26.001716113263477
Esophageal cancer,1,Guam,1.3,6.500429028315869
Gallbladder cancer,0,Guam,0.0,0.0
Hodgkin lymphoma,2,Guam,0.0,13.000858056631738
Kaposi sarcoma,0,Guam,0.0,0.0
Kidney cancer,0,Guam,2.0,0.0
Laryngeal cancer,0,Guam,0.82,0.0
Leukemia,5,Guam,2.3,32.50214514157934
Liver cancer,2,Guam,15.1,13.000858056631738
Lung cancer,2,Guam,31.5,13.000858056631738
Mesothelioma,1,Guam,0.0,6.500429028315869
Mouth cancer,1,Guam,2.0,6.500429028315869
Multiple myeloma,0,Guam,1.0,0.0
Non-Hodgkin lymphoma,2,Guam,4.7,13.000858056631738
Ovarian cancer,0,Guam,7.3,0.0
Pancreatic cancer,0,Guam,4.3,0.0
Penile cancer,0,Guam,0.0,0.0
Prostate cancer,3,Guam,43.7,19.501287084947606
Rectal cancer,1,Guam,5.8,6.500429028315869
Salivary gland cancer,0,Guam,0.0,0.0
Skin cancer,1,Guam,0.0,6.500429028315869
Stomach cancer,2,Guam,6.1,13.000858056631738
Testicular cancer,0,Guam,0.0,0.0
Throat cancer,0,Guam,3.44,0.0
Thyroid cancer,0,Guam,6.5,0.0
Uterine cancer,0,Guam,14.9,0.0
Vaginal cancer,0,Guam,0.0,0.0
Vulvar cancer,0,Guam,0.0,0.0
Anal cancer,0,Lesotho,0.33,0.0
Bladder cancer,0,Lesotho,1.6,0.0
Brain cancer,0,Lesotho,0.47,0.0
Breast cancer,1,Lesotho,18.9,0.4336513443191674
Cervical cancer,2,Lesotho,60.5,0.8673026886383348
Colon cancer,0,Lesotho,3.4,0.0
Colorectal cancer,0,Lesotho,5.8,0.0
Esophageal cancer,0,Lesotho,7.4,0.0
Gallbladder cancer,0,Lesotho,0.0,0.0
Hodgkin lymphoma,0,Lesotho,0.35,0.0
Kaposi sarcoma,0,Lesotho,6.5,0.0
Kidney cancer,0,Lesotho,0.36,0.0
Laryngeal cancer,0,Lesotho,0.69,0.0
Leukemia,0,Lesotho,0.67,0.0
Liver cancer,0,Lesotho,3.0,0.0
Lung cancer,0,Lesotho,4.2,0.0
Mesothelioma,0,Lesotho,0.12,0.0
Mouth cancer,0,Lesotho,1.8,0.0
Multiple myeloma,0,Lesotho,0.51,0.0
Non-Hodgkin lymphoma,0,Lesotho,2.6,0.0
Ovarian cancer,0,Lesotho,2.6,0.0
Pancreatic cancer,0,Lesotho,1.2,0.0
Penile cancer,0,Lesotho,3.1,0.0
Prostate cancer,1,Lesotho,32.1,0.4336513443191674
Rectal cancer,0,Lesotho,2.1,0.0
Salivary gland cancer,0,Lesotho,0.0,0.0
Skin cancer,0,Lesotho,4.07,0.0
Stomach cancer,0,Lesotho,1.7,0.0
Testicular cancer,0,Lesotho,0.23,0.0
Throat cancer,0,Lesotho,0.43,0.0
Thyroid cancer,0,Lesotho,0.33,0.0
Uterine cancer,0,Lesotho,2.3,0.0
Vaginal cancer,0,Lesotho,0.34,0.0
Vulvar cancer,0,Lesotho,2.8,0.0
Anal cancer,0,Sudan,0.12,0.0
Bladder cancer,5,Sudan,2.2,0.09678293523285975
Brain cancer,4,Sudan,1.4,0.0774263481862878
Breast cancer,71,Sudan,39.9,1.3743176803066084
Cervical cancer,13,Sudan,8.6,0.25163563160543534
Colon cancer,7,Sudan,2.7,0.13549610932600364
Colorectal cancer,17,Sudan,5.5,0.32906197979172314
Esophageal cancer,7,Sudan,2.9,0.13549610932600364
Gallbladder cancer,1,Sudan,1.0,0.01935658704657195
Hodgkin lymphoma,2,Sudan,0.86,0.0387131740931439
Kaposi sarcoma,1,Sudan,0.28,0.01935658704657195
Kidney cancer,7,Sudan,1.9,0.13549610932600364
Laryngeal cancer,0,Sudan,1.1,0.0
Leukemia,19,Sudan,4.0,0.36777515388486703
Liver cancer,11,Sudan,4.4,0.21292245751229144
Lung cancer,12,Sudan,2.5,0.2322790445588634
Mesothelioma,0,Sudan,0.0,0.0
Mouth cancer,0,Sudan,1.9,0.0
Multiple myeloma,1,Sudan,1.1,0.01935658704657195
Non-Hodgkin lymphoma,3,Sudan,4.9,0.05806976113971585
Ovarian cancer,3,Sudan,6.4,0.05806976113971585
Pancreatic cancer,4,Sudan,1.1,0.0774263481862878
Penile cancer,0,Sudan,0.18,0.0
Prostate cancer,12,Sudan,11.9,0.2322790445588634
Rectal cancer,5,Sudan,2.7,0.09678293523285975
Salivary gland cancer,1,Sudan,0.42,0.01935658704657195
Skin cancer,3,Sudan,2.29,0.05806976113971585
Stomach cancer,0,Sudan,2.4,0.0
Testicular cancer,0,Sudan,0.66,0.0
Throat cancer,0,Sudan,2.22,0.0
Thyroid cancer,6,Sudan,2.6,0.1161395222794317
Uterine cancer,0,Sudan,2.6,0.0
Vaginal cancer,0,Sudan,0.31,0.0
Vulvar cancer,0,Sudan,1.2,0.0
Anal cancer,10,Türkiye,0.24,0.11673386490511217
Bladder cancer,725,Türkiye,11.6,8.463205205620634
Brain cancer,1348,Türkiye,6.4,15.735724989209121
Breast cancer,4967,Türkiye,46.8,57.98171069836922
Cervical cancer,671,Türkiye,4.8,7.832842335133027
Colon cancer,725,Türkiye,12.4,8.463205205620634
Colorectal cancer,1225,Türkiye,19.8,14.299898450876242
Esophageal cancer,107,Türkiye,1.2,1.2490523544847003
Gallbladder cancer,59,Türkiye,0.7,0.6887298029401618
Hodgkin lymphoma,363,Türkiye,1.9,4.237439296055572
Kaposi sarcoma,75,Türkiye,0.5,0.8755039867883413
Kidney cancer,816,Türkiye,5.3,9.525483376257153
Laryngeal cancer,221,Türkiye,3.8,2.579818414402979
Leukemia,2140,Türkiye,6.8,24.981047089694005
Liver cancer,819,Türkiye,4.7,9.560503535728687
Lung cancer,1796,Türkiye,37.9,20.965402136958147
Mesothelioma,317,Türkiye,0.82,3.700463517492056
Mouth cancer,2,Türkiye,2.1,0.023346772981022435
Multiple myeloma,514,Türkiye,2.6,6.000120656122766
Non-Hodgkin lymphoma,398,Türkiye,6.6,4.6460078232234645
Ovarian cancer,772,Türkiye,6.9,9.01185437067466
Pancreatic cancer,339,Türkiye,7.7,3.9572780202833027
Penile cancer,15,Türkiye,0.04,0.17510079735766826
Prostate cancer,1799,Türkiye,35.3,21.00042229642968
Rectal cancer,376,Türkiye,7.2,4.389193320432218
Salivary gland cancer,4,Türkiye,0.54,0.04669354596204487
Skin cancer,1263,Türkiye,9.0,14.743487137515668
Stomach cancer,235,Türkiye,11.7,2.743245825270136
Testicular cancer,143,Türkiye,3.8,1.6692942681431042
Throat cancer,1,Türkiye,1.35,0.011673386490511218
Thyroid cancer,774,Türkiye,15.6,9.035201143655682
Uterine cancer,686,Türkiye,14.3,8.007943132490695
Vaginal cancer,8,Türkiye,0.16,0.09338709192408974
Vulvar cancer,38,Türkiye,0.5,0.4435886866394263
Anal cancer,1,Tanzania,1.7,0.014672867537871111
Bladder cancer,4,Tanzania,4.1,0.058691470151484446
Brain cancer,1,Tanzania,0.46,0.014672867537871111
Breast cancer,63,Tanzania,25.1,0.92439065488588
Cervical cancer,75,Tanzania,64.8,1.1004650653403334
Colon cancer,0,Tanzania,2.5,0.0
Colorectal cancer,8,Tanzania,6.8,0.11738294030296889
Esophageal cancer,2,Tanzania,11.8,0.029345735075742223
Gallbladder cancer,0,Tanzania,0.47,0.0
Hodgkin lymphoma,5,Tanzania,1.0,0.07336433768935556
Kaposi sarcoma,4,Tanzania,3.4,0.058691470151484446
Kidney cancer,3,Tanzania,1.4,0.04401860261361333
Laryngeal cancer,0,Tanzania,0.96,0.0
Leukemia,7,Tanzania,1.5,0.10271007276509778
Liver cancer,11,Tanzania,3.4,0.16140154291658224
Lung cancer,13,Tanzania,2.5,0.19074727799232444
Mesothelioma,0,Tanzania,0.18,0.0
Mouth cancer,0,Tanzania,2.3,0.0
Multiple myeloma,5,Tanzania,0.44,0.07336433768935556
Non-Hodgkin lymphoma,4,Tanzania,3.3,0.058691470151484446
Ovarian cancer,4,Tanzania,3.8,0.058691470151484446
Pancreatic cancer,1,Tanzania,1.8,0.014672867537871111
Penile cancer,2,Tanzania,1.2,0.029345735075742223
Prostate cancer,22,Tanzania,45.4,0.32280308583316447
Rectal cancer,1,Tanzania,2.6,0.014672867537871111
Salivary gland cancer,0,Tanzania,0.68,0.0
Skin cancer,10,Tanzania,3.8,0.14672867537871112
Stomach cancer,2,Tanzania,4.2,0.029345735075742223
Testicular cancer,2,Tanzania,0.29,0.029345735075742223
Throat cancer,0,Tanzania,2.08,0.0
Thyroid cancer,2,Tanzania,1.3,0.029345735075742223
Uterine cancer,1,Tanzania,2.3,0.014672867537871111
Vaginal cancer,0,Tanzania,0.66,0.0
Vulvar cancer,0,Tanzania,1.3,0.0
Anal cancer,4,Israel,0.32,0.3952803525900745
Bladder cancer,205,Israel,13.7,20.25811807024132
Brain cancer,607,Israel,5.1,59.98379350554381
Breast cancer,2174,Israel,78.7,214.8348716327055
Cervical cancer,170,Israel,6.2,16.799414985078165
Colon cancer,485,Israel,17.4,47.92774275154653
Colorectal cancer,796,Israel,24.8,78.66079016542483
Esophageal cancer,45,Israel,1.1,4.446903966638338
Gallbladder cancer,2,Israel,0.52,0.19764017629503725
Hodgkin lymphoma,183,Israel,2.8,18.08407613099591
Kaposi sarcoma,23,Israel,0.58,2.2728620273929283
Kidney cancer,251,Israel,7.9,24.803842125027174
Laryngeal cancer,34,Israel,1.6,3.3598829970156334
Leukemia,2108,Israel,7.6,208.31274581496928
Liver cancer,239,Israel,2.8,23.61800106725695
Lung cancer,443,Israel,22.6,43.77729904935075
Mesothelioma,69,Israel,0.36,6.818586082178785
Mouth cancer,0,Israel,1.7,0.0
Multiple myeloma,423,Israel,3.6,41.80089728640038
Non-Hodgkin lymphoma,246,Israel,13.9,24.309741684289584
Ovarian cancer,545,Israel,7.7,53.856948040397654
Pancreatic cancer,255,Israel,8.2,25.19912247761725
Penile cancer,3,Israel,0.14,0.2964602644425559
Prostate cancer,555,Israel,44.6,54.84514892187284
Rectal cancer,128,Israel,7.1,12.648971282882384
Salivary gland cancer,4,Israel,0.77,0.3952803525900745
Skin cancer,1315,Israel,12.3,129.948415913987
Stomach cancer,30,Israel,5.8,2.964602644425559
Testicular cancer,28,Israel,3.1,2.7669624681305214
Throat cancer,0,Israel,0.88,0.0
Thyroid cancer,200,Israel,12.3,19.764017629503726
Uterine cancer,197,Israel,14.3,19.467557365061168
Vaginal cancer,3,Israel,0.25,0.2964602644425559
Vulvar cancer,14,Israel,0.85,1.3834812340652607
Anal cancer,13,Mexico,0.23,0.09955904075507536
Bladder cancer,25,Mexico,2.5,0.19145969375976032
Brain cancer,316,Mexico,2.6,2.4200505291233707
Breast cancer,1456,Mexico,39.9,11.15061256456844
Cervical cancer,846,Mexico,13.2,6.4789960368302895
Colon cancer,178,Mexico,8.1,1.3631930195694935
Colorectal cancer,280,Mexico,10.9,2.1443485701093157
Esophageal cancer,16,Mexico,0.95,0.12253420400624661
Gallbladder cancer,11,Mexico,0.87,0.08424226525429454
Hodgkin lymphoma,78,Mexico,1.6,0.5973542445304523
Kaposi sarcoma,22,Mexico,0.34,0.16848453050858908
Kidney cancer,66,Mexico,4.5,0.5054535915257673
Laryngeal cancer,26,Mexico,0.75,0.19911808151015073
Leukemia,830,Mexico,5.7,6.356461832824043
Liver cancer,204,Mexico,5.7,1.5623111010796442
Lung cancer,304,Mexico,5.4,2.3281498761186854
Mesothelioma,36,Mexico,0.26,0.27570195901405486
Mouth cancer,1,Mexico,1.0,0.007658387750390413
Multiple myeloma,92,Mexico,1.6,0.7045716730359181
Non-Hodgkin lymphoma,120,Mexico,6.2,0.9190065300468496
Ovarian cancer,153,Mexico,6.7,1.171733325809733
Pancreatic cancer,67,Mexico,3.9,0.5131119792761577
Penile cancer,7,Mexico,1.1,0.05360871425273289
Prostate cancer,245,Mexico,39.1,1.8763049988456513
Rectal cancer,52,Mexico,2.5,0.39823616302030146
Salivary gland cancer,1,Mexico,0.38,0.007658387750390413
Skin cancer,284,Mexico,6.8,2.1749821211108773
Stomach cancer,58,Mexico,6.3,0.44418648952264395
Testicular cancer,33,Mexico,5.1,0.25272679576288365
Throat cancer,0,Mexico,0.53,0.0
Thyroid cancer,85,Mexico,7.9,0.6509629587831851
Uterine cancer,91,Mexico,7.0,0.6969132852855275
Vaginal cancer,4,Mexico,0.31,0.030633551001561652
Vulvar cancer,6,Mexico,0.56,0.04595032650234248
Anal cancer,0,Iraq,0.16,0.0
Bladder cancer,15,Iraq,6.6,0.32524702023316177
Brain cancer,32,Iraq,5.5,0.6938603098307451
Breast cancer,347,Iraq,56.9,7.524047734727143
Cervical cancer,43,Iraq,2.2,0.9323747913350637
Colon cancer,27,Iraq,5.6,0.5854446364196912
Colorectal cancer,102,Iraq,8.9,2.2116797375855
Esophageal cancer,13,Iraq,1.2,0.2818807508687402
Gallbladder cancer,2,Iraq,0.78,0.04336626936442157
Hodgkin lymphoma,13,Iraq,2.5,0.2818807508687402
Kaposi sarcoma,1,Iraq,0.22,0.021683134682210784
Kidney cancer,11,Iraq,3.1,0.23851448150431864
Laryngeal cancer,2,Iraq,2.4,0.04336626936442157
Leukemia,91,Iraq,6.9,1.9731652560811814
Liver cancer,111,Iraq,3.4,2.4068279497253973
Lung cancer,130,Iraq,12.5,2.818807508687402
Mesothelioma,0,Iraq,0.11,0.0
Mouth cancer,0,Iraq,1.2,0.0
Multiple myeloma,8,Iraq,2.0,0.17346507745768627
Non-Hodgkin lymphoma,10,Iraq,6.6,0.21683134682210786
Ovarian cancer,31,Iraq,6.7,0.6721771751485344
Pancreatic cancer,13,Iraq,3.2,0.2818807508687402
Penile cancer,0,Iraq,0.03,0.0
Prostate cancer,50,Iraq,12.7,1.0841567341105394
Rectal cancer,4,Iraq,3.2,0.08673253872884314
Salivary gland cancer,0,Iraq,0.49,0.0
Skin cancer,43,Iraq,2.02,0.9323747913350637
Stomach cancer,9,Iraq,5.0,0.19514821213989708
Testicular cancer,2,Iraq,1.3,0.04336626936442157
Throat cancer,0,Iraq,0.7699999999999999,0.0
Thyroid cancer,14,Iraq,4.7,0.303563885550951
Uterine cancer,6,Iraq,5.2,0.1300988080932647
Vaginal cancer,0,Iraq,0.14,0.0
Vulvar cancer,1,Iraq,0.22,0.021683134682210784
Anal cancer,0,Burundi,0.99,0.0
Bladder cancer,0,Burundi,2.1,0.0
Brain cancer,0,Burundi,1.3,0.0
Breast cancer,2,Burundi,25.3,0.16216933267643943
Cervical cancer,1,Burundi,43.6,0.08108466633821972
Colon cancer,0,Burundi,2.6,0.0
Colorectal cancer,1,Burundi,6.4,0.08108466633821972
Esophageal cancer,0,Burundi,8.8,0.0
Gallbladder cancer,0,Burundi,0.17,0.0
Hodgkin lymphoma,0,Burundi,0.92,0.0
Kaposi sarcoma,0,Burundi,4.9,0.0
Kidney cancer,0,Burundi,1.2,0.0
Laryngeal cancer,0,Burundi,1.2,0.0
Leukemia,0,Burundi,2.2,0.0
Liver cancer,1,Burundi,5.8,0.08108466633821972
Lung cancer,1,Burundi,3.4,0.08108466633821972
Mesothelioma,0,Burundi,0.07,0.0
Mouth cancer,0,Burundi,1.8,0.0
Multiple myeloma,0,Burundi,0.83,0.0
Non-Hodgkin lymphoma,0,Burundi,4.5,0.0
Ovarian cancer,0,Burundi,4.8,0.0
Pancreatic cancer,1,Burundi,1.5,0.08108466633821972
Penile cancer,0,Burundi,2.5,0.0
Prostate cancer,0,Burundi,38.0,0.0
Rectal cancer,0,Burundi,2.8,0.0
Salivary gland cancer,0,Burundi,0.42,0.0
Skin cancer,0,Burundi,2.99,0.0
Stomach cancer,0,Burundi,5.3,0.0
Testicular cancer,0,Burundi,0.44,0.0
Throat cancer,0,Burundi,1.85,0.0
Thyroid cancer,0,Burundi,1.3,0.0
Uterine cancer,0,Burundi,2.4,0.0
Vaginal cancer,0,Burundi,0.43,0.0
Vulvar cancer,0,Burundi,1.3,0.0
Anal cancer,87,Denmark,1.6,14.494154024543434
Bladder cancer,488,Denmark,16.8,81.30054211468041
Brain cancer,493,Denmark,5.7,82.13353947241279
Breast cancer,2859,Denmark,95.4,476.3078891513756
Cervical cancer,574,Denmark,9.7,95.62809666767737
Colon cancer,483,Denmark,32.7,80.46754475694803
Colorectal cancer,1600,Denmark,48.1,266.559154474362
Esophageal cancer,64,Denmark,4.3,10.66236617897448
Gallbladder cancer,5,Denmark,0.48,0.8329973577323813
Hodgkin lymphoma,226,Denmark,2.6,37.65148056950363
Kaposi sarcoma,13,Denmark,0.05,2.1657931301041913
Kidney cancer,250,Denmark,11.0,41.64986788661906
Laryngeal cancer,21,Denmark,1.9,3.4985889024760013
Leukemia,1374,Denmark,10.1,228.90767390485837
Liver cancer,220,Denmark,4.6,36.651883740224775
Lung cancer,713,Denmark,34.2,118.78542321263757
Mesothelioma,106,Denmark,1.0,17.659543983926483
Mouth cancer,1,Denmark,3.8,0.16659947154647625
Multiple myeloma,322,Denmark,4.7,53.64502983796535
Non-Hodgkin lymphoma,314,Denmark,14.0,52.31223406559354
Ovarian cancer,647,Denmark,7.2,107.78985809057014
Pancreatic cancer,298,Denmark,8.5,49.64664252084992
Penile cancer,45,Denmark,1.1,7.496976219591431
Prostate cancer,936,Denmark,76.7,155.93710536750177
Rectal cancer,411,Denmark,13.7,68.47238280560174
Salivary gland cancer,3,Denmark,0.74,0.49979841463942876
Skin cancer,1378,Denmark,56.0,229.57407179104428
Stomach cancer,41,Denmark,5.3,6.830578333405526
Testicular cancer,283,Denmark,10.2,47.14765044765278
Throat cancer,0,Denmark,5.3,0.0
Thyroid cancer,117,Denmark,8.0,19.49213817093772
Uterine cancer,197,Denmark,14.3,32.82009589465582
Vaginal cancer,11,Denmark,0.3,1.8325941870112388
Vulvar cancer,36,Denmark,2.8,5.997580975673145
Anal cancer,0,Bahrain,0.24,0.0
Bladder cancer,4,Bahrain,7.3,2.5083811284454183
Brain cancer,7,Bahrain,2.1,4.389666974779482
Breast cancer,69,Bahrain,58.5,43.26957446568346
Cervical cancer,9,Bahrain,2.7,5.643857539002191
Colon cancer,7,Bahrain,9.4,4.389666974779482
Colorectal cancer,12,Bahrain,13.5,7.525143385336254
Esophageal cancer,0,Bahrain,1.2,0.0
Gallbladder cancer,0,Bahrain,0.48,0.0
Hodgkin lymphoma,2,Bahrain,0.75,1.2541905642227091
Kaposi sarcoma,0,Bahrain,0.0,0.0
Kidney cancer,6,Bahrain,2.3,3.762571692668127
Laryngeal cancer,1,Bahrain,1.3,0.6270952821113546
Leukemia,7,Bahrain,5.2,4.389666974779482
Liver cancer,2,Bahrain,2.7,1.2541905642227091
Lung cancer,3,Bahrain,10.1,1.8812858463340636
Mesothelioma,1,Bahrain,0.76,0.6270952821113546
Mouth cancer,0,Bahrain,1.9,0.0
Multiple myeloma,2,Bahrain,1.2,1.2541905642227091
Non-Hodgkin lymphoma,2,Bahrain,7.2,1.2541905642227091
Ovarian cancer,1,Bahrain,5.1,0.6270952821113546
Pancreatic cancer,2,Bahrain,2.8,1.2541905642227091
Penile cancer,0,Bahrain,0.0,0.0
Prostate cancer,8,Bahrain,13.4,5.0167622568908365
Rectal cancer,1,Bahrain,3.9,0.6270952821113546
Salivary gland cancer,0,Bahrain,0.04,0.0
Skin cancer,3,Bahrain,0.85,1.8812858463340636
Stomach cancer,0,Bahrain,3.3,0.0
Testicular cancer,2,Bahrain,0.45,1.2541905642227091
Throat cancer,0,Bahrain,0.5900000000000001,0.0
Thyroid cancer,5,Bahrain,2.7,3.1354764105567727
Uterine cancer,5,Bahrain,8.2,3.1354764105567727
Vaginal cancer,0,Bahrain,0.0,0.0
Vulvar cancer,0,Bahrain,0.15,0.0
Anal cancer,0,Laos,0.19,0.0
Bladder cancer,0,Laos,1.9,0.0
Brain cancer,0,Laos,3.0,0.0
Breast cancer,0,Laos,31.6,0.0
Cervical cancer,3,Laos,12.0,0.39231071008238527
Colon cancer,0,Laos,7.8,0.0
Colorectal cancer,0,Laos,14.1,0.0
Esophageal cancer,0,Laos,4.4,0.0
Gallbladder cancer,0,Laos,1.4,0.0
Hodgkin lymphoma,0,Laos,0.29,0.0
Kaposi sarcoma,0,Laos,0.02,0.0
Kidney cancer,0,Laos,1.3,0.0
Laryngeal cancer,0,Laos,1.3,0.0
Leukemia,0,Laos,5.0,0.0
Liver cancer,1,Laos,24.9,0.1307702366941284
Lung cancer,1,Laos,17.6,0.1307702366941284
Mesothelioma,0,Laos,0.0,0.0
Mouth cancer,0,Laos,3.7,0.0
Multiple myeloma,0,Laos,1.1,0.0
Non-Hodgkin lymphoma,0,Laos,4.3,0.0
Ovarian cancer,0,Laos,5.5,0.0
Pancreatic cancer,0,Laos,1.4,0.0
Penile cancer,0,Laos,1.3,0.0
Prostate cancer,0,Laos,4.1,0.0
Rectal cancer,0,Laos,6.0,0.0
Salivary gland cancer,0,Laos,0.59,0.0
Skin cancer,0,Laos,2.41,0.0
Stomach cancer,0,Laos,11.3,0.0
Testicular cancer,0,Laos,0.52,0.0
Throat cancer,0,Laos,5.37,0.0
Thyroid cancer,0,Laos,4.9,0.0
Uterine cancer,0,Laos,3.3,0.0
Vaginal cancer,0,Laos,0.27,0.0
Vulvar cancer,0,Laos,0.61,0.0
Anal cancer,1,Morocco,0.62,0.026516651011677852
Bladder cancer,47,Morocco,5.1,1.2462825975488592
Brain cancer,113,Morocco,3.5,2.9963815643195972
Breast cancer,455,Morocco,58.4,12.065076210313423
Cervical cancer,110,Morocco,12.0,2.916831611284564
Colon cancer,37,Morocco,6.7,0.9811160874320806
Colorectal cancer,119,Morocco,12.3,3.1554814703896645
Esophageal cancer,4,Morocco,1.0,0.10606660404671141
Gallbladder cancer,8,Morocco,1.2,0.21213320809342281
Hodgkin lymphoma,62,Morocco,2.0,1.644032362724027
Kaposi sarcoma,8,Morocco,0.25,0.21213320809342281
Kidney cancer,59,Morocco,1.9,1.5644824096889933
Laryngeal cancer,5,Morocco,2.8,0.13258325505838928
Leukemia,166,Morocco,3.8,4.401764067938523
Liver cancer,42,Morocco,2.6,1.1136993424904698
Lung cancer,79,Morocco,20.4,2.0948154299225505
Mesothelioma,18,Morocco,0.16,0.47729971821020134
Mouth cancer,0,Morocco,1.7,0.0
Multiple myeloma,67,Morocco,1.3,1.7766156177824162
Non-Hodgkin lymphoma,63,Morocco,5.7,1.6705490137357049
Ovarian cancer,69,Morocco,6.3,1.829648919805772
Pancreatic cancer,22,Morocco,2.8,0.5833663222569128
Penile cancer,6,Morocco,0.03,0.15909990607006713
Prostate cancer,73,Morocco,23.6,1.9357155238524832
Rectal cancer,39,Morocco,5.0,1.0341493894554363
Salivary gland cancer,1,Morocco,0.39,0.026516651011677852
Skin cancer,133,Morocco,1.75,3.5267145845531545
Stomach cancer,20,Morocco,5.5,0.5303330202335571
Testicular cancer,9,Morocco,0.79,0.23864985910510067
Throat cancer,0,Morocco,2.95,0.0
Thyroid cancer,43,Morocco,6.8,1.1402159935021476
Uterine cancer,24,Morocco,4.2,0.6363996242802685
Vaginal cancer,5,Morocco,0.31,0.13258325505838928
Vulvar cancer,4,Morocco,0.88,0.10606660404671141
Anal cancer,0,Cabo Verde,0.39,0.0
Bladder cancer,0,Cabo Verde,2.5,0.0
Brain cancer,0,Cabo Verde,0.25,0.0
Breast cancer,0,Cabo Verde,23.4,0.0
Cervical cancer,0,Cabo Verde,16.1,0.0
Colon cancer,0,Cabo Verde,3.5,0.0
Colorectal cancer,0,Cabo Verde,5.5,0.0
Esophageal cancer,0,Cabo Verde,3.8,0.0
Gallbladder cancer,0,Cabo Verde,0.25,0.0
Hodgkin lymphoma,0,Cabo Verde,0.15,0.0
Kaposi sarcoma,0,Cabo Verde,0.88,0.0
Kidney cancer,0,Cabo Verde,1.2,0.0
Laryngeal cancer,0,Cabo Verde,1.2,0.0
Leukemia,0,Cabo Verde,1.6,0.0
Liver cancer,0,Cabo Verde,1.1,0.0
Lung cancer,0,Cabo Verde,2.2,0.0
Mesothelioma,0,Cabo Verde,0.0,0.0
Mouth cancer,0,Cabo Verde,4.0,0.0
Multiple myeloma,0,Cabo Verde,1.3,0.0
Non-Hodgkin lymphoma,0,Cabo Verde,2.3,0.0
Ovarian cancer,0,Cabo Verde,3.9,0.0
Pancreatic cancer,0,Cabo Verde,1.2,0.0
Penile cancer,0,Cabo Verde,1.3,0.0
Prostate cancer,0,Cabo Verde,43.6,0.0
Rectal cancer,0,Cabo Verde,1.6,0.0
Salivary gland cancer,0,Cabo Verde,0.12,0.0
Skin cancer,0,Cabo Verde,3.22,0.0
Stomach cancer,0,Cabo Verde,5.1,0.0
Testicular cancer,0,Cabo Verde,0.72,0.0
Throat cancer,0,Cabo Verde,0.8300000000000001,0.0
Thyroid cancer,0,Cabo Verde,0.6,0.0
Uterine cancer,0,Cabo Verde,2.1,0.0
Vaginal cancer,0,Cabo Verde,0.0,0.0
Vulvar cancer,0,Cabo Verde,0.32,0.0
Anal cancer,0,Guinea,0.41,0.0
Bladder cancer,0,Guinea,0.77,0.0
Brain cancer,0,Guinea,3.7,0.0
Breast cancer,6,Guinea,16.0,0.4177129505843491
Cervical cancer,5,Guinea,55.0,0.34809412548695756
Colon cancer,0,Guinea,1.1,0.0
Colorectal cancer,0,Guinea,2.8,0.0
Esophageal cancer,0,Guinea,0.55,0.0
Gallbladder cancer,0,Guinea,0.07,0.0
Hodgkin lymphoma,1,Guinea,0.58,0.06961882509739152
Kaposi sarcoma,1,Guinea,0.43,0.06961882509739152
Kidney cancer,0,Guinea,0.62,0.0
Laryngeal cancer,0,Guinea,0.93,0.0
Leukemia,1,Guinea,0.95,0.06961882509739152
Liver cancer,1,Guinea,21.3,0.06961882509739152
Lung cancer,1,Guinea,3.2,0.06961882509739152
Mesothelioma,0,Guinea,0.01,0.0
Mouth cancer,0,Guinea,1.1,0.0
Multiple myeloma,0,Guinea,0.16,0.0
Non-Hodgkin lymphoma,1,Guinea,2.6,0.06961882509739152
Ovarian cancer,0,Guinea,3.1,0.0
Pancreatic cancer,0,Guinea,0.81,0.0
Penile cancer,0,Guinea,0.09,0.0
Prostate cancer,0,Guinea,34.0,0.0
Rectal cancer,0,Guinea,1.2,0.0
Salivary gland cancer,0,Guinea,0.14,0.0
Skin cancer,0,Guinea,3.78,0.0
Stomach cancer,0,Guinea,4.7,0.0
Testicular cancer,0,Guinea,0.19,0.0
Throat cancer,0,Guinea,0.32,0.0
Thyroid cancer,0,Guinea,0.48,0.0
Uterine cancer,0,Guinea,1.8,0.0
Vaginal cancer,0,Guinea,0.46,0.0
Vulvar cancer,0,Guinea,0.4,0.0
Anal cancer,8,Greece,0.85,0.7691775184794899
Bladder cancer,385,Greece,18.1,37.016668076825454
Brain cancer,461,Greece,6.5,44.323854502380605
Breast cancer,2382,Greece,82.4,229.02260612726812
Cervical cancer,345,Greece,5.5,33.170780484428
Colon cancer,369,Greece,22.0,35.47831303986647
Colorectal cancer,984,Greece,26.8,94.60883477297726
Esophageal cancer,92,Greece,0.93,8.845541462514134
Gallbladder cancer,21,Greece,0.29,2.0190909860086608
Hodgkin lymphoma,161,Greece,1.8,15.479697559399733
Kaposi sarcoma,22,Greece,0.1,2.115238175818597
Kidney cancer,244,Greece,8.2,23.45991431362444
Laryngeal cancer,84,Greece,3.5,8.076363944034643
Leukemia,1118,Greece,8.8,107.49255820750871
Liver cancer,464,Greece,5.4,44.61229607181041
Lung cancer,1051,Greece,31.3,101.05069649024298
Mesothelioma,138,Greece,0.31,13.2683121937712
Mouth cancer,2,Greece,2.9,0.19229437961987247
Multiple myeloma,641,Greece,2.7,61.63034866816913
Non-Hodgkin lymphoma,238,Greece,7.4,22.883031174764824
Ovarian cancer,594,Greece,8.9,57.111430747102126
Pancreatic cancer,338,Greece,7.9,32.497750155758446
Penile cancer,14,Greece,1.3,1.3460606573391074
Prostate cancer,788,Greece,51.4,75.76398557022975
Rectal cancer,159,Greece,3.9,15.287403179779862
Salivary gland cancer,6,Greece,0.4,0.5768831388596174
Skin cancer,880,Greece,12.0,84.60952703274388
Stomach cancer,84,Greece,6.3,8.076363944034643
Testicular cancer,42,Greece,9.1,4.0381819720173215
Throat cancer,1,Greece,1.39,0.09614718980993624
Thyroid cancer,318,Greece,5.7,30.574806359559723
Uterine cancer,278,Greece,18.6,26.728918767162273
Vaginal cancer,10,Greece,0.14,0.9614718980993624
Vulvar cancer,28,Greece,1.0,2.692121314678215
Anal cancer,39,Japan,0.29,0.31630170316301703
Bladder cancer,3512,Japan,7.0,28.48337388483374
Brain cancer,6369,Japan,2.5,51.654501216545015
Breast cancer,15437,Japan,74.4,125.19870235198702
Cervical cancer,3158,Japan,12.5,25.612327656123277
Colon cancer,6060,Japan,22.7,49.148418491484186
Colorectal cancer,11497,Japan,36.6,93.2441200324412
Esophageal cancer,5958,Japan,4.8,48.32116788321168
Gallbladder cancer,858,Japan,1.9,6.958637469586375
Hodgkin lymphoma,861,Japan,0.92,6.982968369829684
Kaposi sarcoma,44,Japan,0.03,0.35685320356853206
Kidney cancer,5162,Japan,6.9,41.86536901865369
Laryngeal cancer,331,Japan,1.4,2.6845093268450935
Leukemia,19053,Japan,5.9,154.52554744525548
Liver cancer,14339,Japan,9.2,116.29359286293592
Lung cancer,22160,Japan,30.5,179.7242497972425
Mesothelioma,1654,Japan,0.57,13.414436334144364
Mouth cancer,8,Japan,3.1,0.064882400648824
Multiple myeloma,2814,Japan,1.5,22.822384428223845
Non-Hodgkin lymphoma,3368,Japan,9.4,27.31549067315491
Ovarian cancer,3691,Japan,8.7,29.935117599351177
Pancreatic cancer,7227,Japan,9.8,58.613138686131386
Penile cancer,79,Japan,0.27,0.6407137064071371
Prostate cancer,8022,Japan,50.1,65.06082725060827
Rectal cancer,3619,Japan,13.6,29.35117599351176
Salivary gland cancer,83,Japan,0.6,0.6731549067315491
Skin cancer,6963,Japan,2.8,56.4720194647202
Stomach cancer,1617,Japan,27.6,13.114355231143552
Testicular cancer,374,Japan,3.8,3.0332522303325224
Throat cancer,1,Japan,2.69,0.008110300081103
Thyroid cancer,1662,Japan,6.7,13.479318734793187
Uterine cancer,2246,Japan,14.8,18.21573398215734
Vaginal cancer,53,Japan,0.19,0.42984590429845904
Vulvar cancer,60,Japan,0.49,0.48661800486618007
Anal cancer,0,French Guiana,0.69,0.0
Bladder cancer,0,French Guiana,6.0,0.0
Brain cancer,1,French Guiana,2.0,3.420510750665289
Breast cancer,3,French Guiana,55.7,10.261532251995868
Cervical cancer,5,French Guiana,12.3,17.102553753326447
Colon cancer,0,French Guiana,11.8,0.0
Colorectal cancer,0,French Guiana,16.2,0.0
Esophageal cancer,0,French Guiana,1.8,0.0
Gallbladder cancer,0,French Guiana,0.36,0.0
Hodgkin lymphoma,0,French Guiana,0.36,0.0
Kaposi sarcoma,1,French Guiana,0.0,3.420510750665289
Kidney cancer,0,French Guiana,2.5,0.0
Laryngeal cancer,0,French Guiana,1.8,0.0
Leukemia,7,French Guiana,6.9,23.943575254657027
Liver cancer,0,French Guiana,3.8,0.0
Lung cancer,0,French Guiana,15.0,0.0
Mesothelioma,0,French Guiana,0.38,0.0
Mouth cancer,0,French Guiana,1.3,0.0
Multiple myeloma,2,French Guiana,3.5,6.841021501330578
Non-Hodgkin lymphoma,0,French Guiana,7.7,0.0
Ovarian cancer,0,French Guiana,8.1,0.0
Pancreatic cancer,0,French Guiana,7.6,0.0
Penile cancer,0,French Guiana,1.5,0.0
Prostate cancer,2,French Guiana,94.1,6.841021501330578
Rectal cancer,0,French Guiana,3.7,0.0
Salivary gland cancer,0,French Guiana,0.36,0.0
Skin cancer,2,French Guiana,11.3,6.841021501330578
Stomach cancer,0,French Guiana,8.6,0.0
Testicular cancer,0,French Guiana,0.66,0.0
Throat cancer,0,French Guiana,2.41,0.0
Thyroid cancer,1,French Guiana,4.2,3.420510750665289
Uterine cancer,0,French Guiana,7.6,0.0
Vaginal cancer,0,French Guiana,0.0,0.0
Vulvar cancer,0,French Guiana,0.0,0.0
Anal cancer,8,Poland,0.6,0.2138980241170022
Bladder cancer,461,Poland,12.9,12.325873639742253
Brain cancer,894,Poland,6.7,23.903104195075
Breast cancer,2815,Poland,66.0,75.26536723617015
Cervical cancer,524,Poland,11.3,14.010320579663645
Colon cancer,635,Poland,17.2,16.97815566428705
Colorectal cancer,1342,Poland,30.9,35.88139354562712
Esophageal cancer,102,Poland,2.7,2.7271998074917785
Gallbladder cancer,15,Poland,1.2,0.40105879521937915
Hodgkin lymphoma,157,Poland,2.1,4.1977487232961685
Kaposi sarcoma,14,Poland,0.07,0.3743215422047539
Kidney cancer,496,Poland,7.6,13.261677495254137
Laryngeal cancer,221,Poland,4.3,5.908932916232186
Leukemia,2200,Poland,6.9,58.82195663217561
Liver cancer,332,Poland,3.3,8.876768000855591
Lung cancer,993,Poland,36.5,26.5500922435229
Mesothelioma,51,Poland,0.48,1.3635999037458892
Mouth cancer,2,Poland,5.6,0.05347450602925055
Multiple myeloma,438,Poland,2.8,11.710916820405872
Non-Hodgkin lymphoma,212,Poland,5.6,5.668297639100559
Ovarian cancer,1015,Poland,12.2,27.138311809844655
Pancreatic cancer,411,Poland,6.7,10.989010989010989
Penile cancer,24,Poland,1.4,0.6416940723510066
Prostate cancer,929,Poland,56.0,24.838908050586884
Rectal cancer,220,Poland,13.0,5.882195663217561
Salivary gland cancer,13,Poland,0.7,0.3475842891901286
Skin cancer,1687,Poland,10.7,45.10574583567284
Stomach cancer,105,Poland,8.1,2.807411566535654
Testicular cancer,39,Poland,8.4,1.0427528675703859
Throat cancer,1,Poland,4.640000000000001,0.026737253014625276
Thyroid cancer,492,Poland,5.4,13.154728483195637
Uterine cancer,547,Poland,18.3,14.625277399000026
Vaginal cancer,10,Poland,0.27,0.2673725301462528
Vulvar cancer,55,Poland,1.4,1.4705489158043903
Anal cancer,0,Syria,0.16,0.0
Bladder cancer,14,Syria,4.9,0.546448087431694
Brain cancer,15,Syria,6.3,0.585480093676815
Breast cancer,65,Syria,46.2,2.537080405932865
Cervical cancer,6,Syria,2.5,0.234192037470726
Colon cancer,3,Syria,7.5,0.117096018735363
Colorectal cancer,11,Syria,10.9,0.42935206869633097
Esophageal cancer,2,Syria,0.69,0.078064012490242
Gallbladder cancer,0,Syria,0.93,0.0
Hodgkin lymphoma,16,Syria,1.9,0.624512099921936
Kaposi sarcoma,0,Syria,0.15,0.0
Kidney cancer,9,Syria,2.9,0.351288056206089
Laryngeal cancer,2,Syria,2.9,0.078064012490242
Leukemia,22,Syria,8.4,0.8587041373926619
Liver cancer,3,Syria,2.8,0.117096018735363
Lung cancer,9,Syria,17.8,0.351288056206089
Mesothelioma,3,Syria,0.19,0.117096018735363
Mouth cancer,0,Syria,1.3,0.0
Multiple myeloma,3,Syria,2.4,0.117096018735363
Non-Hodgkin lymphoma,20,Syria,5.5,0.78064012490242
Ovarian cancer,13,Syria,5.1,0.507416081186573
Pancreatic cancer,3,Syria,4.2,0.117096018735363
Penile cancer,0,Syria,0.08,0.0
Prostate cancer,5,Syria,17.6,0.195160031225605
Rectal cancer,1,Syria,3.2,0.039032006245121
Salivary gland cancer,0,Syria,0.53,0.0
Skin cancer,17,Syria,3.63,0.663544106167057
Stomach cancer,3,Syria,4.8,0.117096018735363
Testicular cancer,1,Syria,2.0,0.039032006245121
Throat cancer,0,Syria,0.86,0.0
Thyroid cancer,4,Syria,4.4,0.156128024980484
Uterine cancer,3,Syria,8.2,0.117096018735363
Vaginal cancer,0,Syria,0.17,0.0
Vulvar cancer,0,Syria,0.56,0.0
Anal cancer,0,Brunei Darussalam,0.0,0.0
Bladder cancer,0,Brunei Darussalam,4.3,0.0
Brain cancer,2,Brunei Darussalam,1.1,4.390779363336993
Breast cancer,13,Brunei Darussalam,50.2,28.54006586169045
Cervical cancer,8,Brunei Darussalam,20.0,17.56311745334797
Colon cancer,3,Brunei Darussalam,15.5,6.586169045005488
Colorectal cancer,16,Brunei Darussalam,31.8,35.12623490669594
Esophageal cancer,1,Brunei Darussalam,1.4,2.1953896816684964
Gallbladder cancer,0,Brunei Darussalam,0.44,0.0
Hodgkin lymphoma,2,Brunei Darussalam,1.1,4.390779363336993
Kaposi sarcoma,0,Brunei Darussalam,0.0,0.0
Kidney cancer,1,Brunei Darussalam,4.0,2.1953896816684964
Laryngeal cancer,0,Brunei Darussalam,0.17,0.0
Leukemia,3,Brunei Darussalam,5.9,6.586169045005488
Liver cancer,2,Brunei Darussalam,8.7,4.390779363336993
Lung cancer,3,Brunei Darussalam,24.0,6.586169045005488
Mesothelioma,1,Brunei Darussalam,0.0,2.1953896816684964
Mouth cancer,0,Brunei Darussalam,0.41,0.0
Multiple myeloma,2,Brunei Darussalam,0.7,4.390779363336993
Non-Hodgkin lymphoma,2,Brunei Darussalam,9.2,4.390779363336993
Ovarian cancer,1,Brunei Darussalam,13.2,2.1953896816684964
Pancreatic cancer,0,Brunei Darussalam,4.0,0.0
Penile cancer,0,Brunei Darussalam,0.0,0.0
Prostate cancer,2,Brunei Darussalam,21.4,4.390779363336993
Rectal cancer,2,Brunei Darussalam,16.3,4.390779363336993
Salivary gland cancer,0,Brunei Darussalam,0.6,0.0
Skin cancer,1,Brunei Darussalam,6.699999999999999,2.1953896816684964
Stomach cancer,2,Brunei Darussalam,10.4,4.390779363336993
Testicular cancer,0,Brunei Darussalam,1.2,0.0
Throat cancer,0,Brunei Darussalam,6.4,0.0
Thyroid cancer,0,Brunei Darussalam,6.3,0.0
Uterine cancer,0,Brunei Darussalam,9.0,0.0
Vaginal cancer,0,Brunei Darussalam,0.0,0.0
Vulvar cancer,0,Brunei Darussalam,0.0,0.0
Anal cancer,0,Guadeloupe,0.33,0.0
Bladder cancer,1,Guadeloupe,3.4,2.6415822020757553
Brain cancer,0,Guadeloupe,1.8,0.0
Breast cancer,7,Guadeloupe,66.4,18.491075414530286
Cervical cancer,3,Guadeloupe,9.9,7.924746606227266
Colon cancer,1,Guadeloupe,15.2,2.6415822020757553
Colorectal cancer,1,Guadeloupe,22.8,2.6415822020757553
Esophageal cancer,0,Guadeloupe,3.8,0.0
Gallbladder cancer,0,Guadeloupe,1.5,0.0
Hodgkin lymphoma,0,Guadeloupe,0.58,0.0
Kaposi sarcoma,1,Guadeloupe,0.0,2.6415822020757553
Kidney cancer,1,Guadeloupe,2.3,2.6415822020757553
Laryngeal cancer,0,Guadeloupe,2.4,0.0
Leukemia,1,Guadeloupe,5.8,2.6415822020757553
Liver cancer,1,Guadeloupe,4.3,2.6415822020757553
Lung cancer,2,Guadeloupe,12.3,5.283164404151511
Mesothelioma,1,Guadeloupe,0.0,2.6415822020757553
Mouth cancer,0,Guadeloupe,3.5,0.0
Multiple myeloma,1,Guadeloupe,5.3,2.6415822020757553
Non-Hodgkin lymphoma,1,Guadeloupe,5.7,2.6415822020757553
Ovarian cancer,0,Guadeloupe,7.1,0.0
Pancreatic cancer,1,Guadeloupe,8.2,2.6415822020757553
Penile cancer,0,Guadeloupe,0.65,0.0
Prostate cancer,24,Guadeloupe,157.5,63.397972849818125
Rectal cancer,0,Guadeloupe,7.2,0.0
Salivary gland cancer,0,Guadeloupe,0.0,0.0
Skin cancer,2,Guadeloupe,10.5,5.283164404151511
Stomach cancer,0,Guadeloupe,12.3,0.0
Testicular cancer,0,Guadeloupe,2.0,0.0
Throat cancer,0,Guadeloupe,4.34,0.0
Thyroid cancer,0,Guadeloupe,4.3,0.0
Uterine cancer,1,Guadeloupe,8.7,2.6415822020757553
Vaginal cancer,0,Guadeloupe,0.0,0.0
Vulvar cancer,0,Guadeloupe,0.66,0.0
Anal cancer,1,Myanmar,0.31,0.019486812455565196
Bladder cancer,23,Myanmar,1.9,0.4481966864779995
Brain cancer,2,Myanmar,2.1,0.03897362491113039
Breast cancer,14,Myanmar,23.4,0.27281537437791276
Cervical cancer,5,Myanmar,21.4,0.09743406227782599
Colon cancer,1,Myanmar,4.9,0.019486812455565196
Colorectal cancer,5,Myanmar,9.9,0.09743406227782599
Esophageal cancer,2,Myanmar,6.9,0.03897362491113039
Gallbladder cancer,0,Myanmar,1.8,0.0
Hodgkin lymphoma,0,Myanmar,0.2,0.0
Kaposi sarcoma,0,Myanmar,0.02,0.0
Kidney cancer,22,Myanmar,1.0,0.4287098740224343
Laryngeal cancer,1,Myanmar,2.3,0.019486812455565196
Leukemia,11,Myanmar,3.6,0.21435493701121716
Liver cancer,3,Myanmar,10.7,0.05846043736669559
Lung cancer,8,Myanmar,16.1,0.15589449964452157
Mesothelioma,0,Myanmar,0.02,0.0
Mouth cancer,0,Myanmar,4.4,0.0
Multiple myeloma,2,Myanmar,0.45,0.03897362491113039
Non-Hodgkin lymphoma,1,Myanmar,3.4,0.019486812455565196
Ovarian cancer,1,Myanmar,5.6,0.019486812455565196
Pancreatic cancer,1,Myanmar,1.3,0.019486812455565196
Penile cancer,1,Myanmar,1.5,0.019486812455565196
Prostate cancer,36,Myanmar,4.2,0.701525248400347
Rectal cancer,0,Myanmar,4.7,0.0
Salivary gland cancer,0,Myanmar,0.45,0.0
Skin cancer,8,Myanmar,3.08,0.15589449964452157
Stomach cancer,0,Myanmar,11.8,0.0
Testicular cancer,3,Myanmar,0.52,0.05846043736669559
Throat cancer,0,Myanmar,7.0,0.0
Thyroid cancer,1,Myanmar,2.9,0.019486812455565196
Uterine cancer,1,Myanmar,2.7,0.019486812455565196
Vaginal cancer,0,Myanmar,0.21,0.0
Vulvar cancer,0,Myanmar,0.47,0.0
Anal cancer,0,New Caledonia,0.51,0.0
Bladder cancer,0,New Caledonia,8.4,0.0
Brain cancer,0,New Caledonia,3.3,0.0
Breast cancer,0,New Caledonia,90.2,0.0
Cervical cancer,1,New Caledonia,14.2,3.779346626555201
Colon cancer,0,New Caledonia,13.9,0.0
Colorectal cancer,1,New Caledonia,22.0,3.779346626555201
Esophageal cancer,0,New Caledonia,2.9,0.0
Gallbladder cancer,0,New Caledonia,0.52,0.0
Hodgkin lymphoma,0,New Caledonia,0.3,0.0
Kaposi sarcoma,0,New Caledonia,0.0,0.0
Kidney cancer,0,New Caledonia,5.2,0.0
Laryngeal cancer,0,New Caledonia,2.6,0.0
Leukemia,0,New Caledonia,7.8,0.0
Liver cancer,0,New Caledonia,9.0,0.0
Lung cancer,0,New Caledonia,41.8,0.0
Mesothelioma,2,New Caledonia,0.69,7.558693253110402
Mouth cancer,0,New Caledonia,4.5,0.0
Multiple myeloma,0,New Caledonia,3.3,0.0
Non-Hodgkin lymphoma,0,New Caledonia,8.0,0.0
Ovarian cancer,0,New Caledonia,6.7,0.0
Pancreatic cancer,0,New Caledonia,6.5,0.0
Penile cancer,0,New Caledonia,0.0,0.0
Prostate cancer,0,New Caledonia,84.3,0.0
Rectal cancer,0,New Caledonia,7.6,0.0
Salivary gland cancer,0,New Caledonia,0.43,0.0
Skin cancer,0,New Caledonia,12.5,0.0
Stomach cancer,0,New Caledonia,8.4,0.0
Testicular cancer,0,New Caledonia,3.1,0.0
Throat cancer,0,New Caledonia,3.24,0.0
Thyroid cancer,1,New Caledonia,14.4,3.779346626555201
Uterine cancer,0,New Caledonia,14.5,0.0
Vaginal cancer,0,New Caledonia,0.0,0.0
Vulvar cancer,0,New Caledonia,0.0,0.0
Anal cancer,16,Puerto Rico,0.75,4.994856858328689
Bladder cancer,6,Puerto Rico,4.9,1.8730713218732586
Brain cancer,38,Puerto Rico,3.0,11.862785038530639
Breast cancer,142,Puerto Rico,62.3,44.32935461766712
Cervical cancer,48,Puerto Rico,10.6,14.98457057498607
Colon cancer,20,Puerto Rico,19.5,6.243571072910862
Colorectal cancer,44,Puerto Rico,27.8,13.735856360403897
Esophageal cancer,4,Puerto Rico,2.0,1.2487142145821724
Gallbladder cancer,0,Puerto Rico,0.32,0.0
Hodgkin lymphoma,10,Puerto Rico,2.3,3.121785536455431
Kaposi sarcoma,2,Puerto Rico,0.24,0.6243571072910862
Kidney cancer,10,Puerto Rico,4.7,3.121785536455431
Laryngeal cancer,1,Puerto Rico,1.9,0.3121785536455431
Leukemia,41,Puerto Rico,5.9,12.799320699467268
Liver cancer,20,Puerto Rico,6.3,6.243571072910862
Lung cancer,25,Puerto Rico,10.2,7.804463841138578
Mesothelioma,0,Puerto Rico,0.06,0.0
Mouth cancer,0,Puerto Rico,3.0,0.0
Multiple myeloma,12,Puerto Rico,2.9,3.7461426437465173
Non-Hodgkin lymphoma,15,Puerto Rico,9.4,4.682678304683146
Ovarian cancer,20,Puerto Rico,5.4,6.243571072910862
Pancreatic cancer,4,Puerto Rico,5.3,1.2487142145821724
Penile cancer,1,Puerto Rico,1.6,0.3121785536455431
Prostate cancer,30,Puerto Rico,95.2,9.365356609366293
Rectal cancer,4,Puerto Rico,7.6,1.2487142145821724
Salivary gland cancer,0,Puerto Rico,0.29,0.0
Skin cancer,55,Puerto Rico,12.7,17.169820450504872
Stomach cancer,6,Puerto Rico,2.8,1.8730713218732586
Testicular cancer,1,Puerto Rico,3.1,0.3121785536455431
Throat cancer,0,Puerto Rico,2.5,0.0
Thyroid cancer,16,Puerto Rico,12.4,4.994856858328689
Uterine cancer,7,Puerto Rico,15.3,2.1852498755188017
Vaginal cancer,0,Puerto Rico,0.6,0.0
Vulvar cancer,1,Puerto Rico,0.73,0.3121785536455431
Anal cancer,160,Australia,1.4,5.839413287869608
Bladder cancer,385,Australia,7.4,14.051088223936244
Brain cancer,1255,Australia,5.6,45.80289797672724
Breast cancer,6804,Australia,101.5,248.3210500666551
Cervical cancer,913,Australia,5.3,33.32115207390595
Colon cancer,797,Australia,22.3,29.087577440200484
Colorectal cancer,3244,Australia,34.6,118.3941044115563
Esophageal cancer,143,Australia,3.2,5.218975626033462
Gallbladder cancer,20,Australia,0.62,0.729926660983701
Hodgkin lymphoma,314,Australia,2.4,11.459848577444106
Kaposi sarcoma,27,Australia,0.1,0.9854009923279964
Kidney cancer,520,Australia,9.5,18.978093185576228
Laryngeal cancer,29,Australia,1.2,1.0583936584263665
Leukemia,3561,Australia,11.7,129.96344198814796
Liver cancer,851,Australia,7.2,31.058379424856476
Lung cancer,1657,Australia,24.1,60.47442386249963
Mesothelioma,656,Australia,1.7,23.941594480265394
Mouth cancer,7,Australia,6.0,0.25547433134429537
Multiple myeloma,785,Australia,4.1,28.649621443610265
Non-Hodgkin lymphoma,538,Australia,12.4,19.635027180461556
Ovarian cancer,1512,Australia,7.8,55.18245557036779
Pancreatic cancer,668,Australia,7.0,24.379550476855613
Penile cancer,34,Australia,0.51,1.2408753236722916
Prostate cancer,3778,Australia,77.2,137.88314625982113
Rectal cancer,633,Australia,10.9,23.102178820134135
Salivary gland cancer,5,Australia,0.86,0.18248166524592524
Skin cancer,5519,Australia,177.1,201.42326209845228
Stomach cancer,104,Australia,5.3,3.795618637115245
Testicular cancer,131,Australia,7.3,4.781019629443241
Throat cancer,5,Australia,3.46,0.18248166524592524
Thyroid cancer,389,Australia,11.0,14.197073556132985
Uterine cancer,465,Australia,14.6,16.97079486787105
Vaginal cancer,14,Australia,0.43,0.5109486626885907
Vulvar cancer,58,Australia,1.5,2.116787316852733
Anal cancer,0,Mongolia,0.36,0.0
Bladder cancer,7,Mongolia,1.6,1.9747040412318204
Brain cancer,9,Mongolia,3.0,2.5389051958694835
Breast cancer,71,Mongolia,12.6,20.029140989637035
Cervical cancer,19,Mongolia,20.2,5.359910969057798
Colon cancer,15,Mongolia,5.5,4.231508659782472
Colorectal cancer,35,Mongolia,7.6,9.873520206159101
Esophageal cancer,11,Mongolia,15.7,3.1031063505071463
Gallbladder cancer,1,Mongolia,0.44,0.2821005773188315
Hodgkin lymphoma,2,Mongolia,0.5,0.564201154637663
Kaposi sarcoma,0,Mongolia,0.0,0.0
Kidney cancer,8,Mongolia,4.3,2.256804618550652
Laryngeal cancer,0,Mongolia,1.2,0.0
Leukemia,28,Mongolia,1.8,7.898816164927282
Liver cancer,63,Mongolia,96.1,17.772336371086382
Lung cancer,91,Mongolia,19.0,25.671152536013665
Mesothelioma,0,Mongolia,0.26,0.0
Mouth cancer,0,Mongolia,1.5,0.0
Multiple myeloma,2,Mongolia,0.29,0.564201154637663
Non-Hodgkin lymphoma,5,Mongolia,1.5,1.4105028865941573
Ovarian cancer,10,Mongolia,5.7,2.8210057731883147
Pancreatic cancer,6,Mongolia,5.5,1.692603463912989
Penile cancer,0,Mongolia,0.67,0.0
Prostate cancer,12,Mongolia,3.3,3.385206927825978
Rectal cancer,3,Mongolia,1.7,0.8463017319564945
Salivary gland cancer,0,Mongolia,0.59,0.0
Skin cancer,11,Mongolia,1.98,3.1031063505071463
Stomach cancer,5,Mongolia,35.5,1.4105028865941573
Testicular cancer,0,Mongolia,0.54,0.0
Throat cancer,0,Mongolia,1.4,0.0
Thyroid cancer,13,Mongolia,1.3,3.667307505144809
Uterine cancer,7,Mongolia,1.9,1.9747040412318204
Vaginal cancer,0,Mongolia,0.63,0.0
Vulvar cancer,0,Mongolia,0.42,0.0
Anal cancer,1,Egypt,0.38,0.009322161406512798
Bladder cancer,479,Egypt,15.2,4.46531531371963
Brain cancer,204,Egypt,4.6,1.9017209269286106
Breast cancer,2168,Egypt,55.4,20.210445929319746
Cervical cancer,110,Egypt,2.8,1.0254377547164077
Colon cancer,348,Egypt,4.0,3.2441121694664536
Colorectal cancer,522,Egypt,6.4,4.86616825419968
Esophageal cancer,15,Egypt,1.8,0.13983242109769195
Gallbladder cancer,9,Egypt,0.9,0.08389945265861518
Hodgkin lymphoma,113,Egypt,1.6,1.0534042389359461
Kaposi sarcoma,7,Egypt,0.1,0.06525512984558958
Kidney cancer,122,Egypt,2.4,1.1373036915945614
Laryngeal cancer,25,Egypt,2.1,0.23305403516281994
Leukemia,891,Egypt,6.4,8.306045813202903
Liver cancer,1580,Egypt,32.0,14.72901502229022
Lung cancer,1733,Egypt,8.8,16.155305717486677
Mesothelioma,53,Egypt,0.42,0.4940745545451783
Mouth cancer,2,Egypt,1.8,0.018644322813025596
Multiple myeloma,72,Egypt,1.0,0.6711956212689214
Non-Hodgkin lymphoma,129,Egypt,9.6,1.2025588214401508
Ovarian cancer,168,Egypt,6.4,1.56612311629415
Pancreatic cancer,104,Egypt,3.8,0.9695047862773309
Penile cancer,1,Egypt,0.03,0.009322161406512798
Prostate cancer,276,Egypt,13.5,2.572916548197532
Rectal cancer,80,Egypt,2.0,0.7457729125210238
Salivary gland cancer,5,Egypt,0.5,0.04661080703256399
Skin cancer,319,Egypt,2.4400000000000004,2.9737694886775823
Stomach cancer,22,Egypt,3.6,0.20508755094328154
Testicular cancer,10,Egypt,0.61,0.09322161406512798
Throat cancer,0,Egypt,0.8200000000000001,0.0
Thyroid cancer,90,Egypt,2.8,0.8389945265861518
Uterine cancer,65,Egypt,4.5,0.6059404914233318
Vaginal cancer,3,Egypt,0.21,0.027966484219538394
Vulvar cancer,2,Egypt,0.53,0.018644322813025596
Anal cancer,2,Saudi Arabia,0.28,0.0566567743938575
Bladder cancer,88,Saudi Arabia,3.2,2.49289807332973
Brain cancer,273,Saudi Arabia,1.9,7.7336497047615484
Breast cancer,1676,Saudi Arabia,25.3,47.478376942052584
Cervical cancer,270,Saudi Arabia,2.4,7.648664543170763
Colon cancer,327,Saudi Arabia,6.3,9.2633826133957
Colorectal cancer,636,Saudi Arabia,11.7,18.016854257246685
Esophageal cancer,29,Saudi Arabia,1.0,0.8215232287109338
Gallbladder cancer,14,Saudi Arabia,0.72,0.3965974207570025
Hodgkin lymphoma,87,Saudi Arabia,2.0,2.4645696861328013
Kaposi sarcoma,11,Saudi Arabia,0.26,0.31161225916621627
Kidney cancer,109,Saudi Arabia,2.5,3.087794204465234
Laryngeal cancer,10,Saudi Arabia,0.76,0.2832838719692875
Leukemia,598,Saudi Arabia,4.8,16.94037554376339
Liver cancer,370,Saudi Arabia,4.7,10.481503262863637
Lung cancer,478,Saudi Arabia,4.3,13.540969080131942
Mesothelioma,14,Saudi Arabia,0.13,0.3965974207570025
Mouth cancer,3,Saudi Arabia,1.7,0.08498516159078624
Multiple myeloma,65,Saudi Arabia,1.0,1.8413451678003687
Non-Hodgkin lymphoma,115,Saudi Arabia,6.0,3.257764527646806
Ovarian cancer,161,Saudi Arabia,3.3,4.560870338705529
Pancreatic cancer,61,Saudi Arabia,2.0,1.7280316190126537
Penile cancer,5,Saudi Arabia,0.03,0.14164193598464375
Prostate cancer,261,Saudi Arabia,5.9,7.393709058398404
Rectal cancer,62,Saudi Arabia,5.1,1.7563600062095825
Salivary gland cancer,1,Saudi Arabia,0.22,0.02832838719692875
Skin cancer,315,Saudi Arabia,1.49,8.923441967032556
Stomach cancer,24,Saudi Arabia,2.7,0.6798812927262899
Testicular cancer,26,Saudi Arabia,0.8,0.7365380671201475
Throat cancer,0,Saudi Arabia,1.66,0.0
Thyroid cancer,321,Saudi Arabia,6.6,9.093412290214129
Uterine cancer,55,Saudi Arabia,8.4,1.5580612958310813
Vaginal cancer,2,Saudi Arabia,0.04,0.0566567743938575
Vulvar cancer,3,Saudi Arabia,0.14,0.08498516159078624
Anal cancer,0,DR Congo,0.98,0.0
Bladder cancer,0,DR Congo,1.6,0.0
Brain cancer,2,DR Congo,0.63,0.01772546795235394
Breast cancer,9,DR Congo,26.5,0.07976460578559275
Cervical cancer,11,DR Congo,32.9,0.09749007373794669
Colon cancer,2,DR Congo,2.3,0.01772546795235394
Colorectal cancer,1,DR Congo,6.0,0.00886273397617697
Esophageal cancer,0,DR Congo,2.8,0.0
Gallbladder cancer,0,DR Congo,0.21,0.0
Hodgkin lymphoma,2,DR Congo,0.45,0.01772546795235394
Kaposi sarcoma,0,DR Congo,0.22,0.0
Kidney cancer,0,DR Congo,1.1,0.0
Laryngeal cancer,0,DR Congo,0.59,0.0
Leukemia,5,DR Congo,2.2,0.04431366988088486
Liver cancer,2,DR Congo,6.1,0.01772546795235394
Lung cancer,2,DR Congo,2.2,0.01772546795235394
Mesothelioma,0,DR Congo,0.05,0.0
Mouth cancer,0,DR Congo,1.1,0.0
Multiple myeloma,1,DR Congo,1.1,0.00886273397617697
Non-Hodgkin lymphoma,2,DR Congo,3.1,0.01772546795235394
Ovarian cancer,0,DR Congo,4.1,0.0
Pancreatic cancer,0,DR Congo,1.4,0.0
Penile cancer,2,DR Congo,0.63,0.01772546795235394
Prostate cancer,3,DR Congo,40.1,0.026588201928530914
Rectal cancer,0,DR Congo,2.7,0.0
Salivary gland cancer,0,DR Congo,0.47,0.0
Skin cancer,5,DR Congo,2.3,0.04431366988088486
Stomach cancer,0,DR Congo,3.9,0.0
Testicular cancer,0,DR Congo,0.22,0.0
Throat cancer,0,DR Congo,1.41,0.0
Thyroid cancer,5,DR Congo,0.85,0.04431366988088486
Uterine cancer,0,DR Congo,2.0,0.0
Vaginal cancer,0,DR Congo,0.45,0.0
Vulvar cancer,1,DR Congo,1.2,0.00886273397617697
Anal cancer,164,Germany,1.5,1.9622590579194263
Bladder cancer,2180,Germany,12.4,26.08368747722164
Brain cancer,6356,Germany,5.1,76.04950348863338
Breast cancer,11821,Germany,77.0,141.4381970955216
Cervical cancer,1370,Germany,7.1,16.392042130180574
Colon cancer,1786,Germany,14.2,21.369479740512777
Colorectal cancer,5296,Germany,25.7,63.36660957769074
Esophageal cancer,938,Germany,3.5,11.22316461175867
Gallbladder cancer,97,Germany,0.57,1.160604442793807
Hodgkin lymphoma,1255,Germany,2.1,15.016067790785854
Kaposi sarcoma,90,Germany,0.09,1.0768494830045632
Kidney cancer,2769,Germany,9.0,33.131069093773725
Laryngeal cancer,250,Germany,1.8,2.9912485639015647
Leukemia,11639,Germany,7.4,139.26056814100124
Liver cancer,3386,Germany,4.5,40.51347054948279
Lung cancer,5526,Germany,28.1,66.11855825648018
Mesothelioma,520,Germany,0.69,6.221797012915254
Mouth cancer,11,Germany,2.8,0.13161493681166883
Multiple myeloma,2131,Germany,2.9,25.497402758696936
Non-Hodgkin lymphoma,1565,Germany,9.0,18.725216010023793
Ovarian cancer,2444,Germany,7.0,29.242445960701694
Pancreatic cancer,3416,Germany,8.7,40.87242037715097
Penile cancer,167,Germany,0.87,1.998154040686245
Prostate cancer,6771,Germany,54.2,81.01497610470997
Rectal cancer,1312,Germany,9.9,15.69807246335541
Salivary gland cancer,57,Germany,0.52,0.6820046725695567
Skin cancer,8886,Germany,36.0,106.3209389553172
Stomach cancer,375,Germany,6.4,4.486872845852346
Testicular cancer,451,Germany,9.5,5.396212409278422
Throat cancer,3,Germany,3.91,0.035894982766818774
Thyroid cancer,1108,Germany,5.6,13.257213635211734
Uterine cancer,692,Germany,10.8,8.27977602487953
Vaginal cancer,36,Germany,0.44,0.43073979320182526
Vulvar cancer,185,Germany,3.7,2.2135239372871576
Anal cancer,5,Cyprus,0.51,5.173841059602649
Bladder cancer,8,Cyprus,13.4,8.278145695364238
Brain cancer,22,Cyprus,6.9,22.764900662251655
Breast cancer,164,Cyprus,104.8,169.7019867549669
Cervical cancer,9,Cyprus,7.0,9.312913907284768
Colon cancer,20,Cyprus,16.8,20.695364238410598
Colorectal cancer,40,Cyprus,24.1,41.390728476821195
Esophageal cancer,1,Cyprus,0.73,1.0347682119205297
Gallbladder cancer,0,Cyprus,0.5,0.0
Hodgkin lymphoma,0,Cyprus,2.6,0.0
Kaposi sarcoma,0,Cyprus,0.23,0.0
Kidney cancer,9,Cyprus,4.7,9.312913907284768
Laryngeal cancer,0,Cyprus,2.1,0.0
Leukemia,17,Cyprus,10.7,17.591059602649008
Liver cancer,10,Cyprus,5.6,10.347682119205299
Lung cancer,22,Cyprus,27.0,22.764900662251655
Mesothelioma,2,Cyprus,0.55,2.0695364238410594
Mouth cancer,0,Cyprus,2.0,0.0
Multiple myeloma,5,Cyprus,4.1,5.173841059602649
Non-Hodgkin lymphoma,0,Cyprus,11.3,0.0
Ovarian cancer,16,Cyprus,10.6,16.556291390728475
Pancreatic cancer,21,Cyprus,8.6,21.730132450331126
Penile cancer,0,Cyprus,0.9,0.0
Prostate cancer,35,Cyprus,60.9,36.216887417218544
Rectal cancer,4,Cyprus,6.8,4.139072847682119
Salivary gland cancer,0,Cyprus,0.54,0.0
Skin cancer,25,Cyprus,14.1,25.869205298013245
Stomach cancer,1,Cyprus,6.1,1.0347682119205297
Testicular cancer,2,Cyprus,6.6,2.0695364238410594
Throat cancer,0,Cyprus,0.91,0.0
Thyroid cancer,20,Cyprus,31.8,20.695364238410598
Uterine cancer,6,Cyprus,17.7,6.208609271523179
Vaginal cancer,0,Cyprus,0.0,0.0
Vulvar cancer,0,Cyprus,0.96,0.0
Anal cancer,0,Algeria,0.34,0.0
Bladder cancer,4,Algeria,7.2,0.08438818565400844
Brain cancer,3,Algeria,4.5,0.06329113924050633
Breast cancer,66,Algeria,61.9,1.3924050632911393
Cervical cancer,11,Algeria,8.0,0.2320675105485232
Colon cancer,7,Algeria,9.9,0.14767932489451477
Colorectal cancer,33,Algeria,17.1,0.6962025316455697
Esophageal cancer,0,Algeria,0.61,0.0
Gallbladder cancer,0,Algeria,2.7,0.0
Hodgkin lymphoma,5,Algeria,2.2,0.10548523206751055
Kaposi sarcoma,0,Algeria,0.13,0.0
Kidney cancer,4,Algeria,1.6,0.08438818565400844
Laryngeal cancer,1,Algeria,2.2,0.02109704641350211
Leukemia,17,Algeria,3.8,0.35864978902953587
Liver cancer,6,Algeria,1.7,0.12658227848101267
Lung cancer,9,Algeria,11.3,0.189873417721519
Mesothelioma,2,Algeria,0.15,0.04219409282700422
Mouth cancer,0,Algeria,0.75,0.0
Multiple myeloma,6,Algeria,1.7,0.12658227848101267
Non-Hodgkin lymphoma,5,Algeria,4.9,0.10548523206751055
Ovarian cancer,4,Algeria,5.0,0.08438818565400844
Pancreatic cancer,3,Algeria,2.6,0.06329113924050633
Penile cancer,0,Algeria,0.03,0.0
Prostate cancer,16,Algeria,15.5,0.33755274261603374
Rectal cancer,3,Algeria,6.8,0.06329113924050633
Salivary gland cancer,0,Algeria,0.33,0.0
Skin cancer,6,Algeria,3.66,0.12658227848101267
Stomach cancer,3,Algeria,6.1,0.06329113924050633
Testicular cancer,0,Algeria,0.68,0.0
Throat cancer,0,Algeria,3.86,0.0
Thyroid cancer,5,Algeria,5.4,0.10548523206751055
Uterine cancer,0,Algeria,2.7,0.0
Vaginal cancer,0,Algeria,0.21,0.0
Vulvar cancer,0,Algeria,0.41,0.0
Anal cancer,0,Sri Lanka,0.41,0.0
Bladder cancer,14,Sri Lanka,1.9,0.6432886385577101
Brain cancer,6,Sri Lanka,1.8,0.27569513081044716
Breast cancer,97,Sri Lanka,27.7,4.457071281435563
Cervical cancer,18,Sri Lanka,9.2,0.8270853924313416
Colon cancer,12,Sri Lanka,3.3,0.5513902616208943
Colorectal cancer,33,Sri Lanka,7.8,1.5163232194574596
Esophageal cancer,4,Sri Lanka,5.4,0.18379675387363145
Gallbladder cancer,1,Sri Lanka,0.33,0.04594918846840786
Hodgkin lymphoma,6,Sri Lanka,0.92,0.27569513081044716
Kaposi sarcoma,0,Sri Lanka,0.0,0.0
Kidney cancer,12,Sri Lanka,1.2,0.5513902616208943
Laryngeal cancer,2,Sri Lanka,2.5,0.09189837693681573
Leukemia,17,Sri Lanka,3.9,0.7811362039629337
Liver cancer,20,Sri Lanka,1.2,0.9189837693681573
Lung cancer,23,Sri Lanka,6.7,1.0568313347733809
Mesothelioma,0,Sri Lanka,0.02,0.0
Mouth cancer,0,Sri Lanka,8.1,0.0
Multiple myeloma,6,Sri Lanka,1.5,0.27569513081044716
Non-Hodgkin lymphoma,7,Sri Lanka,3.3,0.32164431927885506
Ovarian cancer,6,Sri Lanka,8.2,0.27569513081044716
Pancreatic cancer,3,Sri Lanka,0.83,0.13784756540522358
Penile cancer,0,Sri Lanka,0.69,0.0
Prostate cancer,7,Sri Lanka,6.5,0.32164431927885506
Rectal cancer,20,Sri Lanka,4.0,0.9189837693681573
Salivary gland cancer,0,Sri Lanka,0.67,0.0
Skin cancer,9,Sri Lanka,1.63,0.4135426962156708
Stomach cancer,4,Sri Lanka,2.6,0.18379675387363145
Testicular cancer,1,Sri Lanka,0.73,0.04594918846840786
Throat cancer,0,Sri Lanka,3.12,0.0
Thyroid cancer,12,Sri Lanka,6.7,0.5513902616208943
Uterine cancer,4,Sri Lanka,4.3,0.18379675387363145
Vaginal cancer,0,Sri Lanka,0.35,0.0
Vulvar cancer,1,Sri Lanka,0.25,0.04594918846840786
Anal cancer,3,Lebanon,0.21,0.546448087431694
Bladder cancer,80,Lebanon,8.9,14.571948998178506
Brain cancer,83,Lebanon,4.0,15.1183970856102
Breast cancer,378,Lebanon,57.9,68.85245901639344
Cervical cancer,36,Lebanon,3.6,6.557377049180328
Colon cancer,79,Lebanon,9.2,14.389799635701275
Colorectal cancer,151,Lebanon,12.9,27.50455373406193
Esophageal cancer,12,Lebanon,0.61,2.185792349726776
Gallbladder cancer,1,Lebanon,0.78,0.18214936247723132
Hodgkin lymphoma,29,Lebanon,3.0,5.2823315118397085
Kaposi sarcoma,5,Lebanon,0.13,0.9107468123861566
Kidney cancer,36,Lebanon,3.7,6.557377049180328
Laryngeal cancer,6,Lebanon,2.2,1.092896174863388
Leukemia,243,Lebanon,6.8,44.26229508196721
Liver cancer,34,Lebanon,2.3,6.193078324225866
Lung cancer,66,Lebanon,19.9,12.021857923497267
Mesothelioma,4,Lebanon,0.37,0.7285974499089253
Mouth cancer,0,Lebanon,1.1,0.0
Multiple myeloma,37,Lebanon,2.8,6.739526411657559
Non-Hodgkin lymphoma,26,Lebanon,8.4,4.735883424408015
Ovarian cancer,58,Lebanon,6.7,10.564663023679417
Pancreatic cancer,38,Lebanon,3.9,6.9216757741347905
Penile cancer,0,Lebanon,0.23,0.0
Prostate cancer,123,Lebanon,27.9,22.404371584699454
Rectal cancer,18,Lebanon,3.4,3.278688524590164
Salivary gland cancer,0,Lebanon,0.5,0.0
Skin cancer,112,Lebanon,5.300000000000001,20.40072859744991
Stomach cancer,8,Lebanon,3.1,1.4571948998178506
Testicular cancer,7,Lebanon,2.8,1.2750455373406193
Throat cancer,0,Lebanon,0.62,0.0
Thyroid cancer,15,Lebanon,5.6,2.73224043715847
Uterine cancer,12,Lebanon,8.0,2.185792349726776
Vaginal cancer,1,Lebanon,0.27,0.18214936247723132
Vulvar cancer,1,Lebanon,1.1,0.18214936247723132
Anal cancer,0,Liberia,0.4,0.0
Bladder cancer,0,Liberia,0.67,0.0
Brain cancer,1,Liberia,2.4,0.19052623536734697
Breast cancer,0,Liberia,33.6,0.0
Cervical cancer,2,Liberia,39.6,0.38105247073469395
Colon cancer,0,Liberia,2.7,0.0
Colorectal cancer,0,Liberia,4.5,0.0
Esophageal cancer,0,Liberia,0.59,0.0
Gallbladder cancer,0,Liberia,0.29,0.0
Hodgkin lymphoma,0,Liberia,0.49,0.0
Kaposi sarcoma,0,Liberia,0.73,0.0
Kidney cancer,0,Liberia,0.9,0.0
Laryngeal cancer,0,Liberia,0.87,0.0
Leukemia,0,Liberia,1.2,0.0
Liver cancer,0,Liberia,14.8,0.0
Lung cancer,0,Liberia,2.7,0.0
Mesothelioma,0,Liberia,0.04,0.0
Mouth cancer,0,Liberia,1.2,0.0
Multiple myeloma,0,Liberia,0.57,0.0
Non-Hodgkin lymphoma,0,Liberia,3.6,0.0
Ovarian cancer,0,Liberia,3.3,0.0
Pancreatic cancer,0,Liberia,1.4,0.0
Penile cancer,0,Liberia,0.03,0.0
Prostate cancer,1,Liberia,38.6,0.19052623536734697
Rectal cancer,0,Liberia,1.4,0.0
Salivary gland cancer,0,Liberia,0.23,0.0
Skin cancer,0,Liberia,2.74,0.0
Stomach cancer,0,Liberia,4.5,0.0
Testicular cancer,0,Liberia,0.06,0.0
Throat cancer,0,Liberia,0.32,0.0
Thyroid cancer,0,Liberia,0.74,0.0
Uterine cancer,0,Liberia,3.2,0.0
Vaginal cancer,0,Liberia,0.55,0.0
Vulvar cancer,0,Liberia,0.23,0.0
Anal cancer,12,Belgium,1.0,1.0147518707584957
Bladder cancer,239,Belgium,12.9,20.210474759273374
Brain cancer,642,Belgium,5.0,54.289225085579524
Breast cancer,2839,Belgium,104.4,240.07338009028078
Cervical cancer,512,Belgium,6.3,43.29607981902915
Colon cancer,234,Belgium,19.8,19.787661479790668
Colorectal cancer,820,Belgium,29.2,69.34137783516387
Esophageal cancer,97,Belgium,4.5,8.202577621964506
Gallbladder cancer,13,Belgium,0.28,1.099314526655037
Hodgkin lymphoma,133,Belgium,3.0,11.246833234239995
Kaposi sarcoma,11,Belgium,0.25,0.9301892148619544
Kidney cancer,248,Belgium,8.2,20.971538662342244
Laryngeal cancer,36,Belgium,1.9,3.0442556122754874
Leukemia,1375,Belgium,10.5,116.2736518577443
Liver cancer,398,Belgium,4.8,33.65593704682344
Lung cancer,907,Belgium,32.7,76.69832889816297
Mesothelioma,236,Belgium,1.1,19.95678679158375
Mouth cancer,1,Belgium,4.7,0.08456265589654131
Multiple myeloma,432,Belgium,3.7,36.53106734730584
Non-Hodgkin lymphoma,221,Belgium,10.7,18.68834695313563
Ovarian cancer,407,Belgium,6.9,34.41700094989231
Pancreatic cancer,224,Belgium,7.5,18.942034920825254
Penile cancer,32,Belgium,0.75,2.706004988689322
Prostate cancer,1088,Belgium,81.7,92.00416961543695
Rectal cancer,226,Belgium,8.4,19.111160232618335
Salivary gland cancer,7,Belgium,0.65,0.5919385912757892
Skin cancer,1290,Belgium,44.1,109.08582610653829
Stomach cancer,38,Belgium,5.4,3.21338092406857
Testicular cancer,31,Belgium,6.4,2.6214423327927805
Throat cancer,1,Belgium,3.93,0.08456265589654131
Thyroid cancer,154,Belgium,6.9,13.022649008067361
Uterine cancer,177,Belgium,10.0,14.967590093687813
Vaginal cancer,6,Belgium,0.44,0.5073759353792479
Vulvar cancer,18,Belgium,1.9,1.5221278061377437
Anal cancer,0,Gabon,1.1,0.0
Bladder cancer,0,Gabon,1.8,0.0
Brain cancer,10,Gabon,0.96,4.049737253047022
Breast cancer,3,Gabon,36.4,1.2149211759141068
Cervical cancer,0,Gabon,32.5,0.0
Colon cancer,1,Gabon,4.1,0.4049737253047022
Colorectal cancer,1,Gabon,6.8,0.4049737253047022
Esophageal cancer,0,Gabon,1.7,0.0
Gallbladder cancer,0,Gabon,0.62,0.0
Hodgkin lymphoma,0,Gabon,0.31,0.0
Kaposi sarcoma,0,Gabon,2.9,0.0
Kidney cancer,0,Gabon,1.5,0.0
Laryngeal cancer,0,Gabon,2.3,0.0
Leukemia,5,Gabon,1.3,2.024868626523511
Liver cancer,1,Gabon,8.9,0.4049737253047022
Lung cancer,1,Gabon,3.1,0.4049737253047022
Mesothelioma,0,Gabon,0.05,0.0
Mouth cancer,0,Gabon,3.5,0.0
Multiple myeloma,0,Gabon,0.93,0.0
Non-Hodgkin lymphoma,1,Gabon,3.9,0.4049737253047022
Ovarian cancer,1,Gabon,7.8,0.4049737253047022
Pancreatic cancer,0,Gabon,3.4,0.0
Penile cancer,0,Gabon,0.13,0.0
Prostate cancer,1,Gabon,26.1,0.4049737253047022
Rectal cancer,0,Gabon,1.7,0.0
Salivary gland cancer,0,Gabon,0.68,0.0
Skin cancer,0,Gabon,2.74,0.0
Stomach cancer,0,Gabon,2.4,0.0
Testicular cancer,0,Gabon,0.3,0.0
Throat cancer,0,Gabon,1.88,0.0
Thyroid cancer,0,Gabon,0.68,0.0
Uterine cancer,1,Gabon,4.0,0.4049737253047022
Vaginal cancer,0,Gabon,0.46,0.0
Vulvar cancer,0,Gabon,0.24,0.0
Anal cancer,0,Martinique,0.49,0.0
Bladder cancer,1,Martinique,3.0,2.857755233264271
Brain cancer,2,Martinique,2.1,5.715510466528542
Breast cancer,9,Martinique,77.2,25.71979709937844
Cervical cancer,4,Martinique,7.5,11.431020933057084
Colon cancer,2,Martinique,15.3,5.715510466528542
Colorectal cancer,3,Martinique,21.7,8.573265699792813
Esophageal cancer,0,Martinique,1.7,0.0
Gallbladder cancer,0,Martinique,0.68,0.0
Hodgkin lymphoma,0,Martinique,0.0,0.0
Kaposi sarcoma,0,Martinique,0.0,0.0
Kidney cancer,1,Martinique,3.8,2.857755233264271
Laryngeal cancer,0,Martinique,0.89,0.0
Leukemia,7,Martinique,6.5,20.004286632849897
Liver cancer,0,Martinique,3.6,0.0
Lung cancer,0,Martinique,9.0,0.0
Mesothelioma,0,Martinique,0.0,0.0
Mouth cancer,0,Martinique,2.1,0.0
Multiple myeloma,1,Martinique,6.2,2.857755233264271
Non-Hodgkin lymphoma,0,Martinique,4.4,0.0
Ovarian cancer,0,Martinique,3.5,0.0
Pancreatic cancer,0,Martinique,6.3,0.0
Penile cancer,0,Martinique,0.88,0.0
Prostate cancer,6,Martinique,134.3,17.146531399585626
Rectal cancer,0,Martinique,6.0,0.0
Salivary gland cancer,1,Martinique,0.12,2.857755233264271
Skin cancer,3,Martinique,10.3,8.573265699792813
Stomach cancer,2,Martinique,10.8,5.715510466528542
Testicular cancer,0,Martinique,0.0,0.0
Throat cancer,0,Martinique,2.17,0.0
Thyroid cancer,2,Martinique,5.7,5.715510466528542
Uterine cancer,2,Martinique,9.1,5.715510466528542
Vaginal cancer,0,Martinique,0.27,0.0
Vulvar cancer,0,Martinique,0.0,0.0
Anal cancer,2,Bulgaria,0.49,0.3106863683249034
Bladder cancer,26,Bulgaria,10.7,4.0389227882237435
Brain cancer,56,Bulgaria,6.8,8.699218313097294
Breast cancer,195,Bulgaria,52.8,30.29192091167808
Cervical cancer,41,Bulgaria,15.4,6.36907055066052
Colon cancer,27,Bulgaria,18.7,4.194265972386195
Colorectal cancer,119,Bulgaria,30.2,18.48583891533175
Esophageal cancer,4,Bulgaria,1.6,0.6213727366498067
Gallbladder cancer,1,Bulgaria,0.41,0.1553431841624517
Hodgkin lymphoma,12,Bulgaria,1.4,1.8641182099494202
Kaposi sarcoma,2,Bulgaria,0.05,0.3106863683249034
Kidney cancer,16,Bulgaria,6.0,2.485490946599227
Laryngeal cancer,10,Bulgaria,3.1,1.553431841624517
Leukemia,163,Bulgaria,5.6,25.320939018479624
Liver cancer,33,Bulgaria,4.4,5.126325077360906
Lung cancer,58,Bulgaria,27.1,9.009904681422197
Mesothelioma,3,Bulgaria,0.44,0.46602955248735506
Mouth cancer,0,Bulgaria,3.0,0.0
Multiple myeloma,42,Bulgaria,1.4,6.5244137348229705
Non-Hodgkin lymphoma,11,Bulgaria,4.0,1.7087750257869685
Ovarian cancer,24,Bulgaria,10.0,3.7282364198988405
Pancreatic cancer,17,Bulgaria,7.5,2.6408341307616787
Penile cancer,4,Bulgaria,0.9,0.6213727366498067
Prostate cancer,49,Bulgaria,38.2,7.611816023960133
Rectal cancer,33,Bulgaria,11.0,5.126325077360906
Salivary gland cancer,1,Bulgaria,0.44,0.1553431841624517
Skin cancer,173,Bulgaria,9.9,26.874370860104143
Stomach cancer,8,Bulgaria,9.0,1.2427454732996135
Testicular cancer,6,Bulgaria,4.5,0.9320591049747101
Throat cancer,0,Bulgaria,2.43,0.0
Thyroid cancer,28,Bulgaria,4.4,4.349609156548647
Uterine cancer,19,Bulgaria,16.0,2.951520499086582
Vaginal cancer,0,Bulgaria,0.41,0.0
Vulvar cancer,5,Bulgaria,1.1,0.7767159208122585
Anal cancer,0,Chad,0.13,0.0
Bladder cancer,0,Chad,3.2,0.0
Brain cancer,0,Chad,0.75,0.0
Breast cancer,1,Chad,14.2,0.05170428437728678
Cervical cancer,0,Chad,23.5,0.0
Colon cancer,0,Chad,0.89,0.0
Colorectal cancer,1,Chad,2.3,0.05170428437728678
Esophageal cancer,0,Chad,1.4,0.0
Gallbladder cancer,0,Chad,0.08,0.0
Hodgkin lymphoma,0,Chad,0.17,0.0
Kaposi sarcoma,0,Chad,0.33,0.0
Kidney cancer,0,Chad,1.6,0.0
Laryngeal cancer,0,Chad,0.39,0.0
Leukemia,0,Chad,0.69,0.0
Liver cancer,0,Chad,19.1,0.0
Lung cancer,0,Chad,2.0,0.0
Mesothelioma,0,Chad,0.26,0.0
Mouth cancer,0,Chad,1.7,0.0
Multiple myeloma,0,Chad,0.49,0.0
Non-Hodgkin lymphoma,0,Chad,2.5,0.0
Ovarian cancer,0,Chad,3.6,0.0
Pancreatic cancer,0,Chad,2.0,0.0
Penile cancer,0,Chad,0.0,0.0
Prostate cancer,0,Chad,82.2,0.0
Rectal cancer,0,Chad,1.2,0.0
Salivary gland cancer,0,Chad,0.41,0.0
Skin cancer,0,Chad,1.04,0.0
Stomach cancer,0,Chad,3.0,0.0
Testicular cancer,0,Chad,0.4,0.0
Throat cancer,0,Chad,0.95,0.0
Thyroid cancer,0,Chad,5.1,0.0
Uterine cancer,0,Chad,0.71,0.0
Vaginal cancer,0,Chad,0.43,0.0
Vulvar cancer,0,Chad,0.62,0.0
Anal cancer,0,South Sudan,0.46,0.0
Bladder cancer,0,South Sudan,1.8,0.0
Brain cancer,0,South Sudan,1.3,0.0
Breast cancer,0,South Sudan,28.0,0.0
Cervical cancer,0,South Sudan,21.4,0.0
Colon cancer,0,South Sudan,2.9,0.0
Colorectal cancer,1,South Sudan,5.7,0.06334366637448345
Esophageal cancer,0,South Sudan,5.7,0.0
Gallbladder cancer,0,South Sudan,0.7,0.0
Hodgkin lymphoma,1,South Sudan,0.55,0.06334366637448345
Kaposi sarcoma,0,South Sudan,2.0,0.0
Kidney cancer,0,South Sudan,1.5,0.0
Laryngeal cancer,0,South Sudan,0.99,0.0
Leukemia,0,South Sudan,1.6,0.0
Liver cancer,0,South Sudan,5.2,0.0
Lung cancer,0,South Sudan,2.1,0.0
Mesothelioma,0,South Sudan,0.0,0.0
Mouth cancer,0,South Sudan,1.8,0.0
Multiple myeloma,0,South Sudan,1.1,0.0
Non-Hodgkin lymphoma,1,South Sudan,3.5,0.06334366637448345
Ovarian cancer,0,South Sudan,4.4,0.0
Pancreatic cancer,0,South Sudan,1.8,0.0
Penile cancer,0,South Sudan,0.82,0.0
Prostate cancer,0,South Sudan,22.0,0.0
Rectal cancer,0,South Sudan,2.3,0.0
Salivary gland cancer,0,South Sudan,0.51,0.0
Skin cancer,2,South Sudan,2.95,0.1266873327489669
Stomach cancer,0,South Sudan,4.0,0.0
Testicular cancer,0,South Sudan,0.39,0.0
Throat cancer,0,South Sudan,1.99,0.0
Thyroid cancer,0,South Sudan,1.7,0.0
Uterine cancer,1,South Sudan,2.5,0.06334366637448345
Vaginal cancer,0,South Sudan,0.27,0.0
Vulvar cancer,0,South Sudan,0.87,0.0
Anal cancer,40,Switzerland,1.4,4.411532451673867
Bladder cancer,369,Switzerland,14.7,40.69638686669143
Brain cancer,1163,Switzerland,5.6,128.2653060324177
Breast cancer,2365,Switzerland,77.4,260.83185620521743
Cervical cancer,364,Switzerland,4.1,40.144945310232195
Colon cancer,341,Switzerland,15.7,37.608314150519725
Colorectal cancer,894,Switzerland,26.3,98.59775029491094
Esophageal cancer,117,Switzerland,3.1,12.903732421146064
Gallbladder cancer,17,Switzerland,0.65,1.8749012919613939
Hodgkin lymphoma,167,Switzerland,2.9,18.418147985738397
Kaposi sarcoma,50,Switzerland,0.19,5.514415564592334
Kidney cancer,322,Switzerland,5.8,35.51283623597463
Laryngeal cancer,31,Switzerland,1.3,3.4189376500472477
Leukemia,1511,Switzerland,8.2,166.64563836198036
Liver cancer,574,Switzerland,5.4,63.305490681520006
Lung cancer,1128,Switzerland,24.1,124.40521513720307
Mesothelioma,302,Switzerland,1.1,33.3070700101377
Mouth cancer,1,Switzerland,3.8,0.1102883112918467
Multiple myeloma,318,Switzerland,3.2,35.07168299080725
Non-Hodgkin lymphoma,412,Switzerland,9.8,45.438784252240836
Ovarian cancer,431,Switzerland,6.8,47.53426216678592
Pancreatic cancer,315,Switzerland,8.5,34.74081805693171
Penile cancer,7,Switzerland,0.46,0.7720181790429269
Prostate cancer,1281,Switzerland,69.1,141.27932676485563
Rectal cancer,194,Switzerland,9.2,21.39593239061826
Salivary gland cancer,4,Switzerland,0.49,0.4411532451673868
Skin cancer,2006,Switzerland,50.9,221.23835245144446
Stomach cancer,63,Switzerland,5.1,6.948163611386342
Testicular cancer,67,Switzerland,10.3,7.389316856553728
Throat cancer,1,Switzerland,3.31,0.1102883112918467
Thyroid cancer,221,Switzerland,7.0,24.37371679549812
Uterine cancer,142,Switzerland,11.8,15.66094020344223
Vaginal cancer,4,Switzerland,0.24,0.4411532451673868
Vulvar cancer,27,Switzerland,0.97,2.977784404879861
Anal cancer,0,Madagascar,1.4,0.0
Bladder cancer,4,Madagascar,5.0,0.12607541541376596
Brain cancer,11,Madagascar,1.2,0.3467073923878564
Breast cancer,81,Madagascar,30.3,2.553027162128761
Cervical cancer,19,Madagascar,41.8,0.5988582232153883
Colon cancer,9,Madagascar,2.0,0.2836696846809734
Colorectal cancer,21,Madagascar,5.7,0.6618959309222713
Esophageal cancer,3,Madagascar,4.2,0.09455656156032446
Gallbladder cancer,0,Madagascar,0.17,0.0
Hodgkin lymphoma,4,Madagascar,0.69,0.12607541541376596
Kaposi sarcoma,1,Madagascar,0.03,0.03151885385344149
Kidney cancer,3,Madagascar,0.97,0.09455656156032446
Laryngeal cancer,0,Madagascar,0.68,0.0
Leukemia,38,Madagascar,2.9,1.1977164464307766
Liver cancer,10,Madagascar,5.5,0.3151885385344149
Lung cancer,13,Madagascar,2.1,0.40974510009473936
Mesothelioma,1,Madagascar,0.08,0.03151885385344149
Mouth cancer,0,Madagascar,2.3,0.0
Multiple myeloma,6,Madagascar,0.33,0.18911312312064893
Non-Hodgkin lymphoma,3,Madagascar,4.1,0.09455656156032446
Ovarian cancer,17,Madagascar,2.8,0.5358205155085053
Pancreatic cancer,3,Madagascar,1.3,0.09455656156032446
Penile cancer,0,Madagascar,0.11,0.0
Prostate cancer,17,Madagascar,33.4,0.5358205155085053
Rectal cancer,6,Madagascar,2.3,0.18911312312064893
Salivary gland cancer,0,Madagascar,0.55,0.0
Skin cancer,43,Madagascar,4.1,1.355310715697984
Stomach cancer,1,Madagascar,4.4,0.03151885385344149
Testicular cancer,1,Madagascar,0.24,0.03151885385344149
Throat cancer,0,Madagascar,2.36,0.0
Thyroid cancer,19,Madagascar,1.0,0.5988582232153883
Uterine cancer,3,Madagascar,1.9,0.09455656156032446
Vaginal cancer,0,Madagascar,0.54,0.0
Vulvar cancer,0,Madagascar,1.9,0.0
Anal cancer,0,Malta,0.54,0.0
Bladder cancer,2,Malta,10.2,3.48280365694384
Brain cancer,1,Malta,5.2,1.74140182847192
Breast cancer,26,Malta,86.3,45.27644754026992
Cervical cancer,5,Malta,4.2,8.707009142359599
Colon cancer,2,Malta,17.9,3.48280365694384
Colorectal cancer,15,Malta,27.0,26.121027427078797
Esophageal cancer,0,Malta,1.6,0.0
Gallbladder cancer,0,Malta,0.27,0.0
Hodgkin lymphoma,1,Malta,3.3,1.74140182847192
Kaposi sarcoma,1,Malta,0.37,1.74140182847192
Kidney cancer,1,Malta,10.0,1.74140182847192
Laryngeal cancer,0,Malta,2.5,0.0
Leukemia,10,Malta,6.1,17.414018284719198
Liver cancer,1,Malta,4.3,1.74140182847192
Lung cancer,2,Malta,19.2,3.48280365694384
Mesothelioma,0,Malta,0.78,0.0
Mouth cancer,0,Malta,3.5,0.0
Multiple myeloma,2,Malta,2.4,3.48280365694384
Non-Hodgkin lymphoma,3,Malta,14.6,5.22420548541576
Ovarian cancer,8,Malta,10.7,13.93121462777536
Pancreatic cancer,0,Malta,9.0,0.0
Penile cancer,0,Malta,1.3,0.0
Prostate cancer,6,Malta,50.4,10.44841097083152
Rectal cancer,0,Malta,8.5,0.0
Salivary gland cancer,0,Malta,0.39,0.0
Skin cancer,16,Malta,16.9,27.86242925555072
Stomach cancer,0,Malta,5.4,0.0
Testicular cancer,3,Malta,9.1,5.22420548541576
Throat cancer,0,Malta,1.2,0.0
Thyroid cancer,3,Malta,12.3,5.22420548541576
Uterine cancer,2,Malta,20.4,3.48280365694384
Vaginal cancer,0,Malta,0.23,0.0
Vulvar cancer,1,Malta,1.4,1.74140182847192
Anal cancer,0,Bolivia,0.08,0.0
Bladder cancer,1,Bolivia,1.0,0.08839685236488098
Brain cancer,2,Bolivia,2.3,0.17679370472976197
Breast cancer,0,Bolivia,26.8,0.0
Cervical cancer,3,Bolivia,38.7,0.26519055709464295
Colon cancer,1,Bolivia,4.8,0.08839685236488098
Colorectal cancer,0,Bolivia,6.0,0.0
Esophageal cancer,0,Bolivia,1.4,0.0
Gallbladder cancer,1,Bolivia,7.6,0.08839685236488098
Hodgkin lymphoma,0,Bolivia,1.2,0.0
Kaposi sarcoma,1,Bolivia,0.0,0.08839685236488098
Kidney cancer,2,Bolivia,3.0,0.17679370472976197
Laryngeal cancer,0,Bolivia,1.3,0.0
Leukemia,3,Bolivia,4.9,0.26519055709464295
Liver cancer,0,Bolivia,6.7,0.0
Lung cancer,0,Bolivia,8.5,0.0
Mesothelioma,1,Bolivia,0.11,0.08839685236488098
Mouth cancer,0,Bolivia,0.59,0.0
Multiple myeloma,0,Bolivia,0.42,0.0
Non-Hodgkin lymphoma,1,Bolivia,2.5,0.08839685236488098
Ovarian cancer,1,Bolivia,3.1,0.08839685236488098
Pancreatic cancer,3,Bolivia,3.0,0.26519055709464295
Penile cancer,0,Bolivia,2.4,0.0
Prostate cancer,1,Bolivia,34.2,0.08839685236488098
Rectal cancer,0,Bolivia,1.2,0.0
Salivary gland cancer,0,Bolivia,0.67,0.0
Skin cancer,1,Bolivia,7.6,0.08839685236488098
Stomach cancer,1,Bolivia,8.7,0.08839685236488098
Testicular cancer,0,Bolivia,1.4,0.0
Throat cancer,0,Bolivia,0.78,0.0
Thyroid cancer,0,Bolivia,2.1,0.0
Uterine cancer,0,Bolivia,9.7,0.0
Vaginal cancer,0,Bolivia,0.49,0.0
Vulvar cancer,0,Bolivia,0.51,0.0
Anal cancer,0,Cambodia,0.29,0.0
Bladder cancer,1,Cambodia,2.0,0.05689007017959057
Brain cancer,0,Cambodia,3.8,0.0
Breast cancer,6,Cambodia,25.1,0.3413404210775434
Cervical cancer,10,Cambodia,15.2,0.5689007017959057
Colon cancer,0,Cambodia,7.0,0.0
Colorectal cancer,0,Cambodia,12.6,0.0
Esophageal cancer,0,Cambodia,2.9,0.0
Gallbladder cancer,0,Cambodia,1.2,0.0
Hodgkin lymphoma,0,Cambodia,0.45,0.0
Kaposi sarcoma,0,Cambodia,0.01,0.0
Kidney cancer,0,Cambodia,1.3,0.0
Laryngeal cancer,0,Cambodia,1.3,0.0
Leukemia,2,Cambodia,4.7,0.11378014035918114
Liver cancer,3,Cambodia,25.1,0.1706702105387717
Lung cancer,3,Cambodia,15.7,0.1706702105387717
Mesothelioma,0,Cambodia,0.01,0.0
Mouth cancer,0,Cambodia,3.9,0.0
Multiple myeloma,0,Cambodia,1.0,0.0
Non-Hodgkin lymphoma,0,Cambodia,4.3,0.0
Ovarian cancer,0,Cambodia,5.6,0.0
Pancreatic cancer,0,Cambodia,1.4,0.0
Penile cancer,0,Cambodia,1.5,0.0
Prostate cancer,0,Cambodia,5.2,0.0
Rectal cancer,2,Cambodia,5.3,0.11378014035918114
Salivary gland cancer,0,Cambodia,0.56,0.0
Skin cancer,0,Cambodia,2.51,0.0
Stomach cancer,0,Cambodia,4.1,0.0
Testicular cancer,0,Cambodia,0.89,0.0
Throat cancer,0,Cambodia,3.56,0.0
Thyroid cancer,0,Cambodia,4.7,0.0
Uterine cancer,0,Cambodia,3.1,0.0
Vaginal cancer,0,Cambodia,0.12,0.0
Vulvar cancer,0,Cambodia,0.5,0.0
Anal cancer,0,Maldives,0.0,0.0
Bladder cancer,0,Maldives,1.9,0.0
Brain cancer,0,Maldives,1.5,0.0
Breast cancer,3,Maldives,39.8,5.8237500291187505
Cervical cancer,1,Maldives,22.6,1.94125000970625
Colon cancer,0,Maldives,6.2,0.0
Colorectal cancer,0,Maldives,11.8,0.0
Esophageal cancer,0,Maldives,0.0,0.0
Gallbladder cancer,0,Maldives,0.0,0.0
Hodgkin lymphoma,0,Maldives,0.11,0.0
Kaposi sarcoma,0,Maldives,0.0,0.0
Kidney cancer,0,Maldives,0.24,0.0
Laryngeal cancer,0,Maldives,1.3,0.0
Leukemia,0,Maldives,4.5,0.0
Liver cancer,0,Maldives,7.6,0.0
Lung cancer,0,Maldives,12.4,0.0
Mesothelioma,0,Maldives,0.0,0.0
Mouth cancer,0,Maldives,1.1,0.0
Multiple myeloma,0,Maldives,0.0,0.0
Non-Hodgkin lymphoma,0,Maldives,4.6,0.0
Ovarian cancer,1,Maldives,8.1,1.94125000970625
Pancreatic cancer,1,Maldives,1.9,1.94125000970625
Penile cancer,0,Maldives,0.0,0.0
Prostate cancer,1,Maldives,10.5,1.94125000970625
Rectal cancer,0,Maldives,5.6,0.0
Salivary gland cancer,0,Maldives,0.4,0.0
Skin cancer,0,Maldives,2.3,0.0
Stomach cancer,0,Maldives,0.67,0.0
Testicular cancer,0,Maldives,0.39,0.0
Throat cancer,0,Maldives,7.5,0.0
Thyroid cancer,0,Maldives,2.7,0.0
Uterine cancer,0,Maldives,4.7,0.0
Vaginal cancer,0,Maldives,0.0,0.0
Vulvar cancer,0,Maldives,0.0,0.0
Anal cancer,3,Pakistan,0.35,0.012422389516934307
Bladder cancer,81,Pakistan,3.4,0.3354045169572263
Brain cancer,210,Pakistan,2.7,0.8695672661854015
Breast cancer,1061,Pakistan,34.2,4.3933850924891
Cervical cancer,132,Pakistan,5.4,0.5465851387451095
Colon cancer,73,Pakistan,3.1,0.3022781449120681
Colorectal cancer,178,Pakistan,5.4,0.7370617780047689
Esophageal cancer,46,Pakistan,5.5,0.19047663925965938
Gallbladder cancer,19,Pakistan,1.8,0.0786751336072506
Hodgkin lymphoma,82,Pakistan,0.86,0.33954531346287103
Kaposi sarcoma,2,Pakistan,0.04,0.008281593011289537
Kidney cancer,97,Pakistan,1.7,0.40165726104754257
Laryngeal cancer,11,Pakistan,2.4,0.045548761562092456
Leukemia,387,Pakistan,3.5,1.6024882476845257
Liver cancer,283,Pakistan,3.8,1.1718454110974696
Lung cancer,327,Pakistan,6.0,1.3540404573458396
Mesothelioma,8,Pakistan,0.03,0.03312637204515815
Mouth cancer,2,Pakistan,9.2,0.008281593011289537
Multiple myeloma,49,Pakistan,1.1,0.2028990287765937
Non-Hodgkin lymphoma,90,Pakistan,4.1,0.3726716855080292
Ovarian cancer,104,Pakistan,5.6,0.430642836587056
Pancreatic cancer,61,Pakistan,0.69,0.2525885868443309
Penile cancer,2,Pakistan,0.34,0.008281593011289537
Prostate cancer,195,Pakistan,6.7,0.8074553186007299
Rectal cancer,38,Pakistan,2.0,0.1573502672145012
Salivary gland cancer,1,Pakistan,0.51,0.004140796505644769
Skin cancer,159,Pakistan,3.21,0.6583866443975183
Stomach cancer,20,Pakistan,3.5,0.08281593011289538
Testicular cancer,6,Pakistan,0.7,0.024844779033868614
Throat cancer,1,Pakistan,2.13,0.004140796505644769
Thyroid cancer,86,Pakistan,1.6,0.35610849948545015
Uterine cancer,31,Pakistan,3.8,0.12836469167498785
Vaginal cancer,2,Pakistan,0.29,0.008281593011289537
Vulvar cancer,4,Pakistan,0.3,0.016563186022579075
Anal cancer,1,Qatar,0.22,0.315156771584457
Bladder cancer,13,Qatar,4.4,4.097038030597941
Brain cancer,27,Qatar,1.8,8.509232832780338
Breast cancer,239,Qatar,39.0,75.32246840868521
Cervical cancer,29,Qatar,4.7,9.139546375949251
Colon cancer,40,Qatar,5.8,12.60627086337828
Colorectal cancer,101,Qatar,9.3,31.830833930030153
Esophageal cancer,6,Qatar,1.3,1.890940629506742
Gallbladder cancer,4,Qatar,1.1,1.260627086337828
Hodgkin lymphoma,12,Qatar,1.4,3.781881259013484
Kaposi sarcoma,3,Qatar,0.19,0.945470314753371
Kidney cancer,22,Qatar,1.6,6.933448974858053
Laryngeal cancer,2,Qatar,0.76,0.630313543168914
Leukemia,143,Qatar,4.5,45.06741833657735
Liver cancer,28,Qatar,4.1,8.824389604364795
Lung cancer,50,Qatar,5.8,15.757838579222849
Mesothelioma,2,Qatar,0.15,0.630313543168914
Mouth cancer,0,Qatar,1.6,0.0
Multiple myeloma,29,Qatar,0.97,9.139546375949251
Non-Hodgkin lymphoma,15,Qatar,3.9,4.727351573766855
Ovarian cancer,43,Qatar,5.8,13.55174117813165
Pancreatic cancer,13,Qatar,2.1,4.097038030597941
Penile cancer,0,Qatar,0.27,0.0
Prostate cancer,28,Qatar,11.0,8.824389604364795
Rectal cancer,8,Qatar,3.3,2.521254172675656
Salivary gland cancer,0,Qatar,0.25,0.0
Skin cancer,40,Qatar,1.01,12.60627086337828
Stomach cancer,4,Qatar,3.5,1.260627086337828
Testicular cancer,3,Qatar,0.45,0.945470314753371
Throat cancer,0,Qatar,0.7799999999999999,0.0
Thyroid cancer,25,Qatar,2.6,7.878919289611424
Uterine cancer,3,Qatar,4.1,0.945470314753371
Vaginal cancer,0,Qatar,0.0,0.0
Vulvar cancer,0,Qatar,0.0,0.0
Anal cancer,2,Romania,0.65,0.10506391799845251
Bladder cancer,79,Romania,11.8,4.150024760938874
Brain cancer,179,Romania,6.5,9.4032206608615
Breast cancer,621,Romania,69.2,32.62234653851951
Cervical cancer,196,Romania,21.7,10.296263963848347
Colon cancer,172,Romania,17.9,9.035496947866916
Colorectal cancer,526,Romania,32.2,27.63181043359301
Esophageal cancer,27,Romania,2.1,1.418362892979109
Gallbladder cancer,13,Romania,0.49,0.6829154669899413
Hodgkin lymphoma,47,Romania,1.6,2.469002072963634
Kaposi sarcoma,10,Romania,0.16,0.5253195899922626
Kidney cancer,105,Romania,7.5,5.515855694918757
Laryngeal cancer,30,Romania,5.1,1.5759587699767876
Leukemia,235,Romania,6.1,12.34501036481817
Liver cancer,229,Romania,8.9,12.029818610822813
Lung cancer,313,Romania,30.3,16.442503166757817
Mesothelioma,20,Romania,0.18,1.0506391799845252
Mouth cancer,0,Romania,5.6,0.0
Multiple myeloma,50,Romania,1.9,2.626597949961313
Non-Hodgkin lymphoma,64,Romania,5.6,3.3620453759504803
Ovarian cancer,165,Romania,9.6,8.667773234872332
Pancreatic cancer,154,Romania,7.9,8.089921685880844
Penile cancer,4,Romania,1.1,0.21012783599690502
Prostate cancer,178,Romania,53.9,9.350688701862273
Rectal cancer,131,Romania,13.6,6.88168662889864
Salivary gland cancer,0,Romania,0.43,0.0
Skin cancer,640,Romania,15.2,33.620453759504805
Stomach cancer,52,Romania,8.9,2.7316618679597653
Testicular cancer,7,Romania,3.8,0.3677237129945838
Throat cancer,0,Romania,8.600000000000001,0.0
Thyroid cancer,134,Romania,6.2,7.039282505896319
Uterine cancer,79,Romania,11.8,4.150024760938874
Vaginal cancer,5,Romania,0.31,0.2626597949961313
Vulvar cancer,5,Romania,1.8,0.2626597949961313
Anal cancer,0,Kyrgyz Republic,0.26,0.0
Bladder cancer,1,Kyrgyz Republic,2.2,0.1373286824686204
Brain cancer,1,Kyrgyz Republic,3.9,0.1373286824686204
Breast cancer,9,Kyrgyz Republic,25.3,1.2359581422175836
Cervical cancer,2,Kyrgyz Republic,14.1,0.2746573649372408
Colon cancer,0,Kyrgyz Republic,3.7,0.0
Colorectal cancer,1,Kyrgyz Republic,7.9,0.1373286824686204
Esophageal cancer,0,Kyrgyz Republic,3.3,0.0
Gallbladder cancer,0,Kyrgyz Republic,1.1,0.0
Hodgkin lymphoma,0,Kyrgyz Republic,0.8,0.0
Kaposi sarcoma,0,Kyrgyz Republic,0.16,0.0
Kidney cancer,0,Kyrgyz Republic,2.5,0.0
Laryngeal cancer,1,Kyrgyz Republic,1.4,0.1373286824686204
Leukemia,2,Kyrgyz Republic,3.8,0.2746573649372408
Liver cancer,1,Kyrgyz Republic,7.8,0.1373286824686204
Lung cancer,2,Kyrgyz Republic,14.1,0.2746573649372408
Mesothelioma,0,Kyrgyz Republic,0.07,0.0
Mouth cancer,0,Kyrgyz Republic,1.9,0.0
Multiple myeloma,0,Kyrgyz Republic,0.29,0.0
Non-Hodgkin lymphoma,0,Kyrgyz Republic,1.6,0.0
Ovarian cancer,1,Kyrgyz Republic,7.3,0.1373286824686204
Pancreatic cancer,0,Kyrgyz Republic,4.7,0.0
Penile cancer,0,Kyrgyz Republic,0.1,0.0
Prostate cancer,0,Kyrgyz Republic,7.4,0.0
Rectal cancer,0,Kyrgyz Republic,3.9,0.0
Salivary gland cancer,0,Kyrgyz Republic,0.72,0.0
Skin cancer,0,Kyrgyz Republic,5.26,0.0
Stomach cancer,1,Kyrgyz Republic,16.5,0.1373286824686204
Testicular cancer,0,Kyrgyz Republic,0.82,0.0
Throat cancer,0,Kyrgyz Republic,1.7999999999999998,0.0
Thyroid cancer,0,Kyrgyz Republic,1.7,0.0
Uterine cancer,1,Kyrgyz Republic,6.9,0.1373286824686204
Vaginal cancer,0,Kyrgyz Republic,0.28,0.0
Vulvar cancer,0,Kyrgyz Republic,1.0,0.0
Anal cancer,0,Oman,0.69,0.0
Bladder cancer,6,Oman,5.2,1.1305873627466942
Brain cancer,10,Oman,2.7,1.8843122712444902
Breast cancer,124,Oman,34.0,23.36547216343168
Cervical cancer,15,Oman,6.4,2.8264684068667356
Colon cancer,12,Oman,6.4,2.2611747254933885
Colorectal cancer,39,Oman,11.1,7.348817857853512
Esophageal cancer,0,Oman,1.2,0.0
Gallbladder cancer,1,Oman,1.1,0.188431227124449
Hodgkin lymphoma,2,Oman,2.4,0.376862454248898
Kaposi sarcoma,2,Oman,0.24,0.376862454248898
Kidney cancer,12,Oman,2.4,2.2611747254933885
Laryngeal cancer,0,Oman,1.2,0.0
Leukemia,51,Oman,5.3,9.6099925833469
Liver cancer,7,Oman,4.6,1.3190185898711433
Lung cancer,11,Oman,5.2,2.0727434983689395
Mesothelioma,0,Oman,0.12,0.0
Mouth cancer,0,Oman,1.8,0.0
Multiple myeloma,1,Oman,1.9,0.188431227124449
Non-Hodgkin lymphoma,6,Oman,6.3,1.1305873627466942
Ovarian cancer,28,Oman,3.5,5.276074359484573
Pancreatic cancer,4,Oman,2.8,0.753724908497796
Penile cancer,0,Oman,0.03,0.0
Prostate cancer,18,Oman,15.1,3.3917620882400823
Rectal cancer,1,Oman,4.0,0.188431227124449
Salivary gland cancer,0,Oman,0.25,0.0
Skin cancer,12,Oman,2.13,2.2611747254933885
Stomach cancer,5,Oman,8.2,0.9421561356222451
Testicular cancer,1,Oman,0.67,0.188431227124449
Throat cancer,0,Oman,1.1,0.0
Thyroid cancer,16,Oman,3.8,3.014899633991184
Uterine cancer,9,Oman,3.5,1.6958810441200411
Vaginal cancer,0,Oman,0.38,0.0
Vulvar cancer,0,Oman,0.05,0.0
Anal cancer,4,Russia,0.56,0.02739194604882306
Bladder cancer,131,Russia,6.9,0.8970862330989553
Brain cancer,559,Russia,5.3,3.828024460323023
Breast cancer,1117,Russia,57.7,7.64920093413384
Cervical cancer,156,Russia,17.6,1.0682858959040995
Colon cancer,159,Russia,18.4,1.0888298554407168
Colorectal cancer,385,Russia,29.4,2.6364748071992197
Esophageal cancer,48,Russia,3.5,0.32870335258587674
Gallbladder cancer,5,Russia,0.68,0.03423993256102883
Hodgkin lymphoma,40,Russia,2.0,0.2739194604882306
Kaposi sarcoma,3,Russia,0.18,0.020543959536617296
Kidney cancer,224,Russia,11.8,1.5339489787340914
Laryngeal cancer,27,Russia,2.9,0.18489563582955568
Leukemia,687,Russia,6.9,4.704566733885361
Liver cancer,157,Russia,4.3,1.0751338824163053
Lung cancer,323,Russia,26.0,2.2118996434424623
Mesothelioma,24,Russia,0.66,0.16435167629293837
Mouth cancer,3,Russia,3.9,0.020543959536617296
Multiple myeloma,102,Russia,1.9,0.6984946242449881
Non-Hodgkin lymphoma,79,Russia,5.2,0.5409909344642555
Ovarian cancer,231,Russia,11.5,1.581884884319532
Pancreatic cancer,89,Russia,7.8,0.6094707995863131
Penile cancer,3,Russia,0.76,0.020543959536617296
Prostate cancer,408,Russia,47.4,2.7939784969799524
Rectal cancer,80,Russia,10.4,0.5478389209764613
Salivary gland cancer,1,Russia,0.58,0.006847986512205765
Skin cancer,588,Russia,12.4,4.02661606917699
Stomach cancer,106,Russia,13.7,0.7258865702938111
Testicular cancer,10,Russia,2.1,0.06847986512205766
Throat cancer,0,Russia,3.37,0.0
Thyroid cancer,143,Russia,8.0,0.9792620712454245
Uterine cancer,103,Russia,20.6,0.7053426107571938
Vaginal cancer,3,Russia,0.35,0.020543959536617296
Vulvar cancer,6,Russia,1.1,0.04108791907323459
Anal cancer,0,Timor-Leste,0.0,0.0
Bladder cancer,0,Timor-Leste,1.6,0.0
Brain cancer,0,Timor-Leste,1.0,0.0
Breast cancer,0,Timor-Leste,26.4,0.0
Cervical cancer,0,Timor-Leste,14.8,0.0
Colon cancer,0,Timor-Leste,5.2,0.0
Colorectal cancer,0,Timor-Leste,8.8,0.0
Esophageal cancer,0,Timor-Leste,0.38,0.0
Gallbladder cancer,0,Timor-Leste,0.0,0.0
Hodgkin lymphoma,0,Timor-Leste,0.13,0.0
Kaposi sarcoma,0,Timor-Leste,0.0,0.0
Kidney cancer,0,Timor-Leste,1.0,0.0
Laryngeal cancer,0,Timor-Leste,0.65,0.0
Leukemia,0,Timor-Leste,2.8,0.0
Liver cancer,0,Timor-Leste,5.4,0.0
Lung cancer,0,Timor-Leste,10.2,0.0
Mesothelioma,0,Timor-Leste,0.0,0.0
Mouth cancer,0,Timor-Leste,1.1,0.0
Multiple myeloma,0,Timor-Leste,0.75,0.0
Non-Hodgkin lymphoma,0,Timor-Leste,3.7,0.0
Ovarian cancer,0,Timor-Leste,6.6,0.0
Pancreatic cancer,0,Timor-Leste,1.8,0.0
Penile cancer,0,Timor-Leste,0.0,0.0
Prostate cancer,0,Timor-Leste,7.8,0.0
Rectal cancer,0,Timor-Leste,3.6,0.0
Salivary gland cancer,0,Timor-Leste,0.23,0.0
Skin cancer,0,Timor-Leste,0.93,0.0
Stomach cancer,0,Timor-Leste,3.2,0.0
Testicular cancer,0,Timor-Leste,0.49,0.0
Throat cancer,0,Timor-Leste,5.0,0.0
Thyroid cancer,0,Timor-Leste,1.4,0.0
Uterine cancer,0,Timor-Leste,2.3,0.0
Vaginal cancer,0,Timor-Leste,0.0,0.0
Vulvar cancer,0,Timor-Leste,0.0,0.0
Anal cancer,2,Botswana,0.71,0.8475980554405412
Bladder cancer,0,Botswana,0.82,0.0
Brain cancer,1,Botswana,0.58,0.4237990277202706
Breast cancer,11,Botswana,23.0,4.661789304922976
Cervical cancer,43,Botswana,39.1,18.223358191971634
Colon cancer,0,Botswana,2.2,0.0
Colorectal cancer,0,Botswana,4.5,0.0
Esophageal cancer,0,Botswana,7.8,0.0
Gallbladder cancer,0,Botswana,0.0,0.0
Hodgkin lymphoma,1,Botswana,1.2,0.4237990277202706
Kaposi sarcoma,3,Botswana,9.3,1.271397083160812
Kidney cancer,1,Botswana,0.95,0.4237990277202706
Laryngeal cancer,0,Botswana,2.1,0.0
Leukemia,3,Botswana,1.5,1.271397083160812
Liver cancer,1,Botswana,1.6,0.4237990277202706
Lung cancer,1,Botswana,3.6,0.4237990277202706
Mesothelioma,0,Botswana,0.0,0.0
Mouth cancer,0,Botswana,4.0,0.0
Multiple myeloma,0,Botswana,1.1,0.0
Non-Hodgkin lymphoma,0,Botswana,4.3,0.0
Ovarian cancer,2,Botswana,2.8,0.8475980554405412
Pancreatic cancer,0,Botswana,0.75,0.0
Penile cancer,1,Botswana,3.9,0.4237990277202706
Prostate cancer,4,Botswana,23.9,1.6951961108810825
Rectal cancer,0,Botswana,1.6,0.0
Salivary gland cancer,0,Botswana,0.37,0.0
Skin cancer,2,Botswana,6.5,0.8475980554405412
Stomach cancer,0,Botswana,1.3,0.0
Testicular cancer,0,Botswana,0.07,0.0
Throat cancer,0,Botswana,1.52,0.0
Thyroid cancer,0,Botswana,0.47,0.0
Uterine cancer,2,Botswana,4.1,0.8475980554405412
Vaginal cancer,0,Botswana,0.6,0.0
Vulvar cancer,2,Botswana,2.6,0.8475980554405412
Anal cancer,0,Nicaragua,0.41,0.0
Bladder cancer,0,Nicaragua,1.2,0.0
Brain cancer,0,Nicaragua,2.6,0.0
Breast cancer,4,Nicaragua,35.3,0.5878993269434556
Cervical cancer,0,Nicaragua,20.6,0.0
Colon cancer,1,Nicaragua,7.2,0.1469748317358639
Colorectal cancer,1,Nicaragua,9.8,0.1469748317358639
Esophageal cancer,0,Nicaragua,0.74,0.0
Gallbladder cancer,0,Nicaragua,1.4,0.0
Hodgkin lymphoma,0,Nicaragua,1.3,0.0
Kaposi sarcoma,0,Nicaragua,0.23,0.0
Kidney cancer,1,Nicaragua,2.7,0.1469748317358639
Laryngeal cancer,0,Nicaragua,1.3,0.0
Leukemia,3,Nicaragua,7.2,0.44092449520759164
Liver cancer,0,Nicaragua,9.8,0.0
Lung cancer,0,Nicaragua,5.4,0.0
Mesothelioma,0,Nicaragua,0.04,0.0
Mouth cancer,0,Nicaragua,0.59,0.0
Multiple myeloma,0,Nicaragua,0.59,0.0
Non-Hodgkin lymphoma,0,Nicaragua,4.6,0.0
Ovarian cancer,1,Nicaragua,3.5,0.1469748317358639
Pancreatic cancer,0,Nicaragua,3.8,0.0
Penile cancer,0,Nicaragua,1.5,0.0
Prostate cancer,1,Nicaragua,36.8,0.1469748317358639
Rectal cancer,1,Nicaragua,2.2,0.1469748317358639
Salivary gland cancer,0,Nicaragua,0.32,0.0
Skin cancer,0,Nicaragua,3.66,0.0
Stomach cancer,1,Nicaragua,9.1,0.1469748317358639
Testicular cancer,1,Nicaragua,2.1,0.1469748317358639
Throat cancer,0,Nicaragua,1.08,0.0
Thyroid cancer,0,Nicaragua,4.0,0.0
Uterine cancer,0,Nicaragua,6.4,0.0
Vaginal cancer,0,Nicaragua,0.41,0.0
Vulvar cancer,0,Nicaragua,0.49,0.0
Anal cancer,5,Czechia,1.1,0.4596908578980636
Bladder cancer,81,Czechia,11.7,7.44699189794863
Brain cancer,256,Czechia,4.9,23.536171924380852
Breast cancer,718,Czechia,72.5,66.01160719416193
Cervical cancer,209,Czechia,8.0,19.215077860139058
Colon cancer,132,Czechia,17.7,12.135838648508878
Colorectal cancer,456,Czechia,30.5,41.9238062403034
Esophageal cancer,37,Czechia,3.1,3.4017123484456704
Gallbladder cancer,4,Czechia,1.2,0.3677526863184508
Hodgkin lymphoma,78,Czechia,2.2,7.171177383209791
Kaposi sarcoma,4,Czechia,0.06,0.3677526863184508
Kidney cancer,259,Czechia,13.3,23.811986439119693
Laryngeal cancer,16,Czechia,2.1,1.4710107452738033
Leukemia,1214,Czechia,7.4,111.61294029764983
Liver cancer,112,Czechia,3.9,10.297075216916623
Lung cancer,253,Czechia,23.7,23.260357409642015
Mesothelioma,28,Czechia,0.24,2.5742688042291557
Mouth cancer,3,Czechia,4.4,0.2758145147388381
Multiple myeloma,364,Czechia,2.5,33.46549445497903
Non-Hodgkin lymphoma,136,Czechia,7.9,12.503591334827329
Ovarian cancer,208,Czechia,8.0,19.123139688559444
Pancreatic cancer,170,Czechia,9.3,15.62948916853416
Penile cancer,4,Czechia,1.3,0.3677526863184508
Prostate cancer,336,Czechia,70.0,30.89122565074987
Rectal cancer,70,Czechia,11.7,6.4356720105728895
Salivary gland cancer,2,Czechia,0.67,0.1838763431592254
Skin cancer,474,Czechia,28.1,43.57869332873643
Stomach cancer,12,Czechia,4.8,1.1032580589553524
Testicular cancer,16,Czechia,9.0,1.4710107452738033
Throat cancer,0,Czechia,3.92,0.0
Thyroid cancer,65,Czechia,9.0,5.9759811526748265
Uterine cancer,100,Czechia,14.5,9.193817157961272
Vaginal cancer,1,Czechia,0.43,0.0919381715796127
Vulvar cancer,12,Czechia,1.9,1.1032580589553524
Anal cancer,0,Reunion,0.66,0.0
Bladder cancer,0,Reunion,4.8,0.0
Brain cancer,1,Reunion,3.4,1.1158534884369682
Breast cancer,3,Reunion,55.9,3.3475604653109046
Cervical cancer,9,Reunion,11.0,10.042681395932714
Colon cancer,0,Reunion,12.7,0.0
Colorectal cancer,3,Reunion,20.7,3.3475604653109046
Esophageal cancer,0,Reunion,3.8,0.0
Gallbladder cancer,0,Reunion,1.4,0.0
Hodgkin lymphoma,0,Reunion,1.3,0.0
Kaposi sarcoma,0,Reunion,0.0,0.0
Kidney cancer,1,Reunion,3.8,1.1158534884369682
Laryngeal cancer,0,Reunion,2.8,0.0
Leukemia,1,Reunion,6.8,1.1158534884369682
Liver cancer,0,Reunion,6.6,0.0
Lung cancer,2,Reunion,21.8,2.2317069768739364
Mesothelioma,0,Reunion,0.07,0.0
Mouth cancer,0,Reunion,5.0,0.0
Multiple myeloma,2,Reunion,2.7,2.2317069768739364
Non-Hodgkin lymphoma,0,Reunion,5.6,0.0
Ovarian cancer,1,Reunion,5.5,1.1158534884369682
Pancreatic cancer,0,Reunion,6.0,0.0
Penile cancer,0,Reunion,0.81,0.0
Prostate cancer,2,Reunion,59.6,2.2317069768739364
Rectal cancer,0,Reunion,7.4,0.0
Salivary gland cancer,0,Reunion,0.0,0.0
Skin cancer,7,Reunion,3.14,7.810974419058778
Stomach cancer,0,Reunion,9.8,0.0
Testicular cancer,1,Reunion,2.4,1.1158534884369682
Throat cancer,0,Reunion,5.68,0.0
Thyroid cancer,2,Reunion,3.3,2.2317069768739364
Uterine cancer,0,Reunion,5.6,0.0
Vaginal cancer,0,Reunion,0.0,0.0
Vulvar cancer,0,Reunion,0.99,0.0
Anal cancer,0,"Micronesia, Fed. Sts.",0.0,0.0
Bladder cancer,0,"Micronesia, Fed. Sts.",2.0,0.0
Brain cancer,0,"Micronesia, Fed. Sts.",0.0,0.0
Breast cancer,1,"Micronesia, Fed. Sts.",43.9,9.472926376416202
Cervical cancer,0,"Micronesia, Fed. Sts.",18.6,0.0
Colon cancer,0,"Micronesia, Fed. Sts.",10.3,0.0
Colorectal cancer,0,"Micronesia, Fed. Sts.",16.4,0.0
Esophageal cancer,0,"Micronesia, Fed. Sts.",1.5,0.0
Gallbladder cancer,0,"Micronesia, Fed. Sts.",0.0,0.0
Hodgkin lymphoma,0,"Micronesia, Fed. Sts.",0.0,0.0
Kaposi sarcoma,0,"Micronesia, Fed. Sts.",0.0,0.0
Kidney cancer,0,"Micronesia, Fed. Sts.",2.1,0.0
Laryngeal cancer,0,"Micronesia, Fed. Sts.",0.84,0.0
Leukemia,0,"Micronesia, Fed. Sts.",2.3,0.0
Liver cancer,0,"Micronesia, Fed. Sts.",15.1,0.0
Lung cancer,0,"Micronesia, Fed. Sts.",31.6,0.0
Mesothelioma,0,"Micronesia, Fed. Sts.",0.0,0.0
Mouth cancer,0,"Micronesia, Fed. Sts.",2.1,0.0
Multiple myeloma,0,"Micronesia, Fed. Sts.",1.0,0.0
Non-Hodgkin lymphoma,0,"Micronesia, Fed. Sts.",5.0,0.0
Ovarian cancer,1,"Micronesia, Fed. Sts.",7.3,9.472926376416202
Pancreatic cancer,0,"Micronesia, Fed. Sts.",4.3,0.0
Penile cancer,0,"Micronesia, Fed. Sts.",0.0,0.0
Prostate cancer,0,"Micronesia, Fed. Sts.",43.3,0.0
Rectal cancer,0,"Micronesia, Fed. Sts.",6.1,0.0
Salivary gland cancer,0,"Micronesia, Fed. Sts.",0.0,0.0
Skin cancer,0,"Micronesia, Fed. Sts.",0.0,0.0
Stomach cancer,0,"Micronesia, Fed. Sts.",6.5,0.0
Testicular cancer,0,"Micronesia, Fed. Sts.",0.0,0.0
Throat cancer,0,"Micronesia, Fed. Sts.",3.61,0.0
Thyroid cancer,0,"Micronesia, Fed. Sts.",6.5,0.0
Uterine cancer,0,"Micronesia, Fed. Sts.",14.4,0.0
Vaginal cancer,0,"Micronesia, Fed. Sts.",0.0,0.0
Vulvar cancer,0,"Micronesia, Fed. Sts.",0.0,0.0
Anal cancer,72,Spain,0.6,1.4599739325709822
Bladder cancer,1076,Spain,19.3,21.818499325644122
Brain cancer,1743,Spain,5.4,35.34353561765586
Breast cancer,6341,Spain,81.0,128.5790931448972
Cervical cancer,640,Spain,5.4,12.97754606729762
Colon cancer,1191,Spain,21.4,24.150402134611664
Colorectal cancer,3630,Spain,33.8,73.60701910045368
Esophageal cancer,133,Spain,2.1,2.696896292110287
Gallbladder cancer,31,Spain,0.49,0.6285998876347285
Hodgkin lymphoma,429,Spain,2.3,8.699011348235436
Kaposi sarcoma,84,Spain,0.38,1.7033029213328126
Kidney cancer,926,Spain,8.8,18.776886966121243
Laryngeal cancer,156,Spain,3.1,3.163276853903795
Leukemia,4216,Spain,6.6,85.48958471832307
Liver cancer,1543,Spain,6.0,31.288052471625356
Lung cancer,2900,Spain,27.8,58.80450561744234
Mesothelioma,239,Spain,0.54,4.846302359506455
Mouth cancer,3,Spain,3.6,0.06083224719045759
Multiple myeloma,1290,Spain,2.7,26.157866291896767
Non-Hodgkin lymphoma,895,Spain,9.6,18.148287078486515
Ovarian cancer,997,Spain,7.6,20.216583482962072
Pancreatic cancer,844,Spain,7.5,17.114138876248738
Penile cancer,53,Spain,0.85,1.074703033698084
Prostate cancer,2480,Spain,66.5,50.28799101077828
Rectal cancer,607,Spain,11.8,12.308391348202587
Salivary gland cancer,2,Spain,0.49,0.040554831460305064
Skin cancer,3442,Spain,16.0,69.79486494318502
Stomach cancer,257,Spain,6.0,5.211295842649201
Testicular cancer,87,Spain,7.0,1.7641351685232702
Throat cancer,3,Spain,2.44,0.06083224719045759
Thyroid cancer,520,Spain,8.3,10.544256179679316
Uterine cancer,501,Spain,12.9,10.158985280806418
Vaginal cancer,13,Spain,0.26,0.2636064044919829
Vulvar cancer,65,Spain,1.3,1.3180320224599145
Anal cancer,0,Eritrea,0.12,0.0
Bladder cancer,2,Eritrea,2.3,0.5544774050457444
Brain cancer,0,Eritrea,1.2,0.0
Breast cancer,13,Eritrea,37.8,3.6041031327973383
Cervical cancer,4,Eritrea,16.4,1.1089548100914888
Colon cancer,3,Eritrea,3.6,0.8317161075686166
Colorectal cancer,9,Eritrea,6.9,2.4951483227058495
Esophageal cancer,4,Eritrea,2.8,1.1089548100914888
Gallbladder cancer,0,Eritrea,0.8,0.0
Hodgkin lymphoma,0,Eritrea,0.65,0.0
Kaposi sarcoma,0,Eritrea,0.07,0.0
Kidney cancer,4,Eritrea,2.1,1.1089548100914888
Laryngeal cancer,5,Eritrea,0.83,1.386193512614361
Leukemia,12,Eritrea,4.5,3.3268644302744663
Liver cancer,2,Eritrea,4.3,0.5544774050457444
Lung cancer,3,Eritrea,3.2,0.8317161075686166
Mesothelioma,1,Eritrea,0.0,0.2772387025228722
Mouth cancer,0,Eritrea,1.7,0.0
Multiple myeloma,3,Eritrea,0.91,0.8317161075686166
Non-Hodgkin lymphoma,1,Eritrea,4.9,0.2772387025228722
Ovarian cancer,14,Eritrea,7.2,3.8813418353202107
Pancreatic cancer,0,Eritrea,1.2,0.0
Penile cancer,0,Eritrea,0.11,0.0
Prostate cancer,8,Eritrea,10.9,2.2179096201829775
Rectal cancer,1,Eritrea,3.2,0.2772387025228722
Salivary gland cancer,0,Eritrea,0.45,0.0
Skin cancer,1,Eritrea,2.86,0.2772387025228722
Stomach cancer,0,Eritrea,3.0,0.0
Testicular cancer,0,Eritrea,0.64,0.0
Throat cancer,0,Eritrea,1.24,0.0
Thyroid cancer,0,Eritrea,3.3,0.0
Uterine cancer,3,Eritrea,2.6,0.8317161075686166
Vaginal cancer,0,Eritrea,0.47,0.0
Vulvar cancer,0,Eritrea,1.3,0.0
Anal cancer,0,Vanuatu,0.36,0.0
Bladder cancer,0,Vanuatu,2.0,0.0
Brain cancer,0,Vanuatu,0.0,0.0
Breast cancer,1,Vanuatu,29.6,3.111300554744889
Cervical cancer,1,Vanuatu,18.2,3.111300554744889
Colon cancer,0,Vanuatu,2.7,0.0
Colorectal cancer,0,Vanuatu,6.8,0.0
Esophageal cancer,0,Vanuatu,0.42,0.0
Gallbladder cancer,0,Vanuatu,0.0,0.0
Hodgkin lymphoma,0,Vanuatu,0.0,0.0
Kaposi sarcoma,0,Vanuatu,0.0,0.0
Kidney cancer,0,Vanuatu,0.0,0.0
Laryngeal cancer,0,Vanuatu,1.6,0.0
Leukemia,0,Vanuatu,2.2,0.0
Liver cancer,1,Vanuatu,12.1,3.111300554744889
Lung cancer,1,Vanuatu,7.7,3.111300554744889
Mesothelioma,0,Vanuatu,0.0,0.0
Mouth cancer,0,Vanuatu,2.1,0.0
Multiple myeloma,0,Vanuatu,0.42,0.0
Non-Hodgkin lymphoma,0,Vanuatu,3.6,0.0
Ovarian cancer,0,Vanuatu,2.2,0.0
Pancreatic cancer,0,Vanuatu,0.55,0.0
Penile cancer,0,Vanuatu,0.89,0.0
Prostate cancer,0,Vanuatu,19.4,0.0
Rectal cancer,0,Vanuatu,3.7,0.0
Salivary gland cancer,0,Vanuatu,0.36,0.0
Skin cancer,0,Vanuatu,0.0,0.0
Stomach cancer,0,Vanuatu,3.5,0.0
Testicular cancer,0,Vanuatu,1.5,0.0
Throat cancer,0,Vanuatu,0.0,0.0
Thyroid cancer,0,Vanuatu,9.0,0.0
Uterine cancer,0,Vanuatu,9.6,0.0
Vaginal cancer,0,Vanuatu,0.0,0.0
Vulvar cancer,0,Vanuatu,0.0,0.0
Anal cancer,1,Iceland,0.52,2.5522574717337485
Bladder cancer,10,Iceland,12.1,25.522574717337484
Brain cancer,14,Iceland,8.2,35.731604604272476
Breast cancer,193,Iceland,71.1,492.58569204461344
Cervical cancer,18,Iceland,9.4,45.940634491207476
Colon cancer,14,Iceland,21.9,35.731604604272476
Colorectal cancer,23,Iceland,31.0,58.701921849876214
Esophageal cancer,0,Iceland,3.5,0.0
Gallbladder cancer,2,Iceland,0.32,5.104514943467497
Hodgkin lymphoma,1,Iceland,2.6,2.5522574717337485
Kaposi sarcoma,0,Iceland,0.0,0.0
Kidney cancer,28,Iceland,10.3,71.46320920854495
Laryngeal cancer,0,Iceland,1.1,0.0
Leukemia,25,Iceland,7.0,63.806436793343714
Liver cancer,8,Iceland,3.8,20.418059773869988
Lung cancer,15,Iceland,26.9,38.28386207600623
Mesothelioma,4,Iceland,0.39,10.209029886934994
Mouth cancer,0,Iceland,2.8,0.0
Multiple myeloma,44,Iceland,3.6,112.29932875628494
Non-Hodgkin lymphoma,1,Iceland,10.2,2.5522574717337485
Ovarian cancer,17,Iceland,6.9,43.38837701947372
Pancreatic cancer,12,Iceland,7.2,30.62708966080498
Penile cancer,0,Iceland,0.83,0.0
Prostate cancer,41,Iceland,65.6,104.64255634108369
Rectal cancer,3,Iceland,8.5,7.656772415201245
Salivary gland cancer,0,Iceland,0.13,0.0
Skin cancer,56,Iceland,22.9,142.9264184170899
Stomach cancer,10,Iceland,3.3,25.522574717337484
Testicular cancer,2,Iceland,6.9,5.104514943467497
Throat cancer,0,Iceland,0.57,0.0
Thyroid cancer,7,Iceland,6.9,17.865802302136238
Uterine cancer,4,Iceland,17.9,10.209029886934994
Vaginal cancer,0,Iceland,0.27,0.0
Vulvar cancer,0,Iceland,1.9,0.0
Anal cancer,0,North Korea,0.09,0.0
Bladder cancer,0,North Korea,4.1,0.0
Brain cancer,1,North Korea,3.3,0.038535645472061654
Breast cancer,3,North Korea,32.3,0.11560693641618497
Cervical cancer,1,North Korea,11.8,0.038535645472061654
Colon cancer,0,North Korea,8.8,0.0
Colorectal cancer,0,North Korea,19.0,0.0
Esophageal cancer,0,North Korea,4.2,0.0
Gallbladder cancer,0,North Korea,2.5,0.0
Hodgkin lymphoma,0,North Korea,0.44,0.0
Kaposi sarcoma,0,North Korea,0.02,0.0
Kidney cancer,2,North Korea,3.2,0.07707129094412331
Laryngeal cancer,0,North Korea,1.5,0.0
Leukemia,1,North Korea,4.7,0.038535645472061654
Liver cancer,1,North Korea,16.4,0.038535645472061654
Lung cancer,2,North Korea,38.4,0.07707129094412331
Mesothelioma,0,North Korea,0.18,0.0
Mouth cancer,0,North Korea,0.89,0.0
Multiple myeloma,0,North Korea,0.56,0.0
Non-Hodgkin lymphoma,0,North Korea,2.0,0.0
Ovarian cancer,0,North Korea,5.9,0.0
Pancreatic cancer,0,North Korea,4.7,0.0
Penile cancer,0,North Korea,0.38,0.0
Prostate cancer,0,North Korea,3.7,0.0
Rectal cancer,1,North Korea,10.1,0.038535645472061654
Salivary gland cancer,0,North Korea,0.33,0.0
Skin cancer,2,North Korea,1.11,0.07707129094412331
Stomach cancer,0,North Korea,13.9,0.0
Testicular cancer,0,North Korea,0.39,0.0
Throat cancer,0,North Korea,1.43,0.0
Thyroid cancer,0,North Korea,3.3,0.0
Uterine cancer,0,North Korea,4.5,0.0
Vaginal cancer,0,North Korea,0.14,0.0
Vulvar cancer,0,North Korea,0.26,0.0
Anal cancer,0,Mali,0.61,0.0
Bladder cancer,1,Mali,7.8,0.0446518493076887
Brain cancer,0,Mali,1.3,0.0
Breast cancer,16,Mali,37.7,0.7144295889230192
Cervical cancer,10,Mali,43.1,0.44651849307688707
Colon cancer,0,Mali,4.3,0.0
Colorectal cancer,1,Mali,8.9,0.0446518493076887
Esophageal cancer,0,Mali,2.8,0.0
Gallbladder cancer,0,Mali,0.18,0.0
Hodgkin lymphoma,1,Mali,0.66,0.0446518493076887
Kaposi sarcoma,0,Mali,0.85,0.0
Kidney cancer,2,Mali,1.8,0.0893036986153774
Laryngeal cancer,0,Mali,0.82,0.0
Leukemia,5,Mali,1.1,0.22325924653844353
Liver cancer,2,Mali,8.6,0.0893036986153774
Lung cancer,2,Mali,3.2,0.0893036986153774
Mesothelioma,0,Mali,0.09,0.0
Mouth cancer,0,Mali,2.4,0.0
Multiple myeloma,0,Mali,0.23,0.0
Non-Hodgkin lymphoma,0,Mali,2.6,0.0
Ovarian cancer,0,Mali,5.4,0.0
Pancreatic cancer,1,Mali,2.9,0.0446518493076887
Penile cancer,0,Mali,0.11,0.0
Prostate cancer,1,Mali,21.0,0.0446518493076887
Rectal cancer,0,Mali,4.1,0.0
Salivary gland cancer,0,Mali,0.76,0.0
Skin cancer,2,Mali,3.73,0.0893036986153774
Stomach cancer,1,Mali,14.3,0.0446518493076887
Testicular cancer,0,Mali,0.64,0.0
Throat cancer,0,Mali,0.6699999999999999,0.0
Thyroid cancer,0,Mali,2.1,0.0
Uterine cancer,1,Mali,3.0,0.0446518493076887
Vaginal cancer,0,Mali,0.59,0.0
Vulvar cancer,0,Mali,0.83,0.0
Anal cancer,0,Fiji,0.53,0.0
Bladder cancer,0,Fiji,2.5,0.0
Brain cancer,0,Fiji,0.22,0.0
Breast cancer,2,Fiji,60.3,2.2200786129836856
Cervical cancer,1,Fiji,35.0,1.1100393064918428
Colon cancer,0,Fiji,5.8,0.0
Colorectal cancer,0,Fiji,11.5,0.0
Esophageal cancer,0,Fiji,2.0,0.0
Gallbladder cancer,0,Fiji,0.96,0.0
Hodgkin lymphoma,0,Fiji,1.6,0.0
Kaposi sarcoma,0,Fiji,0.0,0.0
Kidney cancer,0,Fiji,0.57,0.0
Laryngeal cancer,0,Fiji,1.7,0.0
Leukemia,0,Fiji,7.0,0.0
Liver cancer,1,Fiji,9.7,1.1100393064918428
Lung cancer,1,Fiji,6.8,1.1100393064918428
Mesothelioma,0,Fiji,0.0,0.0
Mouth cancer,0,Fiji,3.1,0.0
Multiple myeloma,0,Fiji,1.1,0.0
Non-Hodgkin lymphoma,0,Fiji,5.3,0.0
Ovarian cancer,0,Fiji,11.1,0.0
Pancreatic cancer,0,Fiji,2.8,0.0
Penile cancer,0,Fiji,1.3,0.0
Prostate cancer,1,Fiji,50.2,1.1100393064918428
Rectal cancer,0,Fiji,5.1,0.0
Salivary gland cancer,0,Fiji,0.89,0.0
Skin cancer,0,Fiji,1.84,0.0
Stomach cancer,0,Fiji,4.1,0.0
Testicular cancer,0,Fiji,3.7,0.0
Throat cancer,0,Fiji,0.58,0.0
Thyroid cancer,0,Fiji,8.7,0.0
Uterine cancer,0,Fiji,14.0,0.0
Vaginal cancer,0,Fiji,0.46,0.0
Vulvar cancer,0,Fiji,0.0,0.0
Anal cancer,1,Malaysia,0.26,0.029212688823517383
Bladder cancer,38,Malaysia,2.6,1.1100821752936605
Brain cancer,119,Malaysia,2.5,3.4763099699985687
Breast cancer,1452,Malaysia,46.1,42.41682417174724
Cervical cancer,278,Malaysia,10.3,8.121127492937832
Colon cancer,224,Malaysia,11.0,6.543642296467894
Colorectal cancer,538,Malaysia,19.7,15.716426587052352
Esophageal cancer,12,Malaysia,1.2,0.3505522658822086
Gallbladder cancer,1,Malaysia,0.79,0.029212688823517383
Hodgkin lymphoma,43,Malaysia,0.71,1.2561456194112475
Kaposi sarcoma,1,Malaysia,0.07,0.029212688823517383
Kidney cancer,60,Malaysia,3.1,1.752761329411043
Laryngeal cancer,5,Malaysia,1.7,0.14606344411758693
Leukemia,416,Malaysia,6.0,12.152478550583231
Liver cancer,225,Malaysia,6.5,6.5728549852914115
Lung cancer,310,Malaysia,15.1,9.05593353529039
Mesothelioma,3,Malaysia,0.07,0.08763806647055215
Mouth cancer,1,Malaysia,2.3,0.029212688823517383
Multiple myeloma,49,Malaysia,1.0,1.4314217523523518
Non-Hodgkin lymphoma,71,Malaysia,6.0,2.074100906469734
Ovarian cancer,98,Malaysia,10.3,2.8628435047047036
Pancreatic cancer,46,Malaysia,2.8,1.3437836858817995
Penile cancer,2,Malaysia,0.38,0.05842537764703477
Prostate cancer,171,Malaysia,12.9,4.995369788821472
Rectal cancer,20,Malaysia,8.4,0.5842537764703477
Salivary gland cancer,0,Malaysia,0.63,0.0
Skin cancer,129,Malaysia,1.88,3.768436858233742
Stomach cancer,19,Malaysia,4.1,0.5550410876468302
Testicular cancer,7,Malaysia,0.72,0.2044888217646217
Throat cancer,0,Malaysia,6.710000000000001,0.0
Thyroid cancer,60,Malaysia,2.3,1.752761329411043
Uterine cancer,51,Malaysia,8.4,1.4898471299993865
Vaginal cancer,1,Malaysia,0.26,0.029212688823517383
Vulvar cancer,0,Malaysia,0.29,0.0
Anal cancer,1,Benin,0.65,0.07561516719269618
Bladder cancer,0,Benin,0.91,0.0
Brain cancer,1,Benin,0.9,0.07561516719269618
Breast cancer,34,Benin,33.3,2.5709156845516703
Cervical cancer,13,Benin,18.1,0.9829971735050503
Colon cancer,2,Benin,4.1,0.15123033438539235
Colorectal cancer,1,Benin,6.9,0.07561516719269618
Esophageal cancer,2,Benin,3.3,0.15123033438539235
Gallbladder cancer,0,Benin,0.47,0.0
Hodgkin lymphoma,2,Benin,0.39,0.15123033438539235
Kaposi sarcoma,3,Benin,0.26,0.22684550157808853
Kidney cancer,1,Benin,1.2,0.07561516719269618
Laryngeal cancer,0,Benin,0.44,0.0
Leukemia,6,Benin,3.0,0.45369100315617705
Liver cancer,6,Benin,8.2,0.45369100315617705
Lung cancer,7,Benin,1.5,0.5293061703488733
Mesothelioma,0,Benin,0.0,0.0
Mouth cancer,0,Benin,1.1,0.0
Multiple myeloma,8,Benin,0.89,0.6049213375415694
Non-Hodgkin lymphoma,1,Benin,2.1,0.07561516719269618
Ovarian cancer,3,Benin,2.8,0.22684550157808853
Pancreatic cancer,1,Benin,3.2,0.07561516719269618
Penile cancer,0,Benin,0.39,0.0
Prostate cancer,10,Benin,38.0,0.7561516719269618
Rectal cancer,0,Benin,2.2,0.0
Salivary gland cancer,0,Benin,1.0,0.0
Skin cancer,3,Benin,2.0500000000000003,0.22684550157808853
Stomach cancer,1,Benin,5.9,0.07561516719269618
Testicular cancer,0,Benin,0.33,0.0
Throat cancer,0,Benin,1.51,0.0
Thyroid cancer,0,Benin,0.62,0.0
Uterine cancer,2,Benin,4.9,0.15123033438539235
Vaginal cancer,0,Benin,0.39,0.0
Vulvar cancer,0,Benin,0.88,0.0
Anal cancer,0,Belarus,0.75,0.0
Bladder cancer,13,Belarus,7.9,1.427116083817821
Brain cancer,5,Belarus,5.1,0.5488908014683926
Breast cancer,28,Belarus,56.6,3.073788488222999
Cervical cancer,7,Belarus,9.3,0.7684471220557497
Colon cancer,3,Belarus,18.9,0.3293344808810356
Colorectal cancer,5,Belarus,32.7,0.5488908014683926
Esophageal cancer,0,Belarus,3.5,0.0
Gallbladder cancer,0,Belarus,0.75,0.0
Hodgkin lymphoma,4,Belarus,2.5,0.43911264117471416
Kaposi sarcoma,0,Belarus,0.15,0.0
Kidney cancer,2,Belarus,14.1,0.21955632058735708
Laryngeal cancer,0,Belarus,4.3,0.0
Leukemia,45,Belarus,8.2,4.940017213215534
Liver cancer,2,Belarus,3.4,0.21955632058735708
Lung cancer,6,Belarus,26.0,0.6586689617620712
Mesothelioma,0,Belarus,0.25,0.0
Mouth cancer,0,Belarus,5.6,0.0
Multiple myeloma,2,Belarus,2.1,0.21955632058735708
Non-Hodgkin lymphoma,8,Belarus,6.4,0.8782252823494283
Ovarian cancer,3,Belarus,9.2,0.3293344808810356
Pancreatic cancer,2,Belarus,7.2,0.21955632058735708
Penile cancer,0,Belarus,0.86,0.0
Prostate cancer,7,Belarus,68.2,0.7684471220557497
Rectal cancer,1,Belarus,13.1,0.10977816029367854
Salivary gland cancer,0,Belarus,0.78,0.0
Skin cancer,10,Belarus,13.2,1.0977816029367853
Stomach cancer,2,Belarus,15.3,0.21955632058735708
Testicular cancer,2,Belarus,2.7,0.21955632058735708
Throat cancer,0,Belarus,5.69,0.0
Thyroid cancer,42,Belarus,9.0,4.6106827323344985
Uterine cancer,0,Belarus,24.3,0.0
Vaginal cancer,1,Belarus,0.24,0.10977816029367854
Vulvar cancer,0,Belarus,1.3,0.0
Anal cancer,2,Nigeria,1.3,0.008936550491510277
Bladder cancer,21,Nigeria,1.5,0.0938337801608579
Brain cancer,41,Nigeria,1.1,0.18319928507596067
Breast cancer,409,Nigeria,51.5,1.8275245755138516
Cervical cancer,351,Nigeria,26.2,1.5683646112600536
Colon cancer,19,Nigeria,3.4,0.08489722966934764
Colorectal cancer,75,Nigeria,7.5,0.3351206434316354
Esophageal cancer,2,Nigeria,0.59,0.008936550491510277
Gallbladder cancer,3,Nigeria,0.27,0.013404825737265416
Hodgkin lymphoma,19,Nigeria,1.7,0.08489722966934764
Kaposi sarcoma,20,Nigeria,1.0,0.08936550491510277
Kidney cancer,35,Nigeria,0.93,0.15638963360142985
Laryngeal cancer,8,Nigeria,0.79,0.035746201966041107
Leukemia,80,Nigeria,2.1,0.3574620196604111
Liver cancer,93,Nigeria,4.2,0.4155495978552279
Lung cancer,97,Nigeria,1.7,0.4334226988382484
Mesothelioma,1,Nigeria,0.04,0.004468275245755138
Mouth cancer,0,Nigeria,1.4,0.0
Multiple myeloma,22,Nigeria,0.98,0.09830205540661305
Non-Hodgkin lymphoma,17,Nigeria,4.0,0.07596067917783736
Ovarian cancer,51,Nigeria,4.2,0.22788203753351208
Pancreatic cancer,8,Nigeria,1.3,0.035746201966041107
Penile cancer,0,Nigeria,0.02,0.0
Prostate cancer,186,Nigeria,41.2,0.8310991957104558
Rectal cancer,10,Nigeria,2.8,0.044682752457551385
Salivary gland cancer,0,Nigeria,0.83,0.0
Skin cancer,65,Nigeria,3.02,0.290437890974084
Stomach cancer,10,Nigeria,1.8,0.044682752457551385
Testicular cancer,11,Nigeria,1.4,0.049151027703306524
Throat cancer,0,Nigeria,1.45,0.0
Thyroid cancer,18,Nigeria,1.0,0.08042895442359249
Uterine cancer,12,Nigeria,3.0,0.05361930294906166
Vaginal cancer,5,Nigeria,0.28,0.022341376228775692
Vulvar cancer,4,Nigeria,1.9,0.017873100983020553
Anal cancer,0,Suriname,0.28,0.0
Bladder cancer,0,Suriname,2.0,0.0
Brain cancer,0,Suriname,2.8,0.0
Breast cancer,3,Suriname,46.4,4.866180048661801
Cervical cancer,3,Suriname,24.2,4.866180048661801
Colon cancer,6,Suriname,15.2,9.732360097323602
Colorectal cancer,1,Suriname,18.7,1.6220600162206003
Esophageal cancer,0,Suriname,0.43,0.0
Gallbladder cancer,0,Suriname,0.78,0.0
Hodgkin lymphoma,0,Suriname,0.34,0.0
Kaposi sarcoma,0,Suriname,0.27,0.0
Kidney cancer,0,Suriname,1.3,0.0
Laryngeal cancer,0,Suriname,0.83,0.0
Leukemia,1,Suriname,7.4,1.6220600162206003
Liver cancer,3,Suriname,6.9,4.866180048661801
Lung cancer,4,Suriname,16.6,6.488240064882401
Mesothelioma,0,Suriname,0.0,0.0
Mouth cancer,0,Suriname,1.7,0.0
Multiple myeloma,0,Suriname,1.2,0.0
Non-Hodgkin lymphoma,0,Suriname,5.6,0.0
Ovarian cancer,0,Suriname,5.5,0.0
Pancreatic cancer,0,Suriname,3.8,0.0
Penile cancer,0,Suriname,1.4,0.0
Prostate cancer,2,Suriname,75.2,3.2441200324412005
Rectal cancer,0,Suriname,3.3,0.0
Salivary gland cancer,0,Suriname,0.0,0.0
Skin cancer,0,Suriname,3.06,0.0
Stomach cancer,0,Suriname,4.6,0.0
Testicular cancer,0,Suriname,1.5,0.0
Throat cancer,0,Suriname,1.16,0.0
Thyroid cancer,1,Suriname,3.4,1.6220600162206003
Uterine cancer,0,Suriname,4.1,0.0
Vaginal cancer,0,Suriname,0.21,0.0
Vulvar cancer,0,Suriname,1.2,0.0
Anal cancer,0,Cote d'Ivoire,0.53,0.0
Bladder cancer,0,Cote d'Ivoire,0.88,0.0
Brain cancer,2,Cote d'Ivoire,1.2,0.06805232543302546
Breast cancer,12,Cote d'Ivoire,45.4,0.40831395259815273
Cervical cancer,14,Cote d'Ivoire,32.0,0.47636627803117815
Colon cancer,2,Cote d'Ivoire,4.7,0.06805232543302546
Colorectal cancer,1,Cote d'Ivoire,7.2,0.03402616271651273
Esophageal cancer,0,Cote d'Ivoire,0.66,0.0
Gallbladder cancer,0,Cote d'Ivoire,0.61,0.0
Hodgkin lymphoma,4,Cote d'Ivoire,0.56,0.13610465086605092
Kaposi sarcoma,2,Cote d'Ivoire,1.1,0.06805232543302546
Kidney cancer,4,Cote d'Ivoire,1.3,0.13610465086605092
Laryngeal cancer,0,Cote d'Ivoire,1.0,0.0
Leukemia,11,Cote d'Ivoire,1.7,0.37428778988164
Liver cancer,6,Cote d'Ivoire,8.0,0.20415697629907636
Lung cancer,6,Cote d'Ivoire,2.5,0.20415697629907636
Mesothelioma,0,Cote d'Ivoire,0.15,0.0
Mouth cancer,0,Cote d'Ivoire,1.3,0.0
Multiple myeloma,1,Cote d'Ivoire,1.2,0.03402616271651273
Non-Hodgkin lymphoma,5,Cote d'Ivoire,4.8,0.17013081358256363
Ovarian cancer,1,Cote d'Ivoire,4.3,0.03402616271651273
Pancreatic cancer,1,Cote d'Ivoire,2.3,0.03402616271651273
Penile cancer,2,Cote d'Ivoire,0.05,0.06805232543302546
Prostate cancer,2,Cote d'Ivoire,63.8,0.06805232543302546
Rectal cancer,0,Cote d'Ivoire,1.9,0.0
Salivary gland cancer,0,Cote d'Ivoire,0.65,0.0
Skin cancer,8,Cote d'Ivoire,1.9,0.27220930173210184
Stomach cancer,2,Cote d'Ivoire,4.8,0.06805232543302546
Testicular cancer,0,Cote d'Ivoire,0.1,0.0
Throat cancer,0,Cote d'Ivoire,0.84,0.0
Thyroid cancer,1,Cote d'Ivoire,0.78,0.03402616271651273
Uterine cancer,0,Cote d'Ivoire,4.5,0.0
Vaginal cancer,0,Cote d'Ivoire,0.79,0.0
Vulvar cancer,0,Cote d'Ivoire,0.41,0.0
Anal cancer,1,Ghana,0.93,0.02963632085229317
Bladder cancer,5,Ghana,2.6,0.14818160426146584
Brain cancer,16,Ghana,1.8,0.47418113363669073
Breast cancer,187,Ghana,40.2,5.541991999378823
Cervical cancer,122,Ghana,27.0,3.615631143979767
Colon cancer,36,Ghana,1.6,1.066907550682554
Colorectal cancer,66,Ghana,4.7,1.9559971762513493
Esophageal cancer,8,Ghana,2.6,0.23709056681834537
Gallbladder cancer,2,Ghana,0.15,0.05927264170458634
Hodgkin lymphoma,5,Ghana,0.61,0.14818160426146584
Kaposi sarcoma,1,Ghana,0.48,0.02963632085229317
Kidney cancer,6,Ghana,1.3,0.17781792511375902
Laryngeal cancer,1,Ghana,1.1,0.02963632085229317
Leukemia,17,Ghana,1.7,0.5038174544889839
Liver cancer,26,Ghana,16.1,0.7705443421596224
Lung cancer,32,Ghana,2.5,0.9483622672733815
Mesothelioma,4,Ghana,0.03,0.11854528340917268
Mouth cancer,0,Ghana,1.0,0.0
Multiple myeloma,3,Ghana,0.66,0.08890896255687951
Non-Hodgkin lymphoma,3,Ghana,5.0,0.08890896255687951
Ovarian cancer,12,Ghana,10.1,0.35563585022751804
Pancreatic cancer,3,Ghana,1.7,0.08890896255687951
Penile cancer,1,Ghana,0.3,0.02963632085229317
Prostate cancer,83,Ghana,30.4,2.459814630740333
Rectal cancer,7,Ghana,2.2,0.2074542459660522
Salivary gland cancer,0,Ghana,0.5,0.0
Skin cancer,35,Ghana,1.5299999999999998,1.0372712298302609
Stomach cancer,5,Ghana,4.8,0.14818160426146584
Testicular cancer,0,Ghana,0.42,0.0
Throat cancer,0,Ghana,1.27,0.0
Thyroid cancer,36,Ghana,0.57,1.066907550682554
Uterine cancer,3,Ghana,4.8,0.08890896255687951
Vaginal cancer,0,Ghana,0.15,0.0
Vulvar cancer,1,Ghana,0.65,0.02963632085229317
Anal cancer,149,Italy,1.0,2.5288596775989043
Bladder cancer,1928,Italy,18.1,32.722425895373746
Brain cancer,4703,Italy,5.6,79.82031586407817
Breast cancer,14916,Italy,87.0,253.1575231615118
Cervical cancer,1758,Italy,5.0,29.837149753146804
Colon cancer,2327,Italy,20.8,39.49433872330638
Colorectal cancer,6640,Italy,30.6,112.69549167286392
Esophageal cancer,424,Italy,1.6,7.19621814296601
Gallbladder cancer,132,Italy,0.59,2.2403320633762105
Hodgkin lymphoma,1301,Italy,3.5,22.080848594336743
Kaposi sarcoma,182,Italy,0.53,3.088942693442957
Kidney cancer,2406,Italy,9.7,40.83514351881184
Laryngeal cancer,469,Italy,2.9,7.959967710026081
Leukemia,11181,Italy,8.5,189.76630909552586
Liver cancer,5017,Italy,6.8,85.14959062089734
Lung cancer,8299,Italy,24.6,140.85239237847858
Mesothelioma,1795,Italy,1.1,30.465121619396196
Mouth cancer,11,Italy,3.3,0.1866943386146842
Multiple myeloma,2879,Italy,3.6,48.863000079243264
Non-Hodgkin lymphoma,1753,Italy,11.6,29.75228869014013
Ovarian cancer,3538,Italy,9.0,60.04768818352298
Pancreatic cancer,2381,Italy,8.0,40.41083820377847
Penile cancer,129,Italy,0.84,2.189415425572206
Prostate cancer,6352,Italy,49.5,107.80749444367947
Rectal cancer,1725,Italy,8.7,29.277066737302754
Salivary gland cancer,33,Italy,0.9,0.5600830158440526
Skin cancer,8500,Italy,24.8,144.2638071113469
Stomach cancer,451,Italy,6.8,7.654467883202053
Testicular cancer,296,Italy,9.0,5.023774929995139
Throat cancer,0,Italy,2.2,0.0
Thyroid cancer,2653,Italy,10.0,45.02728003134157
Uterine cancer,1508,Italy,14.4,25.594096602813075
Vaginal cancer,51,Italy,0.29,0.8655828426680814
Vulvar cancer,213,Italy,1.6,3.61508128408434
Anal cancer,0,Belize,0.0,0.0
Bladder cancer,0,Belize,0.0,0.0
Brain cancer,0,Belize,0.89,0.0
Breast cancer,1,Belize,46.8,2.394441065622052
Cervical cancer,2,Belize,17.3,4.788882131244104
Colon cancer,0,Belize,6.0,0.0
Colorectal cancer,0,Belize,6.0,0.0
Esophageal cancer,1,Belize,0.97,2.394441065622052
Gallbladder cancer,0,Belize,0.36,0.0
Hodgkin lymphoma,0,Belize,0.59,0.0
Kaposi sarcoma,0,Belize,0.0,0.0
Kidney cancer,0,Belize,1.6,0.0
Laryngeal cancer,0,Belize,1.8,0.0
Leukemia,0,Belize,3.2,0.0
Liver cancer,0,Belize,7.0,0.0
Lung cancer,0,Belize,8.8,0.0
Mesothelioma,0,Belize,0.0,0.0
Mouth cancer,0,Belize,0.0,0.0
Multiple myeloma,0,Belize,0.0,0.0
Non-Hodgkin lymphoma,0,Belize,2.2,0.0
Ovarian cancer,0,Belize,0.69,0.0
Pancreatic cancer,0,Belize,2.6,0.0
Penile cancer,0,Belize,0.0,0.0
Prostate cancer,0,Belize,39.5,0.0
Rectal cancer,0,Belize,0.0,0.0
Salivary gland cancer,0,Belize,0.0,0.0
Skin cancer,0,Belize,12.8,0.0
Stomach cancer,0,Belize,4.8,0.0
Testicular cancer,0,Belize,0.0,0.0
Throat cancer,0,Belize,0.0,0.0
Thyroid cancer,0,Belize,3.1,0.0
Uterine cancer,0,Belize,1.8,0.0
Vaginal cancer,0,Belize,0.0,0.0
Vulvar cancer,0,Belize,0.0,0.0
Anal cancer,0,Namibia,0.67,0.0
Bladder cancer,1,Namibia,3.1,0.33086278094799465
Brain cancer,0,Namibia,1.5,0.0
Breast cancer,2,Namibia,53.9,0.6617255618959893
Cervical cancer,7,Namibia,33.5,2.3160394666359627
Colon cancer,0,Namibia,4.9,0.0
Colorectal cancer,4,Namibia,8.7,1.3234511237919786
Esophageal cancer,0,Namibia,2.8,0.0
Gallbladder cancer,0,Namibia,0.49,0.0
Hodgkin lymphoma,0,Namibia,0.52,0.0
Kaposi sarcoma,1,Namibia,13.6,0.33086278094799465
Kidney cancer,0,Namibia,2.6,0.0
Laryngeal cancer,0,Namibia,2.4,0.0
Leukemia,4,Namibia,2.9,1.3234511237919786
Liver cancer,3,Namibia,3.8,0.992588342843984
Lung cancer,3,Namibia,5.8,0.992588342843984
Mesothelioma,0,Namibia,0.08,0.0
Mouth cancer,0,Namibia,6.5,0.0
Multiple myeloma,1,Namibia,1.3,0.33086278094799465
Non-Hodgkin lymphoma,0,Namibia,7.4,0.0
Ovarian cancer,0,Namibia,4.6,0.0
Pancreatic cancer,1,Namibia,1.2,0.33086278094799465
Penile cancer,0,Namibia,2.2,0.0
Prostate cancer,3,Namibia,63.8,0.992588342843984
Rectal cancer,1,Namibia,3.0,0.33086278094799465
Salivary gland cancer,0,Namibia,1.0,0.0
Skin cancer,2,Namibia,18.4,0.6617255618959893
Stomach cancer,0,Namibia,2.5,0.0
Testicular cancer,0,Namibia,0.95,0.0
Throat cancer,0,Namibia,2.1100000000000003,0.0
Thyroid cancer,0,Namibia,1.2,0.0
Uterine cancer,0,Namibia,5.8,0.0
Vaginal cancer,0,Namibia,1.2,0.0
Vulvar cancer,0,Namibia,1.7,0.0
Anal cancer,0,French Polynesia,0.21,0.0
Bladder cancer,0,French Polynesia,4.3,0.0
Brain cancer,0,French Polynesia,2.1,0.0
Breast cancer,1,French Polynesia,71.9,3.5778175313059033
Cervical cancer,0,French Polynesia,8.3,0.0
Colon cancer,0,French Polynesia,6.8,0.0
Colorectal cancer,1,French Polynesia,11.9,3.5778175313059033
Esophageal cancer,0,French Polynesia,3.0,0.0
Gallbladder cancer,0,French Polynesia,2.0,0.0
Hodgkin lymphoma,0,French Polynesia,0.0,0.0
Kaposi sarcoma,0,French Polynesia,0.0,0.0
Kidney cancer,0,French Polynesia,3.4,0.0
Laryngeal cancer,0,French Polynesia,2.4,0.0
Leukemia,2,French Polynesia,4.8,7.155635062611807
Liver cancer,0,French Polynesia,8.5,0.0
Lung cancer,0,French Polynesia,40.0,0.0
Mesothelioma,1,French Polynesia,0.0,3.5778175313059033
Mouth cancer,0,French Polynesia,3.3,0.0
Multiple myeloma,0,French Polynesia,3.4,0.0
Non-Hodgkin lymphoma,0,French Polynesia,6.9,0.0
Ovarian cancer,0,French Polynesia,6.4,0.0
Pancreatic cancer,1,French Polynesia,4.6,3.5778175313059033
Penile cancer,0,French Polynesia,0.0,0.0
Prostate cancer,0,French Polynesia,62.3,0.0
Rectal cancer,1,French Polynesia,4.9,3.5778175313059033
Salivary gland cancer,0,French Polynesia,0.23,0.0
Skin cancer,1,French Polynesia,5.1,3.5778175313059033
Stomach cancer,0,French Polynesia,6.8,0.0
Testicular cancer,0,French Polynesia,1.4,0.0
Throat cancer,0,French Polynesia,4.800000000000001,0.0
Thyroid cancer,0,French Polynesia,16.9,0.0
Uterine cancer,0,French Polynesia,10.4,0.0
Vaginal cancer,0,French Polynesia,0.0,0.0
Vulvar cancer,0,French Polynesia,0.0,0.0
Anal cancer,0,Bahamas,1.3,0.0
Bladder cancer,0,Bahamas,1.2,0.0
Brain cancer,2,Bahamas,1.9,5.02304321072922
Breast cancer,9,Bahamas,64.6,22.60369444828149
Cervical cancer,2,Bahamas,15.2,5.02304321072922
Colon cancer,0,Bahamas,12.9,0.0
Colorectal cancer,2,Bahamas,19.3,5.02304321072922
Esophageal cancer,0,Bahamas,2.0,0.0
Gallbladder cancer,0,Bahamas,1.1,0.0
Hodgkin lymphoma,0,Bahamas,1.9,0.0
Kaposi sarcoma,0,Bahamas,1.0,0.0
Kidney cancer,0,Bahamas,1.3,0.0
Laryngeal cancer,0,Bahamas,1.8,0.0
Leukemia,0,Bahamas,5.8,0.0
Liver cancer,1,Bahamas,4.1,2.51152160536461
Lung cancer,1,Bahamas,8.8,2.51152160536461
Mesothelioma,1,Bahamas,0.0,2.51152160536461
Mouth cancer,0,Bahamas,1.2,0.0
Multiple myeloma,1,Bahamas,4.6,2.51152160536461
Non-Hodgkin lymphoma,0,Bahamas,6.2,0.0
Ovarian cancer,2,Bahamas,9.3,5.02304321072922
Pancreatic cancer,0,Bahamas,3.1,0.0
Penile cancer,0,Bahamas,0.7,0.0
Prostate cancer,4,Bahamas,89.1,10.04608642145844
Rectal cancer,0,Bahamas,5.1,0.0
Salivary gland cancer,0,Bahamas,0.19,0.0
Skin cancer,0,Bahamas,4.33,0.0
Stomach cancer,0,Bahamas,7.7,0.0
Testicular cancer,0,Bahamas,0.0,0.0
Throat cancer,0,Bahamas,0.45,0.0
Thyroid cancer,0,Bahamas,4.4,0.0
Uterine cancer,0,Bahamas,20.9,0.0
Vaginal cancer,0,Bahamas,0.81,0.0
Vulvar cancer,0,Bahamas,0.0,0.0
Anal cancer,0,Samoa,0.0,0.0
Bladder cancer,0,Samoa,4.9,0.0
Brain cancer,0,Samoa,2.2,0.0
Breast cancer,0,Samoa,88.8,0.0
Cervical cancer,2,Samoa,13.3,9.729661359136395
Colon cancer,0,Samoa,15.2,0.0
Colorectal cancer,0,Samoa,25.3,0.0
Esophageal cancer,0,Samoa,2.5,0.0
Gallbladder cancer,0,Samoa,0.0,0.0
Hodgkin lymphoma,0,Samoa,0.0,0.0
Kaposi sarcoma,0,Samoa,0.0,0.0
Kidney cancer,0,Samoa,7.8,0.0
Laryngeal cancer,0,Samoa,1.8,0.0
Leukemia,0,Samoa,3.3,0.0
Liver cancer,0,Samoa,5.5,0.0
Lung cancer,0,Samoa,33.3,0.0
Mesothelioma,0,Samoa,0.0,0.0
Mouth cancer,0,Samoa,1.8,0.0
Multiple myeloma,0,Samoa,2.8,0.0
Non-Hodgkin lymphoma,0,Samoa,8.4,0.0
Ovarian cancer,0,Samoa,14.2,0.0
Pancreatic cancer,0,Samoa,6.1,0.0
Penile cancer,0,Samoa,0.0,0.0
Prostate cancer,0,Samoa,49.1,0.0
Rectal cancer,0,Samoa,10.1,0.0
Salivary gland cancer,0,Samoa,0.0,0.0
Skin cancer,0,Samoa,0.0,0.0
Stomach cancer,0,Samoa,11.7,0.0
Testicular cancer,0,Samoa,3.9,0.0
Throat cancer,0,Samoa,2.2,0.0
Thyroid cancer,0,Samoa,9.9,0.0
Uterine cancer,0,Samoa,26.2,0.0
Vaginal cancer,0,Samoa,0.0,0.0
Vulvar cancer,0,Samoa,0.0,0.0
Anal cancer,0,North Macedonia,0.34,0.0
Bladder cancer,10,North Macedonia,7.4,5.475710569271298
Brain cancer,4,North Macedonia,7.3,2.1902842277085193
Breast cancer,40,North Macedonia,65.3,21.902842277085192
Cervical cancer,12,North Macedonia,6.7,6.570852683125557
Colon cancer,10,North Macedonia,11.9,5.475710569271298
Colorectal cancer,20,North Macedonia,23.5,10.951421138542596
Esophageal cancer,1,North Macedonia,1.0,0.5475710569271298
Gallbladder cancer,0,North Macedonia,0.86,0.0
Hodgkin lymphoma,2,North Macedonia,2.1,1.0951421138542596
Kaposi sarcoma,0,North Macedonia,0.0,0.0
Kidney cancer,5,North Macedonia,2.9,2.737855284635649
Laryngeal cancer,1,North Macedonia,3.4,0.5475710569271298
Leukemia,25,North Macedonia,4.0,13.689276423178244
Liver cancer,9,North Macedonia,5.4,4.928139512344168
Lung cancer,16,North Macedonia,31.1,8.761136910834077
Mesothelioma,0,North Macedonia,0.05,0.0
Mouth cancer,0,North Macedonia,1.6,0.0
Multiple myeloma,5,North Macedonia,0.7,2.737855284635649
Non-Hodgkin lymphoma,3,North Macedonia,2.3,1.6427131707813893
Ovarian cancer,6,North Macedonia,6.4,3.2854263415627787
Pancreatic cancer,3,North Macedonia,6.5,1.6427131707813893
Penile cancer,1,North Macedonia,0.57,0.5475710569271298
Prostate cancer,16,North Macedonia,41.4,8.761136910834077
Rectal cancer,4,North Macedonia,11.3,2.1902842277085193
Salivary gland cancer,0,North Macedonia,0.28,0.0
Skin cancer,6,North Macedonia,12.1,3.2854263415627787
Stomach cancer,1,North Macedonia,9.5,0.5475710569271298
Testicular cancer,1,North Macedonia,7.0,0.5475710569271298
Throat cancer,0,North Macedonia,1.01,0.0
Thyroid cancer,7,North Macedonia,1.4,3.8329973984899084
Uterine cancer,7,North Macedonia,17.5,3.8329973984899084
Vaginal cancer,0,North Macedonia,0.22,0.0
Vulvar cancer,0,North Macedonia,0.33,0.0
Anal cancer,0,Luxembourg,0.49,0.0
Bladder cancer,1,Luxembourg,7.0,1.466333711158653
Brain cancer,63,Luxembourg,3.2,92.37902380299514
Breast cancer,41,Luxembourg,99.7,60.11968215750477
Cervical cancer,8,Luxembourg,4.4,11.730669689269224
Colon cancer,8,Luxembourg,16.1,11.730669689269224
Colorectal cancer,34,Luxembourg,23.6,49.855346179394196
Esophageal cancer,1,Luxembourg,2.2,1.466333711158653
Gallbladder cancer,0,Luxembourg,0.41,0.0
Hodgkin lymphoma,2,Luxembourg,2.3,2.932667422317306
Kaposi sarcoma,0,Luxembourg,0.0,0.0
Kidney cancer,6,Luxembourg,5.9,8.798002266951917
Laryngeal cancer,1,Luxembourg,2.1,1.466333711158653
Leukemia,67,Luxembourg,5.7,98.24435864762974
Liver cancer,6,Luxembourg,4.5,8.798002266951917
Lung cancer,8,Luxembourg,25.7,11.730669689269224
Mesothelioma,2,Luxembourg,2.0,2.932667422317306
Mouth cancer,0,Luxembourg,1.8,0.0
Multiple myeloma,8,Luxembourg,2.6,11.730669689269224
Non-Hodgkin lymphoma,0,Luxembourg,8.9,0.0
Ovarian cancer,0,Luxembourg,6.1,0.0
Pancreatic cancer,2,Luxembourg,6.5,2.932667422317306
Penile cancer,0,Luxembourg,0.31,0.0
Prostate cancer,15,Luxembourg,74.7,21.995005667379793
Rectal cancer,2,Luxembourg,7.1,2.932667422317306
Salivary gland cancer,0,Luxembourg,0.2,0.0
Skin cancer,49,Luxembourg,43.5,71.85035184677399
Stomach cancer,1,Luxembourg,4.6,1.466333711158653
Testicular cancer,3,Luxembourg,10.5,4.3990011334759584
Throat cancer,0,Luxembourg,1.77,0.0
Thyroid cancer,6,Luxembourg,7.6,8.798002266951917
Uterine cancer,1,Luxembourg,7.6,1.466333711158653
Vaginal cancer,0,Luxembourg,0.28,0.0
Vulvar cancer,0,Luxembourg,2.0,0.0
Anal cancer,55,Sweden,1.0,5.192261905998158
Bladder cancer,603,Sweden,12.2,56.926071442125256
Brain cancer,918,Sweden,6.1,86.6635714492056
Breast cancer,4158,Sweden,81.4,392.5350000934607
Cervical cancer,673,Sweden,8.6,63.534404777032
Colon cancer,730,Sweden,20.0,68.91547620688463
Colorectal cancer,1741,Sweden,31.2,164.3586905153235
Esophageal cancer,198,Sweden,2.3,18.692142861593368
Gallbladder cancer,64,Sweden,0.96,6.041904763343311
Hodgkin lymphoma,245,Sweden,1.8,23.12916667217361
Kaposi sarcoma,10,Sweden,0.08,0.9440476192723923
Kidney cancer,488,Sweden,9.1,46.06952382049274
Laryngeal cancer,53,Sweden,0.69,5.003452382143679
Leukemia,2786,Sweden,8.8,263.0116667292885
Liver cancer,445,Sweden,4.6,42.01011905762146
Lung cancer,800,Sweden,17.4,75.52380954179138
Mesothelioma,181,Sweden,0.75,17.0872619088303
Mouth cancer,0,Sweden,3.6,0.0
Multiple myeloma,510,Sweden,3.7,48.14642858289201
Non-Hodgkin lymphoma,304,Sweden,10.7,28.699047625880727
Ovarian cancer,619,Sweden,7.9,58.43654763296108
Pancreatic cancer,550,Sweden,9.3,51.92261905998158
Penile cancer,38,Sweden,1.2,3.587380953235091
Prostate cancer,2341,Sweden,104.3,221.00154767166703
Rectal cancer,724,Sweden,10.2,68.3490476353212
Salivary gland cancer,6,Sweden,0.48,0.5664285715634354
Skin cancer,1911,Sweden,48.6,180.40750004295415
Stomach cancer,176,Sweden,3.6,16.615238099194105
Testicular cancer,143,Sweden,7.5,13.49988095559521
Throat cancer,1,Sweden,1.9,0.09440476192723923
Thyroid cancer,229,Sweden,6.8,21.618690481337783
Uterine cancer,360,Sweden,13.1,33.985714293806126
Vaginal cancer,13,Sweden,0.33,1.22726190505411
Vulvar cancer,21,Sweden,1.7,1.982500000472024
Anal cancer,0,Dominican Republic,0.16,0.0
Bladder cancer,0,Dominican Republic,2.0,0.0
Brain cancer,3,Dominican Republic,3.4,0.2785126385321864
Breast cancer,3,Dominican Republic,53.4,0.2785126385321864
Cervical cancer,1,Dominican Republic,15.6,0.09283754617739547
Colon cancer,0,Dominican Republic,12.7,0.0
Colorectal cancer,0,Dominican Republic,14.7,0.0
Esophageal cancer,0,Dominican Republic,1.7,0.0
Gallbladder cancer,0,Dominican Republic,0.44,0.0
Hodgkin lymphoma,0,Dominican Republic,2.0,0.0
Kaposi sarcoma,0,Dominican Republic,0.29,0.0
Kidney cancer,0,Dominican Republic,1.4,0.0
Laryngeal cancer,0,Dominican Republic,2.7,0.0
Leukemia,1,Dominican Republic,5.5,0.09283754617739547
Liver cancer,0,Dominican Republic,6.8,0.0
Lung cancer,0,Dominican Republic,12.8,0.0
Mesothelioma,0,Dominican Republic,0.04,0.0
Mouth cancer,0,Dominican Republic,1.3,0.0
Multiple myeloma,1,Dominican Republic,1.5,0.09283754617739547
Non-Hodgkin lymphoma,0,Dominican Republic,2.6,0.0
Ovarian cancer,0,Dominican Republic,2.7,0.0
Pancreatic cancer,0,Dominican Republic,5.0,0.0
Penile cancer,0,Dominican Republic,1.1,0.0
Prostate cancer,0,Dominican Republic,86.1,0.0
Rectal cancer,0,Dominican Republic,1.8,0.0
Salivary gland cancer,0,Dominican Republic,0.45,0.0
Skin cancer,1,Dominican Republic,2.6900000000000004,0.09283754617739547
Stomach cancer,0,Dominican Republic,6.2,0.0
Testicular cancer,0,Dominican Republic,0.14,0.0
Throat cancer,0,Dominican Republic,2.35,0.0
Thyroid cancer,0,Dominican Republic,2.3,0.0
Uterine cancer,0,Dominican Republic,3.4,0.0
Vaginal cancer,0,Dominican Republic,0.92,0.0
Vulvar cancer,0,Dominican Republic,0.13,0.0
Anal cancer,1,Senegal,0.66,0.05378293572863884
Bladder cancer,2,Senegal,3.2,0.10756587145727768
Brain cancer,1,Senegal,2.1,0.05378293572863884
Breast cancer,15,Senegal,29.9,0.8067440359295827
Cervical cancer,15,Senegal,34.3,0.8067440359295827
Colon cancer,1,Senegal,3.0,0.05378293572863884
Colorectal cancer,0,Senegal,6.2,0.0
Esophageal cancer,0,Senegal,1.7,0.0
Gallbladder cancer,1,Senegal,0.28,0.05378293572863884
Hodgkin lymphoma,1,Senegal,0.55,0.05378293572863884
Kaposi sarcoma,0,Senegal,0.6,0.0
Kidney cancer,4,Senegal,1.2,0.21513174291455536
Laryngeal cancer,0,Senegal,0.65,0.0
Leukemia,15,Senegal,1.2,0.8067440359295827
Liver cancer,14,Senegal,11.1,0.7529611002009438
Lung cancer,14,Senegal,2.7,0.7529611002009438
Mesothelioma,1,Senegal,0.01,0.05378293572863884
Mouth cancer,0,Senegal,1.7,0.0
Multiple myeloma,5,Senegal,0.6,0.26891467864319424
Non-Hodgkin lymphoma,1,Senegal,2.4,0.05378293572863884
Ovarian cancer,0,Senegal,4.4,0.0
Pancreatic cancer,1,Senegal,1.8,0.05378293572863884
Penile cancer,1,Senegal,0.04,0.05378293572863884
Prostate cancer,9,Senegal,27.1,0.4840464215577496
Rectal cancer,2,Senegal,2.5,0.10756587145727768
Salivary gland cancer,0,Senegal,0.57,0.0
Skin cancer,7,Senegal,3.39,0.3764805501004719
Stomach cancer,1,Senegal,7.2,0.05378293572863884
Testicular cancer,2,Senegal,0.22,0.10756587145727768
Throat cancer,0,Senegal,0.51,0.0
Thyroid cancer,0,Senegal,1.1,0.0
Uterine cancer,0,Senegal,2.5,0.0
Vaginal cancer,0,Senegal,0.48,0.0
Vulvar cancer,4,Senegal,0.69,0.21513174291455536
Anal cancer,2,Bosnia and Herzegovina,0.16,0.5844535359438925
Bladder cancer,13,Bosnia and Herzegovina,9.2,3.798947983635301
Brain cancer,16,Bosnia and Herzegovina,6.6,4.67562828755114
Breast cancer,85,Bosnia and Herzegovina,51.9,24.839275277615428
Cervical cancer,32,Bosnia and Herzegovina,12.3,9.35125657510228
Colon cancer,15,Bosnia and Herzegovina,13.5,4.383401519579193
Colorectal cancer,53,Bosnia and Herzegovina,26.3,15.48801870251315
Esophageal cancer,1,Bosnia and Herzegovina,1.4,0.29222676797194624
Gallbladder cancer,3,Bosnia and Herzegovina,1.5,0.8766803039158387
Hodgkin lymphoma,9,Bosnia and Herzegovina,2.7,2.630040911747516
Kaposi sarcoma,0,Bosnia and Herzegovina,0.0,0.0
Kidney cancer,10,Bosnia and Herzegovina,5.3,2.922267679719462
Laryngeal cancer,5,Bosnia and Herzegovina,4.2,1.461133839859731
Leukemia,48,Bosnia and Herzegovina,4.9,14.02688486265342
Liver cancer,33,Bosnia and Herzegovina,6.6,9.643483343074225
Lung cancer,51,Bosnia and Herzegovina,36.1,14.903565166569258
Mesothelioma,2,Bosnia and Herzegovina,0.18,0.5844535359438925
Mouth cancer,0,Bosnia and Herzegovina,2.3,0.0
Multiple myeloma,7,Bosnia and Herzegovina,1.2,2.0455873758036236
Non-Hodgkin lymphoma,9,Bosnia and Herzegovina,3.6,2.630040911747516
Ovarian cancer,5,Bosnia and Herzegovina,9.8,1.461133839859731
Pancreatic cancer,6,Bosnia and Herzegovina,7.1,1.7533606078316775
Penile cancer,0,Bosnia and Herzegovina,0.18,0.0
Prostate cancer,31,Bosnia and Herzegovina,24.5,9.059029807130333
Rectal cancer,14,Bosnia and Herzegovina,12.6,4.091174751607247
Salivary gland cancer,0,Bosnia and Herzegovina,0.6,0.0
Skin cancer,30,Bosnia and Herzegovina,12.1,8.766803039158386
Stomach cancer,6,Bosnia and Herzegovina,9.6,1.7533606078316775
Testicular cancer,1,Bosnia and Herzegovina,6.9,0.29222676797194624
Throat cancer,0,Bosnia and Herzegovina,1.65,0.0
Thyroid cancer,17,Bosnia and Herzegovina,2.9,4.967855055523086
Uterine cancer,6,Bosnia and Herzegovina,11.2,1.7533606078316775
Vaginal cancer,1,Bosnia and Herzegovina,0.35,0.29222676797194624
Vulvar cancer,0,Bosnia and Herzegovina,0.8,0.0
Anal cancer,0,Paraguay,0.95,0.0
Bladder cancer,2,Paraguay,2.6,0.32735131539579065
Brain cancer,2,Paraguay,2.6,0.32735131539579065
Breast cancer,25,Paraguay,58.4,4.091891442447383
Cervical cancer,11,Paraguay,30.6,1.8004322346768487
Colon cancer,0,Paraguay,16.3,0.0
Colorectal cancer,1,Paraguay,21.0,0.16367565769789533
Esophageal cancer,2,Paraguay,3.0,0.32735131539579065
Gallbladder cancer,1,Paraguay,0.72,0.16367565769789533
Hodgkin lymphoma,0,Paraguay,2.1,0.0
Kaposi sarcoma,0,Paraguay,0.72,0.0
Kidney cancer,1,Paraguay,2.8,0.16367565769789533
Laryngeal cancer,0,Paraguay,1.8,0.0
Leukemia,4,Paraguay,6.0,0.6547026307915813
Liver cancer,2,Paraguay,3.0,0.32735131539579065
Lung cancer,2,Paraguay,12.7,0.32735131539579065
Mesothelioma,0,Paraguay,0.02,0.0
Mouth cancer,0,Paraguay,1.8,0.0
Multiple myeloma,0,Paraguay,1.2,0.0
Non-Hodgkin lymphoma,0,Paraguay,5.8,0.0
Ovarian cancer,1,Paraguay,4.8,0.16367565769789533
Pancreatic cancer,0,Paraguay,4.8,0.0
Penile cancer,26,Paraguay,3.4,4.255567100145279
Prostate cancer,2,Paraguay,51.4,0.32735131539579065
Rectal cancer,0,Paraguay,3.7,0.0
Salivary gland cancer,0,Paraguay,0.54,0.0
Skin cancer,5,Paraguay,9.3,0.8183782884894767
Stomach cancer,0,Paraguay,6.4,0.0
Testicular cancer,0,Paraguay,6.4,0.0
Throat cancer,0,Paraguay,3.01,0.0
Thyroid cancer,0,Paraguay,6.7,0.0
Uterine cancer,0,Paraguay,8.8,0.0
Vaginal cancer,0,Paraguay,0.03,0.0
Vulvar cancer,0,Paraguay,0.96,0.0
Anal cancer,0,Trinidad and Tobago,0.79,0.0
Bladder cancer,0,Trinidad and Tobago,3.7,0.0
Brain cancer,2,Trinidad and Tobago,2.0,1.4616325119689433
Breast cancer,31,Trinidad and Tobago,54.0,22.65530393551862
Cervical cancer,16,Trinidad and Tobago,18.3,11.693060095751546
Colon cancer,6,Trinidad and Tobago,11.4,4.38489753590683
Colorectal cancer,7,Trinidad and Tobago,18.5,5.115713791891301
Esophageal cancer,0,Trinidad and Tobago,1.3,0.0
Gallbladder cancer,0,Trinidad and Tobago,0.76,0.0
Hodgkin lymphoma,0,Trinidad and Tobago,1.0,0.0
Kaposi sarcoma,0,Trinidad and Tobago,0.35,0.0
Kidney cancer,3,Trinidad and Tobago,4.7,2.192448767953415
Laryngeal cancer,0,Trinidad and Tobago,1.3,0.0
Leukemia,9,Trinidad and Tobago,6.1,6.577346303860245
Liver cancer,1,Trinidad and Tobago,2.8,0.7308162559844716
Lung cancer,3,Trinidad and Tobago,11.7,2.192448767953415
Mesothelioma,0,Trinidad and Tobago,0.08,0.0
Mouth cancer,0,Trinidad and Tobago,2.0,0.0
Multiple myeloma,2,Trinidad and Tobago,2.5,1.4616325119689433
Non-Hodgkin lymphoma,1,Trinidad and Tobago,7.1,0.7308162559844716
Ovarian cancer,5,Trinidad and Tobago,11.1,3.654081279922358
Pancreatic cancer,0,Trinidad and Tobago,4.7,0.0
Penile cancer,1,Trinidad and Tobago,0.9,0.7308162559844716
Prostate cancer,13,Trinidad and Tobago,73.6,9.500611327798131
Rectal cancer,0,Trinidad and Tobago,6.4,0.0
Salivary gland cancer,0,Trinidad and Tobago,0.41,0.0
Skin cancer,4,Trinidad and Tobago,0.91,2.9232650239378866
Stomach cancer,1,Trinidad and Tobago,4.0,0.7308162559844716
Testicular cancer,0,Trinidad and Tobago,1.6,0.0
Throat cancer,0,Trinidad and Tobago,1.37,0.0
Thyroid cancer,0,Trinidad and Tobago,4.9,0.0
Uterine cancer,4,Trinidad and Tobago,18.8,2.9232650239378866
Vaginal cancer,0,Trinidad and Tobago,0.52,0.0
Vulvar cancer,0,Trinidad and Tobago,0.61,0.0
Anal cancer,0,Haiti,0.7,0.0
Bladder cancer,0,Haiti,2.8,0.0
Brain cancer,0,Haiti,0.37,0.0
Breast cancer,5,Haiti,25.2,0.42133534315909826
Cervical cancer,5,Haiti,16.6,0.42133534315909826
Colon cancer,0,Haiti,8.7,0.0
Colorectal cancer,0,Haiti,11.3,0.0
Esophageal cancer,0,Haiti,2.2,0.0
Gallbladder cancer,0,Haiti,0.9,0.0
Hodgkin lymphoma,0,Haiti,0.82,0.0
Kaposi sarcoma,0,Haiti,0.53,0.0
Kidney cancer,1,Haiti,2.2,0.08426706863181965
Laryngeal cancer,0,Haiti,0.98,0.0
Leukemia,1,Haiti,4.4,0.08426706863181965
Liver cancer,0,Haiti,9.3,0.0
Lung cancer,0,Haiti,6.1,0.0
Mesothelioma,0,Haiti,0.04,0.0
Mouth cancer,0,Haiti,1.3,0.0
Multiple myeloma,0,Haiti,1.0,0.0
Non-Hodgkin lymphoma,0,Haiti,4.4,0.0
Ovarian cancer,1,Haiti,4.9,0.08426706863181965
Pancreatic cancer,0,Haiti,3.2,0.0
Penile cancer,0,Haiti,1.3,0.0
Prostate cancer,0,Haiti,69.8,0.0
Rectal cancer,0,Haiti,1.9,0.0
Salivary gland cancer,0,Haiti,1.3,0.0
Skin cancer,0,Haiti,1.36,0.0
Stomach cancer,0,Haiti,9.9,0.0
Testicular cancer,1,Haiti,1.8,0.08426706863181965
Throat cancer,0,Haiti,1.44,0.0
Thyroid cancer,0,Haiti,1.2,0.0
Uterine cancer,0,Haiti,3.0,0.0
Vaginal cancer,0,Haiti,0.49,0.0
Vulvar cancer,0,Haiti,0.06,0.0
Anal cancer,1,Mozambique,0.66,0.02933371459339981
Bladder cancer,0,Mozambique,5.5,0.0
Brain cancer,0,Mozambique,0.39,0.0
Breast cancer,0,Mozambique,19.7,0.0
Cervical cancer,9,Mozambique,47.8,0.2640034313405983
Colon cancer,0,Mozambique,1.7,0.0
Colorectal cancer,0,Mozambique,3.9,0.0
Esophageal cancer,1,Mozambique,9.2,0.02933371459339981
Gallbladder cancer,0,Mozambique,0.06,0.0
Hodgkin lymphoma,0,Mozambique,0.61,0.0
Kaposi sarcoma,4,Mozambique,14.4,0.11733485837359924
Kidney cancer,0,Mozambique,0.71,0.0
Laryngeal cancer,0,Mozambique,0.42,0.0
Leukemia,0,Mozambique,1.7,0.0
Liver cancer,0,Mozambique,8.0,0.0
Lung cancer,0,Mozambique,1.3,0.0
Mesothelioma,0,Mozambique,0.04,0.0
Mouth cancer,0,Mozambique,1.2,0.0
Multiple myeloma,0,Mozambique,0.26,0.0
Non-Hodgkin lymphoma,1,Mozambique,5.6,0.02933371459339981
Ovarian cancer,0,Mozambique,1.9,0.0
Pancreatic cancer,0,Mozambique,0.87,0.0
Penile cancer,0,Mozambique,1.6,0.0
Prostate cancer,0,Mozambique,28.3,0.0
Rectal cancer,0,Mozambique,1.5,0.0
Salivary gland cancer,0,Mozambique,0.37,0.0
Skin cancer,0,Mozambique,4.390000000000001,0.0
Stomach cancer,0,Mozambique,0.81,0.0
Testicular cancer,0,Mozambique,0.22,0.0
Throat cancer,0,Mozambique,0.62,0.0
Thyroid cancer,0,Mozambique,0.84,0.0
Uterine cancer,0,Mozambique,1.8,0.0
Vaginal cancer,0,Mozambique,0.38,0.0
Vulvar cancer,0,Mozambique,2.2,0.0
Anal cancer,0,Honduras,0.58,0.0
Bladder cancer,0,Honduras,1.8,0.0
Brain cancer,1,Honduras,4.6,0.1010853330033908
Breast cancer,1,Honduras,27.3,0.1010853330033908
Cervical cancer,8,Honduras,19.5,0.8086826640271264
Colon cancer,0,Honduras,4.4,0.0
Colorectal cancer,1,Honduras,7.1,0.1010853330033908
Esophageal cancer,0,Honduras,1.4,0.0
Gallbladder cancer,0,Honduras,1.6,0.0
Hodgkin lymphoma,0,Honduras,1.9,0.0
Kaposi sarcoma,0,Honduras,0.05,0.0
Kidney cancer,0,Honduras,2.2,0.0
Laryngeal cancer,0,Honduras,3.5,0.0
Leukemia,0,Honduras,7.1,0.0
Liver cancer,0,Honduras,5.4,0.0
Lung cancer,0,Honduras,6.7,0.0
Mesothelioma,0,Honduras,0.2,0.0
Mouth cancer,0,Honduras,1.1,0.0
Multiple myeloma,0,Honduras,1.4,0.0
Non-Hodgkin lymphoma,0,Honduras,6.1,0.0
Ovarian cancer,0,Honduras,4.0,0.0
Pancreatic cancer,0,Honduras,3.7,0.0
Penile cancer,0,Honduras,2.0,0.0
Prostate cancer,0,Honduras,28.5,0.0
Rectal cancer,0,Honduras,2.1,0.0
Salivary gland cancer,0,Honduras,0.52,0.0
Skin cancer,2,Honduras,2.66,0.2021706660067816
Stomach cancer,2,Honduras,8.6,0.2021706660067816
Testicular cancer,0,Honduras,2.1,0.0
Throat cancer,0,Honduras,0.39,0.0
Thyroid cancer,0,Honduras,4.8,0.0
Uterine cancer,0,Honduras,2.7,0.0
Vaginal cancer,0,Honduras,0.45,0.0
Vulvar cancer,0,Honduras,0.59,0.0
Anal cancer,14,Ireland,0.78,2.564760194921775
Bladder cancer,43,Ireland,9.6,7.8774777415454516
Brain cancer,166,Ireland,6.1,30.410728025501044
Breast cancer,1444,Ireland,91.5,264.53669439050304
Cervical cancer,133,Ireland,7.5,24.36522185175686
Colon cancer,181,Ireland,19.4,33.15868537720294
Colorectal cancer,603,Ireland,32.3,110.46788553841644
Esophageal cancer,117,Ireland,5.3,21.434067343274833
Gallbladder cancer,2,Ireland,0.77,0.36639431356025354
Hodgkin lymphoma,28,Ireland,3.2,5.12952038984355
Kaposi sarcoma,4,Ireland,0.1,0.7327886271205071
Kidney cancer,108,Ireland,10.4,19.785292932253693
Laryngeal cancer,16,Ireland,2.3,2.9311545084820283
Leukemia,427,Ireland,7.4,78.22518594511413
Liver cancer,71,Ireland,5.7,13.006998131389
Lung cancer,243,Ireland,31.4,44.5169090975708
Mesothelioma,32,Ireland,0.54,5.862309016964057
Mouth cancer,7,Ireland,4.1,1.2823800974608874
Multiple myeloma,137,Ireland,4.5,25.098010478877367
Non-Hodgkin lymphoma,44,Ireland,11.6,8.060674898325578
Ovarian cancer,173,Ireland,9.9,31.69310812296193
Pancreatic cancer,92,Ireland,6.9,16.854138423771662
Penile cancer,18,Ireland,1.2,3.2975488220422817
Prostate cancer,522,Ireland,99.8,95.62891583922618
Rectal cancer,193,Ireland,12.1,35.35705125856447
Salivary gland cancer,1,Ireland,0.64,0.18319715678012677
Skin cancer,477,Ireland,55.8,87.38504378412047
Stomach cancer,31,Ireland,5.3,5.67911186018393
Testicular cancer,39,Ireland,6.6,7.144689114424944
Throat cancer,0,Ireland,2.6,0.0
Thyroid cancer,58,Ireland,5.3,10.625435093247352
Uterine cancer,40,Ireland,15.8,7.327886271205071
Vaginal cancer,0,Ireland,0.24,0.0
Vulvar cancer,3,Ireland,1.6,0.5495914703403804
Anal cancer,0,St. Lucia,0.0,0.0
Bladder cancer,3,St. Lucia,0.68,16.295491580662684
Brain cancer,14,St. Lucia,0.0,76.04562737642586
Breast cancer,65,St. Lucia,51.7,353.06898424769145
Cervical cancer,11,St. Lucia,15.7,59.75013579576317
Colon cancer,15,St. Lucia,9.4,81.47745790331342
Colorectal cancer,14,St. Lucia,12.3,76.04562737642586
Esophageal cancer,1,St. Lucia,1.7,5.431830526887561
Gallbladder cancer,0,St. Lucia,0.4,0.0
Hodgkin lymphoma,0,St. Lucia,2.3,0.0
Kaposi sarcoma,0,St. Lucia,0.0,0.0
Kidney cancer,8,St. Lucia,3.1,43.45464421510049
Laryngeal cancer,0,St. Lucia,1.1,0.0
Leukemia,18,St. Lucia,4.8,97.7729494839761
Liver cancer,4,St. Lucia,1.2,21.727322107550243
Lung cancer,5,St. Lucia,9.7,27.159152634437806
Mesothelioma,2,St. Lucia,0.0,10.863661053775122
Mouth cancer,0,St. Lucia,4.4,0.0
Multiple myeloma,3,St. Lucia,2.1,16.295491580662684
Non-Hodgkin lymphoma,0,St. Lucia,7.3,0.0
Ovarian cancer,8,St. Lucia,4.5,43.45464421510049
Pancreatic cancer,3,St. Lucia,3.6,16.295491580662684
Penile cancer,0,St. Lucia,3.7,0.0
Prostate cancer,19,St. Lucia,93.9,103.20478001086366
Rectal cancer,0,St. Lucia,2.9,0.0
Salivary gland cancer,0,St. Lucia,0.0,0.0
Skin cancer,36,St. Lucia,0.4,195.5458989679522
Stomach cancer,0,St. Lucia,8.6,0.0
Testicular cancer,0,St. Lucia,0.0,0.0
Throat cancer,0,St. Lucia,0.85,0.0
Thyroid cancer,0,St. Lucia,4.5,0.0
Uterine cancer,7,St. Lucia,6.5,38.02281368821293
Vaginal cancer,0,St. Lucia,0.87,0.0
Vulvar cancer,0,St. Lucia,0.92,0.0
Anal cancer,0,Venezuela,0.95,0.0
Bladder cancer,0,Venezuela,3.6,0.0
Brain cancer,18,Venezuela,2.8,0.6312024406494372
Breast cancer,41,Venezuela,47.1,1.4377388925903847
Cervical cancer,17,Venezuela,22.7,0.5961356383911351
Colon cancer,2,Venezuela,12.4,0.07013360451660414
Colorectal cancer,12,Venezuela,18.7,0.42080162709962476
Esophageal cancer,2,Venezuela,1.2,0.07013360451660414
Gallbladder cancer,0,Venezuela,0.57,0.0
Hodgkin lymphoma,1,Venezuela,2.2,0.03506680225830207
Kaposi sarcoma,1,Venezuela,0.62,0.03506680225830207
Kidney cancer,3,Venezuela,6.6,0.10520040677490619
Laryngeal cancer,0,Venezuela,2.3,0.0
Leukemia,34,Venezuela,6.0,1.1922712767822703
Liver cancer,3,Venezuela,4.0,0.10520040677490619
Lung cancer,6,Venezuela,15.9,0.21040081354981238
Mesothelioma,1,Venezuela,0.05,0.03506680225830207
Mouth cancer,0,Venezuela,1.9,0.0
Multiple myeloma,4,Venezuela,1.4,0.14026720903320827
Non-Hodgkin lymphoma,1,Venezuela,6.2,0.03506680225830207
Ovarian cancer,1,Venezuela,6.1,0.03506680225830207
Pancreatic cancer,1,Venezuela,4.2,0.03506680225830207
Penile cancer,2,Venezuela,1.7,0.07013360451660414
Prostate cancer,16,Venezuela,52.3,0.5610688361328331
Rectal cancer,4,Venezuela,5.3,0.14026720903320827
Salivary gland cancer,0,Venezuela,0.46,0.0
Skin cancer,56,Venezuela,12.9,1.9637409264649157
Stomach cancer,11,Venezuela,7.5,0.3857348248413227
Testicular cancer,2,Venezuela,2.5,0.07013360451660414
Throat cancer,0,Venezuela,1.65,0.0
Thyroid cancer,1,Venezuela,3.4,0.03506680225830207
Uterine cancer,3,Venezuela,8.4,0.10520040677490619
Vaginal cancer,0,Venezuela,0.64,0.0
Vulvar cancer,0,Venezuela,0.49,0.0
Anal cancer,66,Netherlands,1.0,3.6502520913870478
Bladder cancer,927,Netherlands,17.4,51.26944982902717
Brain cancer,1186,Netherlands,5.1,65.59392394522786
Breast cancer,6753,Netherlands,101.6,373.4871571687384
Cervical cancer,1167,Netherlands,6.7,64.54309379770734
Colon cancer,1052,Netherlands,28.0,58.18280606271476
Colorectal cancer,3731,Netherlands,42.8,206.3498568631072
Esophageal cancer,736,Netherlands,6.7,40.705841503952534
Gallbladder cancer,39,Netherlands,0.4,2.1569671449105283
Hodgkin lymphoma,473,Netherlands,2.6,26.16013998827384
Kaposi sarcoma,18,Netherlands,0.13,0.995523297651013
Kidney cancer,822,Netherlands,8.3,45.4622305927296
Laryngeal cancer,145,Netherlands,1.7,8.019493231077604
Leukemia,3783,Netherlands,9.9,209.22581305632124
Liver cancer,497,Netherlands,3.4,27.487504385141857
Lung cancer,1872,Netherlands,34.9,103.53442295570535
Mesothelioma,304,Netherlands,1.4,16.81328236032822
Mouth cancer,2,Netherlands,4.1,0.11061369973900144
Multiple myeloma,788,Netherlands,3.8,43.58179769716657
Non-Hodgkin lymphoma,595,Netherlands,12.0,32.90757567235293
Ovarian cancer,1308,Netherlands,8.1,72.34135962930695
Pancreatic cancer,954,Netherlands,8.1,52.76273477550369
Penile cancer,69,Netherlands,0.86,3.81617264099555
Prostate cancer,3225,Netherlands,57.0,178.36459082913984
Rectal cancer,1191,Netherlands,13.7,65.87045819457536
Salivary gland cancer,23,Netherlands,0.56,1.2720575469985167
Skin cancer,3307,Netherlands,54.9,182.8997525184389
Stomach cancer,128,Netherlands,4.3,7.079276783296092
Testicular cancer,242,Netherlands,9.7,13.384257668419174
Throat cancer,1,Netherlands,2.1,0.05530684986950072
Thyroid cancer,328,Netherlands,4.1,18.140646757196237
Uterine cancer,463,Netherlands,11.0,25.607071489578836
Vaginal cancer,14,Netherlands,0.3,0.7742958981730101
Vulvar cancer,128,Netherlands,2.6,7.079276783296092
Anal cancer,0,Solomon Islands,0.35,0.0
Bladder cancer,0,Solomon Islands,1.4,0.0
Brain cancer,0,Solomon Islands,0.34,0.0
Breast cancer,1,Solomon Islands,49.2,1.332755805817479
Cervical cancer,0,Solomon Islands,26.2,0.0
Colon cancer,0,Solomon Islands,1.3,0.0
Colorectal cancer,0,Solomon Islands,4.6,0.0
Esophageal cancer,0,Solomon Islands,2.3,0.0
Gallbladder cancer,0,Solomon Islands,0.35,0.0
Hodgkin lymphoma,0,Solomon Islands,0.71,0.0
Kaposi sarcoma,0,Solomon Islands,0.0,0.0
Kidney cancer,0,Solomon Islands,0.45,0.0
Laryngeal cancer,0,Solomon Islands,1.3,0.0
Leukemia,0,Solomon Islands,3.4,0.0
Liver cancer,0,Solomon Islands,10.9,0.0
Lung cancer,0,Solomon Islands,6.2,0.0
Mesothelioma,0,Solomon Islands,0.0,0.0
Mouth cancer,0,Solomon Islands,2.4,0.0
Multiple myeloma,0,Solomon Islands,1.2,0.0
Non-Hodgkin lymphoma,0,Solomon Islands,1.7,0.0
Ovarian cancer,0,Solomon Islands,6.8,0.0
Pancreatic cancer,0,Solomon Islands,1.7,0.0
Penile cancer,0,Solomon Islands,1.5,0.0
Prostate cancer,0,Solomon Islands,37.9,0.0
Rectal cancer,0,Solomon Islands,2.9,0.0
Salivary gland cancer,0,Solomon Islands,1.2,0.0
Skin cancer,1,Solomon Islands,0.8999999999999999,1.332755805817479
Stomach cancer,0,Solomon Islands,2.4,0.0
Testicular cancer,0,Solomon Islands,1.6,0.0
Throat cancer,0,Solomon Islands,0.5900000000000001,0.0
Thyroid cancer,0,Solomon Islands,8.3,0.0
Uterine cancer,0,Solomon Islands,12.0,0.0
Vaginal cancer,0,Solomon Islands,0.35,0.0
Vulvar cancer,0,Solomon Islands,0.0,0.0
Anal cancer,0,Central African Republic,0.57,0.0
Bladder cancer,0,Central African Republic,1.5,0.0
Brain cancer,0,Central African Republic,0.74,0.0
Breast cancer,1,Central African Republic,37.7,0.15455217194485515
Cervical cancer,1,Central African Republic,21.8,0.15455217194485515
Colon cancer,0,Central African Republic,2.6,0.0
Colorectal cancer,0,Central African Republic,5.7,0.0
Esophageal cancer,0,Central African Republic,1.3,0.0
Gallbladder cancer,0,Central African Republic,0.36,0.0
Hodgkin lymphoma,0,Central African Republic,0.39,0.0
Kaposi sarcoma,1,Central African Republic,2.3,0.15455217194485515
Kidney cancer,0,Central African Republic,1.1,0.0
Laryngeal cancer,0,Central African Republic,0.55,0.0
Leukemia,0,Central African Republic,2.9,0.0
Liver cancer,2,Central African Republic,6.4,0.3091043438897103
Lung cancer,2,Central African Republic,2.0,0.3091043438897103
Mesothelioma,0,Central African Republic,0.0,0.0
Mouth cancer,0,Central African Republic,1.4,0.0
Multiple myeloma,0,Central African Republic,1.2,0.0
Non-Hodgkin lymphoma,0,Central African Republic,4.6,0.0
Ovarian cancer,0,Central African Republic,5.8,0.0
Pancreatic cancer,2,Central African Republic,1.2,0.3091043438897103
Penile cancer,0,Central African Republic,0.12,0.0
Prostate cancer,0,Central African Republic,31.3,0.0
Rectal cancer,0,Central African Republic,2.5,0.0
Salivary gland cancer,0,Central African Republic,0.59,0.0
Skin cancer,0,Central African Republic,2.2,0.0
Stomach cancer,0,Central African Republic,3.5,0.0
Testicular cancer,0,Central African Republic,0.1,0.0
Throat cancer,0,Central African Republic,1.68,0.0
Thyroid cancer,0,Central African Republic,1.3,0.0
Uterine cancer,0,Central African Republic,2.0,0.0
Vaginal cancer,0,Central African Republic,0.21,0.0
Vulvar cancer,0,Central African Republic,1.3,0.0
Anal cancer,2,Jordan,0.27,0.17044486108743823
Bladder cancer,31,Jordan,8.7,2.6418953468552924
Brain cancer,62,Jordan,4.8,5.283790693710585
Breast cancer,441,Jordan,60.0,37.58309186978013
Cervical cancer,38,Jordan,3.2,3.2384523606613262
Colon cancer,27,Jordan,12.0,2.301005624680416
Colorectal cancer,127,Jordan,16.5,10.823248679052327
Esophageal cancer,2,Jordan,1.1,0.17044486108743823
Gallbladder cancer,7,Jordan,0.93,0.5965570138060338
Hodgkin lymphoma,21,Jordan,2.1,1.7896710414181012
Kaposi sarcoma,0,Jordan,0.17,0.0
Kidney cancer,19,Jordan,3.2,1.6192261803306631
Laryngeal cancer,3,Jordan,3.1,0.2556672916311573
Leukemia,104,Jordan,7.0,8.863132776546788
Liver cancer,16,Jordan,2.6,1.3635588886995058
Lung cancer,43,Jordan,14.3,3.6645645133799216
Mesothelioma,8,Jordan,0.17,0.6817794443497529
Mouth cancer,3,Jordan,1.3,0.2556672916311573
Multiple myeloma,14,Jordan,2.4,1.1931140276120675
Non-Hodgkin lymphoma,23,Jordan,6.5,1.9601159025055395
Ovarian cancer,27,Jordan,5.7,2.301005624680416
Pancreatic cancer,21,Jordan,3.8,1.7896710414181012
Penile cancer,1,Jordan,0.0,0.08522243054371911
Prostate cancer,75,Jordan,15.1,6.391682290778933
Rectal cancer,8,Jordan,4.3,0.6817794443497529
Salivary gland cancer,0,Jordan,0.46,0.0
Skin cancer,55,Jordan,2.5500000000000003,4.687233679904551
Stomach cancer,11,Jordan,5.3,0.9374467359809102
Testicular cancer,6,Jordan,1.7,0.5113345832623146
Throat cancer,0,Jordan,1.37,0.0
Thyroid cancer,31,Jordan,5.6,2.6418953468552924
Uterine cancer,12,Jordan,7.3,1.0226691665246292
Vaginal cancer,0,Jordan,0.28,0.0
Vulvar cancer,2,Jordan,0.32,0.17044486108743823
Anal cancer,59,Brazil,1.1,0.27753767632756504
Bladder cancer,269,Brazil,5.4,1.2653836429172032
Brain cancer,1086,Brazil,4.6,5.108574855792129
Breast cancer,3643,Brazil,63.1,17.136775506124057
Cervical cancer,1054,Brazil,12.7,4.958045946597517
Colon cancer,249,Brazil,10.9,1.171303074670571
Colorectal cancer,927,Brazil,19.8,4.360634338231403
Esophageal cancer,159,Brazil,3.7,0.7479405175607261
Gallbladder cancer,24,Brazil,0.73,0.11289668189595865
Hodgkin lymphoma,194,Brazil,1.1,0.9125815119923324
Kaposi sarcoma,39,Brazil,0.26,0.1834571080809328
Kidney cancer,314,Brazil,3.9,1.4770649214721256
Laryngeal cancer,91,Brazil,3.1,0.4280665855221766
Leukemia,1797,Brazil,4.7,8.453139056959904
Liver cancer,504,Brazil,4.5,2.3708303198151315
Lung cancer,750,Brazil,14.6,3.528021309248708
Mesothelioma,50,Brazil,0.06,0.23520142061658053
Mouth cancer,13,Brazil,3.8,0.06115236936031094
Multiple myeloma,275,Brazil,1.9,1.2936078133911928
Non-Hodgkin lymphoma,248,Brazil,4.0,1.1665990462582394
Ovarian cancer,354,Brazil,5.1,1.6652260579653901
Pancreatic cancer,166,Brazil,4.7,0.7808687164470474
Penile cancer,104,Brazil,1.3,0.4892189548824875
Prostate cancer,1112,Brazil,76.3,5.230879594512751
Rectal cancer,246,Brazil,7.9,1.1571909894335761
Salivary gland cancer,13,Brazil,0.6,0.06115236936031094
Skin cancer,1883,Brazil,14.1,8.857685500420423
Stomach cancer,225,Brazil,7.6,1.0584063927746123
Testicular cancer,48,Brazil,2.7,0.2257933637919173
Throat cancer,1,Brazil,2.8600000000000003,0.0047040284123316106
Thyroid cancer,514,Brazil,11.8,2.417870603938448
Uterine cancer,176,Brazil,8.2,0.8279090005703634
Vaginal cancer,8,Brazil,0.28,0.037632227298652884
Vulvar cancer,38,Brazil,0.84,0.1787530796686012
Anal cancer,1,Lithuania,0.47,0.34552136928736565
Bladder cancer,16,Lithuania,7.8,5.5283419085978505
Brain cancer,84,Lithuania,6.8,29.023795020138714
Breast cancer,160,Lithuania,62.7,55.2834190859785
Cervical cancer,55,Lithuania,13.7,19.00367531080511
Colon cancer,17,Lithuania,12.9,5.873863277885215
Colorectal cancer,80,Lithuania,21.8,27.64170954298925
Esophageal cancer,4,Lithuania,4.3,1.3820854771494626
Gallbladder cancer,3,Lithuania,0.71,1.0365641078620969
Hodgkin lymphoma,4,Lithuania,1.8,1.3820854771494626
Kaposi sarcoma,1,Lithuania,0.09,0.34552136928736565
Kidney cancer,37,Lithuania,11.6,12.784290663632529
Laryngeal cancer,10,Lithuania,3.6,3.4552136928736563
Leukemia,76,Lithuania,8.5,26.259624065839787
Liver cancer,18,Lithuania,4.9,6.219384647172581
Lung cancer,46,Lithuania,24.2,15.89398298721882
Mesothelioma,9,Lithuania,0.12,3.1096923235862906
Mouth cancer,0,Lithuania,5.1,0.0
Multiple myeloma,10,Lithuania,2.9,3.4552136928736563
Non-Hodgkin lymphoma,3,Lithuania,5.8,1.0365641078620969
Ovarian cancer,36,Lithuania,12.8,12.438769294345162
Pancreatic cancer,45,Lithuania,8.5,15.548461617931453
Penile cancer,1,Lithuania,1.1,0.34552136928736565
Prostate cancer,95,Lithuania,135.0,32.82453008229974
Rectal cancer,59,Lithuania,8.4,20.385760787954574
Salivary gland cancer,0,Lithuania,0.64,0.0
Skin cancer,79,Lithuania,9.6,27.296188173701886
Stomach cancer,12,Lithuania,11.7,4.146256431448387
Testicular cancer,7,Lithuania,2.7,2.4186495850115595
Throat cancer,0,Lithuania,4.99,0.0
Thyroid cancer,23,Lithuania,8.8,7.94699149360941
Uterine cancer,15,Lithuania,21.8,5.182820539310485
Vaginal cancer,0,Lithuania,0.33,0.0
Vulvar cancer,0,Lithuania,0.95,0.0
Anal cancer,22,Norway,0.99,3.9237060330903963
Bladder cancer,145,Norway,13.0,25.86078976355034
Brain cancer,459,Norway,7.2,81.86277587220418
Breast cancer,1979,Norway,95.6,352.9551927039043
Cervical cancer,311,Norway,10.9,55.46693528595969
Colon cancer,290,Norway,30.7,51.72157952710068
Colorectal cancer,897,Norway,45.3,159.98019598554936
Esophageal cancer,31,Norway,3.0,5.528858501172832
Gallbladder cancer,1,Norway,0.32,0.17835027423138167
Hodgkin lymphoma,88,Norway,2.4,15.694824132361585
Kaposi sarcoma,5,Norway,0.06,0.8917513711569083
Kidney cancer,125,Norway,11.1,22.293784278922708
Laryngeal cancer,14,Norway,0.98,2.496903839239343
Leukemia,873,Norway,9.7,155.6997894039962
Liver cancer,60,Norway,4.1,10.7010164538829
Lung cancer,356,Norway,28.0,63.49269762637187
Mesothelioma,102,Norway,0.6,18.19172797160093
Mouth cancer,0,Norway,4.2,0.0
Multiple myeloma,249,Norway,4.5,44.40921828361403
Non-Hodgkin lymphoma,130,Norway,10.9,23.185535650079615
Ovarian cancer,386,Norway,9.2,68.84320585331332
Pancreatic cancer,201,Norway,8.1,35.848405120507714
Penile cancer,15,Norway,1.2,2.675254113470725
Prostate cancer,811,Norway,109.9,144.64207240165052
Rectal cancer,267,Norway,13.6,47.619523219778905
Salivary gland cancer,0,Norway,0.75,0.0
Skin cancer,798,Norway,48.3,142.32351883664256
Stomach cancer,58,Norway,4.2,10.344315905420137
Testicular cancer,203,Norway,11.3,36.205105668970475
Throat cancer,0,Norway,2.13,0.0
Thyroid cancer,86,Norway,8.0,15.338123583898822
Uterine cancer,244,Norway,14.9,43.517466912457124
Vaginal cancer,3,Norway,0.44,0.535050822694145
Vulvar cancer,15,Norway,1.7,2.675254113470725
Anal cancer,3,Hungary,0.24,0.314481825151879
Bladder cancer,71,Hungary,14.9,7.4427365285944695
Brain cancer,217,Hungary,5.2,22.747518685985913
Breast cancer,889,Hungary,76.4,93.1914475200068
Cervical cancer,156,Hungary,12.6,16.353054907897707
Colon cancer,101,Hungary,26.8,10.58755478011326
Colorectal cancer,366,Hungary,44.2,38.36678266852924
Esophageal cancer,46,Hungary,2.9,4.822054652328811
Gallbladder cancer,4,Hungary,0.75,0.41930910020250534
Hodgkin lymphoma,83,Hungary,2.5,8.700663829201986
Kaposi sarcoma,8,Hungary,0.02,0.8386182004050107
Kidney cancer,126,Hungary,11.1,13.208236656378919
Laryngeal cancer,15,Hungary,4.5,1.572409125759395
Leukemia,609,Hungary,8.0,63.83981050583144
Liver cancer,158,Hungary,4.3,16.56270945799896
Lung cancer,311,Hungary,47.6,32.60128254074479
Mesothelioma,33,Hungary,0.33,3.459300076670669
Mouth cancer,0,Hungary,6.3,0.0
Multiple myeloma,116,Hungary,2.0,12.159963905872655
Non-Hodgkin lymphoma,117,Hungary,7.3,12.26479118092328
Ovarian cancer,133,Hungary,10.2,13.942027581733303
Pancreatic cancer,120,Hungary,10.4,12.57927300607516
Penile cancer,4,Hungary,1.0,0.41930910020250534
Prostate cancer,191,Hungary,68.5,20.02200953466963
Rectal cancer,52,Hungary,17.2,5.451018302632569
Salivary gland cancer,1,Hungary,0.85,0.10482727505062633
Skin cancer,590,Hungary,23.5,61.84809227986953
Stomach cancer,27,Hungary,7.5,2.830336426366911
Testicular cancer,40,Hungary,11.4,4.193091002025053
Throat cancer,0,Hungary,7.76,0.0
Thyroid cancer,84,Hungary,16.3,8.805491104252612
Uterine cancer,45,Hungary,16.0,4.717227377278185
Vaginal cancer,1,Hungary,0.52,0.10482727505062633
Vulvar cancer,7,Hungary,1.6,0.7337909253543843
Anal cancer,0,Afghanistan,0.47,0.0
Bladder cancer,1,Afghanistan,2.4,0.022808137943618283
Brain cancer,3,Afghanistan,3.8,0.06842441383085485
Breast cancer,18,Afghanistan,29.4,0.4105464829851291
Cervical cancer,5,Afghanistan,10.3,0.11404068971809142
Colon cancer,1,Afghanistan,2.7,0.022808137943618283
Colorectal cancer,6,Afghanistan,5.6,0.1368488276617097
Esophageal cancer,3,Afghanistan,4.8,0.06842441383085485
Gallbladder cancer,0,Afghanistan,0.81,0.0
Hodgkin lymphoma,1,Afghanistan,0.73,0.022808137943618283
Kaposi sarcoma,0,Afghanistan,0.1,0.0
Kidney cancer,2,Afghanistan,2.4,0.04561627588723657
Laryngeal cancer,0,Afghanistan,1.2,0.0
Leukemia,4,Afghanistan,3.3,0.09123255177447313
Liver cancer,2,Afghanistan,4.6,0.04561627588723657
Lung cancer,2,Afghanistan,7.2,0.04561627588723657
Mesothelioma,1,Afghanistan,0.07,0.022808137943618283
Mouth cancer,0,Afghanistan,4.6,0.0
Multiple myeloma,2,Afghanistan,0.62,0.04561627588723657
Non-Hodgkin lymphoma,0,Afghanistan,2.2,0.0
Ovarian cancer,2,Afghanistan,4.2,0.04561627588723657
Pancreatic cancer,0,Afghanistan,1.9,0.0
Penile cancer,0,Afghanistan,0.1,0.0
Prostate cancer,0,Afghanistan,6.5,0.0
Rectal cancer,0,Afghanistan,2.4,0.0
Salivary gland cancer,0,Afghanistan,0.27,0.0
Skin cancer,2,Afghanistan,3.1900000000000004,0.04561627588723657
Stomach cancer,0,Afghanistan,11.0,0.0
Testicular cancer,0,Afghanistan,0.93,0.0
Throat cancer,0,Afghanistan,1.75,0.0
Thyroid cancer,0,Afghanistan,1.0,0.0
Uterine cancer,0,Afghanistan,5.0,0.0
Vaginal cancer,0,Afghanistan,0.18,0.0
Vulvar cancer,0,Afghanistan,0.37,0.0
Anal cancer,0,Papua New Guinea,1.9,0.0
Bladder cancer,1,Papua New Guinea,2.4,0.08487841040392023
Brain cancer,2,Papua New Guinea,1.1,0.16975682080784046
Breast cancer,7,Papua New Guinea,46.0,0.5941488728274416
Cervical cancer,4,Papua New Guinea,27.8,0.33951364161568093
Colon cancer,2,Papua New Guinea,5.1,0.16975682080784046
Colorectal cancer,2,Papua New Guinea,11.7,0.16975682080784046
Esophageal cancer,1,Papua New Guinea,3.7,0.08487841040392023
Gallbladder cancer,0,Papua New Guinea,1.4,0.0
Hodgkin lymphoma,0,Papua New Guinea,0.45,0.0
Kaposi sarcoma,0,Papua New Guinea,0.09,0.0
Kidney cancer,0,Papua New Guinea,1.1,0.0
Laryngeal cancer,0,Papua New Guinea,2.1,0.0
Leukemia,2,Papua New Guinea,4.4,0.16975682080784046
Liver cancer,2,Papua New Guinea,12.0,0.16975682080784046
Lung cancer,2,Papua New Guinea,10.7,0.16975682080784046
Mesothelioma,0,Papua New Guinea,0.11,0.0
Mouth cancer,0,Papua New Guinea,17.5,0.0
Multiple myeloma,0,Papua New Guinea,0.79,0.0
Non-Hodgkin lymphoma,0,Papua New Guinea,6.6,0.0
Ovarian cancer,1,Papua New Guinea,7.3,0.08487841040392023
Pancreatic cancer,0,Papua New Guinea,1.7,0.0
Penile cancer,0,Papua New Guinea,2.4,0.0
Prostate cancer,2,Papua New Guinea,28.3,0.16975682080784046
Rectal cancer,1,Papua New Guinea,4.8,0.08487841040392023
Salivary gland cancer,0,Papua New Guinea,0.64,0.0
Skin cancer,1,Papua New Guinea,16.9,0.08487841040392023
Stomach cancer,1,Papua New Guinea,8.1,0.08487841040392023
Testicular cancer,0,Papua New Guinea,1.1,0.0
Throat cancer,0,Papua New Guinea,1.93,0.0
Thyroid cancer,2,Papua New Guinea,6.9,0.16975682080784046
Uterine cancer,0,Papua New Guinea,9.9,0.0
Vaginal cancer,0,Papua New Guinea,0.56,0.0
Vulvar cancer,0,Papua New Guinea,0.44,0.0
Anal cancer,0,Slovakia,1.0,0.0
Bladder cancer,26,Slovakia,11.7,4.80253012063771
Brain cancer,81,Slovakia,5.7,14.961728452755942
Breast cancer,330,Slovakia,67.3,60.95518999270939
Cervical cancer,53,Slovakia,12.9,9.789772938223024
Colon cancer,52,Slovakia,19.9,9.60506024127542
Colorectal cancer,161,Slovakia,35.7,29.738744208564277
Esophageal cancer,6,Slovakia,3.2,1.1082761816856253
Gallbladder cancer,4,Slovakia,1.2,0.7388507877904168
Hodgkin lymphoma,13,Slovakia,3.1,2.401265060318855
Kaposi sarcoma,3,Slovakia,0.04,0.5541380908428126
Kidney cancer,35,Slovakia,11.1,6.464944393166148
Laryngeal cancer,1,Slovakia,3.0,0.1847126969476042
Leukemia,376,Slovakia,7.3,69.45197405229918
Liver cancer,25,Slovakia,4.4,4.617817423690106
Lung cancer,42,Slovakia,22.6,7.757933271799377
Mesothelioma,4,Slovakia,0.14,0.7388507877904168
Mouth cancer,0,Slovakia,6.4,0.0
Multiple myeloma,34,Slovakia,2.8,6.280231696218543
Non-Hodgkin lymphoma,15,Slovakia,6.3,2.7706904542140633
Ovarian cancer,53,Slovakia,10.0,9.789772938223024
Pancreatic cancer,17,Slovakia,8.6,3.1401158481092715
Penile cancer,0,Slovakia,0.98,0.0
Prostate cancer,109,Slovakia,69.2,20.13368396728886
Rectal cancer,10,Slovakia,14.8,1.8471269694760422
Salivary gland cancer,0,Slovakia,0.62,0.0
Skin cancer,170,Slovakia,22.0,31.401158481092715
Stomach cancer,6,Slovakia,6.6,1.1082761816856253
Testicular cancer,42,Slovakia,13.2,7.757933271799377
Throat cancer,0,Slovakia,8.18,0.0
Thyroid cancer,17,Slovakia,3.4,3.1401158481092715
Uterine cancer,29,Slovakia,21.5,5.356668211480522
Vaginal cancer,0,Slovakia,0.27,0.0
Vulvar cancer,1,Slovakia,1.9,0.1847126969476042
Anal cancer,2,Zimbabwe,0.98,0.1171434316477155
Bladder cancer,2,Zimbabwe,2.7,0.1171434316477155
Brain cancer,2,Zimbabwe,2.2,0.1171434316477155
Breast cancer,31,Zimbabwe,35.8,1.81572319053959
Cervical cancer,60,Zimbabwe,68.2,3.514302949431465
Colon cancer,1,Zimbabwe,5.2,0.05857171582385775
Colorectal cancer,4,Zimbabwe,9.7,0.234286863295431
Esophageal cancer,0,Zimbabwe,12.0,0.0
Gallbladder cancer,0,Zimbabwe,0.65,0.0
Hodgkin lymphoma,2,Zimbabwe,0.77,0.1171434316477155
Kaposi sarcoma,11,Zimbabwe,9.5,0.6442888740624352
Kidney cancer,3,Zimbabwe,1.5,0.17571514747157324
Laryngeal cancer,0,Zimbabwe,1.2,0.0
Leukemia,15,Zimbabwe,2.7,0.8785757373578662
Liver cancer,13,Zimbabwe,7.7,0.7614323057101507
Lung cancer,13,Zimbabwe,5.9,0.7614323057101507
Mesothelioma,2,Zimbabwe,0.07,0.1171434316477155
Mouth cancer,0,Zimbabwe,1.4,0.0
Multiple myeloma,2,Zimbabwe,3.5,0.1171434316477155
Non-Hodgkin lymphoma,3,Zimbabwe,10.3,0.17571514747157324
Ovarian cancer,1,Zimbabwe,6.5,0.05857171582385775
Pancreatic cancer,0,Zimbabwe,2.7,0.0
Penile cancer,0,Zimbabwe,3.0,0.0
Prostate cancer,4,Zimbabwe,68.3,0.234286863295431
Rectal cancer,0,Zimbabwe,3.6,0.0
Salivary gland cancer,0,Zimbabwe,0.53,0.0
Skin cancer,9,Zimbabwe,7.0,0.5271454424147197
Stomach cancer,1,Zimbabwe,10.3,0.05857171582385775
Testicular cancer,1,Zimbabwe,0.2,0.05857171582385775
Throat cancer,0,Zimbabwe,0.9,0.0
Thyroid cancer,0,Zimbabwe,2.1,0.0
Uterine cancer,0,Zimbabwe,7.7,0.0
Vaginal cancer,0,Zimbabwe,0.85,0.0
Vulvar cancer,0,Zimbabwe,2.5,0.0
Anal cancer,0,Gambia,0.0,0.0
Bladder cancer,0,Gambia,1.3,0.0
Brain cancer,3,Gambia,0.39,1.2382817272544158
Breast cancer,7,Gambia,12.1,2.8893240302603034
Cervical cancer,4,Gambia,39.4,1.6510423030058876
Colon cancer,2,Gambia,0.9,0.8255211515029438
Colorectal cancer,1,Gambia,2.6,0.4127605757514719
Esophageal cancer,0,Gambia,2.0,0.0
Gallbladder cancer,0,Gambia,0.0,0.0
Hodgkin lymphoma,3,Gambia,0.16,1.2382817272544158
Kaposi sarcoma,0,Gambia,0.29,0.0
Kidney cancer,0,Gambia,0.24,0.0
Laryngeal cancer,0,Gambia,0.57,0.0
Leukemia,4,Gambia,0.89,1.6510423030058876
Liver cancer,21,Gambia,17.9,8.66797209078091
Lung cancer,21,Gambia,5.0,8.66797209078091
Mesothelioma,0,Gambia,0.0,0.0
Mouth cancer,0,Gambia,0.34,0.0
Multiple myeloma,0,Gambia,0.0,0.0
Non-Hodgkin lymphoma,3,Gambia,1.7,1.2382817272544158
Ovarian cancer,1,Gambia,2.2,0.4127605757514719
Pancreatic cancer,0,Gambia,1.6,0.0
Penile cancer,0,Gambia,0.82,0.0
Prostate cancer,0,Gambia,10.3,0.0
Rectal cancer,0,Gambia,1.7,0.0
Salivary gland cancer,0,Gambia,0.07,0.0
Skin cancer,2,Gambia,0.36,0.8255211515029438
Stomach cancer,0,Gambia,2.8,0.0
Testicular cancer,0,Gambia,0.07,0.0
Throat cancer,0,Gambia,0.0,0.0
Thyroid cancer,0,Gambia,0.42,0.0
Uterine cancer,0,Gambia,1.5,0.0
Vaginal cancer,0,Gambia,0.0,0.0
Vulvar cancer,0,Gambia,0.11,0.0
Anal cancer,241,United Kingdom,1.5,3.5303488194110706
Bladder cancer,1968,United Kingdom,13.4,28.828740566809074
Brain cancer,3156,United Kingdom,5.5,46.231455908968215
Breast cancer,16818,United Kingdom,94.0,246.3626823437983
Cervical cancer,2037,United Kingdom,7.5,29.839504336681955
Colon cancer,1536,United Kingdom,18.6,22.50048044238757
Colorectal cancer,7994,United Kingdom,30.9,117.10210980237386
Esophageal cancer,468,United Kingdom,5.9,6.855615134789963
Gallbladder cancer,119,United Kingdom,0.73,1.7432012842735163
Hodgkin lymphoma,715,United Kingdom,2.8,10.473856455929111
Kaposi sarcoma,109,United Kingdom,0.16,1.596713781393389
Kidney cancer,1859,United Kingdom,10.0,27.232026785415687
Laryngeal cancer,228,United Kingdom,1.7,3.339915065666905
Leukemia,9821,United Kingdom,8.4,143.86537657857315
Liver cancer,2057,United Kingdom,4.8,30.13247934244221
Lung cancer,4214,United Kingdom,30.1,61.72983371368569
Mesothelioma,1024,United Kingdom,1.7,15.000320294925048
Mouth cancer,49,United Kingdom,4.9,0.7177887641126244
Multiple myeloma,2038,United Kingdom,4.0,29.854153086969966
Non-Hodgkin lymphoma,1284,United Kingdom,11.2,18.80899536980836
Ovarian cancer,3538,United Kingdom,9.2,51.82727851898908
Pancreatic cancer,1883,United Kingdom,6.7,27.58359679232799
Penile cancer,194,United Kingdom,1.2,2.841857555874472
Prostate cancer,7116,United Kingdom,74.0,104.24050704949867
Rectal cancer,1627,United Kingdom,10.7,23.83351671859673
Salivary gland cancer,17,United Kingdom,0.63,0.24902875489621662
Skin cancer,6795,United Kingdom,32.6,99.53825820704658
Stomach cancer,424,United Kingdom,3.6,6.211070122117403
Testicular cancer,443,United Kingdom,6.7,6.489396377589644
Throat cancer,9,United Kingdom,3.45,0.13183875259211467
Thyroid cancer,754,United Kingdom,5.1,11.045157717161608
Uterine cancer,1060,United Kingdom,14.8,15.527675305293506
Vaginal cancer,28,United Kingdom,0.34,0.41016500806435674
Vulvar cancer,143,United Kingdom,1.9,2.094771291185822
Anal cancer,0,Guatemala,0.05,0.0
Bladder cancer,1,Guatemala,0.81,0.05531031576106165
Brain cancer,1,Guatemala,1.8,0.05531031576106165
Breast cancer,3,Guatemala,28.4,0.16593094728318494
Cervical cancer,9,Guatemala,21.5,0.49779284184955486
Colon cancer,0,Guatemala,5.6,0.0
Colorectal cancer,2,Guatemala,6.2,0.1106206315221233
Esophageal cancer,1,Guatemala,1.0,0.05531031576106165
Gallbladder cancer,0,Guatemala,0.35,0.0
Hodgkin lymphoma,3,Guatemala,0.88,0.16593094728318494
Kaposi sarcoma,0,Guatemala,0.0,0.0
Kidney cancer,1,Guatemala,2.0,0.05531031576106165
Laryngeal cancer,0,Guatemala,0.61,0.0
Leukemia,6,Guatemala,6.1,0.3318618945663699
Liver cancer,3,Guatemala,15.5,0.16593094728318494
Lung cancer,3,Guatemala,3.8,0.16593094728318494
Mesothelioma,0,Guatemala,0.0,0.0
Mouth cancer,0,Guatemala,0.87,0.0
Multiple myeloma,0,Guatemala,0.38,0.0
Non-Hodgkin lymphoma,3,Guatemala,2.5,0.16593094728318494
Ovarian cancer,0,Guatemala,3.0,0.0
Pancreatic cancer,0,Guatemala,2.5,0.0
Penile cancer,0,Guatemala,0.3,0.0
Prostate cancer,3,Guatemala,43.6,0.16593094728318494
Rectal cancer,0,Guatemala,0.56,0.0
Salivary gland cancer,0,Guatemala,0.15,0.0
Skin cancer,5,Guatemala,3.48,0.27655157880530823
Stomach cancer,0,Guatemala,12.2,0.0
Testicular cancer,1,Guatemala,2.5,0.05531031576106165
Throat cancer,0,Guatemala,0.46,0.0
Thyroid cancer,0,Guatemala,3.7,0.0
Uterine cancer,1,Guatemala,2.5,0.05531031576106165
Vaginal cancer,1,Guatemala,0.19,0.05531031576106165
Vulvar cancer,0,Guatemala,0.2,0.0
Anal cancer,0,Uganda,0.6,0.0
Bladder cancer,1,Uganda,1.9,0.021783921492315384
Brain cancer,2,Uganda,1.9,0.04356784298463077
Breast cancer,58,Uganda,23.3,1.2634674465542923
Cervical cancer,122,Uganda,53.8,2.657638422062477
Colon cancer,4,Uganda,3.8,0.08713568596926154
Colorectal cancer,6,Uganda,7.3,0.1307035289538923
Esophageal cancer,6,Uganda,13.2,0.1307035289538923
Gallbladder cancer,0,Uganda,0.13,0.0
Hodgkin lymphoma,10,Uganda,1.2,0.21783921492315383
Kaposi sarcoma,17,Uganda,11.1,0.37032666536936154
Kidney cancer,5,Uganda,1.3,0.10891960746157692
Laryngeal cancer,1,Uganda,1.4,0.021783921492315384
Leukemia,13,Uganda,2.4,0.2831909794001
Liver cancer,13,Uganda,8.9,0.2831909794001
Lung cancer,16,Uganda,3.0,0.34854274387704615
Mesothelioma,1,Uganda,0.11,0.021783921492315384
Mouth cancer,0,Uganda,2.3,0.0
Multiple myeloma,1,Uganda,1.0,0.021783921492315384
Non-Hodgkin lymphoma,7,Uganda,7.4,0.15248745044620768
Ovarian cancer,4,Uganda,5.6,0.08713568596926154
Pancreatic cancer,1,Uganda,1.6,0.021783921492315384
Penile cancer,0,Uganda,3.1,0.0
Prostate cancer,27,Uganda,43.1,0.5881658802925154
Rectal cancer,0,Uganda,2.9,0.0
Salivary gland cancer,1,Uganda,0.41,0.021783921492315384
Skin cancer,2,Uganda,2.54,0.04356784298463077
Stomach cancer,1,Uganda,3.3,0.021783921492315384
Testicular cancer,1,Uganda,0.45,0.021783921492315384
Throat cancer,0,Uganda,3.16,0.0
Thyroid cancer,2,Uganda,1.8,0.04356784298463077
Uterine cancer,2,Uganda,3.8,0.04356784298463077
Vaginal cancer,0,Uganda,0.35,0.0
Vulvar cancer,0,Uganda,1.1,0.0
Anal cancer,1,Croatia,0.48,0.2590884336186933
Bladder cancer,49,Croatia,11.7,12.695333247315974
Brain cancer,118,Croatia,6.5,30.572435167005814
Breast cancer,394,Croatia,74.6,102.08084284576518
Cervical cancer,94,Croatia,8.3,24.354312760157175
Colon cancer,88,Croatia,24.5,22.799782158445012
Colorectal cancer,121,Croatia,41.1,31.349700467861894
Esophageal cancer,5,Croatia,2.3,1.2954421680934667
Gallbladder cancer,4,Croatia,1.5,1.0363537344747733
Hodgkin lymphoma,61,Croatia,2.2,15.804394450740293
Kaposi sarcoma,5,Croatia,0.08,1.2954421680934667
Kidney cancer,73,Croatia,10.3,18.913455654164615
Laryngeal cancer,22,Croatia,3.1,5.699945539611253
Leukemia,207,Croatia,8.8,53.63130575906952
Liver cancer,50,Croatia,5.2,12.954421680934667
Lung cancer,99,Croatia,37.1,25.64975492825064
Mesothelioma,21,Croatia,0.99,5.44085710599256
Mouth cancer,1,Croatia,3.3,0.2590884336186933
Multiple myeloma,49,Croatia,3.9,12.695333247315974
Non-Hodgkin lymphoma,85,Croatia,10.2,22.022516857588933
Ovarian cancer,83,Croatia,10.7,21.504339990351546
Pancreatic cancer,30,Croatia,7.3,7.7726530085608
Penile cancer,1,Croatia,0.87,0.2590884336186933
Prostate cancer,160,Croatia,69.5,41.454149378990934
Rectal cancer,12,Croatia,16.1,3.10906120342432
Salivary gland cancer,1,Croatia,0.61,0.2590884336186933
Skin cancer,290,Croatia,19.3,75.13564574942107
Stomach cancer,17,Croatia,9.4,4.404503371517786
Testicular cancer,13,Croatia,11.3,3.3681496370430133
Throat cancer,0,Croatia,3.79,0.0
Thyroid cancer,68,Croatia,14.0,17.618013486071145
Uterine cancer,33,Croatia,17.9,8.54991830941688
Vaginal cancer,2,Croatia,0.36,0.5181768672373867
Vulvar cancer,5,Croatia,1.6,1.2954421680934667
Anal cancer,1,Ukraine,0.45,0.030430284218854603
Bladder cancer,19,Ukraine,6.3,0.5781754001582374
Brain cancer,61,Ukraine,4.1,1.856247337350131
Breast cancer,224,Ukraine,43.1,6.816383665023431
Cervical cancer,30,Ukraine,15.2,0.9129085265656381
Colon cancer,39,Ukraine,12.9,1.1867810845353295
Colorectal cancer,50,Ukraine,24.2,1.5215142109427302
Esophageal cancer,6,Ukraine,3.2,0.18258170531312762
Gallbladder cancer,1,Ukraine,0.61,0.030430284218854603
Hodgkin lymphoma,5,Ukraine,2.0,0.15215142109427301
Kaposi sarcoma,0,Ukraine,0.05,0.0
Kidney cancer,36,Ukraine,8.0,1.0954902318787658
Laryngeal cancer,3,Ukraine,3.5,0.09129085265656381
Leukemia,200,Ukraine,5.7,6.086056843770921
Liver cancer,4,Ukraine,2.6,0.12172113687541841
Lung cancer,25,Ukraine,20.6,0.7607571054713651
Mesothelioma,3,Ukraine,0.24,0.09129085265656381
Mouth cancer,0,Ukraine,4.3,0.0
Multiple myeloma,37,Ukraine,1.3,1.1259205160976204
Non-Hodgkin lymphoma,8,Ukraine,3.9,0.24344227375083682
Ovarian cancer,37,Ukraine,11.0,1.1259205160976204
Pancreatic cancer,15,Ukraine,6.4,0.4564542632828191
Penile cancer,0,Ukraine,0.71,0.0
Prostate cancer,54,Ukraine,26.4,1.6432353478181487
Rectal cancer,22,Ukraine,10.9,0.6694662528148013
Salivary gland cancer,0,Ukraine,0.63,0.0
Skin cancer,68,Ukraine,9.3,2.069259326882113
Stomach cancer,10,Ukraine,9.5,0.30430284218854603
Testicular cancer,0,Ukraine,1.9,0.0
Throat cancer,0,Ukraine,4.07,0.0
Thyroid cancer,87,Ukraine,6.0,2.6474347270403507
Uterine cancer,34,Ukraine,19.4,1.0346296634410566
Vaginal cancer,1,Ukraine,0.3,0.030430284218854603
Vulvar cancer,0,Ukraine,1.1,0.0
Anal cancer,1,Costa Rica,0.23,0.18833721778845022
Bladder cancer,0,Costa Rica,3.3,0.0
Brain cancer,0,Costa Rica,3.7,0.0
Breast cancer,19,Costa Rica,37.5,3.578407137980554
Cervical cancer,23,Costa Rica,10.6,4.331756009134355
Colon cancer,5,Costa Rica,9.5,0.9416860889422511
Colorectal cancer,5,Costa Rica,14.3,0.9416860889422511
Esophageal cancer,0,Costa Rica,0.81,0.0
Gallbladder cancer,0,Costa Rica,0.71,0.0
Hodgkin lymphoma,1,Costa Rica,1.7,0.18833721778845022
Kaposi sarcoma,0,Costa Rica,0.24,0.0
Kidney cancer,0,Costa Rica,2.8,0.0
Laryngeal cancer,1,Costa Rica,1.1,0.18833721778845022
Leukemia,26,Costa Rica,6.1,4.896767662499705
Liver cancer,2,Costa Rica,5.0,0.37667443557690045
Lung cancer,6,Costa Rica,6.8,1.1300233067307013
Mesothelioma,1,Costa Rica,0.05,0.18833721778845022
Mouth cancer,0,Costa Rica,1.4,0.0
Multiple myeloma,3,Costa Rica,1.6,0.5650116533653506
Non-Hodgkin lymphoma,1,Costa Rica,5.7,0.18833721778845022
Ovarian cancer,2,Costa Rica,4.3,0.37667443557690045
Pancreatic cancer,1,Costa Rica,4.2,0.18833721778845022
Penile cancer,2,Costa Rica,1.1,0.37667443557690045
Prostate cancer,2,Costa Rica,45.6,0.37667443557690045
Rectal cancer,0,Costa Rica,4.6,0.0
Salivary gland cancer,0,Costa Rica,0.51,0.0
Skin cancer,9,Costa Rica,20.2,1.695034960096052
Stomach cancer,10,Costa Rica,14.0,1.8833721778845023
Testicular cancer,0,Costa Rica,4.0,0.0
Throat cancer,0,Costa Rica,0.96,0.0
Thyroid cancer,1,Costa Rica,13.8,0.18833721778845022
Uterine cancer,2,Costa Rica,10.7,0.37667443557690045
Vaginal cancer,0,Costa Rica,0.24,0.0
Vulvar cancer,0,Costa Rica,0.67,0.0
Anal cancer,0,Tajikistan,0.51,0.0
Bladder cancer,0,Tajikistan,1.0,0.0
Brain cancer,0,Tajikistan,4.5,0.0
Breast cancer,0,Tajikistan,19.5,0.0
Cervical cancer,0,Tajikistan,6.6,0.0
Colon cancer,0,Tajikistan,2.6,0.0
Colorectal cancer,0,Tajikistan,5.6,0.0
Esophageal cancer,0,Tajikistan,2.3,0.0
Gallbladder cancer,0,Tajikistan,0.36,0.0
Hodgkin lymphoma,0,Tajikistan,0.32,0.0
Kaposi sarcoma,0,Tajikistan,0.04,0.0
Kidney cancer,1,Tajikistan,2.0,0.0952471663967997
Laryngeal cancer,0,Tajikistan,0.31,0.0
Leukemia,0,Tajikistan,2.1,0.0
Liver cancer,0,Tajikistan,4.6,0.0
Lung cancer,0,Tajikistan,5.4,0.0
Mesothelioma,0,Tajikistan,0.02,0.0
Mouth cancer,0,Tajikistan,1.3,0.0
Multiple myeloma,0,Tajikistan,0.22,0.0
Non-Hodgkin lymphoma,0,Tajikistan,2.3,0.0
Ovarian cancer,0,Tajikistan,1.8,0.0
Pancreatic cancer,0,Tajikistan,1.3,0.0
Penile cancer,0,Tajikistan,0.0,0.0
Prostate cancer,0,Tajikistan,3.9,0.0
Rectal cancer,0,Tajikistan,2.5,0.0
Salivary gland cancer,0,Tajikistan,0.11,0.0
Skin cancer,1,Tajikistan,2.12,0.0952471663967997
Stomach cancer,0,Tajikistan,19.4,0.0
Testicular cancer,0,Tajikistan,0.43,0.0
Throat cancer,0,Tajikistan,0.87,0.0
Thyroid cancer,0,Tajikistan,0.34,0.0
Uterine cancer,0,Tajikistan,6.0,0.0
Vaginal cancer,0,Tajikistan,0.02,0.0
Vulvar cancer,0,Tajikistan,0.3,0.0
Anal cancer,0,Yemen,0.12,0.0
Bladder cancer,4,Yemen,2.1,0.12238215768494323
Brain cancer,2,Yemen,2.9,0.061191078842471616
Breast cancer,18,Yemen,25.4,0.5507197095822445
Cervical cancer,2,Yemen,2.1,0.061191078842471616
Colon cancer,1,Yemen,5.5,0.030595539421235808
Colorectal cancer,4,Yemen,9.1,0.12238215768494323
Esophageal cancer,1,Yemen,5.4,0.030595539421235808
Gallbladder cancer,0,Yemen,0.11,0.0
Hodgkin lymphoma,0,Yemen,1.7,0.0
Kaposi sarcoma,0,Yemen,0.06,0.0
Kidney cancer,1,Yemen,0.62,0.030595539421235808
Laryngeal cancer,0,Yemen,2.0,0.0
Leukemia,3,Yemen,4.2,0.09178661826370742
Liver cancer,4,Yemen,4.4,0.12238215768494323
Lung cancer,4,Yemen,4.1,0.12238215768494323
Mesothelioma,0,Yemen,0.01,0.0
Mouth cancer,0,Yemen,1.8,0.0
Multiple myeloma,0,Yemen,0.11,0.0
Non-Hodgkin lymphoma,0,Yemen,3.6,0.0
Ovarian cancer,2,Yemen,2.9,0.061191078842471616
Pancreatic cancer,1,Yemen,2.0,0.030595539421235808
Penile cancer,0,Yemen,0.0,0.0
Prostate cancer,0,Yemen,2.6,0.0
Rectal cancer,0,Yemen,3.5,0.0
Salivary gland cancer,0,Yemen,0.94,0.0
Skin cancer,3,Yemen,1.78,0.09178661826370742
Stomach cancer,1,Yemen,5.9,0.030595539421235808
Testicular cancer,0,Yemen,0.2,0.0
Throat cancer,0,Yemen,1.82,0.0
Thyroid cancer,10,Yemen,2.3,0.30595539421235807
Uterine cancer,0,Yemen,0.15,0.0
Vaginal cancer,0,Yemen,0.41,0.0
Vulvar cancer,0,Yemen,0.24,0.0
Anal cancer,0,Montenegro,0.66,0.0
Bladder cancer,2,Montenegro,8.0,3.2085887503669825
Brain cancer,1,Montenegro,7.9,1.6042943751834913
Breast cancer,6,Montenegro,76.5,9.625766251100947
Cervical cancer,6,Montenegro,12.0,9.625766251100947
Colon cancer,0,Montenegro,12.9,0.0
Colorectal cancer,9,Montenegro,21.3,14.438649376651421
Esophageal cancer,0,Montenegro,1.9,0.0
Gallbladder cancer,0,Montenegro,0.79,0.0
Hodgkin lymphoma,1,Montenegro,2.5,1.6042943751834913
Kaposi sarcoma,0,Montenegro,0.0,0.0
Kidney cancer,0,Montenegro,4.0,0.0
Laryngeal cancer,6,Montenegro,4.0,9.625766251100947
Leukemia,0,Montenegro,4.9,0.0
Liver cancer,1,Montenegro,4.7,1.6042943751834913
Lung cancer,1,Montenegro,36.7,1.6042943751834913
Mesothelioma,0,Montenegro,0.22,0.0
Mouth cancer,0,Montenegro,2.2,0.0
Multiple myeloma,0,Montenegro,1.3,0.0
Non-Hodgkin lymphoma,1,Montenegro,5.6,1.6042943751834913
Ovarian cancer,0,Montenegro,4.8,0.0
Pancreatic cancer,2,Montenegro,5.8,3.2085887503669825
Penile cancer,0,Montenegro,0.34,0.0
Prostate cancer,3,Montenegro,36.1,4.812883125550473
Rectal cancer,0,Montenegro,7.8,0.0
Salivary gland cancer,0,Montenegro,0.35,0.0
Skin cancer,2,Montenegro,24.3,3.2085887503669825
Stomach cancer,1,Montenegro,3.9,1.6042943751834913
Testicular cancer,1,Montenegro,6.8,1.6042943751834913
Throat cancer,0,Montenegro,1.9,0.0
Thyroid cancer,1,Montenegro,4.1,1.6042943751834913
Uterine cancer,0,Montenegro,17.5,0.0
Vaginal cancer,0,Montenegro,0.26,0.0
Vulvar cancer,0,Montenegro,0.3,0.0
Anal cancer,0,Congo Republic,0.84,0.0
Bladder cancer,0,Congo Republic,0.63,0.0
Brain cancer,0,Congo Republic,0.29,0.0
Breast cancer,13,Congo Republic,26.9,2.1165123783412403
Cervical cancer,7,Congo Republic,22.3,1.139660511414514
Colon cancer,0,Congo Republic,2.0,0.0
Colorectal cancer,2,Congo Republic,4.8,0.32561728897557546
Esophageal cancer,0,Congo Republic,0.43,0.0
Gallbladder cancer,0,Congo Republic,0.08,0.0
Hodgkin lymphoma,1,Congo Republic,0.07,0.16280864448778773
Kaposi sarcoma,0,Congo Republic,0.35,0.0
Kidney cancer,2,Congo Republic,0.67,0.32561728897557546
Laryngeal cancer,0,Congo Republic,0.52,0.0
Leukemia,6,Congo Republic,2.4,0.9768518669267263
Liver cancer,3,Congo Republic,6.9,0.48842593346336316
Lung cancer,3,Congo Republic,1.4,0.48842593346336316
Mesothelioma,0,Congo Republic,0.0,0.0
Mouth cancer,0,Congo Republic,0.61,0.0
Multiple myeloma,3,Congo Republic,1.3,0.48842593346336316
Non-Hodgkin lymphoma,0,Congo Republic,1.2,0.0
Ovarian cancer,4,Congo Republic,3.5,0.6512345779511509
Pancreatic cancer,0,Congo Republic,1.1,0.0
Penile cancer,0,Congo Republic,0.05,0.0
Prostate cancer,3,Congo Republic,42.3,0.48842593346336316
Rectal cancer,0,Congo Republic,2.0,0.0
Salivary gland cancer,0,Congo Republic,0.23,0.0
Skin cancer,3,Congo Republic,1.84,0.48842593346336316
Stomach cancer,0,Congo Republic,3.4,0.0
Testicular cancer,0,Congo Republic,0.03,0.0
Throat cancer,0,Congo Republic,0.52,0.0
Thyroid cancer,1,Congo Republic,0.45,0.16280864448778773
Uterine cancer,0,Congo Republic,1.2,0.0
Vaginal cancer,0,Congo Republic,0.29,0.0
Vulvar cancer,0,Congo Republic,1.6,0.0
Anal cancer,0,Cameroon,0.68,0.0
Bladder cancer,0,Cameroon,1.4,0.0
Brain cancer,2,Cameroon,0.51,0.0679294133238857
Breast cancer,45,Cameroon,48.6,1.5284117997874285
Cervical cancer,36,Cameroon,33.1,1.2227294398299429
Colon cancer,2,Cameroon,3.2,0.0679294133238857
Colorectal cancer,5,Cameroon,6.3,0.16982353330971428
Esophageal cancer,1,Cameroon,1.3,0.03396470666194285
Gallbladder cancer,0,Cameroon,0.19,0.0
Hodgkin lymphoma,2,Cameroon,0.54,0.0679294133238857
Kaposi sarcoma,3,Cameroon,6.2,0.10189411998582856
Kidney cancer,2,Cameroon,0.84,0.0679294133238857
Laryngeal cancer,0,Cameroon,0.28,0.0
Leukemia,26,Cameroon,1.8,0.8830823732105142
Liver cancer,24,Cameroon,5.8,0.8151529598866285
Lung cancer,24,Cameroon,3.1,0.8151529598866285
Mesothelioma,0,Cameroon,0.05,0.0
Mouth cancer,0,Cameroon,1.7,0.0
Multiple myeloma,2,Cameroon,0.78,0.0679294133238857
Non-Hodgkin lymphoma,2,Cameroon,7.8,0.0679294133238857
Ovarian cancer,3,Cameroon,5.9,0.10189411998582856
Pancreatic cancer,5,Cameroon,1.4,0.16982353330971428
Penile cancer,0,Cameroon,0.11,0.0
Prostate cancer,13,Cameroon,38.6,0.4415411866052571
Rectal cancer,2,Cameroon,2.4,0.0679294133238857
Salivary gland cancer,0,Cameroon,1.3,0.0
Skin cancer,10,Cameroon,3.2,0.33964706661942856
Stomach cancer,0,Cameroon,3.5,0.0
Testicular cancer,1,Cameroon,0.36,0.03396470666194285
Throat cancer,0,Cameroon,4.24,0.0
Thyroid cancer,4,Cameroon,0.75,0.1358588266477714
Uterine cancer,2,Cameroon,2.9,0.0679294133238857
Vaginal cancer,0,Cameroon,0.59,0.0
Vulvar cancer,0,Cameroon,0.87,0.0
Anal cancer,16,Thailand,0.27,0.24294089673129096
Bladder cancer,33,Thailand,3.4,0.5010655995082877
Brain cancer,143,Thailand,2.8,2.171284264535913
Breast cancer,881,Thailand,37.4,13.376933126266708
Cervical cancer,668,Thailand,14.9,10.142782438531398
Colon cancer,166,Thailand,8.4,2.520511803587144
Colorectal cancer,360,Thailand,15.9,5.466170176454047
Esophageal cancer,51,Thailand,2.7,0.77437410833099
Gallbladder cancer,8,Thailand,1.4,0.12147044836564548
Hodgkin lymphoma,29,Thailand,0.4,0.4403303753254649
Kaposi sarcoma,3,Thailand,0.08,0.04555141813711706
Kidney cancer,56,Thailand,1.7,0.8502931385595184
Laryngeal cancer,15,Thailand,1.3,0.22775709068558528
Leukemia,419,Thailand,5.1,6.362014733150683
Liver cancer,556,Thailand,22.7,8.442196161412362
Lung cancer,784,Thailand,18.1,11.904103939833258
Mesothelioma,10,Thailand,0.03,0.15183806045705686
Mouth cancer,1,Thailand,3.6,0.015183806045705685
Multiple myeloma,47,Thailand,1.1,0.7136388841481672
Non-Hodgkin lymphoma,73,Thailand,5.9,1.108417841336515
Ovarian cancer,201,Thailand,7.4,3.051945015186843
Pancreatic cancer,46,Thailand,2.5,0.6984550781024615
Penile cancer,9,Thailand,1.2,0.13665425441135118
Prostate cancer,149,Thailand,12.5,2.2623871008101473
Rectal cancer,67,Thailand,7.2,1.017315005062281
Salivary gland cancer,3,Thailand,0.5,0.04555141813711706
Skin cancer,159,Thailand,2.79,2.414225161267204
Stomach cancer,21,Thailand,3.3,0.3188599269598194
Testicular cancer,3,Thailand,0.63,0.04555141813711706
Throat cancer,0,Thailand,3.75,0.0
Thyroid cancer,74,Thailand,3.4,1.1236016473822208
Uterine cancer,116,Thailand,6.9,1.7613215013018595
Vaginal cancer,4,Thailand,0.26,0.06073522418282274
Vulvar cancer,7,Thailand,0.37,0.1062866423199398
Anal cancer,2,Finland,0.44,0.35425498317200266
Bladder cancer,199,Finland,7.9,35.248370825614266
Brain cancer,293,Finland,4.8,51.89835503469839
Breast cancer,1965,Finland,92.3,348.0555209664926
Cervical cancer,242,Finland,4.6,42.864852963812325
Colon cancer,191,Finland,16.5,33.83135089292625
Colorectal cancer,659,Finland,26.8,116.72701695517488
Esophageal cancer,60,Finland,2.6,10.62764949516008
Gallbladder cancer,16,Finland,0.53,2.8340398653760213
Hodgkin lymphoma,86,Finland,2.7,15.232964276396114
Kaposi sarcoma,9,Finland,0.09,1.594147424274012
Kidney cancer,195,Finland,8.9,34.53986085927026
Laryngeal cancer,48,Finland,0.92,8.502119596128065
Leukemia,891,Finland,7.7,157.82059500312718
Liver cancer,103,Finland,4.1,18.244131633358137
Lung cancer,215,Finland,19.2,38.08241069099029
Mesothelioma,152,Finland,0.67,26.9233787210722
Mouth cancer,1,Finland,4.0,0.17712749158600133
Multiple myeloma,152,Finland,2.9,26.9233787210722
Non-Hodgkin lymphoma,182,Finland,11.4,32.23720346865224
Ovarian cancer,443,Finland,7.4,78.4674787725986
Pancreatic cancer,195,Finland,8.9,34.53986085927026
Penile cancer,6,Finland,0.68,1.062764949516008
Prostate cancer,1108,Finland,82.2,196.25726067728948
Rectal cancer,95,Finland,9.8,16.827111700670127
Salivary gland cancer,16,Finland,0.67,2.8340398653760213
Skin cancer,710,Finland,31.4,125.76051902606095
Stomach cancer,68,Finland,4.0,12.04466942784809
Testicular cancer,55,Finland,6.8,9.742012037230074
Throat cancer,0,Finland,1.71,0.0
Thyroid cancer,77,Finland,8.1,13.638816852122103
Uterine cancer,164,Finland,12.4,29.048908620104218
Vaginal cancer,4,Finland,0.33,0.7085099663440053
Vulvar cancer,13,Finland,1.7,2.3026573906180174
Anal cancer,0,Azerbaijan,0.87,0.0
Bladder cancer,3,Azerbaijan,5.4,0.29291949146832924
Brain cancer,3,Azerbaijan,5.5,0.29291949146832924
Breast cancer,13,Azerbaijan,32.9,1.26931779636276
Cervical cancer,0,Azerbaijan,8.2,0.0
Colon cancer,1,Azerbaijan,8.4,0.09763983048944308
Colorectal cancer,7,Azerbaijan,14.2,0.6834788134261016
Esophageal cancer,3,Azerbaijan,8.0,0.29291949146832924
Gallbladder cancer,1,Azerbaijan,0.56,0.09763983048944308
Hodgkin lymphoma,0,Azerbaijan,2.0,0.0
Kaposi sarcoma,0,Azerbaijan,0.44,0.0
Kidney cancer,5,Azerbaijan,2.8,0.4881991524472154
Laryngeal cancer,0,Azerbaijan,3.1,0.0
Leukemia,4,Azerbaijan,5.3,0.3905593219577723
Liver cancer,1,Azerbaijan,5.4,0.09763983048944308
Lung cancer,1,Azerbaijan,19.4,0.09763983048944308
Mesothelioma,0,Azerbaijan,0.23,0.0
Mouth cancer,0,Azerbaijan,1.8,0.0
Multiple myeloma,0,Azerbaijan,1.2,0.0
Non-Hodgkin lymphoma,0,Azerbaijan,3.6,0.0
Ovarian cancer,1,Azerbaijan,5.9,0.09763983048944308
Pancreatic cancer,4,Azerbaijan,3.0,0.3905593219577723
Penile cancer,0,Azerbaijan,0.02,0.0
Prostate cancer,3,Azerbaijan,10.8,0.29291949146832924
Rectal cancer,0,Azerbaijan,4.9,0.0
Salivary gland cancer,0,Azerbaijan,0.89,0.0
Skin cancer,6,Azerbaijan,3.56,0.5858389829366585
Stomach cancer,4,Azerbaijan,16.6,0.3905593219577723
Testicular cancer,0,Azerbaijan,1.2,0.0
Throat cancer,0,Azerbaijan,1.07,0.0
Thyroid cancer,1,Azerbaijan,2.9,0.09763983048944308
Uterine cancer,0,Azerbaijan,5.0,0.0
Vaginal cancer,0,Azerbaijan,0.03,0.0
Vulvar cancer,0,Azerbaijan,0.3,0.0
Anal cancer,1,Singapore,0.6,0.16564793188557042
Bladder cancer,122,Singapore,3.9,20.20904769003959
Brain cancer,247,Singapore,2.8,40.91503917573589
Breast cancer,1437,Singapore,72.6,238.03607811956468
Cervical cancer,151,Singapore,7.4,25.012837714721133
Colon cancer,148,Singapore,20.7,24.51589391906442
Colorectal cancer,585,Singapore,34.0,96.90404015305869
Esophageal cancer,26,Singapore,1.9,4.30684622902483
Gallbladder cancer,12,Singapore,1.3,1.9877751826268448
Hodgkin lymphoma,48,Singapore,1.3,7.951100730507379
Kaposi sarcoma,3,Singapore,0.06,0.4969437956567112
Kidney cancer,138,Singapore,7.0,22.859414600208716
Laryngeal cancer,4,Singapore,1.5,0.6625917275422817
Leukemia,576,Singapore,8.8,95.41320876608856
Liver cancer,803,Singapore,12.1,133.01528930411303
Lung cancer,1010,Singapore,24.3,167.30441120442612
Mesothelioma,19,Singapore,0.36,3.147310705825838
Mouth cancer,0,Singapore,2.3,0.0
Multiple myeloma,161,Singapore,2.2,26.669317033576835
Non-Hodgkin lymphoma,105,Singapore,11.3,17.393032847984895
Ovarian cancer,191,Singapore,10.3,31.638754990143948
Pancreatic cancer,71,Singapore,7.7,11.761003163875499
Penile cancer,6,Singapore,0.45,0.9938875913134224
Prostate cancer,294,Singapore,32.8,48.7004919743577
Rectal cancer,112,Singapore,12.7,18.552568371183884
Salivary gland cancer,2,Singapore,0.68,0.33129586377114084
Skin cancer,264,Singapore,4.24,43.73105401779059
Stomach cancer,54,Singapore,8.0,8.944988321820802
Testicular cancer,11,Singapore,2.2,1.8221272507412745
Throat cancer,1,Singapore,6.4,0.16564793188557042
Thyroid cancer,66,Singapore,7.1,10.932763504447648
Uterine cancer,46,Singapore,17.6,7.619804866736239
Vaginal cancer,1,Singapore,0.38,0.16564793188557042
Vulvar cancer,3,Singapore,0.63,0.4969437956567112
Anal cancer,7,Colombia,0.78,0.132837528013537
Bladder cancer,10,Colombia,2.8,0.1897678971621957
Brain cancer,62,Colombia,3.3,1.1765609624056133
Breast cancer,340,Colombia,50.7,6.452108503514653
Cervical cancer,199,Colombia,13.7,3.7763811535276943
Colon cancer,34,Colombia,11.2,0.6452108503514653
Colorectal cancer,96,Colombia,16.4,1.8217718127570786
Esophageal cancer,2,Colombia,1.4,0.037953579432439134
Gallbladder cancer,3,Colombia,0.96,0.056930369148658705
Hodgkin lymphoma,18,Colombia,1.2,0.34158221489195223
Kaposi sarcoma,5,Colombia,0.69,0.09488394858109785
Kidney cancer,31,Colombia,3.8,0.5882804812028066
Laryngeal cancer,5,Colombia,1.4,0.09488394858109785
Leukemia,175,Colombia,6.1,3.3209382003384245
Liver cancer,30,Colombia,3.6,0.5693036914865871
Lung cancer,65,Colombia,10.1,1.233491331554272
Mesothelioma,15,Colombia,0.21,0.28465184574329355
Mouth cancer,0,Colombia,1.3,0.0
Multiple myeloma,20,Colombia,2.1,0.3795357943243914
Non-Hodgkin lymphoma,30,Colombia,6.0,0.5693036914865871
Ovarian cancer,42,Colombia,6.7,0.7970251680812219
Pancreatic cancer,8,Colombia,4.0,0.15181431772975654
Penile cancer,12,Colombia,1.6,0.22772147659463482
Prostate cancer,114,Colombia,52.6,2.1633540276490306
Rectal cancer,13,Colombia,4.5,0.2466982663108544
Salivary gland cancer,0,Colombia,0.68,0.0
Skin cancer,131,Colombia,6.6,2.4859594528247633
Stomach cancer,42,Colombia,12.9,0.7970251680812219
Testicular cancer,5,Colombia,4.5,0.09488394858109785
Throat cancer,0,Colombia,1.34,0.0
Thyroid cancer,53,Colombia,8.1,1.0057698549596372
Uterine cancer,17,Colombia,8.8,0.32260542517573265
Vaginal cancer,0,Colombia,0.51,0.0
Vulvar cancer,1,Colombia,1.1,0.018976789716219567
Anal cancer,2,Kenya,0.87,0.03750165616689047
Bladder cancer,3,Kenya,2.3,0.0562524842503357
Brain cancer,8,Kenya,2.1,0.15000662466756187
Breast cancer,64,Kenya,40.8,1.200052997340495
Cervical cancer,106,Kenya,32.8,1.9875877768451948
Colon cancer,6,Kenya,6.6,0.1125049685006714
Colorectal cancer,15,Kenya,11.1,0.28126242125167855
Esophageal cancer,10,Kenya,13.0,0.18750828083445234
Gallbladder cancer,0,Kenya,1.6,0.0
Hodgkin lymphoma,3,Kenya,0.85,0.0562524842503357
Kaposi sarcoma,6,Kenya,1.5,0.1125049685006714
Kidney cancer,6,Kenya,1.3,0.1125049685006714
Laryngeal cancer,1,Kenya,1.3,0.018750828083445234
Leukemia,19,Kenya,4.7,0.3562657335854595
Liver cancer,20,Kenya,2.9,0.3750165616689047
Lung cancer,23,Kenya,3.4,0.4312690459192404
Mesothelioma,1,Kenya,0.01,0.018750828083445234
Mouth cancer,0,Kenya,2.7,0.0
Multiple myeloma,10,Kenya,2.9,0.18750828083445234
Non-Hodgkin lymphoma,3,Kenya,4.8,0.0562524842503357
Ovarian cancer,6,Kenya,7.9,0.1125049685006714
Pancreatic cancer,3,Kenya,3.5,0.0562524842503357
Penile cancer,1,Kenya,0.45,0.018750828083445234
Prostate cancer,32,Kenya,39.7,0.6000264986702475
Rectal cancer,2,Kenya,3.6,0.03750165616689047
Salivary gland cancer,0,Kenya,0.46,0.0
Skin cancer,8,Kenya,3.2,0.15000662466756187
Stomach cancer,0,Kenya,7.2,0.0
Testicular cancer,4,Kenya,0.14,0.07500331233378094
Throat cancer,0,Kenya,3.42,0.0
Thyroid cancer,2,Kenya,1.5,0.03750165616689047
Uterine cancer,0,Kenya,5.8,0.0
Vaginal cancer,0,Kenya,0.36,0.0
Vulvar cancer,0,Kenya,0.94,0.0
Anal cancer,74,China,0.22,0.05254636861987673
Bladder cancer,9428,China,3.4,6.694691396597268
Brain cancer,11947,China,4.2,8.483398187860368
Breast cancer,52585,China,33.0,37.339875592921864
Cervical cancer,13699,China,13.8,9.727468969239071
Colon cancer,10421,China,10.4,7.3998068565910184
Colorectal cancer,32939,China,20.1,23.38952481040702
Esophageal cancer,8512,China,8.3,6.044252563410685
Gallbladder cancer,1185,China,1.1,0.8414519839804584
Hodgkin lymphoma,1483,China,0.23,1.053057630584827
Kaposi sarcoma,93,China,0.03,0.0660380038060613
Kidney cancer,9131,China,3.1,6.48379583605533
Laryngeal cancer,1255,China,1.2,0.8911580083506121
Leukemia,24231,China,4.5,17.206095378759905
Liver cancer,52735,China,15.0,37.446388502286474
Lung cancer,78309,China,40.8,55.606129462890905
Mesothelioma,735,China,0.1,0.5219132558866134
Mouth cancer,10,China,1.5,0.007100860624307666
Multiple myeloma,5204,China,1.2,3.6952878688897095
Non-Hodgkin lymphoma,4578,China,3.5,3.2507739938080493
Ovarian cancer,14220,China,5.7,10.097423807765502
Pancreatic cancer,11511,China,4.4,8.173800664640554
Penile cancer,228,China,0.49,0.16189962223421478
Prostate cancer,16603,China,9.7,11.789558894538018
Rectal cancer,5627,China,9.5,3.995654273297924
Salivary gland cancer,52,China,0.48,0.036924475246399864
Skin cancer,12196,China,2.27,8.660209617405629
Stomach cancer,2685,China,13.7,1.9065810776266083
Testicular cancer,208,China,0.41,0.14769790098559946
Throat cancer,16,China,3.12,0.011361376998892265
Thyroid cancer,7798,China,24.6,5.537251114835118
Uterine cancer,4249,China,6.8,3.017155679268327
Vaginal cancer,59,China,0.23,0.04189507768341523
Vulvar cancer,117,China,0.32,0.08308006930439969
Anal cancer,0,Vietnam,0.44,0.0
Bladder cancer,5,Vietnam,1.6,0.0493370092694373
Brain cancer,23,Vietnam,2.6,0.22695024263941158
Breast cancer,183,Vietnam,38.0,1.8057345392614053
Cervical cancer,44,Vietnam,7.1,0.43416568157104823
Colon cancer,28,Vietnam,5.9,0.2762872519088489
Colorectal cancer,74,Vietnam,13.9,0.730187737187672
Esophageal cancer,19,Vietnam,3.1,0.18748063522386174
Gallbladder cancer,1,Vietnam,0.23,0.00986740185388746
Hodgkin lymphoma,8,Vietnam,0.57,0.07893921483109968
Kaposi sarcoma,0,Vietnam,0.14,0.0
Kidney cancer,10,Vietnam,2.0,0.0986740185388746
Laryngeal cancer,3,Vietnam,1.8,0.02960220556166238
Leukemia,52,Vietnam,5.7,0.513104896402148
Liver cancer,110,Vietnam,20.2,1.0854142039276207
Lung cancer,157,Vietnam,20.3,1.5491820910603313
Mesothelioma,3,Vietnam,0.29,0.02960220556166238
Mouth cancer,2,Vietnam,2.0,0.01973480370777492
Multiple myeloma,3,Vietnam,0.5,0.02960220556166238
Non-Hodgkin lymphoma,8,Vietnam,3.0,0.07893921483109968
Ovarian cancer,23,Vietnam,2.5,0.22695024263941158
Pancreatic cancer,14,Vietnam,1.0,0.13814362595442445
Penile cancer,0,Vietnam,0.74,0.0
Prostate cancer,33,Vietnam,11.5,0.3256242611782862
Rectal cancer,18,Vietnam,7.5,0.17761323336997428
Salivary gland cancer,2,Vietnam,0.35,0.01973480370777492
Skin cancer,39,Vietnam,1.26,0.38482867230161094
Stomach cancer,23,Vietnam,13.4,0.22695024263941158
Testicular cancer,2,Vietnam,0.51,0.01973480370777492
Throat cancer,1,Vietnam,7.28,0.00986740185388746
Thyroid cancer,41,Vietnam,5.2,0.40456347600938586
Uterine cancer,8,Vietnam,7.8,0.07893921483109968
Vaginal cancer,0,Vietnam,0.09,0.0
Vulvar cancer,1,Vietnam,0.28,0.00986740185388746
Anal cancer,0,Zambia,0.5,0.0
Bladder cancer,1,Zambia,3.4,0.05077837407950868
Brain cancer,0,Zambia,2.0,0.0
Breast cancer,5,Zambia,22.3,0.2538918703975434
Cervical cancer,38,Zambia,71.5,1.9295782150213296
Colon cancer,1,Zambia,1.8,0.05077837407950868
Colorectal cancer,1,Zambia,5.1,0.05077837407950868
Esophageal cancer,3,Zambia,6.6,0.15233512223852602
Gallbladder cancer,0,Zambia,0.22,0.0
Hodgkin lymphoma,0,Zambia,0.89,0.0
Kaposi sarcoma,5,Zambia,15.7,0.2538918703975434
Kidney cancer,4,Zambia,0.71,0.20311349631803471
Laryngeal cancer,0,Zambia,1.1,0.0
Leukemia,4,Zambia,1.6,0.20311349631803471
Liver cancer,2,Zambia,4.7,0.10155674815901736
Lung cancer,2,Zambia,3.0,0.10155674815901736
Mesothelioma,0,Zambia,0.03,0.0
Mouth cancer,0,Zambia,1.4,0.0
Multiple myeloma,1,Zambia,0.38,0.05077837407950868
Non-Hodgkin lymphoma,0,Zambia,3.5,0.0
Ovarian cancer,0,Zambia,3.6,0.0
Pancreatic cancer,1,Zambia,1.4,0.05077837407950868
Penile cancer,1,Zambia,3.0,0.05077837407950868
Prostate cancer,4,Zambia,65.4,0.20311349631803471
Rectal cancer,1,Zambia,2.7,0.05077837407950868
Salivary gland cancer,0,Zambia,0.79,0.0
Skin cancer,0,Zambia,3.27,0.0
Stomach cancer,5,Zambia,3.9,0.2538918703975434
Testicular cancer,0,Zambia,0.26,0.0
Throat cancer,0,Zambia,0.8400000000000001,0.0
Thyroid cancer,0,Zambia,0.84,0.0
Uterine cancer,0,Zambia,1.3,0.0
Vaginal cancer,0,Zambia,0.97,0.0
Vulvar cancer,0,Zambia,1.7,0.0
Anal cancer,7,New Zealand,0.77,1.3146280541626758
Bladder cancer,42,New Zealand,5.8,7.887768324976055
Brain cancer,137,New Zealand,5.4,25.729149060040942
Breast cancer,778,New Zealand,94.4,146.11151801979454
Cervical cancer,141,New Zealand,4.9,26.480365090991043
Colon cancer,103,New Zealand,24.7,19.343812796965086
Colorectal cancer,463,New Zealand,39.0,86.95325558247413
Esophageal cancer,4,New Zealand,3.6,0.7512160309501005
Gallbladder cancer,4,New Zealand,0.66,0.7512160309501005
Hodgkin lymphoma,25,New Zealand,1.7,4.695100193438128
Kaposi sarcoma,1,New Zealand,0.08,0.18780400773752512
Kidney cancer,134,New Zealand,7.7,25.165737036828364
Laryngeal cancer,7,New Zealand,1.4,1.3146280541626758
Leukemia,394,New Zealand,9.6,73.9947790485849
Liver cancer,77,New Zealand,4.0,14.460908595789434
Lung cancer,194,New Zealand,27.3,36.43397750107987
Mesothelioma,32,New Zealand,1.0,6.009728247600804
Mouth cancer,0,New Zealand,4.0,0.0
Multiple myeloma,118,New Zealand,3.9,22.160872913027966
Non-Hodgkin lymphoma,65,New Zealand,10.3,12.207260502939132
Ovarian cancer,126,New Zealand,8.5,23.663304974928163
Pancreatic cancer,76,New Zealand,6.0,14.27310458805191
Penile cancer,0,New Zealand,0.35,0.0
Prostate cancer,309,New Zealand,82.9,58.03143839089526
Rectal cancer,78,New Zealand,13.4,14.64871260352696
Salivary gland cancer,1,New Zealand,0.42,0.18780400773752512
Skin cancer,538,New Zealand,157.3,101.03855616278851
Stomach cancer,26,New Zealand,5.0,4.882904201175653
Testicular cancer,27,New Zealand,7.2,5.070708208913178
Throat cancer,1,New Zealand,2.0,0.18780400773752512
Thyroid cancer,32,New Zealand,6.7,6.009728247600804
Uterine cancer,73,New Zealand,12.0,13.709692564839333
Vaginal cancer,2,New Zealand,0.45,0.37560801547505024
Vulvar cancer,9,New Zealand,1.4,1.690236069637726
Anal cancer,0,Guinea-Bissau,0.21,0.0
Bladder cancer,0,Guinea-Bissau,1.6,0.0
Brain cancer,0,Guinea-Bissau,2.4,0.0
Breast cancer,0,Guinea-Bissau,27.2,0.0
Cervical cancer,1,Guinea-Bissau,34.3,0.5613852292809554
Colon cancer,0,Guinea-Bissau,2.2,0.0
Colorectal cancer,0,Guinea-Bissau,3.9,0.0
Esophageal cancer,0,Guinea-Bissau,0.95,0.0
Gallbladder cancer,0,Guinea-Bissau,0.0,0.0
Hodgkin lymphoma,0,Guinea-Bissau,0.15,0.0
Kaposi sarcoma,0,Guinea-Bissau,0.32,0.0
Kidney cancer,0,Guinea-Bissau,0.85,0.0
Laryngeal cancer,0,Guinea-Bissau,0.32,0.0
Leukemia,0,Guinea-Bissau,0.77,0.0
Liver cancer,0,Guinea-Bissau,13.3,0.0
Lung cancer,0,Guinea-Bissau,2.1,0.0
Mesothelioma,0,Guinea-Bissau,0.0,0.0
Mouth cancer,0,Guinea-Bissau,1.1,0.0
Multiple myeloma,0,Guinea-Bissau,0.34,0.0
Non-Hodgkin lymphoma,0,Guinea-Bissau,2.8,0.0
Ovarian cancer,0,Guinea-Bissau,4.0,0.0
Pancreatic cancer,0,Guinea-Bissau,0.94,0.0
Penile cancer,0,Guinea-Bissau,0.0,0.0
Prostate cancer,0,Guinea-Bissau,28.8,0.0
Rectal cancer,0,Guinea-Bissau,1.6,0.0
Salivary gland cancer,0,Guinea-Bissau,0.32,0.0
Skin cancer,0,Guinea-Bissau,2.64,0.0
Stomach cancer,0,Guinea-Bissau,5.4,0.0
Testicular cancer,0,Guinea-Bissau,0.0,0.0
Throat cancer,0,Guinea-Bissau,0.06,0.0
Thyroid cancer,0,Guinea-Bissau,0.38,0.0
Uterine cancer,0,Guinea-Bissau,2.4,0.0
Vaginal cancer,0,Guinea-Bissau,0.21,0.0
Vulvar cancer,0,Guinea-Bissau,0.18,0.0
Anal cancer,0,Angola,0.24,0.0
Bladder cancer,2,Angola,2.9,0.05529297383058194
Brain cancer,2,Angola,3.7,0.05529297383058194
Breast cancer,3,Angola,29.4,0.08293946074587291
Cervical cancer,1,Angola,30.4,0.02764648691529097
Colon cancer,0,Angola,2.4,0.0
Colorectal cancer,0,Angola,4.6,0.0
Esophageal cancer,0,Angola,6.4,0.0
Gallbladder cancer,0,Angola,0.18,0.0
Hodgkin lymphoma,0,Angola,0.58,0.0
Kaposi sarcoma,1,Angola,2.8,0.02764648691529097
Kidney cancer,0,Angola,1.9,0.0
Laryngeal cancer,0,Angola,2.2,0.0
Leukemia,1,Angola,2.0,0.02764648691529097
Liver cancer,0,Angola,6.6,0.0
Lung cancer,0,Angola,2.4,0.0
Mesothelioma,0,Angola,0.0,0.0
Mouth cancer,0,Angola,3.4,0.0
Multiple myeloma,3,Angola,0.91,0.08293946074587291
Non-Hodgkin lymphoma,0,Angola,2.8,0.0
Ovarian cancer,0,Angola,2.9,0.0
Pancreatic cancer,1,Angola,1.6,0.02764648691529097
Penile cancer,0,Angola,1.1,0.0
Prostate cancer,2,Angola,47.9,0.05529297383058194
Rectal cancer,0,Angola,1.9,0.0
Salivary gland cancer,0,Angola,0.85,0.0
Skin cancer,0,Angola,3.6,0.0
Stomach cancer,0,Angola,4.5,0.0
Testicular cancer,0,Angola,0.68,0.0
Throat cancer,0,Angola,1.85,0.0
Thyroid cancer,0,Angola,0.73,0.0
Uterine cancer,0,Angola,4.4,0.0
Vaginal cancer,0,Angola,0.65,0.0
Vulvar cancer,0,Angola,0.91,0.0
Anal cancer,0,Kazakhstan,0.25,0.0
Bladder cancer,2,Kazakhstan,3.3,0.09809782913918517
Brain cancer,10,Kazakhstan,3.7,0.4904891456959259
Breast cancer,88,Kazakhstan,36.9,4.316304482124147
Cervical cancer,42,Kazakhstan,15.5,2.0600544119228887
Colon cancer,11,Kazakhstan,8.3,0.5395380602655184
Colorectal cancer,43,Kazakhstan,15.5,2.1091033264924812
Esophageal cancer,11,Kazakhstan,4.1,0.5395380602655184
Gallbladder cancer,0,Kazakhstan,0.49,0.0
Hodgkin lymphoma,0,Kazakhstan,0.85,0.0
Kaposi sarcoma,0,Kazakhstan,0.11,0.0
Kidney cancer,6,Kazakhstan,4.6,0.2942934874175555
Laryngeal cancer,4,Kazakhstan,2.3,0.19619565827837035
Leukemia,27,Kazakhstan,3.2,1.324320693379
Liver cancer,13,Kazakhstan,5.3,0.6376358894047036
Lung cancer,16,Kazakhstan,19.7,0.7847826331134814
Mesothelioma,1,Kazakhstan,0.24,0.04904891456959259
Mouth cancer,0,Kazakhstan,2.7,0.0
Multiple myeloma,3,Kazakhstan,0.68,0.14714674370877776
Non-Hodgkin lymphoma,0,Kazakhstan,2.2,0.0
Ovarian cancer,9,Kazakhstan,7.7,0.4414402311263333
Pancreatic cancer,8,Kazakhstan,5.3,0.3923913165567407
Penile cancer,0,Kazakhstan,0.42,0.0
Prostate cancer,24,Kazakhstan,15.5,1.177173949670222
Rectal cancer,7,Kazakhstan,7.0,0.3433424019871481
Salivary gland cancer,0,Kazakhstan,0.72,0.0
Skin cancer,5,Kazakhstan,10.3,0.24524457284796294
Stomach cancer,4,Kazakhstan,13.7,0.19619565827837035
Testicular cancer,1,Kazakhstan,1.4,0.04904891456959259
Throat cancer,0,Kazakhstan,1.49,0.0
Thyroid cancer,5,Kazakhstan,2.8,0.24524457284796294
Uterine cancer,6,Kazakhstan,10.3,0.2942934874175555
Vaginal cancer,0,Kazakhstan,0.4,0.0
Vulvar cancer,0,Kazakhstan,0.92,0.0
Anal cancer,0,Latvia,0.66,0.0
Bladder cancer,4,Latvia,11.1,2.1853146853146854
Brain cancer,6,Latvia,6.5,3.277972027972028
Breast cancer,52,Latvia,66.0,28.40909090909091
Cervical cancer,10,Latvia,16.9,5.463286713286713
Colon cancer,3,Latvia,12.4,1.638986013986014
Colorectal cancer,26,Latvia,23.5,14.204545454545455
Esophageal cancer,0,Latvia,3.7,0.0
Gallbladder cancer,0,Latvia,0.57,0.0
Hodgkin lymphoma,4,Latvia,2.6,2.1853146853146854
Kaposi sarcoma,0,Latvia,0.0,0.0
Kidney cancer,5,Latvia,13.7,2.7316433566433567
Laryngeal cancer,0,Latvia,2.9,0.0
Leukemia,19,Latvia,7.7,10.380244755244755
Liver cancer,3,Latvia,4.3,1.638986013986014
Lung cancer,10,Latvia,23.5,5.463286713286713
Mesothelioma,0,Latvia,0.15,0.0
Mouth cancer,0,Latvia,4.4,0.0
Multiple myeloma,4,Latvia,2.7,2.1853146853146854
Non-Hodgkin lymphoma,5,Latvia,7.7,2.7316433566433567
Ovarian cancer,13,Latvia,15.3,7.1022727272727275
Pancreatic cancer,2,Latvia,9.3,1.0926573426573427
Penile cancer,0,Latvia,1.2,0.0
Prostate cancer,23,Latvia,97.3,12.56555944055944
Rectal cancer,3,Latvia,10.5,1.638986013986014
Salivary gland cancer,0,Latvia,0.71,0.0
Skin cancer,36,Latvia,14.4,19.667832167832167
Stomach cancer,2,Latvia,12.1,1.0926573426573427
Testicular cancer,0,Latvia,3.0,0.0
Throat cancer,0,Latvia,4.21,0.0
Thyroid cancer,3,Latvia,8.2,1.638986013986014
Uterine cancer,1,Latvia,16.2,0.5463286713286714
Vaginal cancer,1,Latvia,0.44,0.5463286713286714
Vulvar cancer,2,Latvia,1.6,1.0926573426573427
Anal cancer,19,Portugal,0.74,1.7675018733194197
Bladder cancer,229,Portugal,11.0,21.303048894218268
Brain cancer,309,Portugal,6.2,28.745162045036878
Breast cancer,1606,Portugal,88.8,149.40042150268357
Cervical cancer,216,Portugal,11.1,20.093705507210245
Colon cancer,198,Portugal,23.7,18.41923004827606
Colorectal cancer,592,Portugal,37.8,55.07163731605771
Esophageal cancer,54,Portugal,3.1,5.023426376802561
Gallbladder cancer,3,Portugal,0.57,0.2790792431556978
Hodgkin lymphoma,70,Portugal,3.2,6.511849006966283
Kaposi sarcoma,19,Portugal,0.68,1.7675018733194197
Kidney cancer,167,Portugal,7.2,15.535411202333847
Laryngeal cancer,16,Portugal,3.5,1.4884226301637218
Leukemia,420,Portugal,7.7,39.0710940417977
Liver cancer,155,Portugal,6.7,14.419094229711055
Lung cancer,356,Portugal,23.9,33.11740352114281
Mesothelioma,31,Portugal,0.27,2.883818845942211
Mouth cancer,0,Portugal,6.3,0.0
Multiple myeloma,123,Portugal,3.4,11.442248969383611
Non-Hodgkin lymphoma,121,Portugal,10.8,11.256196140613147
Ovarian cancer,184,Portugal,5.8,17.1168602468828
Pancreatic cancer,140,Portugal,6.8,13.023698013932567
Penile cancer,14,Portugal,0.98,1.3023698013932565
Prostate cancer,555,Portugal,62.6,51.6296599838041
Rectal cancer,103,Portugal,13.3,9.58172068167896
Salivary gland cancer,1,Portugal,0.63,0.09302641438523261
Skin cancer,525,Portugal,14.1,48.83886755224712
Stomach cancer,93,Portugal,12.8,8.651456537826633
Testicular cancer,19,Portugal,6.3,1.7675018733194197
Throat cancer,0,Portugal,5.65,0.0
Thyroid cancer,218,Portugal,15.6,20.27975833598071
Uterine cancer,62,Portugal,10.0,5.767637691884422
Vaginal cancer,6,Portugal,0.27,0.5581584863113956
Vulvar cancer,13,Portugal,0.78,1.209343387008024
Anal cancer,0,Sao Tome and Principe,0.0,0.0
Bladder cancer,3,Sao Tome and Principe,5.6,12.736906460158957
Brain cancer,0,Sao Tome and Principe,0.0,0.0
Breast cancer,7,Sao Tome and Principe,19.9,29.719448407037564
Cervical cancer,0,Sao Tome and Principe,18.8,0.0
Colon cancer,1,Sao Tome and Principe,5.4,4.245635486719652
Colorectal cancer,5,Sao Tome and Principe,6.3,21.228177433598262
Esophageal cancer,0,Sao Tome and Principe,1.6,0.0
Gallbladder cancer,0,Sao Tome and Principe,0.66,0.0
Hodgkin lymphoma,0,Sao Tome and Principe,0.0,0.0
Kaposi sarcoma,0,Sao Tome and Principe,0.0,0.0
Kidney cancer,0,Sao Tome and Principe,0.37,0.0
Laryngeal cancer,0,Sao Tome and Principe,1.6,0.0
Leukemia,5,Sao Tome and Principe,0.39,21.228177433598262
Liver cancer,3,Sao Tome and Principe,8.0,12.736906460158957
Lung cancer,3,Sao Tome and Principe,12.7,12.736906460158957
Mesothelioma,0,Sao Tome and Principe,0.0,0.0
Mouth cancer,0,Sao Tome and Principe,0.0,0.0
Multiple myeloma,1,Sao Tome and Principe,0.0,4.245635486719652
Non-Hodgkin lymphoma,1,Sao Tome and Principe,0.0,4.245635486719652
Ovarian cancer,3,Sao Tome and Principe,6.7,12.736906460158957
Pancreatic cancer,1,Sao Tome and Principe,2.3,4.245635486719652
Penile cancer,0,Sao Tome and Principe,0.0,0.0
Prostate cancer,4,Sao Tome and Principe,44.8,16.98254194687861
Rectal cancer,0,Sao Tome and Principe,0.88,0.0
Salivary gland cancer,0,Sao Tome and Principe,0.0,0.0
Skin cancer,4,Sao Tome and Principe,0.66,16.98254194687861
Stomach cancer,0,Sao Tome and Principe,11.1,0.0
Testicular cancer,1,Sao Tome and Principe,0.0,4.245635486719652
Throat cancer,0,Sao Tome and Principe,0.0,0.0
Thyroid cancer,0,Sao Tome and Principe,0.0,0.0
Uterine cancer,1,Sao Tome and Principe,2.9,4.245635486719652
Vaginal cancer,0,Sao Tome and Principe,0.0,0.0
Vulvar cancer,0,Sao Tome and Principe,0.0,0.0
Anal cancer,16,India,0.36,0.011287541658083431
Bladder cancer,736,India,1.6,0.5192269162718378
Brain cancer,2616,India,2.3,1.845513061096641
Breast cancer,9064,India,26.6,6.3943923493042645
Cervical cancer,2763,India,17.7,1.9492173500802827
Colon cancer,1267,India,2.4,0.8938322050494818
Colorectal cancer,1467,India,4.9,1.0349264757755248
Esophageal cancer,404,India,5.0,0.28501042686660666
Gallbladder cancer,530,India,1.5,0.3738998174240137
Hodgkin lymphoma,402,India,0.67,0.2835994841593462
Kaposi sarcoma,36,India,0.0,0.02539696873068772
Kidney cancer,884,India,1.3,0.6236366766091096
Laryngeal cancer,111,India,2.5,0.07830732025295381
Leukemia,4027,India,3.6,2.8409331410688736
Liver cancer,1738,India,2.7,1.2261092126093127
Lung cancer,2624,India,5.8,1.8511568319256828
Mesothelioma,130,India,0.11,0.09171127597192788
Mouth cancer,28,India,9.9,0.019753197901646005
Multiple myeloma,690,India,1.2,0.486775234004848
Non-Hodgkin lymphoma,544,India,2.8,0.38377641637483667
Ovarian cancer,1179,India,6.6,0.8317507259300229
Pancreatic cancer,648,India,0.96,0.457145437152379
Penile cancer,84,India,1.5,0.05925959370493802
Prostate cancer,1787,India,5.6,1.2606773089371932
Rectal cancer,349,India,2.2,0.24620950241694486
Salivary gland cancer,8,India,0.56,0.005643770829041716
Skin cancer,2440,India,1.07,1.7213501028577234
Stomach cancer,233,India,4.5,0.16437482539583997
Testicular cancer,60,India,0.57,0.04232828121781287
Throat cancer,3,India,4.15,0.0021164140608906433
Thyroid cancer,628,India,1.5,0.4430360100797747
Uterine cancer,323,India,2.5,0.22786724722255927
Vaginal cancer,19,India,0.7,0.013403955718974075
Vulvar cancer,44,India,0.43,0.031040739559729438
Anal cancer,0,Uruguay,1.0,0.0
Bladder cancer,9,Uruguay,8.8,2.5718319816451207
Brain cancer,8,Uruguay,4.9,2.286072872573441
Breast cancer,91,Uruguay,75.1,26.00407892552289
Cervical cancer,10,Uruguay,15.9,2.857591090716801
Colon cancer,17,Uruguay,21.0,4.857904854218562
Colorectal cancer,27,Uruguay,31.0,7.715495944935363
Esophageal cancer,7,Uruguay,4.2,2.0003137635017607
Gallbladder cancer,0,Uruguay,1.9,0.0
Hodgkin lymphoma,11,Uruguay,2.0,3.143350199788481
Kaposi sarcoma,0,Uruguay,0.28,0.0
Kidney cancer,4,Uruguay,14.0,1.1430364362867205
Laryngeal cancer,8,Uruguay,3.1,2.286072872573441
Leukemia,47,Uruguay,5.7,13.430678126368965
Liver cancer,3,Uruguay,3.0,0.8572773272150404
Lung cancer,6,Uruguay,29.7,1.7145546544300807
Mesothelioma,0,Uruguay,0.19,0.0
Mouth cancer,0,Uruguay,3.0,0.0
Multiple myeloma,8,Uruguay,2.4,2.286072872573441
Non-Hodgkin lymphoma,10,Uruguay,8.7,2.857591090716801
Ovarian cancer,1,Uruguay,8.0,0.2857591090716801
Pancreatic cancer,3,Uruguay,11.4,0.8572773272150404
Penile cancer,0,Uruguay,1.2,0.0
Prostate cancer,31,Uruguay,59.0,8.858532381222084
Rectal cancer,6,Uruguay,9.0,1.7145546544300807
Salivary gland cancer,0,Uruguay,0.53,0.0
Skin cancer,51,Uruguay,21.7,14.573714562655685
Stomach cancer,7,Uruguay,9.2,2.0003137635017607
Testicular cancer,3,Uruguay,6.5,0.8572773272150404
Throat cancer,0,Uruguay,2.18,0.0
Thyroid cancer,3,Uruguay,8.5,0.8572773272150404
Uterine cancer,0,Uruguay,8.3,0.0
Vaginal cancer,0,Uruguay,0.44,0.0
Vulvar cancer,0,Uruguay,1.1,0.0
Anal cancer,178,France,1.6,2.5921826760645423
Bladder cancer,1102,France,10.1,16.04823207316363
Brain cancer,3306,France,6.4,48.14469621949088
Breast cancer,10468,France,105.4,152.44364187103164
Cervical cancer,1478,France,6.6,21.5238539057494
Colon cancer,1473,France,19.6,21.45103978563523
Colorectal cancer,3812,France,32.1,55.51348517504515
Esophageal cancer,348,France,3.6,5.067862759946409
Gallbladder cancer,46,France,0.35,0.6698899050503874
Hodgkin lymphoma,856,France,2.8,12.465777363546339
Kaposi sarcoma,168,France,0.19,2.4465544358361972
Kidney cancer,1863,France,11.4,27.130541154540687
Laryngeal cancer,124,France,2.4,1.805790178831479
Leukemia,9331,France,10.1,135.8857109570688
Liver cancer,3004,France,7.8,43.746723364594864
Lung cancer,4963,France,35.9,72.27529562532766
Mesothelioma,689,France,0.75,10.033785751732976
Mouth cancer,8,France,5.6,0.11650259218267607
Multiple myeloma,2020,France,3.4,29.416904526125705
Non-Hodgkin lymphoma,1468,France,11.3,21.378225665521057
Ovarian cancer,1747,France,7.1,25.441253567891884
Pancreatic cancer,1101,France,9.4,16.033669249140793
Penile cancer,54,France,0.65,0.7863924972330635
Prostate cancer,3787,France,82.3,55.149414574474285
Rectal cancer,858,France,10.9,12.494903011592008
Salivary gland cancer,22,France,0.59,0.3203821285023592
Skin cancer,5344,France,35.9,77.8237315780276
Stomach cancer,259,France,4.9,3.7717714219141376
Testicular cancer,180,France,7.5,2.6213083241102115
Throat cancer,9,France,5.67,0.13106541620551057
Thyroid cancer,874,France,11.0,12.72790819595736
Uterine cancer,589,France,12.1,8.577503349449525
Vaginal cancer,24,France,0.33,0.34950777654802817
Vulvar cancer,65,France,1.1,0.946583561484243
Anal cancer,0,Bhutan,0.0,0.0
Bladder cancer,1,Bhutan,0.51,1.2754402500883242
Brain cancer,0,Bhutan,1.9,0.0
Breast cancer,1,Bhutan,4.6,1.2754402500883242
Cervical cancer,10,Bhutan,13.6,12.754402500883243
Colon cancer,0,Bhutan,1.8,0.0
Colorectal cancer,2,Bhutan,4.2,2.5508805001766484
Esophageal cancer,0,Bhutan,6.5,0.0
Gallbladder cancer,0,Bhutan,1.9,0.0
Hodgkin lymphoma,0,Bhutan,0.0,0.0
Kaposi sarcoma,0,Bhutan,0.0,0.0
Kidney cancer,0,Bhutan,0.32,0.0
Laryngeal cancer,1,Bhutan,1.9,1.2754402500883242
Leukemia,0,Bhutan,2.6,0.0
Liver cancer,0,Bhutan,4.5,0.0
Lung cancer,0,Bhutan,7.0,0.0
Mesothelioma,0,Bhutan,0.0,0.0
Mouth cancer,0,Bhutan,3.1,0.0
Multiple myeloma,0,Bhutan,0.32,0.0
Non-Hodgkin lymphoma,0,Bhutan,1.4,0.0
Ovarian cancer,1,Bhutan,5.6,1.2754402500883242
Pancreatic cancer,0,Bhutan,2.0,0.0
Penile cancer,0,Bhutan,1.2,0.0
Prostate cancer,0,Bhutan,1.1,0.0
Rectal cancer,0,Bhutan,2.3,0.0
Salivary gland cancer,0,Bhutan,0.0,0.0
Skin cancer,0,Bhutan,1.2,0.0
Stomach cancer,3,Bhutan,15.9,3.8263207502649728
Testicular cancer,0,Bhutan,0.0,0.0
Throat cancer,0,Bhutan,5.3,0.0
Thyroid cancer,2,Bhutan,0.84,2.5508805001766484
Uterine cancer,0,Bhutan,1.3,0.0
Vaginal cancer,0,Bhutan,0.0,0.0
Vulvar cancer,0,Bhutan,0.0,0.0
Anal cancer,103,Canada,1.2,2.479013406576707
Bladder cancer,1112,Canada,15.6,26.76371755449804
Brain cancer,2659,Canada,5.5,63.99705483580062
Breast cancer,11068,Canada,88.6,266.3856347960291
Cervical cancer,1378,Canada,6.6,33.1658298472107
Colon cancer,1135,Canada,17.5,27.31728365499575
Colorectal cancer,2900,Canada,28.6,69.79746484536359
Esophageal cancer,288,Canada,3.2,6.931610301884385
Gallbladder cancer,43,Canada,0.55,1.0349279270174603
Hodgkin lymphoma,480,Canada,2.6,11.552683836473975
Kaposi sarcoma,33,Canada,0.16,0.7942470137575858
Kidney cancer,1453,Canada,10.9,34.97093669665976
Laryngeal cancer,88,Canada,1.2,2.1179920366868954
Leukemia,5304,Canada,11.7,127.65715639303743
Liver cancer,1058,Canada,5.9,25.464040622894718
Lung cancer,2441,Canada,32.4,58.750210926735356
Mesothelioma,346,Canada,0.66,8.327559598791657
Mouth cancer,1,Canada,4.4,0.02406809132598745
Multiple myeloma,950,Canada,5.3,22.864686759688073
Non-Hodgkin lymphoma,725,Canada,12.1,17.449366211340898
Ovarian cancer,2260,Canada,9.2,54.39388639673163
Pancreatic cancer,710,Canada,7.5,17.088344841451086
Penile cancer,52,Canada,0.68,1.2515407489513473
Prostate cancer,6171,Canada,60.1,148.52419157266854
Rectal cancer,548,Canada,9.9,13.18931404664112
Salivary gland cancer,12,Canada,0.94,0.28881709591184934
Skin cancer,3072,Canada,68.0,73.93717655343343
Stomach cancer,136,Canada,4.7,3.2732604203342928
Testicular cancer,223,Canada,5.8,5.3671843656952
Throat cancer,0,Canada,3.1100000000000003,0.0
Thyroid cancer,624,Canada,10.7,15.018488987416166
Uterine cancer,720,Canada,21.1,17.329025754710962
Vaginal cancer,15,Canada,0.53,0.3610213698898117
Vulvar cancer,54,Canada,2.2,1.299676931603322
