Cancer,Articles,Country,ASR
Anal cancer,0.0,Comoros,0.0
Bladder cancer,0.0,Comoros,3.0557677616501144
Brain cancer,8.333333333333334,Comoros,0.0
Breast cancer,33.333333333333336,Comoros,13.687293099057804
Cervical cancer,8.333333333333334,Comoros,33.10415075120957
Colon cancer,2.7777777777777777,Comoros,1.2095747389865037
Colorectal cancer,0.0,Comoros,2.3554876496052963
Esophageal cancer,0.0,Comoros,6.620830150241915
Gallbladder cancer,0.0,Comoros,0.0
Hodgkin lymphoma,0.0,Comoros,0.05092946269416857
Kaposi sarcoma,0.0,Comoros,0.0
Kidney cancer,0.0,Comoros,0.2928444104914693
Laryngeal cancer,0.0,Comoros,0.2801120448179272
Leukemia,22.22222222222222,Comoros,0.7639419404125286
Liver cancer,5.555555555555555,Comoros,3.1830914183855357
Lung cancer,5.555555555555555,Comoros,1.1459129106187929
Mesothelioma,0.0,Comoros,0.0
Mouth cancer,0.0,Comoros,0.9549274255156608
Multiple myeloma,0.0,Comoros,0.0
Non-Hodgkin lymphoma,0.0,Comoros,2.67379679144385
Ovarian cancer,0.0,Comoros,1.5915457091927678
Pancreatic cancer,2.7777777777777777,Comoros,0.48382989559460143
Penile cancer,0.0,Comoros,0.43290043290043284
Prostate cancer,5.555555555555555,Comoros,21.13572701807996
Rectal cancer,0.0,Comoros,1.1459129106187929
Salivary gland cancer,0.0,Comoros,0.1336898395721925
Skin cancer,5.555555555555555,Comoros,2.024446142093201
Stomach cancer,0.0,Comoros,1.336898395721925
Testicular cancer,0.0,Comoros,0.0
Throat cancer,0.0,Comoros,0.21008403361344535
Thyroid cancer,0.0,Comoros,0.34377387318563785
Uterine cancer,0.0,Comoros,0.7639419404125286
Vaginal cancer,0.0,Comoros,0.0
Vulvar cancer,0.0,Comoros,1.0185892538833714
Anal cancer,0.2526847757422615,Slovenia,0.059209435615659715
Bladder cancer,2.5268477574226154,Slovenia,2.889420458044194
Brain cancer,8.591282375236892,Slovenia,1.3736589062833053
Breast cancer,18.76184459886292,Slovenia,19.491746204675177
Cervical cancer,5.053695514845231,Slovenia,1.7052317457309998
Colon cancer,1.5161086544535691,Slovenia,4.192028041588708
Colorectal cancer,7.012002526847757,Slovenia,7.223551145110486
Esophageal cancer,0.5685407454200885,Slovenia,0.5210430334178056
Gallbladder cancer,0.06317119393556538,Slovenia,0.28420529095516667
Hodgkin lymphoma,0.3790271636133923,Slovenia,0.5920943561565972
Kaposi sarcoma,0.06317119393556538,Slovenia,0.004736754849252778
Kidney cancer,1.326595072646873,Slovenia,2.0131208109324303
Laryngeal cancer,0.8212255211623499,Slovenia,0.6631456788953888
Leukemia,6.380290587492103,Slovenia,2.0131208109324303
Liver cancer,2.4005053695514844,Slovenia,1.5157615517608887
Lung cancer,5.495893872394189,Slovenia,8.09985079222225
Mesothelioma,2.4005053695514844,Slovenia,0.2273642327641333
Mouth cancer,0.0,Slovenia,0.8762996471117638
Multiple myeloma,1.0739102969046115,Slovenia,0.7105132273879166
Non-Hodgkin lymphoma,1.6424510423246999,Slovenia,2.4394287473651803
Ovarian cancer,5.685407454200885,Slovenia,1.9183857139473748
Pancreatic cancer,0.8843967150979154,Slovenia,1.9657532624399028
Penile cancer,0.0,Slovenia,0.1302607583544514
Prostate cancer,2.9058749210360078,Slovenia,17.19442010278758
Rectal cancer,1.831964624131396,Slovenia,2.960471780782986
Salivary gland cancer,0.0,Slovenia,0.10894536153281388
Skin cancer,14.466203411244473,Slovenia,6.228832626767402
Stomach cancer,1.137081490840177,Slovenia,1.9894370366861664
Testicular cancer,0.2526847757422615,Slovenia,3.078890652014305
Throat cancer,0.0,Slovenia,0.9662979892475666
Thyroid cancer,1.326595072646873,Slovenia,2.0131208109324303
Uterine cancer,4.485154769425142,Slovenia,4.002557847618596
Vaginal cancer,0.06317119393556538,Slovenia,0.12078724865594583
Vulvar cancer,0.6317119393556538,Slovenia,0.42630793643274995
Anal cancer,0.0,Palestine,0.05548549810844894
Bladder cancer,2.0725388601036268,Palestine,3.3291298865069363
Brain cancer,1.5544041450777202,Palestine,1.8158890290037835
Breast cancer,32.64248704663213,Palestine,23.354350567465325
Cervical cancer,5.181347150259067,Palestine,1.5636822194199245
Colon cancer,3.1088082901554404,Palestine,6.153846153846155
Colorectal cancer,10.880829015544041,Palestine,9.230769230769232
Esophageal cancer,0.0,Palestine,0.35308953341740235
Gallbladder cancer,0.0,Palestine,0.8070617906683482
Hodgkin lymphoma,1.0362694300518134,Palestine,1.0088272383354353
Kaposi sarcoma,0.0,Palestine,0.13114754098360656
Kidney cancer,2.5906735751295336,Palestine,1.6645649432534682
Laryngeal cancer,0.0,Palestine,1.3114754098360657
Leukemia,6.7357512953367875,Palestine,3.0769230769230775
Liver cancer,3.1088082901554404,Palestine,2.5725094577553596
Lung cancer,5.699481865284974,Palestine,10.290037831021438
Mesothelioma,0.0,Palestine,0.07566204287515764
Mouth cancer,0.0,Palestine,0.6052963430012611
Multiple myeloma,3.1088082901554404,Palestine,1.7150063051702398
Non-Hodgkin lymphoma,0.5181347150259067,Palestine,3.3795712484237077
Ovarian cancer,3.1088082901554404,Palestine,2.118537200504414
Pancreatic cancer,1.5544041450777202,Palestine,2.320302648171501
Penile cancer,0.0,Palestine,0.0
Prostate cancer,4.1450777202072535,Palestine,8.827238335435059
Rectal cancer,1.0362694300518134,Palestine,3.0264817150063057
Salivary gland cancer,0.0,Palestine,0.2118537200504414
Skin cancer,7.772020725388601,Palestine,1.0794451450189158
Stomach cancer,1.0362694300518134,Palestine,2.522068095838588
Testicular cancer,0.5181347150259067,Palestine,0.8070617906683482
Throat cancer,0.0,Palestine,0.38335435056746536
Thyroid cancer,2.5906735751295336,Palestine,2.4716267339218163
Uterine cancer,0.0,Palestine,3.4804539722572514
Vaginal cancer,0.0,Palestine,0.08070617906683482
Vulvar cancer,0.0,Palestine,0.17654476670870117
Anal cancer,0.0,Malawi,0.4047040898919202
Bladder cancer,0.7751937984496124,Malawi,3.428081702613912
Brain cancer,0.7751937984496124,Malawi,0.2951959243917536
Breast cancer,6.2015503875969,Malawi,11.998285959148692
Cervical cancer,28.68217054263566,Malawi,33.757082321573115
Colon cancer,0.0,Malawi,0.9522449173927534
Colorectal cancer,0.0,Malawi,2.3330000476122463
Esophageal cancer,2.3255813953488373,Malawi,8.522592010665141
Gallbladder cancer,0.0,Malawi,0.01904489834785507
Hodgkin lymphoma,8.527131782945736,Malawi,0.2904346998047898
Kaposi sarcoma,10.852713178294573,Malawi,5.713469504356521
Kidney cancer,12.4031007751938,Malawi,0.4332714374137028
Laryngeal cancer,0.0,Malawi,0.3285244965004999
Leukemia,6.2015503875969,Malawi,0.40946531447888396
Liver cancer,5.426356589147287,Malawi,1.856877588915869
Lung cancer,5.426356589147287,Malawi,0.7617959339142027
Mesothelioma,0.0,Malawi,0.0
Mouth cancer,0.0,Malawi,0.7141836880445651
Multiple myeloma,0.0,Malawi,0.10474694091320287
Non-Hodgkin lymphoma,7.751937984496124,Malawi,3.0947959815264485
Ovarian cancer,0.0,Malawi,1.571204113698043
Pancreatic cancer,0.0,Malawi,0.23806122934818835
Penile cancer,0.0,Malawi,1.1903061467409417
Prostate cancer,0.0,Malawi,13.331428843498548
Rectal cancer,0.0,Malawi,0.999857163262391
Salivary gland cancer,0.0,Malawi,0.4666000095224492
Skin cancer,2.3255813953488373,Malawi,2.523449031090797
Stomach cancer,0.0,Malawi,1.5235918678284055
Testicular cancer,0.0,Malawi,0.23806122934818835
Throat cancer,0.0,Malawi,0.2190163310003333
Thyroid cancer,1.550387596899225,Malawi,0.5713469504356521
Uterine cancer,0.0,Malawi,0.47136123410941294
Vaginal cancer,0.0,Malawi,0.7141836880445651
Vulvar cancer,0.7751937984496124,Malawi,0.5237347045660145
Anal cancer,2.7777777777777777,Barbados,0.4332889727956423
Bladder cancer,0.0,Barbados,0.4951873974807341
Brain cancer,2.7777777777777777,Barbados,0.3404413357680047
Breast cancer,8.333333333333334,Barbados,17.857695521648974
Cervical cancer,8.333333333333334,Barbados,4.270991303271331
Colon cancer,13.88888888888889,Barbados,4.889975550122249
Colorectal cancer,11.11111111111111,Barbados,7.6444554486088325
Esophageal cancer,0.0,Barbados,0.2847327535514221
Gallbladder cancer,0.0,Barbados,0.11451208566741976
Hodgkin lymphoma,0.0,Barbados,0.0
Kaposi sarcoma,2.7777777777777777,Barbados,0.6189842468509176
Kidney cancer,2.7777777777777777,Barbados,1.5784098294698397
Laryngeal cancer,0.0,Barbados,0.40233976045309644
Leukemia,11.11111111111111,Barbados,2.1664448639782115
Liver cancer,0.0,Barbados,0.7427810962211011
Lung cancer,0.0,Barbados,2.9092259601993127
Mesothelioma,2.7777777777777777,Barbados,0.0
Mouth cancer,0.0,Barbados,0.4951873974807341
Multiple myeloma,2.7777777777777777,Barbados,1.8879019528952987
Non-Hodgkin lymphoma,0.0,Barbados,2.3521401380334868
Ovarian cancer,0.0,Barbados,2.259292501005849
Pancreatic cancer,0.0,Barbados,1.8879019528952987
Penile cancer,0.0,Barbados,0.12689177060443813
Prostate cancer,13.88888888888889,Barbados,31.10395840425861
Rectal cancer,8.333333333333334,Barbados,2.321190925690941
Salivary gland cancer,0.0,Barbados,0.06189842468509176
Skin cancer,2.7777777777777777,Barbados,0.9594255826189223
Stomach cancer,0.0,Barbados,1.547460617127294
Testicular cancer,0.0,Barbados,0.0
Throat cancer,0.0,Barbados,1.0244189285382685
Thyroid cancer,0.0,Barbados,1.0522732196465598
Uterine cancer,2.7777777777777777,Barbados,7.706353873293924
Vaginal cancer,2.7777777777777777,Barbados,0.0
Vulvar cancer,0.0,Barbados,0.4642381851381882
Anal cancer,0.0,Burkina Faso,0.5250328145509094
Bladder cancer,1.1111111111111112,Burkina Faso,6.062878929933121
Brain cancer,2.2222222222222223,Burkina Faso,1.5000937558597414
Breast cancer,21.11111111111111,Burkina Faso,13.37583598974936
Cervical cancer,20.0,Burkina Faso,9.938121132570787
Colon cancer,3.3333333333333335,Burkina Faso,1.187574223388962
Colorectal cancer,2.2222222222222223,Burkina Faso,2.1251328208013005
Esophageal cancer,0.0,Burkina Faso,2.0001250078129886
Gallbladder cancer,0.0,Burkina Faso,0.2750171885742859
Hodgkin lymphoma,2.2222222222222223,Burkina Faso,0.1125070316894806
Kaposi sarcoma,1.1111111111111112,Burkina Faso,0.40002500156259774
Kidney cancer,0.0,Burkina Faso,1.187574223388962
Laryngeal cancer,0.0,Burkina Faso,0.5437839864991563
Leukemia,6.666666666666667,Burkina Faso,2.187636727295456
Liver cancer,8.88888888888889,Burkina Faso,10.68816801050066
Lung cancer,8.88888888888889,Burkina Faso,2.375148446777924
Mesothelioma,0.0,Burkina Faso,0.03750234389649353
Mouth cancer,0.0,Burkina Faso,1.187574223388962
Multiple myeloma,0.0,Burkina Faso,1.0000625039064943
Non-Hodgkin lymphoma,2.2222222222222223,Burkina Faso,1.4375898493655854
Ovarian cancer,1.1111111111111112,Burkina Faso,5.312832052003251
Pancreatic cancer,0.0,Burkina Faso,4.125257828614289
Penile cancer,0.0,Burkina Faso,0.0
Prostate cancer,13.333333333333334,Burkina Faso,22.063878992437026
Rectal cancer,1.1111111111111112,Burkina Faso,0.38127382961435097
Salivary gland cancer,0.0,Burkina Faso,0.5437839864991563
Skin cancer,4.444444444444445,Burkina Faso,1.5250953184574039
Stomach cancer,0.0,Burkina Faso,2.43765235327208
Testicular cancer,0.0,Burkina Faso,0.15625976623538973
Throat cancer,0.0,Burkina Faso,0.2625164072754547
Thyroid cancer,0.0,Burkina Faso,0.5187824239014939
Uterine cancer,0.0,Burkina Faso,3.937746109131821
Vaginal cancer,0.0,Burkina Faso,0.2937683605225327
Vulvar cancer,0.0,Burkina Faso,0.2937683605225327
Anal cancer,0.14258555133079848,Chile,0.14145324597974984
Bladder cancer,1.9961977186311788,Chile,1.7495533055390111
Brain cancer,3.279467680608365,Chile,1.153960690887433
Breast cancer,20.104562737642585,Chile,14.219773674806431
Cervical cancer,4.990494296577947,Chile,4.206372840976771
Colon cancer,2.5190114068441063,Chile,5.099761762954139
Colorectal cancer,5.750950570342205,Chile,7.556581298391898
Esophageal cancer,0.33269961977186313,Chile,0.8189398451459202
Gallbladder cancer,7.271863117870723,Chile,2.1217986896962473
Hodgkin lymphoma,1.520912547528517,Chile,0.4839189994044073
Kaposi sarcoma,0.09505703422053231,Chile,0.055836807623585456
Kidney cancer,1.7110266159695817,Chile,2.8290649195949964
Laryngeal cancer,0.09505703422053231,Chile,0.26429422275163783
Leukemia,8.127376425855513,Chile,2.2334723049434184
Liver cancer,2.043726235741445,Chile,1.7495533055390111
Lung cancer,2.946768060836502,Chile,4.727516378796902
Mesothelioma,0.28517110266159695,Chile,0.0930613460393091
Mouth cancer,0.04752851711026616,Chile,0.44669446098868365
Multiple myeloma,1.6159695817490494,Chile,1.0050625372245383
Non-Hodgkin lymphoma,1.0456273764258555,Chile,1.972900536033353
Ovarian cancer,4.562737642585551,Chile,2.345145920190589
Pancreatic cancer,1.188212927756654,Chile,2.0473496128648003
Penile cancer,0.04752851711026616,Chile,0.2494044073853484
Prostate cancer,9.363117870722434,Chile,23.190887432995826
Rectal cancer,0.6178707224334601,Chile,2.307921381774866
Salivary gland cancer,0.0,Chile,0.13773079213817746
Skin cancer,11.311787072243346,Chile,3.908576533650982
Stomach cancer,2.091254752851711,Chile,5.285884455032757
Testicular cancer,0.903041825095057,Chile,2.791840381179273
Throat cancer,0.0,Chile,0.2568493150684931
Thyroid cancer,2.1387832699619773,Chile,1.6751042287075637
Uterine cancer,1.473384030418251,Chile,2.5312686122692076
Vaginal cancer,0.2376425855513308,Chile,0.11911852293031565
Vulvar cancer,0.14258555133079848,Chile,0.22334723049434183
Anal cancer,0.054549962806843544,Iran,0.14206097694241065
Bladder cancer,2.0133895363253163,Iran,3.879357447273522
Brain cancer,4.5722787007190675,Iran,3.4422467489891813
Breast cancer,30.10662038184974,Iran,16.664845372090483
Cervical cancer,3.778824696255889,Iran,1.365970932138564
Colon cancer,3.6449293330027275,Iran,5.1906895421265435
Colorectal cancer,11.698487478303992,Iran,7.594798382690416
Esophageal cancer,1.8646169104884702,Iran,2.1309146541361597
Gallbladder cancer,0.06446813786263328,Iran,0.32783302371325534
Hodgkin lymphoma,0.6198859409868585,Iran,1.0381379084253086
Kaposi sarcoma,0.07934540044631788,Iran,0.10381379084253087
Kidney cancer,1.200099181750558,Iran,1.2566932575674787
Laryngeal cancer,0.25291346392263825,Iran,1.6391651185662768
Leukemia,9.754525167369204,Iran,4.04327395913015
Liver cancer,3.2680386808827175,Iran,3.4968855862747237
Lung cancer,4.314406149268534,Iran,6.61129931155065
Mesothelioma,0.13389536325316143,Iran,0.02731941864277128
Mouth cancer,0.01983635011157947,Iran,0.7649437219975959
Multiple myeloma,1.0612447309695017,Iran,0.7649437219975959
Non-Hodgkin lymphoma,0.7289858666005455,Iran,2.1855534914217025
Ovarian cancer,2.9407389040416563,Iran,2.2948311659927874
Pancreatic cancer,1.5472353087031987,Iran,2.1309146541361597
Penile cancer,0.024795437639474338,Iran,0.04371106982843405
Prostate cancer,5.623605256632779,Iran,11.911266528248278
Rectal cancer,0.7636994792958096,Iran,2.2401923287072445
Salivary gland cancer,0.014877262583684603,Iran,0.16938039558518195
Skin cancer,4.820233077113811,Iran,2.884930608676647
Stomach cancer,1.686089759484255,Iran,10.599934433395255
Testicular cancer,0.20332258864368957,Iran,0.7649437219975959
Throat cancer,0.0,Iran,0.2895858376133756
Thyroid cancer,2.206793949913216,Iran,2.1855534914217025
Uterine cancer,0.8727994049094967,Iran,1.6938039558518194
Vaginal cancer,0.03967270022315894,Iran,0.06556660474265107
Vulvar cancer,0.024795437639474338,Iran,0.05463883728554256
Anal cancer,0.1098993997802012,Austria,0.31814895155459155
Bladder cancer,2.8573843942852313,Austria,2.371655820679682
Brain cancer,4.877842590244315,Austria,1.5328994938539409
Breast cancer,15.91850536816299,Austria,20.101229211858282
Cervical cancer,2.823569194352862,Austria,1.7064352856109908
Colon cancer,2.155718995688562,Austria,3.9045553145336234
Colorectal cancer,5.858483388283033,Austria,6.305133767172814
Esophageal cancer,0.7439343985121312,Austria,0.723065798987708
Gallbladder cancer,0.1606221996787556,Austria,0.16775126536514823
Hodgkin lymphoma,0.5156817989686364,Austria,0.46276211135213313
Kaposi sarcoma,0.0591765998816468,Austria,0.01446131597975416
Kidney cancer,3.127905993744188,Austria,2.255965292841649
Laryngeal cancer,0.126806999746386,Austria,0.5206073752711498
Leukemia,14.067123171865754,Austria,2.140274765003616
Liver cancer,3.254712993490574,Austria,1.4172089660159077
Lung cancer,6.475610787048779,Austria,7.866955892986263
Mesothelioma,0.7946571984106856,Austria,0.15907447577729578
Mouth cancer,0.0,Austria,0.9833694866232828
Multiple myeloma,2.5107785949784427,Austria,0.6941431670281997
Non-Hodgkin lymphoma,1.6146757967706484,Austria,2.4584237165582072
Ovarian cancer,4.429791191140418,Austria,2.2270426608821405
Pancreatic cancer,1.9950967960098065,Austria,2.718727404193782
Penile cancer,0.1521683996956632,Austria,0.22848879248011572
Prostate cancer,9.15546538168907,Austria,17.642805495300074
Rectal cancer,1.183531997632936,Austria,2.1113521330441074
Salivary gland cancer,0.0760841998478316,Austria,0.17353579175704992
Skin cancer,10.896948178206104,Austria,8.676789587852497
Stomach cancer,0.2367063995265872,Austria,1.5618221258134493
Testicular cancer,0.63403499873193,Austria,2.3138105567606657
Throat cancer,0.0084537999830924,Austria,0.9110629067245121
Thyroid cancer,1.3441541973116915,Austria,2.0245842371655822
Uterine cancer,1.3610617972778765,Austria,2.8054953000723066
Vaginal cancer,0.042268999915462,Austria,0.09544468546637745
Vulvar cancer,0.4311437991377124,Austria,0.40491684743311646
Anal cancer,0.1545595054095827,Peru,0.2602020902901253
Bladder cancer,0.46367851622874806,Peru,0.997441346112147
Brain cancer,2.7820710973724885,Peru,1.2576434364022724
Breast cancer,21.020092735703244,Peru,17.043236914003206
Cervical cancer,10.97372488408037,Peru,10.36471659655666
Colon cancer,3.091190108191654,Peru,3.729563294158463
Colorectal cancer,5.7187017001545595,Peru,4.943839715512381
Esophageal cancer,1.0819165378670788,Peru,0.3556095233965046
Gallbladder cancer,0.7727975270479135,Peru,1.1275423912572098
Hodgkin lymphoma,2.3183925811437405,Peru,0.5204041805802506
Kaposi sarcoma,1.2364760432766615,Peru,0.34259941888199835
Kidney cancer,0.7727975270479135,Peru,2.168350752417711
Laryngeal cancer,0.1545595054095827,Peru,0.25152868728045447
Leukemia,7.418856259659969,Peru,3.512728218916692
Liver cancer,3.400309119010819,Peru,2.124983737369357
Lung cancer,6.182380216383308,Peru,2.948957023288087
Mesothelioma,0.6182380216383307,Peru,0.06938722407736675
Mouth cancer,0.0,Peru,0.7372392558220218
Multiple myeloma,0.6182380216383307,Peru,0.954074331063793
Non-Hodgkin lymphoma,4.636785162287481,Peru,4.163233444642005
Ovarian cancer,2.009273570324575,Peru,2.5152868728045448
Pancreatic cancer,1.0819165378670788,Peru,1.7780476169825228
Penile cancer,0.6182380216383307,Peru,0.5637711956286049
Prostate cancer,4.1731066460587325,Peru,17.390173034390042
Rectal cancer,2.1638330757341575,Peru,0.954074331063793
Salivary gland cancer,0.0,Peru,0.25152868728045447
Skin cancer,6.955177743431221,Peru,4.076499414545297
Stomach cancer,4.636785162287481,Peru,6.201483151914654
Testicular cancer,0.7727975270479135,Peru,1.6913135868858147
Throat cancer,0.0,Peru,0.43800685198837763
Thyroid cancer,2.7820710973724885,Peru,2.732121948046316
Uterine cancer,1.2364760432766615,Peru,2.8188559781430245
Vaginal cancer,0.1545595054095827,Peru,0.19515156771759398
Vulvar cancer,0.0,Peru,0.5204041805802506
Anal cancer,0.0,Mauritania,0.5597760895641742
Bladder cancer,0.0,Mauritania,1.5327202452352386
Brain cancer,66.66666666666667,Mauritania,0.866320138611222
Breast cancer,33.333333333333336,Mauritania,22.990803678528582
Cervical cancer,0.0,Mauritania,18.85912301745968
Colon cancer,0.0,Mauritania,2.132480341196854
Colorectal cancer,0.0,Mauritania,4.131680661068905
Esophageal cancer,0.0,Mauritania,1.1995201919232306
Gallbladder cancer,0.0,Mauritania,0.29321604691456743
Hodgkin lymphoma,0.0,Mauritania,0.3465280554444888
Kaposi sarcoma,0.0,Mauritania,0.36652005864320936
Kidney cancer,0.0,Mauritania,0.7996801279488203
Laryngeal cancer,0.0,Mauritania,0.433160069305611
Leukemia,0.0,Mauritania,0.9996001599360254
Liver cancer,0.0,Mauritania,6.1975209916033585
Lung cancer,0.0,Mauritania,1.2661602025856322
Mesothelioma,0.0,Mauritania,0.0
Mouth cancer,0.0,Mauritania,1.1328801812608287
Multiple myeloma,0.0,Mauritania,0.6664001066240169
Non-Hodgkin lymphoma,0.0,Mauritania,1.732640277222444
Ovarian cancer,0.0,Mauritania,3.198720511795281
Pancreatic cancer,0.0,Mauritania,1.1995201919232306
Penile cancer,0.0,Mauritania,0.0
Prostate cancer,0.0,Mauritania,17.65960282553645
Rectal cancer,0.0,Mauritania,1.4660802345728374
Salivary gland cancer,0.0,Mauritania,0.5464480874316939
Skin cancer,0.0,Mauritania,1.8992403038784482
Stomach cancer,0.0,Mauritania,3.465280554444888
Testicular cancer,0.0,Mauritania,0.24656803945088626
Throat cancer,0.0,Mauritania,0.39984006397441013
Thyroid cancer,0.0,Mauritania,0.7330401172864187
Uterine cancer,0.0,Mauritania,1.7992802878848457
Vaginal cancer,0.0,Mauritania,0.3065440490470478
Vulvar cancer,0.0,Mauritania,0.5731040916966545
Anal cancer,0.04645001462315275,South Korea,0.11076361740943444
Bladder cancer,1.605106060866723,South Korea,1.5962991920771437
Brain cancer,3.507836289504017,South Korea,0.9447485014334114
Breast cancer,16.032136528635572,South Korea,20.03518373729476
Cervical cancer,3.4785899840005503,South Korea,2.8016679697680478
Colon cancer,4.755105200681267,South Korea,4.951785248892363
Colorectal cancer,8.00660622430196,South Korea,8.63304665102945
Esophageal cancer,0.8223372959210006,South Korea,0.7167057597081053
Gallbladder cancer,0.5763242555094878,South Korea,0.8470158978368516
Hodgkin lymphoma,0.4300927279921551,South Korea,0.17591868647380765
Kaposi sarcoma,0.048170385535121374,South Korea,0.0162887672660933
Kidney cancer,1.9973506287955682,South Korea,1.62887672660933
Laryngeal cancer,0.17891857484473653,South Korea,0.3583528798540527
Leukemia,5.309064634335162,South Korea,1.791764399270263
Liver cancer,10.198358766149981,South Korea,4.463122230909565
Lung cancer,14.90357321038416,South Korea,8.53531404743289
Mesothelioma,0.24085192767560687,South Korea,0.06189731561115454
Mouth cancer,0.005161112735905861,South Korea,0.5212405525149856
Multiple myeloma,1.2300652020575635,South Korea,0.5863956215793588
Non-Hodgkin lymphoma,1.4313485987578922,South Korea,1.8569194683346362
Ovarian cancer,3.146558397990607,South Korea,2.117539744592129
Pancreatic cancer,2.7629156846216043,South Korea,2.443315089913995
Penile cancer,0.03268704732740379,South Korea,0.0651550690643732
Prostate cancer,4.832521891719855,South Korea,9.545217617930675
Rectal cancer,2.5719545133930874,South Korea,3.583528798540526
Salivary gland cancer,0.061933352830870335,South Korea,0.19872296064633826
Skin cancer,4.586508851308342,South Korea,1.4431847797758663
Stomach cancer,1.8838061486056394,South Korea,8.795934323690382
Testicular cancer,0.051611127359058616,South Korea,0.3909304143862392
Throat cancer,0.0,South Korea,0.5798801146729214
Thyroid cancer,3.992980886679168,South Korea,7.557988011467291
Uterine cancer,1.187055929258348,South Korea,2.4758926244461814
Vaginal cancer,0.034407418239372406,South Korea,0.05538180870471722
Vulvar cancer,0.051611127359058616,South Korea,0.1140213708626531
Anal cancer,0.0,Rwanda,0.18194763072541728
Bladder cancer,1.8518518518518519,Rwanda,0.6407720908155999
Brain cancer,3.7037037037037037,Rwanda,1.265722648524642
Breast cancer,25.925925925925927,Rwanda,12.815441816312
Cervical cancer,37.03703703703704,Rwanda,14.95134878569733
Colon cancer,0.0,Rwanda,1.5030456451230123
Colorectal cancer,5.555555555555555,Rwanda,3.322521952377185
Esophageal cancer,0.0,Rwanda,1.5821533106558023
Gallbladder cancer,0.0,Rwanda,0.0
Hodgkin lymphoma,3.7037037037037037,Rwanda,0.5141998259631357
Kaposi sarcoma,0.0,Rwanda,0.9492919863934814
Kidney cancer,0.0,Rwanda,0.632861324262321
Laryngeal cancer,0.0,Rwanda,0.7357012894549482
Leukemia,7.407407407407407,Rwanda,1.977691638319753
Liver cancer,0.0,Rwanda,3.8762756111067165
Lung cancer,0.0,Rwanda,2.2150146349181234
Mesothelioma,0.0,Rwanda,0.0
Mouth cancer,0.0,Rwanda,0.8701843208606914
Multiple myeloma,0.0,Rwanda,0.5774859583893679
Non-Hodgkin lymphoma,0.0,Rwanda,2.3732299659837035
Ovarian cancer,1.8518518518518519,Rwanda,3.1643066213116047
Pancreatic cancer,3.7037037037037037,Rwanda,0.5774859583893679
Penile cancer,1.8518518518518519,Rwanda,2.056799303852543
Prostate cancer,1.8518518518518519,Rwanda,28.795190253935605
Rectal cancer,0.0,Rwanda,1.7403686417213828
Salivary gland cancer,0.0,Rwanda,0.2610552962582074
Skin cancer,3.7037037037037037,Rwanda,2.033067004192706
Stomach cancer,1.8518518518518519,Rwanda,6.486828573688789
Testicular cancer,0.0,Rwanda,0.3480737283442765
Throat cancer,0.0,Rwanda,0.5933074914959259
Thyroid cancer,0.0,Rwanda,0.7119689897951111
Uterine cancer,0.0,Rwanda,0.9492919863934814
Vaginal cancer,0.0,Rwanda,0.1898583972786963
Vulvar cancer,0.0,Rwanda,1.1075073174590617
Anal cancer,0.0,Philippines,0.09620780886715305
Bladder cancer,0.28169014084507044,Philippines,0.8418183275875891
Brain cancer,4.788732394366197,Philippines,0.9620780886715304
Breast cancer,20.281690140845072,Philippines,24.1722119778722
Cervical cancer,11.830985915492958,Philippines,6.213420989336968
Colon cancer,2.535211267605634,Philippines,5.411689248777359
Colorectal cancer,12.95774647887324,Philippines,8.33801010181993
Esophageal cancer,0.0,Philippines,0.5612122183917261
Gallbladder cancer,0.5633802816901409,Philippines,0.14030305459793152
Hodgkin lymphoma,0.28169014084507044,Philippines,0.21646756995109437
Kaposi sarcoma,0.0,Philippines,0.004008658702798044
Kidney cancer,1.1267605633802817,Philippines,1.1625110238114327
Laryngeal cancer,0.28169014084507044,Philippines,0.8017317405596087
Leukemia,6.47887323943662,Philippines,2.645714743846709
Liver cancer,4.507042253521127,Philippines,4.970736791469574
Lung cancer,8.732394366197184,Philippines,9.620780886715306
Mesothelioma,0.0,Philippines,0.02806061091958631
Mouth cancer,0.0,Philippines,0.7616451535316283
Multiple myeloma,0.5633802816901409,Philippines,0.3728052593602181
Non-Hodgkin lymphoma,0.28169014084507044,Philippines,1.9642427643710416
Ovarian cancer,3.0985915492957745,Philippines,4.690130682273711
Pancreatic cancer,1.1267605633802817,Philippines,1.6435500681471977
Penile cancer,0.0,Philippines,0.1282770784895374
Prostate cancer,4.788732394366197,Philippines,9.660867473743286
Rectal cancer,2.535211267605634,Philippines,2.8060610919586306
Salivary gland cancer,0.0,Philippines,0.2685801330874689
Skin cancer,3.0985915492957745,Philippines,0.6814719794756674
Stomach cancer,0.5633802816901409,Philippines,1.6836366551751782
Testicular cancer,0.0,Philippines,0.3086667201154494
Throat cancer,0.0,Philippines,1.7197145835003607
Thyroid cancer,7.042253521126761,Philippines,2.9263208530425717
Uterine cancer,2.2535211267605635,Philippines,3.9685721157700633
Vaginal cancer,0.0,Philippines,0.08819049146155696
Vulvar cancer,0.0,Philippines,0.14030305459793152
Anal cancer,0.10319917440660474,Serbia,0.18106800439312534
Bladder cancer,2.2703818369453046,Serbia,3.7104099260886336
Brain cancer,7.464740282077743,Serbia,1.7513134851138352
Breast cancer,17.647058823529413,Serbia,17.95838404226899
Cervical cancer,5.2631578947368425,Serbia,3.9775594407670156
Colon cancer,2.6487788097695217,Serbia,4.422808631897651
Colorectal cancer,6.363949088407293,Serbia,8.964350381430139
Esophageal cancer,1.066391468868249,Serbia,0.44524919113063605
Gallbladder cancer,0.13759889920880633,Serbia,0.3265160734957998
Hodgkin lymphoma,1.1695906432748537,Serbia,0.5342990293567633
Kaposi sarcoma,0.03439972480220158,Serbia,0.03858826323132179
Kidney cancer,2.545579635362917,Serbia,1.9294131615660897
Laryngeal cancer,0.8943928448572411,Serbia,1.2170144557570717
Leukemia,11.386308909528724,Serbia,2.1371961174270533
Liver cancer,3.0271757825937393,Serbia,1.3357475733919082
Lung cancer,6.191950464396285,Serbia,11.992044881118465
Mesothelioma,0.30959752321981426,Serbia,0.07420819852177267
Mouth cancer,0.10319917440660474,Serbia,1.1279646175309446
Multiple myeloma,1.6511867905056758,Serbia,0.6827154264003086
Non-Hodgkin lymphoma,2.063983488132095,Serbia,1.8106800439312534
Ovarian cancer,2.7863777089783284,Serbia,2.7605449850099437
Pancreatic cancer,1.1351909184726523,Serbia,2.255929235061889
Penile cancer,0.10319917440660474,Serbia,0.22559292350618892
Prostate cancer,5.2631578947368425,Serbia,10.982813381222355
Rectal cancer,1.5823873409012728,Serbia,4.3634420730802335
Salivary gland cancer,0.13759889920880633,Serbia,0.13357475733919083
Skin cancer,10.319917440660475,Serbia,3.5619935290450884
Stomach cancer,0.8599931200550396,Serbia,2.107512838018344
Testicular cancer,0.3439972480220158,Serbia,2.404345632105435
Throat cancer,0.0,Serbia,0.7806702484490485
Thyroid cancer,3.646370829033368,Serbia,1.0389147793048175
Uterine cancer,1.3415892672858618,Serbia,4.274392234854107
Vaginal cancer,0.03439972480220158,Serbia,0.10685980587135266
Vulvar cancer,0.10319917440660474,Serbia,0.3858826323132179
Anal cancer,0.6493506493506493,Cuba,0.2729365340348569
Bladder cancer,0.6493506493506493,Cuba,1.841499506741203
Brain cancer,10.38961038961039,Cuba,1.70996382768826
Breast cancer,13.636363636363637,Cuba,15.521210128247283
Cervical cancer,5.194805194805195,Cuba,4.209141729694179
Colon cancer,2.9220779220779223,Cuba,4.998355804011837
Colorectal cancer,3.5714285714285716,Cuba,6.543900032883918
Esophageal cancer,0.6493506493506493,Cuba,1.446892469582374
Gallbladder cancer,0.0,Cuba,0.10194015126603088
Hodgkin lymphoma,0.6493506493506493,Cuba,0.6905623150279512
Kaposi sarcoma,0.0,Cuba,0.03617231173955934
Kidney cancer,6.1688311688311686,Cuba,1.1180532719500162
Laryngeal cancer,0.6493506493506493,Cuba,2.7293653403485694
Leukemia,11.688311688311689,Cuba,1.9730351857941462
Liver cancer,1.6233766233766234,Cuba,1.3482407102926663
Lung cancer,12.012987012987013,Cuba,9.79940808944426
Mesothelioma,0.0,Cuba,0.02301874383426504
Mouth cancer,0.0,Cuba,1.6441959881617885
Multiple myeloma,1.2987012987012987,Cuba,0.6247944755014796
Non-Hodgkin lymphoma,0.974025974025974,Cuba,2.1045708648470893
Ovarian cancer,0.6493506493506493,Cuba,1.7428477474514958
Pancreatic cancer,0.3246753246753247,Cuba,1.446892469582374
Penile cancer,0.0,Cuba,0.427490956922065
Prostate cancer,8.766233766233766,Cuba,19.105557382439983
Rectal cancer,0.3246753246753247,Cuba,1.282472870766195
Salivary gland cancer,0.0,Cuba,0.2400526142716211
Skin cancer,16.883116883116884,Cuba,5.593554751726405
Stomach cancer,0.0,Cuba,1.841499506741203
Testicular cancer,0.3246753246753247,Cuba,0.427490956922065
Throat cancer,0.0,Cuba,1.647484380138112
Thyroid cancer,0.0,Cuba,1.4140085498191381
Uterine cancer,0.0,Cuba,5.590266359750081
Vaginal cancer,0.0,Cuba,0.18086155869779674
Vulvar cancer,0.0,Cuba,0.32226241367971054
Anal cancer,0.0,Kuwait,0.09962640099626399
Bladder cancer,0.9803921568627451,Kuwait,2.8642590286425897
Brain cancer,2.9411764705882355,Kuwait,1.12079701120797
Breast cancer,31.568627450980394,Kuwait,31.008717310087167
Cervical cancer,2.9411764705882355,Kuwait,1.930261519302615
Colon cancer,2.7450980392156863,Kuwait,4.8567870485678695
Colorectal cancer,8.03921568627451,Kuwait,6.97384806973848
Esophageal cancer,0.19607843137254902,Kuwait,0.684931506849315
Gallbladder cancer,0.0,Kuwait,0.5168119551681195
Hodgkin lymphoma,3.3333333333333335,Kuwait,1.183063511830635
Kaposi sarcoma,0.5882352941176471,Kuwait,0.0809464508094645
Kidney cancer,1.5686274509803921,Kuwait,1.556662515566625
Laryngeal cancer,0.0,Kuwait,0.87173100871731
Leukemia,13.333333333333334,Kuwait,3.7359900373598998
Liver cancer,2.549019607843137,Kuwait,2.677459526774595
Lung cancer,2.9411764705882355,Kuwait,3.98505603985056
Mesothelioma,0.19607843137254902,Kuwait,0.298879202988792
Mouth cancer,0.19607843137254902,Kuwait,0.9339975093399749
Multiple myeloma,0.9803921568627451,Kuwait,1.12079701120797
Non-Hodgkin lymphoma,5.490196078431373,Kuwait,3.86052303860523
Ovarian cancer,0.9803921568627451,Kuwait,3.424657534246575
Pancreatic cancer,0.7843137254901961,Kuwait,2.054794520547945
Penile cancer,0.0,Kuwait,0.0
Prostate cancer,7.0588235294117645,Kuwait,10.336239103362391
Rectal cancer,0.9803921568627451,Kuwait,2.054794520547945
Salivary gland cancer,0.19607843137254902,Kuwait,0.21170610211706098
Skin cancer,2.7450980392156863,Kuwait,0.4545454545454545
Stomach cancer,0.9803921568627451,Kuwait,1.556662515566625
Testicular cancer,0.39215686274509803,Kuwait,0.3922789539227895
Throat cancer,0.0,Kuwait,0.7970112079701119
Thyroid cancer,4.705882352941177,Kuwait,2.98879202988792
Uterine cancer,0.5882352941176471,Kuwait,5.2926525529265245
Vaginal cancer,0.0,Kuwait,0.0
Vulvar cancer,0.0,Kuwait,0.074719800747198
Anal cancer,0.0,Panama,0.13804773779836127
Bladder cancer,4.651162790697675,Panama,0.8015675097969364
Brain cancer,0.0,Panama,0.8906305664410403
Breast cancer,25.58139534883721,Panama,18.436052725329535
Cervical cancer,13.953488372093023,Panama,6.457071606697543
Colon cancer,2.3255813953488373,Panama,4.85393658710367
Colorectal cancer,9.30232558139535,Panama,6.724260776629855
Esophageal cancer,0.0,Panama,0.41859636622728896
Gallbladder cancer,0.0,Panama,0.4007837548984682
Hodgkin lymphoma,0.0,Panama,0.6679729248307803
Kaposi sarcoma,0.0,Panama,0.32508015675097973
Kidney cancer,4.651162790697675,Panama,1.6921980762379767
Laryngeal cancer,0.0,Panama,0.30281439258995374
Leukemia,0.0,Panama,3.1617385108656935
Liver cancer,4.651162790697675,Panama,1.9148557178482368
Lung cancer,4.651162790697675,Panama,2.850017812611329
Mesothelioma,0.0,Panama,0.008906305664410403
Mouth cancer,0.0,Panama,0.48984681154257226
Multiple myeloma,4.651162790697675,Panama,0.7125044531528323
Non-Hodgkin lymphoma,0.0,Panama,2.003918774492341
Ovarian cancer,2.3255813953488373,Panama,1.7812611328820807
Pancreatic cancer,0.0,Panama,1.3804773779836126
Penile cancer,2.3255813953488373,Panama,0.44531528322052016
Prostate cancer,9.30232558139535,Panama,25.026718916993236
Rectal cancer,0.0,Panama,1.6921980762379767
Salivary gland cancer,0.0,Panama,0.12023512646954045
Skin cancer,2.3255813953488373,Panama,2.137513359458497
Stomach cancer,4.651162790697675,Panama,3.918774492340578
Testicular cancer,0.0,Panama,0.6679729248307803
Throat cancer,0.0,Panama,0.5610972568578554
Thyroid cancer,0.0,Panama,2.538297114356965
Uterine cancer,4.651162790697675,Panama,6.100819380121126
Vaginal cancer,0.0,Panama,0.2003918774492341
Vulvar cancer,0.0,Panama,0.17812611328820807
Anal cancer,0.17157563625965114,Argentina,0.163929051506508
Bladder cancer,1.4012010294538175,Argentina,1.7048621356676832
Brain cancer,4.26079496711467,Argentina,1.2130749811481591
Breast cancer,23.877609379468115,Argentina,23.37628274482804
Cervical cancer,4.06062339147841,Argentina,5.508016130618668
Colon cancer,2.7166142407778096,Argentina,6.2293039572473035
Colorectal cancer,5.633400057191879,Argentina,7.934166092914986
Esophageal cancer,0.45753503002573637,Argentina,1.0163601193403495
Gallbladder cancer,0.2859593937660852,Argentina,0.4262155339169208
Hodgkin lymphoma,1.915927938232771,Argentina,0.5573587751221272
Kaposi sarcoma,0.37174721189591076,Argentina,0.14753614635585718
Kidney cancer,2.1732913926222475,Argentina,2.6556506344054296
Laryngeal cancer,0.20017157563625965,Argentina,0.6885020163273335
Leukemia,13.554475264512439,Argentina,1.7376479459689846
Liver cancer,4.689734057763798,Argentina,1.2130749811481591
Lung cancer,6.405490420360309,Argentina,6.524376249959017
Mesothelioma,0.45753503002573637,Argentina,0.1213074981148159
Mouth cancer,0.0,Argentina,0.655716206026032
Multiple myeloma,1.6871604232199027,Argentina,0.5573587751221272
Non-Hodgkin lymphoma,1.915927938232771,Argentina,2.1638634798859053
Ovarian cancer,1.4297969688304262,Argentina,2.2294351004885087
Pancreatic cancer,1.4297969688304262,Argentina,2.5900790138028262
Penile cancer,0.057191878753217046,Argentina,0.5245729648208256
Prostate cancer,4.7183299971404065,Argentina,14.655257204681813
Rectal cancer,0.48613096940234485,Argentina,1.540933084161175
Salivary gland cancer,0.08578781812982557,Argentina,0.15737188944624766
Skin cancer,10.351730054332284,Argentina,2.5245073932002224
Stomach cancer,0.42893909064912783,Argentina,2.196649290187207
Testicular cancer,0.22876751501286818,Argentina,2.786793875610636
Throat cancer,0.0,Argentina,0.38031539949509846
Thyroid cancer,3.6316843008292823,Argentina,2.622864824104128
Uterine cancer,0.6291106662853875,Argentina,2.8195796859119375
Vaginal cancer,0.08578781812982557,Argentina,0.10491459296416511
Vulvar cancer,0.20017157563625965,Argentina,0.2721222255008033
Anal cancer,0.0,Nepal,0.1639523445185266
Bladder cancer,2.7027027027027026,Nepal,1.8581265712099684
Brain cancer,3.6855036855036856,Nepal,1.202317193135862
Breast cancer,19.656019656019655,Nepal,15.739425073778555
Cervical cancer,16.707616707616708,Nepal,15.520821947753854
Colon cancer,1.71990171990172,Nepal,2.8418406383211283
Colorectal cancer,3.43980343980344,Nepal,4.809268772543448
Esophageal cancer,1.9656019656019657,Nepal,1.0602251612198055
Gallbladder cancer,2.457002457002457,Nepal,4.809268772543448
Hodgkin lymphoma,0.4914004914004914,Nepal,0.33883484533828834
Kaposi sarcoma,0.0,Nepal,0.0
Kidney cancer,3.43980343980344,Nepal,0.5792982839654608
Laryngeal cancer,0.2457002457002457,Nepal,1.9674281342223194
Leukemia,5.896805896805897,Nepal,2.6232375122964258
Liver cancer,3.43980343980344,Nepal,2.295332823259373
Lung cancer,6.142506142506143,Nepal,10.165045360148651
Mesothelioma,0.9828009828009828,Nepal,0.03279046890370532
Mouth cancer,0.0,Nepal,3.934856268444639
Multiple myeloma,1.4742014742014742,Nepal,0.5137173461580501
Non-Hodgkin lymphoma,1.4742014742014742,Nepal,2.295332823259373
Ovarian cancer,2.9484029484029484,Nepal,4.481364083506394
Pancreatic cancer,2.9484029484029484,Nepal,1.5302218821729152
Penile cancer,0.4914004914004914,Nepal,1.6395234451852663
Prostate cancer,2.7027027027027026,Nepal,3.2790468903705325
Rectal cancer,0.9828009828009828,Nepal,1.8581265712099684
Salivary gland cancer,0.0,Nepal,0.5246475024592852
Skin cancer,8.845208845208845,Nepal,1.1476664116296864
Stomach cancer,2.211302211302211,Nepal,7.10460159580282
Testicular cancer,0.4914004914004914,Nepal,0.19674281342223196
Throat cancer,0.0,Nepal,0.907202973002514
Thyroid cancer,1.9656019656019657,Nepal,2.732539075308777
Uterine cancer,0.4914004914004914,Nepal,1.4209203191605642
Vaginal cancer,0.0,Nepal,0.2513935949284075
Vulvar cancer,0.0,Nepal,0.17488250081976173
Anal cancer,0.22471183843561018,United States,0.30788177339901474
Bladder cancer,1.9022560536266628,United States,2.155172413793103
Brain cancer,5.398787468607832,United States,1.1288998357963873
Breast cancer,18.8256049824432,United States,19.68390804597701
Cervical cancer,2.4070021881838075,United States,1.2931034482758619
Colon cancer,2.9298089188927143,United States,3.489326765188834
Colorectal cancer,5.375593860918201,United States,5.541871921182265
Esophageal cancer,0.8264148575969521,United States,0.5747126436781609
Gallbladder cancer,0.1345989692152386,United States,0.13752052545155993
Hodgkin lymphoma,1.2182347383209728,United States,0.451559934318555
Kaposi sarcoma,0.2176777115133449,United States,0.04926108374384236
Kidney cancer,2.8383652689032655,United States,2.6272577996715927
Laryngeal cancer,0.16748826536528982,United States,0.4105090311986863
Leukemia,12.017330567844153,United States,2.2988505747126435
Liver cancer,3.1263842496392633,United States,1.3957307060755335
Lung cancer,6.038512795457095,United States,6.5476190476190474
Mesothelioma,0.8357303229804927,United States,0.08210180623973727
Mouth cancer,0.005703346153188076,United States,0.9441707717569785
Multiple myeloma,2.6370371496957263,United States,0.9852216748768472
Non-Hodgkin lymphoma,1.8629029651696651,United States,2.5656814449917897
Ovarian cancer,3.7894932957165968,United States,1.4983579638752051
Pancreatic cancer,3.109464322718139,United States,1.7651888341543511
Penile cancer,0.09714699614263689,United States,0.10878489326765188
Prostate cancer,10.12572076037011,United States,15.435139573070606
Rectal cancer,0.8710910691302587,United States,1.744663382594417
Salivary gland cancer,0.04011353461075613,United States,0.1744663382594417
Skin cancer,9.413753048913797,United States,16.379310344827584
Stomach cancer,0.3623525922658824,United States,0.8415435139573069
Testicular cancer,0.3093114730412333,United States,1.1288998357963873
Throat cancer,0.005703346153188076,United States,0.6958128078817734
Thyroid cancer,1.4062550498377397,United States,2.4835796387520523
Uterine cancer,1.3313511036925365,United States,4.6182266009852215
Vaginal cancer,0.05018944614805507,United States,0.08620689655172413
Vulvar cancer,0.0979074422963953,United States,0.3694581280788177
Anal cancer,0.0,Somalia,0.3027734043841589
Bladder cancer,6.0606060606060606,Somalia,1.3927576601671308
Brain cancer,0.0,Somalia,0.847765532275645
Breast cancer,9.090909090909092,Somalia,23.37410681845707
Cervical cancer,12.121212121212121,Somalia,16.107545113237254
Colon cancer,0.0,Somalia,3.1488434055952528
Colorectal cancer,3.0303030303030303,Somalia,5.571030640668523
Esophageal cancer,9.090909090909092,Somalia,3.2699527673489164
Gallbladder cancer,0.0,Somalia,0.5510475959791692
Hodgkin lymphoma,6.0606060606060606,Somalia,0.4481046384885552
Kaposi sarcoma,0.0,Somalia,0.4481046384885552
Kidney cancer,6.0606060606060606,Somalia,1.2110936175366356
Laryngeal cancer,3.0303030303030303,Somalia,0.7266561705219814
Leukemia,3.0303030303030303,Somalia,2.7249606394574304
Liver cancer,15.151515151515152,Somalia,2.240523192442776
Lung cancer,15.151515151515152,Somalia,2.1194138306891124
Mesothelioma,0.0,Somalia,0.006055468087683178
Mouth cancer,0.0,Somalia,1.3927576601671308
Multiple myeloma,0.0,Somalia,0.7872108513988132
Non-Hodgkin lymphoma,3.0303030303030303,Somalia,2.603851277703767
Ovarian cancer,0.0,Somalia,4.238827661378225
Pancreatic cancer,0.0,Somalia,1.2110936175366356
Penile cancer,0.0,Somalia,0.04238827661378226
Prostate cancer,3.0303030303030303,Somalia,11.20261596221388
Rectal cancer,0.0,Somalia,2.1194138306891124
Salivary gland cancer,0.0,Somalia,0.3512171490856243
Skin cancer,0.0,Somalia,2.167857575390578
Stomach cancer,3.0303030303030303,Somalia,3.027734043841589
Testicular cancer,0.0,Somalia,0.2240523192442776
Throat cancer,0.0,Somalia,1.253481894150418
Thyroid cancer,3.0303030303030303,Somalia,1.69553106455129
Uterine cancer,0.0,Somalia,2.1799685115659444
Vaginal cancer,0.0,Somalia,0.34516168099794114
Vulvar cancer,0.0,Somalia,0.6661014896451497
Anal cancer,1.2195121951219512,Togo,0.5095288512440445
Bladder cancer,0.0,Togo,0.8602435150873478
Brain cancer,1.2195121951219512,Togo,0.5227633668607728
Breast cancer,17.073170731707318,Togo,21.770778189518264
Cervical cancer,9.75609756097561,Togo,12.63896241397565
Colon cancer,0.0,Togo,3.1101111699311805
Colorectal cancer,3.658536585365854,Togo,4.96294335627316
Esophageal cancer,2.4390243902439024,Togo,2.5145579671784013
Gallbladder cancer,0.0,Togo,0.3308628904182107
Hodgkin lymphoma,2.4390243902439024,Togo,0.6617257808364214
Kaposi sarcoma,0.0,Togo,0.9264160931709899
Kidney cancer,0.0,Togo,0.8602435150873478
Laryngeal cancer,1.2195121951219512,Togo,0.7940709370037057
Leukemia,6.097560975609756,Togo,1.3896241397564848
Liver cancer,6.097560975609756,Togo,2.845420857596612
Lung cancer,6.097560975609756,Togo,1.2572789835892006
Mesothelioma,0.0,Togo,0.01985177342509264
Mouth cancer,0.0,Togo,0.8602435150873478
Multiple myeloma,0.0,Togo,0.46982530439385917
Non-Hodgkin lymphoma,2.4390243902439024,Togo,2.5145579671784013
Ovarian cancer,1.2195121951219512,Togo,2.7130757014293274
Pancreatic cancer,2.4390243902439024,Togo,0.992588671254632
Penile cancer,0.0,Togo,0.19190047644256217
Prostate cancer,8.536585365853659,Togo,20.71201694017999
Rectal cancer,0.0,Togo,1.3234515616728428
Salivary gland cancer,0.0,Togo,0.992588671254632
Skin cancer,18.29268292682927,Togo,3.1101111699311805
Stomach cancer,3.658536585365854,Togo,3.5733192165166754
Testicular cancer,0.0,Togo,0.25145579671784013
Throat cancer,0.0,Togo,1.019057702488089
Thyroid cancer,2.4390243902439024,Togo,0.6551085230280571
Uterine cancer,2.4390243902439024,Togo,3.7056643726839598
Vaginal cancer,0.0,Togo,0.4499735309687665
Vulvar cancer,1.2195121951219512,Togo,0.4896770778189518
Anal cancer,0.0,United Arab Emirates,0.12490334859929815
Bladder cancer,1.314459049544995,United Arab Emirates,3.6281448878843747
Brain cancer,3.033367037411527,United Arab Emirates,1.2490334859929815
Breast cancer,32.153690596562186,United Arab Emirates,33.96181526199964
Cervical cancer,5.864509605662285,United Arab Emirates,3.3902337476952353
Colon cancer,3.3367037411526796,United Arab Emirates,4.282400523404508
Colorectal cancer,10.414560161779574,United Arab Emirates,6.839945280437756
Esophageal cancer,0.20222446916076844,United Arab Emirates,0.5769345149586629
Gallbladder cancer,0.10111223458038422,United Arab Emirates,0.23196336168441084
Hodgkin lymphoma,1.4155712841253791,United Arab Emirates,0.8326889906619876
Kaposi sarcoma,0.20222446916076844,United Arab Emirates,0.06542556355201332
Kidney cancer,1.9211324570273003,United Arab Emirates,1.6059001962766903
Laryngeal cancer,0.20222446916076844,United Arab Emirates,0.8326889906619876
Leukemia,6.167846309403438,United Arab Emirates,3.3307559626479506
Liver cancer,5.156723963599595,United Arab Emirates,1.6059001962766903
Lung cancer,7.077856420626896,United Arab Emirates,3.6876226729316595
Mesothelioma,0.910010111223458,United Arab Emirates,0.13085112710402663
Mouth cancer,0.0,United Arab Emirates,1.070600130851127
Multiple myeloma,1.4155712841253791,United Arab Emirates,0.8921667757092725
Non-Hodgkin lymphoma,1.2133468149646107,United Arab Emirates,2.379111401891393
Ovarian cancer,2.3255813953488373,United Arab Emirates,3.2118003925533807
Pancreatic cancer,1.9211324570273003,United Arab Emirates,1.427466841134836
Penile cancer,0.0,United Arab Emirates,0.06542556355201332
Prostate cancer,4.145601617795753,United Arab Emirates,8.207934336525307
Rectal cancer,0.7077856420626896,United Arab Emirates,2.4385891869386778
Salivary gland cancer,0.0,United Arab Emirates,0.08921667757092724
Skin cancer,5.055611729019211,United Arab Emirates,1.2787723785166238
Stomach cancer,0.20222446916076844,United Arab Emirates,2.3196336168441083
Testicular cancer,0.20222446916076844,United Arab Emirates,0.3390233747695235
Throat cancer,0.0,United Arab Emirates,0.4401356093499078
Thyroid cancer,2.224469160768453,United Arab Emirates,3.2118003925533807
Uterine cancer,0.910010111223458,United Arab Emirates,6.126211859870337
Vaginal cancer,0.10111223458038422,United Arab Emirates,0.06542556355201332
Vulvar cancer,0.10111223458038422,United Arab Emirates,0.059477785047284834
Anal cancer,0.0,Jamaica,0.2075284952587721
Bladder cancer,0.0,Jamaica,0.9578238242712558
Brain cancer,1.0101010101010102,Jamaica,0.670476676989879
Breast cancer,20.707070707070706,Jamaica,22.70042463522876
Cervical cancer,9.595959595959595,Jamaica,6.513202005044539
Colon cancer,2.525252525252525,Jamaica,4.725264199738195
Colorectal cancer,6.565656565656566,Jamaica,6.4493470834264555
Esophageal cancer,0.0,Jamaica,0.6066217553717953
Gallbladder cancer,0.0,Jamaica,0.3512020688994605
Hodgkin lymphoma,0.5050505050505051,Jamaica,0.17560103444973024
Kaposi sarcoma,0.0,Jamaica,0.0
Kidney cancer,4.040404040404041,Jamaica,0.4150569905175442
Laryngeal cancer,0.0,Jamaica,0.4789119121356279
Leukemia,9.595959595959595,Jamaica,1.6283005012611347
Liver cancer,1.5151515151515151,Jamaica,0.9258963634622139
Lung cancer,4.040404040404041,Jamaica,4.46984451326586
Mesothelioma,0.0,Jamaica,0.019156476485425115
Mouth cancer,0.0,Jamaica,0.25861243255323907
Multiple myeloma,3.5353535353535355,Jamaica,1.2132435107435906
Non-Hodgkin lymphoma,1.0101010101010102,Jamaica,2.2029947958238885
Ovarian cancer,2.0202020202020203,Jamaica,1.7560103444973023
Pancreatic cancer,0.0,Jamaica,1.1813160499345488
Penile cancer,1.0101010101010102,Jamaica,0.30650362376680185
Prostate cancer,26.262626262626263,Jamaica,27.361833913348875
Rectal cancer,0.5050505050505051,Jamaica,1.5005906580249673
Salivary gland cancer,0.0,Jamaica,0.12770984323616744
Skin cancer,3.0303030303030303,Jamaica,0.7215606142843459
Stomach cancer,0.5050505050505051,Jamaica,2.2029947958238885
Testicular cancer,0.0,Jamaica,0.09258963634622137
Throat cancer,0.0,Jamaica,0.462948181731107
Thyroid cancer,0.5050505050505051,Jamaica,0.9897512850802976
Uterine cancer,1.0101010101010102,Jamaica,8.109575045496632
Vaginal cancer,0.0,Jamaica,0.09897512850802977
Vulvar cancer,0.5050505050505051,Jamaica,0.11813160499345488
Anal cancer,0.0,Sierra Leone,0.06736274840013473
Bladder cancer,2.2222222222222223,Sierra Leone,0.15156618390030313
Brain cancer,2.2222222222222223,Sierra Leone,0.016840687100033683
Breast cancer,31.11111111111111,Sierra Leone,11.788480970023578
Cervical cancer,33.333333333333336,Sierra Leone,27.787133715055578
Colon cancer,0.0,Sierra Leone,0.1178848097002358
Colorectal cancer,15.555555555555555,Sierra Leone,0.4041764904008084
Esophageal cancer,0.0,Sierra Leone,0.016840687100033683
Gallbladder cancer,0.0,Sierra Leone,0.016840687100033683
Hodgkin lymphoma,0.0,Sierra Leone,0.0
Kaposi sarcoma,0.0,Sierra Leone,0.0
Kidney cancer,2.2222222222222223,Sierra Leone,0.06736274840013473
Laryngeal cancer,0.0,Sierra Leone,0.0
Leukemia,4.444444444444445,Sierra Leone,0.08420343550016841
Liver cancer,0.0,Sierra Leone,9.936005389019872
Lung cancer,0.0,Sierra Leone,2.189289323004379
Mesothelioma,0.0,Sierra Leone,0.0
Mouth cancer,0.0,Sierra Leone,0.06736274840013473
Multiple myeloma,0.0,Sierra Leone,0.0
Non-Hodgkin lymphoma,0.0,Sierra Leone,1.0778039744021557
Ovarian cancer,0.0,Sierra Leone,4.5469855170090945
Pancreatic cancer,0.0,Sierra Leone,1.0946446615021894
Penile cancer,0.0,Sierra Leone,0.0
Prostate cancer,2.2222222222222223,Sierra Leone,35.702256652071405
Rectal cancer,0.0,Sierra Leone,0.2020882452004042
Salivary gland cancer,0.0,Sierra Leone,0.0
Skin cancer,6.666666666666667,Sierra Leone,0.1178848097002358
Stomach cancer,0.0,Sierra Leone,4.378578646008758
Testicular cancer,0.0,Sierra Leone,0.0
Throat cancer,0.0,Sierra Leone,0.0
Thyroid cancer,0.0,Sierra Leone,0.06736274840013473
Uterine cancer,0.0,Sierra Leone,0.1010441226002021
Vaginal cancer,0.0,Sierra Leone,0.0
Vulvar cancer,0.0,Sierra Leone,0.0
Anal cancer,0.0,Turkmenistan,0.4799451491258142
Bladder cancer,0.0,Turkmenistan,1.988344189235516
Brain cancer,0.0,Turkmenistan,2.9482344874871442
Breast cancer,50.0,Turkmenistan,21.323277339732602
Cervical cancer,0.0,Turkmenistan,9.667466575248543
Colon cancer,0.0,Turkmenistan,1.4398354473774426
Colorectal cancer,0.0,Turkmenistan,4.0452519712032915
Esophageal cancer,0.0,Turkmenistan,5.279396640383957
Gallbladder cancer,0.0,Turkmenistan,0.3633870414809736
Hodgkin lymphoma,0.0,Turkmenistan,0.5142269454919438
Kaposi sarcoma,0.0,Turkmenistan,0.03428179636612959
Kidney cancer,0.0,Turkmenistan,2.6054165238258484
Laryngeal cancer,0.0,Turkmenistan,0.8227631127871101
Leukemia,0.0,Turkmenistan,2.5368529310935894
Liver cancer,0.0,Turkmenistan,4.250942749400068
Lung cancer,0.0,Turkmenistan,6.513541309564621
Mesothelioma,0.0,Turkmenistan,0.013712718546451834
Mouth cancer,0.0,Turkmenistan,1.9197805965032568
Multiple myeloma,0.0,Turkmenistan,0.754199520054851
Non-Hodgkin lymphoma,0.0,Turkmenistan,0.8913267055193692
Ovarian cancer,25.0,Turkmenistan,3.0853616729516626
Pancreatic cancer,0.0,Turkmenistan,1.7826534110387384
Penile cancer,0.0,Turkmenistan,0.0
Prostate cancer,0.0,Turkmenistan,4.1823791566678095
Rectal cancer,0.0,Turkmenistan,2.125471374700034
Salivary gland cancer,0.0,Turkmenistan,0.13712718546451835
Skin cancer,0.0,Turkmenistan,3.818992115186836
Stomach cancer,0.0,Turkmenistan,8.29619472060336
Testicular cancer,0.0,Turkmenistan,1.3712718546451834
Throat cancer,0.0,Turkmenistan,1.672951662667124
Thyroid cancer,0.0,Turkmenistan,0.8913267055193692
Uterine cancer,25.0,Turkmenistan,3.7024340075419953
Vaginal cancer,0.0,Turkmenistan,0.17140898183064793
Vulvar cancer,0.0,Turkmenistan,0.37024340075419954
Anal cancer,1.5625,El Salvador,0.14377731769036117
Bladder cancer,0.0,El Salvador,0.6901311249137336
Brain cancer,0.0,El Salvador,2.2429261559696343
Breast cancer,4.6875,El Salvador,22.831838049229358
Cervical cancer,6.25,El Salvador,8.74166091557396
Colon cancer,3.125,El Salvador,3.680699332873246
Colorectal cancer,4.6875,El Salvador,5.003450655624568
Esophageal cancer,0.0,El Salvador,0.5751092707614447
Gallbladder cancer,0.0,El Salvador,0.5751092707614447
Hodgkin lymphoma,12.5,El Salvador,0.5060961582700714
Kaposi sarcoma,0.0,El Salvador,0.02300437083045779
Kidney cancer,0.0,El Salvador,1.2077294685990339
Laryngeal cancer,1.5625,El Salvador,0.3393144697492524
Leukemia,29.6875,El Salvador,4.428341384863124
Liver cancer,1.5625,El Salvador,3.2206119162640903
Lung cancer,1.5625,El Salvador,2.70301357257879
Mesothelioma,0.0,El Salvador,0.0
Mouth cancer,0.0,El Salvador,0.6901311249137336
Multiple myeloma,14.0625,El Salvador,0.44858523119392685
Non-Hodgkin lymphoma,7.8125,El Salvador,1.4377731769036117
Ovarian cancer,1.5625,El Salvador,2.472969864274212
Pancreatic cancer,0.0,El Salvador,1.4952841039797562
Penile cancer,0.0,El Salvador,0.4773406947319991
Prostate cancer,1.5625,El Salvador,24.097078444904533
Rectal cancer,3.125,El Salvador,1.1502185415228894
Salivary gland cancer,0.0,El Salvador,0.2587991718426501
Skin cancer,0.0,El Salvador,1.518288474810214
Stomach cancer,0.0,El Salvador,4.715896020243846
Testicular cancer,0.0,El Salvador,0.6901311249137336
Throat cancer,0.0,El Salvador,0.21279043018173455
Thyroid cancer,4.6875,El Salvador,1.3802622498274673
Uterine cancer,0.0,El Salvador,1.6678168852081896
Vaginal cancer,0.0,El Salvador,0.0977685760294456
Vulvar cancer,0.0,El Salvador,0.27605244996549344
Anal cancer,0.6920415224913494,Estonia,0.16802220815272978
Bladder cancer,1.3840830449826989,Estonia,2.288998198022696
Brain cancer,7.958477508650519,Estonia,1.5097647689085865
Breast cancer,17.647058823529413,Estonia,15.36550918034384
Cervical cancer,14.186851211072664,Estonia,2.8734232698582773
Colon cancer,3.4602076124567476,Estonia,4.870208931963182
Colorectal cancer,8.650519031141869,Estonia,7.74363220182146
Esophageal cancer,0.0,Estonia,0.8522865630935569
Gallbladder cancer,0.0,Estonia,0.17532752155067458
Hodgkin lymphoma,0.3460207612456747,Estonia,0.5844250718355819
Kaposi sarcoma,0.0,Estonia,0.0
Kidney cancer,2.422145328719723,Estonia,2.5568596892806705
Laryngeal cancer,0.3460207612456747,Estonia,0.5600740271757659
Leukemia,7.26643598615917,Estonia,2.3377002873423276
Liver cancer,1.0380622837370241,Estonia,1.095797009691716
Lung cancer,4.844290657439446,Estonia,6.282569522232505
Mesothelioma,0.6920415224913494,Estonia,0.03652656698972387
Mouth cancer,0.0,Estonia,1.0227438757122682
Multiple myeloma,1.3840830449826989,Estonia,0.8522865630935569
Non-Hodgkin lymphoma,0.3460207612456747,Estonia,2.288998198022696
Ovarian cancer,2.0761245674740483,Estonia,2.288998198022696
Pancreatic cancer,0.6920415224913494,Estonia,2.0941898407441686
Penile cancer,0.0,Estonia,0.26786149125797504
Prostate cancer,6.57439446366782,Estonia,24.05883212389812
Rectal cancer,2.0761245674740483,Estonia,2.702965957239566
Salivary gland cancer,0.0,Estonia,0.15097647689085866
Skin cancer,9.342560553633218,Estonia,4.066624458189257
Stomach cancer,2.7681660899653977,Estonia,3.1899868504358846
Testicular cancer,0.6920415224913494,Estonia,1.095797009691716
Throat cancer,0.0,Estonia,0.8863780256172992
Thyroid cancer,1.7301038062283738,Estonia,0.9983928310524522
Uterine cancer,1.3840830449826989,Estonia,4.310134904787416
Vaginal cancer,0.0,Estonia,0.0827935518433741
Vulvar cancer,0.0,Estonia,0.3409146252374228
Anal cancer,0.0,Georgia,0.07829320806420044
Bladder cancer,2.272727272727273,Georgia,2.7794088862791155
Brain cancer,9.090909090909092,Georgia,2.740262282247015
Breast cancer,25.0,Georgia,19.181835975729108
Cervical cancer,4.545454545454546,Georgia,4.071246819338422
Colon cancer,2.272727272727273,Georgia,2.7794088862791155
Colorectal cancer,4.545454545454546,Georgia,5.676257584654532
Esophageal cancer,2.272727272727273,Georgia,0.4306126443531024
Gallbladder cancer,0.0,Georgia,0.4306126443531024
Hodgkin lymphoma,0.0,Georgia,0.9003718927383049
Kaposi sarcoma,0.0,Georgia,0.02348796241926013
Kidney cancer,0.0,Georgia,1.8007437854766097
Laryngeal cancer,0.0,Georgia,1.7224505774124097
Leukemia,18.181818181818183,Georgia,1.996476805637111
Liver cancer,4.545454545454546,Georgia,2.6228224701507146
Lung cancer,6.818181818181818,Georgia,8.612252887062049
Mesothelioma,0.0,Georgia,0.06654922685457038
Mouth cancer,0.0,Georgia,1.1743981209630066
Multiple myeloma,2.272727272727273,Georgia,0.3914660403210022
Non-Hodgkin lymphoma,0.0,Georgia,1.957330201605011
Ovarian cancer,6.818181818181818,Georgia,4.149540027402623
Pancreatic cancer,0.0,Georgia,2.1139166177334117
Penile cancer,0.0,Georgia,0.34449011548248193
Prostate cancer,4.545454545454546,Georgia,13.544724995106675
Rectal cancer,2.272727272727273,Georgia,2.8185554903112156
Salivary gland cancer,0.0,Georgia,0.16441573693482092
Skin cancer,2.272727272727273,Georgia,3.836367195145822
Stomach cancer,2.272727272727273,Georgia,3.7972205911137205
Testicular cancer,0.0,Georgia,2.348796241926013
Throat cancer,0.0,Georgia,0.8612252887062049
Thyroid cancer,0.0,Georgia,1.8007437854766097
Uterine cancer,0.0,Georgia,4.188686631434723
Vaginal cancer,0.0,Georgia,0.12526913290272068
Vulvar cancer,0.0,Georgia,0.4697592483852026
Anal cancer,0.2159827213822894,South Africa,0.2905552054890429
Bladder cancer,0.5399568034557235,South Africa,1.4352727018133442
Brain cancer,1.83585313174946,South Africa,0.5250997689561017
Breast cancer,20.896328293736502,South Africa,16.73317930406777
Cervical cancer,15.550755939524837,South Africa,11.622208219561717
Colon cancer,1.83585313174946,South Africa,2.3804522859343273
Colorectal cancer,5.102591792656588,South Africa,4.725897920604915
Esophageal cancer,1.9978401727861772,South Africa,2.2404256808793668
Gallbladder cancer,0.1079913606911447,South Africa,0.2310438983406847
Hodgkin lymphoma,1.538876889848812,South Africa,0.3850731639011412
Kaposi sarcoma,1.8088552915766738,South Africa,2.1003990758244067
Kidney cancer,2.2408207343412525,South Africa,0.9101729328572428
Laryngeal cancer,0.2159827213822894,South Africa,0.665126374011062
Leukemia,6.371490280777538,South Africa,1.260239445494644
Liver cancer,6.452483801295896,South Africa,1.7153259119232656
Lung cancer,7.424406047516198,South Africa,6.33620387873696
Mesothelioma,1.214902807775378,South Africa,0.21003990758244065
Mouth cancer,0.05399568034557235,South Africa,1.0852061891759432
Multiple myeloma,1.4038876889848813,South Africa,0.8051529790660223
Non-Hodgkin lymphoma,1.5658747300215983,South Africa,1.960372470769446
Ovarian cancer,2.2678185745140387,South Africa,1.7853392144507454
Pancreatic cancer,1.1339092872570193,South Africa,1.8553525169782257
Penile cancer,0.2159827213822894,South Africa,0.4900931176923615
Prostate cancer,7.667386609071274,South Africa,21.704123783518867
Rectal cancer,0.16198704103671707,South Africa,2.0653924245606663
Salivary gland cancer,0.0,South Africa,0.18903591682419657
Skin cancer,7.856371490280778,South Africa,8.366589652033886
Stomach cancer,0.3779697624190065,South Africa,1.260239445494644
Testicular cancer,0.2159827213822894,South Africa,0.24504655884618076
Throat cancer,0.0,South Africa,0.5215991038297276
Thyroid cancer,0.5399568034557235,South Africa,0.7701463278022824
Uterine cancer,0.8369330453563715,South Africa,2.1704123783518865
Vaginal cancer,0.05399568034557235,South Africa,0.2590492193516768
Vulvar cancer,0.296976241900648,South Africa,0.7001330252748021
Anal cancer,0.0,Eswatini,0.37771062922147175
Bladder cancer,0.0,Eswatini,0.4888019907571988
Brain cancer,5.2631578947368425,Eswatini,0.20885175968716674
Breast cancer,52.63157894736842,Eswatini,11.642374688944187
Cervical cancer,26.31578947368421,Eswatini,42.614646285104875
Colon cancer,0.0,Eswatini,1.1109136153572698
Colorectal cancer,0.0,Eswatini,2.177390686100249
Esophageal cancer,0.0,Eswatini,0.8442943476715251
Gallbladder cancer,0.0,Eswatini,0.0
Hodgkin lymphoma,0.0,Eswatini,0.2666192676857448
Kaposi sarcoma,0.0,Eswatini,3.9104159260575906
Kidney cancer,0.0,Eswatini,0.22662637753288306
Laryngeal cancer,0.0,Eswatini,0.11997867045858515
Leukemia,5.2631578947368425,Eswatini,0.5332385353714896
Liver cancer,0.0,Eswatini,1.7774617845716318
Lung cancer,0.0,Eswatini,1.8218983291859223
Mesothelioma,0.0,Eswatini,0.0
Mouth cancer,0.0,Eswatini,0.4888019907571988
Multiple myeloma,0.0,Eswatini,0.2488446498400285
Non-Hodgkin lymphoma,0.0,Eswatini,1.3775328830430147
Ovarian cancer,0.0,Eswatini,1.3330963384287238
Pancreatic cancer,0.0,Eswatini,0.6221116246000711
Penile cancer,0.0,Eswatini,3.021685033771774
Prostate cancer,10.526315789473685,Eswatini,18.218983291859224
Rectal cancer,0.0,Eswatini,0.6665481692143619
Salivary gland cancer,0.0,Eswatini,0.0
Skin cancer,0.0,Eswatini,2.0263064344116604
Stomach cancer,0.0,Eswatini,0.5776750799857803
Testicular cancer,0.0,Eswatini,0.0
Throat cancer,0.0,Eswatini,0.15552790615001777
Thyroid cancer,0.0,Eswatini,0.2932811944543192
Uterine cancer,0.0,Eswatini,0.25773195876288657
Vaginal cancer,0.0,Eswatini,0.3243867756843228
Vulvar cancer,0.0,Eswatini,2.2662637753288304
Anal cancer,0.0,Mauritius,0.12942406292000597
Bladder cancer,0.0,Mauritius,1.5431330578923788
Brain cancer,0.0,Mauritius,1.194683657723132
Breast cancer,23.076923076923077,Mauritius,26.23326198417044
Cervical cancer,7.6923076923076925,Mauritius,6.421424660261835
Colon cancer,11.538461538461538,Mauritius,5.824082831400268
Colorectal cancer,0.0,Mauritius,8.412564089800387
Esophageal cancer,0.0,Mauritius,0.896012743292349
Gallbladder cancer,0.0,Mauritius,0.4728956145154064
Hodgkin lymphoma,0.0,Mauritius,0.3783164916123251
Kaposi sarcoma,0.0,Mauritius,0.0
Kidney cancer,3.8461538461538463,Mauritius,0.8462342575538851
Laryngeal cancer,0.0,Mauritius,0.8462342575538851
Leukemia,3.8461538461538463,Mauritius,2.0409179152770167
Liver cancer,15.384615384615385,Mauritius,1.792025486584698
Lung cancer,15.384615384615385,Mauritius,4.181392802030962
Mesothelioma,0.0,Mauritius,0.0
Mouth cancer,0.0,Mauritius,1.5431330578923788
Multiple myeloma,0.0,Mauritius,0.6471203146000298
Non-Hodgkin lymphoma,0.0,Mauritius,1.244462143461596
Ovarian cancer,0.0,Mauritius,3.9325003733386428
Pancreatic cancer,7.6923076923076925,Mauritius,1.8915824580616256
Penile cancer,0.0,Mauritius,0.19413609438000895
Prostate cancer,0.0,Mauritius,12.34506446313903
Rectal cancer,0.0,Mauritius,2.488924286923192
Salivary gland cancer,0.0,Mauritius,0.16426900293693064
Skin cancer,11.538461538461538,Mauritius,2.2101647667877944
Stomach cancer,0.0,Mauritius,2.8373736870924384
Testicular cancer,0.0,Mauritius,0.6471203146000298
Throat cancer,0.0,Mauritius,0.7715665289461894
Thyroid cancer,0.0,Mauritius,0.7964557718154213
Uterine cancer,0.0,Mauritius,6.471203146000298
Vaginal cancer,0.0,Mauritius,0.21902533724924086
Vulvar cancer,0.0,Mauritius,0.38329434018617153
Anal cancer,0.0,Indonesia,0.1554087805961037
Bladder cancer,2.5611838360842345,Indonesia,1.443081534106677
Brain cancer,2.3904382470119523,Indonesia,1.1100627185435976
Breast cancer,35.00284575981787,Indonesia,23.20031081756119
Cervical cancer,8.594194649971543,Indonesia,12.932230671032912
Colon cancer,2.21969265793967,Indonesia,3.4966975634123325
Colorectal cancer,7.512805919180421,Indonesia,6.715879447188765
Esophageal cancer,0.056915196357427436,Indonesia,0.26641505245046343
Gallbladder cancer,0.11383039271485487,Indonesia,0.12210689903979574
Hodgkin lymphoma,1.6505406943653955,Indonesia,0.24421379807959148
Kaposi sarcoma,0.11383039271485487,Indonesia,0.02220125437087195
Kidney cancer,1.3090495162208309,Indonesia,0.49952822334461894
Laryngeal cancer,0.056915196357427436,Indonesia,0.7770439029805183
Leukemia,6.20375640295959,Indonesia,2.886163068213354
Liver cancer,4.951622083096186,Indonesia,4.4402508741743905
Lung cancer,7.000569151963575,Indonesia,7.437420214242104
Mesothelioma,0.11383039271485487,Indonesia,0.04995282233446189
Mouth cancer,0.0,Indonesia,1.2210689903979575
Multiple myeloma,0.6829823562891292,Indonesia,0.6660376311261585
Non-Hodgkin lymphoma,1.9920318725099602,Indonesia,3.0526724759948936
Ovarian cancer,4.2686397268070575,Indonesia,5.439307320863629
Pancreatic cancer,1.1952191235059761,Indonesia,1.1100627185435976
Penile cancer,0.398406374501992,Indonesia,0.4273741466392851
Prostate cancer,5.0085372794536145,Indonesia,5.827829272353887
Rectal cancer,0.4553215708594195,Indonesia,3.0526724759948936
Salivary gland cancer,0.0,Indonesia,0.44402508741743907
Skin cancer,2.7319294251565167,Indonesia,1.831603485596936
Stomach cancer,0.22766078542970974,Indonesia,0.7215407670533385
Testicular cancer,0.3414911781445646,Indonesia,0.6105344951989787
Throat cancer,0.056915196357427436,Indonesia,3.7242604207137693
Thyroid cancer,1.8782014797951052,Indonesia,2.4976411167230945
Uterine cancer,0.7398975526465567,Indonesia,2.9416662041405335
Vaginal cancer,0.0,Indonesia,0.16650940778153964
Vulvar cancer,0.1707455890722823,Indonesia,0.466226341788311
Anal cancer,0.0,Ethiopia,0.3057678943710911
Bladder cancer,0.3464203233256351,Ethiopia,1.7373175816539266
Brain cancer,1.7321016166281755,Ethiopia,0.7644197359277278
Breast cancer,26.09699769053118,Ethiopia,28.35302293259208
Cervical cancer,39.607390300230946,Ethiopia,15.496872828353025
Colon cancer,1.2702078521939955,Ethiopia,3.4051424600416964
Colorectal cancer,4.387990762124711,Ethiopia,6.254343293954136
Esophageal cancer,1.3856812933025404,Ethiopia,1.5983321751216122
Gallbladder cancer,0.0,Ethiopia,0.4378040305767895
Hodgkin lymphoma,0.6928406466512702,Ethiopia,0.45170257123002094
Kaposi sarcoma,0.0,Ethiopia,0.12508686587908271
Kidney cancer,0.9237875288683602,Ethiopia,1.5288394718554557
Laryngeal cancer,0.5773672055427251,Ethiopia,0.4933981931897152
Leukemia,5.311778290993072,Ethiopia,3.474635163307853
Liver cancer,3.9260969976905313,Ethiopia,2.8492008339124393
Lung cancer,4.272517321016166,Ethiopia,2.5712300208478114
Mesothelioma,0.3464203233256351,Ethiopia,0.013898540653231413
Mouth cancer,0.0,Ethiopia,0.9728978457261989
Multiple myeloma,0.5773672055427251,Ethiopia,0.3335649756775539
Non-Hodgkin lymphoma,0.5773672055427251,Ethiopia,2.8492008339124393
Ovarian cancer,0.8083140877598153,Ethiopia,4.7255038220986805
Pancreatic cancer,0.5773672055427251,Ethiopia,0.9728978457261989
Penile cancer,0.0,Ethiopia,0.07644197359277277
Prostate cancer,1.7321016166281755,Ethiopia,5.559416261292565
Rectal cancer,0.4618937644341801,Ethiopia,2.5712300208478114
Salivary gland cancer,0.0,Ethiopia,0.4378040305767895
Skin cancer,1.7321016166281755,Ethiopia,2.6059763724808898
Stomach cancer,0.5773672055427251,Ethiopia,2.293259207783183
Testicular cancer,0.23094688221709006,Ethiopia,0.3891591382904796
Throat cancer,0.0,Ethiopia,0.8686587908269633
Thyroid cancer,1.0392609699769053,Ethiopia,2.6407227241139686
Uterine cancer,0.4618937644341801,Ethiopia,1.6678248783877696
Vaginal cancer,0.11547344110854503,Ethiopia,0.41000694927032666
Vulvar cancer,0.23094688221709006,Ethiopia,0.7644197359277278
Anal cancer,0.0,Libya,0.12347130761994358
Bladder cancer,10.447761194029852,Libya,5.115239887111948
Brain cancer,1.492537313432836,Libya,2.645813734713077
Breast cancer,22.388059701492537,Libya,18.22671683913453
Cervical cancer,1.492537313432836,Libya,4.703668861712137
Colon cancer,2.985074626865672,Libya,6.114769520225778
Colorectal cancer,13.432835820895523,Libya,9.348541862652871
Esophageal cancer,0.0,Libya,0.5232831608654752
Gallbladder cancer,0.0,Libya,1.2935089369708377
Hodgkin lymphoma,1.492537313432836,Libya,1.1171213546566325
Kaposi sarcoma,0.0,Libya,0.1646284101599248
Kidney cancer,1.492537313432836,Libya,1.999059266227658
Laryngeal cancer,0.0,Libya,1.7638758231420513
Leukemia,10.447761194029852,Libya,3.1749764816556922
Liver cancer,4.477611940298507,Libya,2.7634054562558803
Lung cancer,4.477611940298507,Libya,9.642521166509878
Mesothelioma,0.0,Libya,0.07643461900282222
Mouth cancer,0.0,Libya,0.7055503292568205
Multiple myeloma,2.985074626865672,Libya,0.8819379115710256
Non-Hodgkin lymphoma,2.985074626865672,Libya,3.1161806208842906
Ovarian cancer,5.970149253731344,Libya,3.1161806208842906
Pancreatic cancer,1.492537313432836,Libya,2.234242709313265
Penile cancer,0.0,Libya,0.0
Prostate cancer,2.985074626865672,Libya,9.524929444967077
Rectal cancer,0.0,Libya,3.1161806208842906
Salivary gland cancer,0.0,Libya,0.15874882408278462
Skin cancer,4.477611940298507,Libya,0.9407337723424274
Stomach cancer,1.492537313432836,Libya,2.234242709313265
Testicular cancer,0.0,Libya,0.3586547507055504
Throat cancer,0.0,Libya,1.3287864534336784
Thyroid cancer,1.492537313432836,Libya,1.8814675446848548
Uterine cancer,1.492537313432836,Libya,1.1759172154280342
Vaginal cancer,0.0,Libya,0.1646284101599248
Vulvar cancer,0.0,Libya,0.26458137347130767
Anal cancer,0.0,Ecuador,0.3130038888361946
Bladder cancer,1.0695187165775402,Ecuador,1.5175946125391253
Brain cancer,6.951871657754011,Ecuador,1.707293939106516
Breast cancer,13.368983957219251,Ecuador,18.732808498529828
Cervical cancer,10.16042780748663,Ecuador,8.394195200607037
Colon cancer,2.6737967914438503,Ecuador,4.0785355211989
Colorectal cancer,4.278074866310161,Ecuador,5.880679123589111
Esophageal cancer,1.0695187165775402,Ecuador,0.41259603528407474
Gallbladder cancer,0.0,Ecuador,0.5216731480603244
Hodgkin lymphoma,0.5347593582887701,Ecuador,0.569097979702172
Kaposi sarcoma,0.5347593582887701,Ecuador,0.16124442758228208
Kidney cancer,0.5347593582887701,Ecuador,1.4701697808972778
Laryngeal cancer,0.5347593582887701,Ecuador,0.3556862373138575
Leukemia,11.764705882352942,Ecuador,3.0826140567200984
Liver cancer,3.2085561497326203,Ecuador,2.4660912453760786
Lung cancer,4.278074866310161,Ecuador,2.9877643934364033
Mesothelioma,0.0,Ecuador,0.06165228113440197
Mouth cancer,0.0,Ecuador,0.569097979702172
Multiple myeloma,1.6042780748663101,Ecuador,0.6639476429858674
Non-Hodgkin lymphoma,2.6737967914438503,Ecuador,3.5094375414967276
Ovarian cancer,2.1390374331550803,Ecuador,2.418666413734231
Pancreatic cancer,1.0695187165775402,Ecuador,1.7547187707483638
Penile cancer,0.0,Ecuador,0.6639476429858674
Prostate cancer,6.951871657754011,Ecuador,16.598691074646684
Rectal cancer,1.0695187165775402,Ecuador,1.4701697808972778
Salivary gland cancer,0.0,Ecuador,0.1849568434032059
Skin cancer,5.882352941176471,Ecuador,3.8414113629896613
Stomach cancer,1.0695187165775402,Ecuador,6.070378450156501
Testicular cancer,1.0695187165775402,Ecuador,1.8021436023902113
Throat cancer,0.0,Ecuador,0.32248885516456416
Thyroid cancer,12.29946524064171,Ecuador,3.177463720003794
Uterine cancer,3.2085561497326203,Ecuador,3.7939865313478136
Vaginal cancer,0.0,Ecuador,0.1327895285971735
Vulvar cancer,0.0,Ecuador,0.3130038888361946
Anal cancer,0.0,Albania,0.11283497884344147
Bladder cancer,0.0,Albania,3.85519511048425
Brain cancer,13.333333333333334,Albania,3.291020216267043
Breast cancer,23.333333333333332,Albania,24.024447578749413
Cervical cancer,10.0,Albania,4.090267983074753
Colon cancer,3.3333333333333335,Albania,2.3037141513869304
Colorectal cancer,6.666666666666667,Albania,4.795486600846262
Esophageal cancer,0.0,Albania,0.611189468735308
Gallbladder cancer,0.0,Albania,0.37141513869299486
Hodgkin lymphoma,0.0,Albania,0.8932769158439117
Kaposi sarcoma,0.0,Albania,0.03291020216267043
Kidney cancer,0.0,Albania,1.6455101081335215
Laryngeal cancer,0.0,Albania,1.5514809590973202
Leukemia,3.3333333333333335,Albania,3.4790785143394456
Liver cancer,0.0,Albania,1.5044663845792197
Lung cancer,0.0,Albania,11.894687353079455
Mesothelioma,3.3333333333333335,Albania,0.30089327691584394
Mouth cancer,0.0,Albania,0.7992477668077105
Multiple myeloma,3.3333333333333335,Albania,0.7052186177715092
Non-Hodgkin lymphoma,0.0,Albania,1.081335213916314
Ovarian cancer,3.3333333333333335,Albania,4.1372825575928545
Pancreatic cancer,6.666666666666667,Albania,2.4917724494593325
Penile cancer,0.0,Albania,0.23977433004231313
Prostate cancer,6.666666666666667,Albania,5.7357780912082745
Rectal cancer,0.0,Albania,2.350728725905031
Salivary gland cancer,0.0,Albania,0.15514809590973203
Skin cancer,3.3333333333333335,Albania,3.4790785143394456
Stomach cancer,3.3333333333333335,Albania,5.923836389280678
Testicular cancer,0.0,Albania,1.5514809590973202
Throat cancer,0.0,Albania,0.7522331922896098
Thyroid cancer,10.0,Albania,0.5171603196991068
Uterine cancer,0.0,Albania,4.560413728255759
Vaginal cancer,0.0,Albania,0.2914903620122238
Vulvar cancer,0.0,Albania,0.47014574518100616
Anal cancer,0.0,Uzbekistan,0.5295429208472686
Bladder cancer,2.7027027027027026,Uzbekistan,1.8115942028985506
Brain cancer,10.81081081081081,Uzbekistan,3.4141583054626534
Breast cancer,16.216216216216218,Uzbekistan,19.370122630992196
Cervical cancer,2.7027027027027026,Uzbekistan,10.312151616499442
Colon cancer,0.0,Uzbekistan,2.856744704570791
Colorectal cancer,2.7027027027027026,Uzbekistan,6.270903010033444
Esophageal cancer,5.405405405405405,Uzbekistan,3.483835005574136
Gallbladder cancer,0.0,Uzbekistan,0.19509476031215162
Hodgkin lymphoma,0.0,Uzbekistan,0.975473801560758
Kaposi sarcoma,0.0,Uzbekistan,0.11148272017837234
Kidney cancer,0.0,Uzbekistan,1.672240802675585
Laryngeal cancer,0.0,Uzbekistan,0.33444816053511706
Leukemia,10.81081081081081,Uzbekistan,3.06577480490524
Liver cancer,5.405405405405405,Uzbekistan,3.762541806020067
Lung cancer,5.405405405405405,Uzbekistan,5.852842809364548
Mesothelioma,0.0,Uzbekistan,0.11148272017837234
Mouth cancer,0.0,Uzbekistan,2.229654403567447
Multiple myeloma,2.7027027027027026,Uzbekistan,0.08361204013377926
Non-Hodgkin lymphoma,5.405405405405405,Uzbekistan,1.2541806020066888
Ovarian cancer,0.0,Uzbekistan,3.34448160535117
Pancreatic cancer,0.0,Uzbekistan,2.5780379041248604
Penile cancer,0.0,Uzbekistan,0.05574136008918617
Prostate cancer,10.81081081081081,Uzbekistan,7.176700111482719
Rectal cancer,0.0,Uzbekistan,2.926421404682274
Salivary gland cancer,0.0,Uzbekistan,0.2856744704570791
Skin cancer,13.513513513513514,Uzbekistan,1.3795986622073577
Stomach cancer,0.0,Uzbekistan,7.1070234113712365
Testicular cancer,2.7027027027027026,Uzbekistan,1.1845039018952062
Throat cancer,0.0,Uzbekistan,1.2263099219620959
Thyroid cancer,2.7027027027027026,Uzbekistan,0.8361204013377925
Uterine cancer,0.0,Uzbekistan,3.692865105908584
Vaginal cancer,0.0,Uzbekistan,0.18115942028985507
Vulvar cancer,0.0,Uzbekistan,0.32748049052396877
Anal cancer,0.0,Niger,0.852105778648384
Bladder cancer,20.0,Niger,2.4485798237022527
Brain cancer,0.0,Niger,0.803134182174339
Breast cancer,40.0,Niger,28.893241919686584
Cervical cancer,10.0,Niger,9.108716944172382
Colon cancer,0.0,Niger,3.2321253672869736
Colorectal cancer,0.0,Niger,5.778648383937317
Esophageal cancer,0.0,Niger,0.930460333006856
Gallbladder cancer,0.0,Niger,0.22526934378060726
Hodgkin lymphoma,0.0,Niger,0.11753183153770813
Kaposi sarcoma,0.0,Niger,0.12732615083251714
Kidney cancer,0.0,Niger,1.4691478942213516
Laryngeal cancer,0.0,Niger,0.5778648383937317
Leukemia,0.0,Niger,2.1547502448579827
Liver cancer,10.0,Niger,9.598432908912832
Lung cancer,10.0,Niger,0.930460333006856
Mesothelioma,0.0,Niger,0.009794319294809012
Mouth cancer,0.0,Niger,1.4691478942213516
Multiple myeloma,10.0,Niger,0.09794319294809012
Non-Hodgkin lymphoma,0.0,Niger,1.762977473065622
Ovarian cancer,0.0,Niger,7.541625857002939
Pancreatic cancer,0.0,Niger,3.330068560235064
Penile cancer,0.0,Niger,0.07835455435847209
Prostate cancer,0.0,Niger,5.386875612144956
Rectal cancer,0.0,Niger,1.762977473065622
Salivary gland cancer,0.0,Niger,0.47992164544564153
Skin cancer,0.0,Niger,2.468168462291871
Stomach cancer,0.0,Niger,3.0362389813907935
Testicular cancer,0.0,Niger,0.5778648383937317
Throat cancer,0.0,Niger,0.6758080313418218
Thyroid cancer,0.0,Niger,0.9794319294809012
Uterine cancer,0.0,Niger,2.4485798237022527
Vaginal cancer,0.0,Niger,0.4113614103819785
Vulvar cancer,0.0,Niger,0.23506366307541626
Anal cancer,0.0,Djibouti,0.0
Bladder cancer,0.0,Djibouti,1.679328268692523
Brain cancer,0.0,Djibouti,0.47980807676929227
Breast cancer,0.0,Djibouti,30.46781287485006
Cervical cancer,0.0,Djibouti,13.194722111155539
Colon cancer,0.0,Djibouti,2.7988804478208715
Colorectal cancer,0.0,Djibouti,5.1179528188724515
Esophageal cancer,100.0,Djibouti,1.9992003198720512
Gallbladder cancer,0.0,Djibouti,0.4318272690923631
Hodgkin lymphoma,0.0,Djibouti,0.23190723710515793
Kaposi sarcoma,0.0,Djibouti,0.0
Kidney cancer,0.0,Djibouti,1.5193922431027589
Laryngeal cancer,0.0,Djibouti,0.5997600959616154
Leukemia,0.0,Djibouti,3.438624550179928
Liver cancer,0.0,Djibouti,2.7988804478208715
Lung cancer,0.0,Djibouti,2.4790083966413436
Mesothelioma,0.0,Djibouti,0.0
Mouth cancer,0.0,Djibouti,1.2794882047181129
Multiple myeloma,0.0,Djibouti,0.23990403838464613
Non-Hodgkin lymphoma,0.0,Djibouti,3.9984006397441023
Ovarian cancer,0.0,Djibouti,5.197920831667333
Pancreatic cancer,0.0,Djibouti,1.1195521791283487
Penile cancer,0.0,Djibouti,0.0
Prostate cancer,0.0,Djibouti,8.876449420231907
Rectal cancer,0.0,Djibouti,2.3190723710515795
Salivary gland cancer,0.0,Djibouti,0.0
Skin cancer,0.0,Djibouti,1.599360255897641
Stomach cancer,0.0,Djibouti,2.3190723710515795
Testicular cancer,0.0,Djibouti,0.0
Throat cancer,0.0,Djibouti,0.5517792882846861
Thyroid cancer,0.0,Djibouti,2.3990403838464616
Uterine cancer,0.0,Djibouti,1.9992003198720512
Vaginal cancer,0.0,Djibouti,0.1759296281487405
Vulvar cancer,0.0,Djibouti,0.6877249100359856
Anal cancer,0.0,Guyana,0.062212863705972433
Bladder cancer,0.0,Guyana,0.526416539050536
Brain cancer,0.0,Guyana,0.11485451761102602
Breast cancer,11.11111111111111,Guyana,25.17228177641654
Cervical cancer,44.44444444444444,Guyana,14.500382848392036
Colon cancer,0.0,Guyana,3.493491577335375
Colorectal cancer,0.0,Guyana,4.211332312404288
Esophageal cancer,0.0,Guyana,0.378062787136294
Gallbladder cancer,0.0,Guyana,0.22970903522205205
Hodgkin lymphoma,0.0,Guyana,0.0
Kaposi sarcoma,0.0,Guyana,0.0
Kidney cancer,0.0,Guyana,0.9092649310872895
Laryngeal cancer,0.0,Guyana,0.6221286370597243
Leukemia,0.0,Guyana,1.9142419601837672
Liver cancer,11.11111111111111,Guyana,1.6749617151607963
Lung cancer,11.11111111111111,Guyana,2.05781010719755
Mesothelioma,0.0,Guyana,0.0
Mouth cancer,0.0,Guyana,0.526416539050536
Multiple myeloma,0.0,Guyana,0.1627105666156202
Non-Hodgkin lymphoma,0.0,Guyana,2.8235068912710566
Ovarian cancer,0.0,Guyana,2.153522205206738
Pancreatic cancer,0.0,Guyana,0.9571209800918836
Penile cancer,0.0,Guyana,0.4737748851454824
Prostate cancer,0.0,Guyana,29.622894333843796
Rectal cancer,0.0,Guyana,0.6221286370597243
Salivary gland cancer,0.0,Guyana,0.03828483920367534
Skin cancer,11.11111111111111,Guyana,0.10049770290964778
Stomach cancer,11.11111111111111,Guyana,2.153522205206738
Testicular cancer,0.0,Guyana,0.1339969372128637
Throat cancer,0.0,Guyana,0.2871362940275651
Thyroid cancer,0.0,Guyana,0.4067764165390505
Uterine cancer,0.0,Guyana,3.3499234303215926
Vaginal cancer,0.0,Guyana,0.0
Vulvar cancer,0.0,Guyana,0.320635528330781
Anal cancer,0.061387354205033766,Tunisia,0.3074558032282859
Bladder cancer,3.928790669122161,Tunisia,5.262224324484125
Brain cancer,5.70902394106814,Tunisia,1.951161828179507
Breast cancer,23.388581952117864,Tunisia,21.40365399396914
Cervical cancer,3.314917127071823,Tunisia,3.133684148288299
Colon cancer,3.928790669122161,Tunisia,3.902323656359014
Colorectal cancer,8.655616942909761,Tunisia,7.036007804647313
Esophageal cancer,0.24554941682013506,Tunisia,0.41388281203807725
Gallbladder cancer,0.7366482504604052,Tunisia,0.6503872760598357
Hodgkin lymphoma,1.7188459177409454,Tunisia,1.182522320108792
Kaposi sarcoma,0.5524861878453039,Tunisia,0.24241707562230239
Kidney cancer,2.332719459791283,Tunisia,1.3007745521196714
Laryngeal cancer,0.5524861878453039,Tunisia,1.8329095961686277
Leukemia,11.11111111111111,Tunisia,3.133684148288299
Liver cancer,2.516881522406384,Tunisia,2.4241707562230235
Lung cancer,3.621853898096992,Tunisia,11.884349317093362
Mesothelioma,0.9208103130755064,Tunisia,0.08868917400815941
Mouth cancer,0.0,Tunisia,1.0642700880979128
Multiple myeloma,3.928790669122161,Tunisia,0.8277656240761545
Non-Hodgkin lymphoma,1.9030079803560467,Tunisia,3.429314728315497
Ovarian cancer,3.6832412523020257,Tunisia,2.7198013362502214
Pancreatic cancer,0.7366482504604052,Tunisia,1.951161828179507
Penile cancer,0.061387354205033766,Tunisia,0.07095133920652752
Prostate cancer,3.376304481276857,Tunisia,9.933187488913854
Rectal cancer,1.350521792510743,Tunisia,2.8380535682611012
Salivary gland cancer,0.12277470841006753,Tunisia,0.1655531248152309
Skin cancer,6.384284837323511,Tunisia,2.063501448589842
Stomach cancer,1.289134438305709,Tunisia,2.069414060190386
Testicular cancer,0.3069367710251688,Tunisia,0.40205758883698933
Throat cancer,0.0,Tunisia,2.039851002187666
Thyroid cancer,2.2099447513812156,Tunisia,1.47815290013599
Uterine cancer,0.8594229588704727,Tunisia,2.365044640217584
Vaginal cancer,0.12277470841006753,Tunisia,0.11233962041033525
Vulvar cancer,0.3683241252302026,Tunisia,0.31928102642937384
Anal cancer,0.0,Bangladesh,0.20871380120010435
Bladder cancer,2.0969855832241153,Bangladesh,0.956604922167145
Brain cancer,4.456094364351245,Bangladesh,0.7044090790503521
Breast cancer,23.98427260812582,Bangladesh,13.218540742673275
Cervical cancer,14.941022280471822,Bangladesh,9.82694147317158
Colon cancer,3.2765399737876804,Bangladesh,1.4783894251674057
Colorectal cancer,6.290956749672346,Bangladesh,3.1307070180015653
Esophageal cancer,0.2621231979030144,Bangladesh,13.914253413340289
Gallbladder cancer,0.2621231979030144,Bangladesh,4.609096443168971
Hodgkin lymphoma,1.1795543905635648,Bangladesh,0.2695886598834681
Kaposi sarcoma,0.0,Bangladesh,0.0
Kidney cancer,1.9659239842726082,Bangladesh,0.8261587964170797
Laryngeal cancer,0.1310615989515072,Bangladesh,3.3915992695016954
Leukemia,7.732634338138925,Bangladesh,1.5653535090007826
Liver cancer,4.325032765399738,Bangladesh,1.826245760500913
Lung cancer,6.028833551769331,Bangladesh,7.65283937733716
Mesothelioma,0.2621231979030144,Bangladesh,0.00869640838333768
Mouth cancer,0.0,Bangladesh,8.95730063483781
Multiple myeloma,1.1795543905635648,Bangladesh,0.434820419166884
Non-Hodgkin lymphoma,1.5727391874180865,Bangladesh,1.739281676667536
Ovarian cancer,3.145478374836173,Bangladesh,2.8698147665014346
Pancreatic cancer,2.490170380078637,Bangladesh,0.765283937733716
Penile cancer,0.0,Bangladesh,0.7218018958170275
Prostate cancer,4.325032765399738,Bangladesh,2.782850682668058
Rectal cancer,1.1795543905635648,Bangladesh,1.391425341334029
Salivary gland cancer,0.0,Bangladesh,0.46090964431689707
Skin cancer,5.111402359108781,Bangladesh,0.8870336551004434
Stomach cancer,1.4416775884665793,Bangladesh,4.783024610835724
Testicular cancer,0.1310615989515072,Bangladesh,0.3739455604835203
Throat cancer,0.0,Bangladesh,7.748499869553874
Thyroid cancer,1.4416775884665793,Bangladesh,0.8609444299504304
Uterine cancer,0.3931847968545216,Bangladesh,1.0435690060005216
Vaginal cancer,0.1310615989515072,Bangladesh,0.2695886598834681
Vulvar cancer,0.2621231979030144,Bangladesh,0.3217671101834942
Anal cancer,0.0,Armenia,0.09358184512204633
Bladder cancer,1.1764705882352942,Armenia,2.7294704827263514
Brain cancer,0.0,Armenia,2.651485611791313
Breast cancer,18.823529411764707,Armenia,15.441004445137645
Cervical cancer,9.411764705882353,Armenia,2.651485611791313
Colon cancer,3.5294117647058822,Armenia,6.550729158543243
Colorectal cancer,3.5294117647058822,Armenia,8.578335802854246
Esophageal cancer,0.0,Armenia,0.4679092256102316
Gallbladder cancer,0.0,Armenia,0.38992435467519304
Hodgkin lymphoma,2.3529411764705883,Armenia,0.6628714029478282
Kaposi sarcoma,1.1764705882352942,Armenia,0.0
Kidney cancer,0.0,Armenia,1.7156671605708496
Laryngeal cancer,2.3529411764705883,Armenia,1.1307806285580597
Leukemia,18.823529411764707,Armenia,1.7156671605708496
Liver cancer,4.705882352941177,Armenia,4.172190595024565
Lung cancer,4.705882352941177,Armenia,11.307806285580599
Mesothelioma,1.1764705882352942,Armenia,0.18326444669734074
Mouth cancer,0.0,Armenia,0.6238789674803089
Multiple myeloma,4.705882352941177,Armenia,0.30414099664665056
Non-Hodgkin lymphoma,0.0,Armenia,1.1697730640255792
Ovarian cancer,4.705882352941177,Armenia,1.9496217733759653
Pancreatic cancer,1.1764705882352942,Armenia,3.6262964984792956
Penile cancer,0.0,Armenia,0.12867503704281372
Prostate cancer,1.1764705882352942,Armenia,14.505185993917182
Rectal cancer,2.3529411764705883,Armenia,1.9496217733759653
Salivary gland cancer,0.0,Armenia,0.15986898541682915
Skin cancer,7.0588235294117645,Armenia,1.6376822896358108
Stomach cancer,3.5294117647058822,Armenia,4.718084691569836
Testicular cancer,0.0,Armenia,1.1307806285580597
Throat cancer,0.0,Armenia,0.26124931763237935
Thyroid cancer,2.3529411764705883,Armenia,1.4817125477657336
Uterine cancer,1.1764705882352942,Armenia,5.61491070732278
Vaginal cancer,0.0,Armenia,0.10917881930905407
Vulvar cancer,0.0,Armenia,0.18716369024409266
Anal cancer,0.0,Guam,0.0
Bladder cancer,0.0,Guam,0.7378258730939498
Brain cancer,0.0,Guam,0.0
Breast cancer,11.428571428571429,Guam,18.117724217084767
Cervical cancer,8.571428571428571,Guam,7.788161993769469
Colon cancer,2.857142857142857,Guam,4.181013280865715
Colorectal cancer,11.428571428571429,Guam,6.558452205279553
Esophageal cancer,2.857142857142857,Guam,0.5328742416789637
Gallbladder cancer,0.0,Guam,0.0
Hodgkin lymphoma,5.714285714285714,Guam,0.0
Kaposi sarcoma,0.0,Guam,0.0
Kidney cancer,0.0,Guam,0.8198065256599442
Laryngeal cancer,0.0,Guam,0.3361206755205771
Leukemia,14.285714285714286,Guam,0.9427775045089356
Liver cancer,5.714285714285714,Guam,6.189539268732578
Lung cancer,5.714285714285714,Guam,12.91195277914412
Mesothelioma,2.857142857142857,Guam,0.0
Mouth cancer,2.857142857142857,Guam,0.8198065256599442
Multiple myeloma,0.0,Guam,0.4099032628299721
Non-Hodgkin lymphoma,5.714285714285714,Guam,1.9265453353008688
Ovarian cancer,0.0,Guam,2.992293818658796
Pancreatic cancer,0.0,Guam,1.76258403016888
Penile cancer,0.0,Guam,0.0
Prostate cancer,8.571428571428571,Guam,17.912772585669778
Rectal cancer,2.857142857142857,Guam,2.377438924413838
Salivary gland cancer,0.0,Guam,0.0
Skin cancer,2.857142857142857,Guam,0.0
Stomach cancer,5.714285714285714,Guam,2.5004099032628297
Testicular cancer,0.0,Guam,0.0
Throat cancer,0.0,Guam,1.410067224135104
Thyroid cancer,0.0,Guam,2.6643712083948183
Uterine cancer,0.0,Guam,6.107558616166584
Vaginal cancer,0.0,Guam,0.0
Vulvar cancer,0.0,Guam,0.0
Anal cancer,0.0,Lesotho,0.19130434782608693
Bladder cancer,0.0,Lesotho,0.9275362318840579
Brain cancer,0.0,Lesotho,0.272463768115942
Breast cancer,25.0,Lesotho,10.956521739130432
Cervical cancer,50.0,Lesotho,35.07246376811594
Colon cancer,0.0,Lesotho,1.9710144927536228
Colorectal cancer,0.0,Lesotho,3.3623188405797095
Esophageal cancer,0.0,Lesotho,4.289855072463768
Gallbladder cancer,0.0,Lesotho,0.0
Hodgkin lymphoma,0.0,Lesotho,0.20289855072463764
Kaposi sarcoma,0.0,Lesotho,3.768115942028985
Kidney cancer,0.0,Lesotho,0.208695652173913
Laryngeal cancer,0.0,Lesotho,0.3999999999999999
Leukemia,0.0,Lesotho,0.38840579710144923
Liver cancer,0.0,Lesotho,1.7391304347826084
Lung cancer,0.0,Lesotho,2.434782608695652
Mesothelioma,0.0,Lesotho,0.06956521739130433
Mouth cancer,0.0,Lesotho,1.043478260869565
Multiple myeloma,0.0,Lesotho,0.29565217391304344
Non-Hodgkin lymphoma,0.0,Lesotho,1.507246376811594
Ovarian cancer,0.0,Lesotho,1.507246376811594
Pancreatic cancer,0.0,Lesotho,0.6956521739130433
Penile cancer,0.0,Lesotho,1.797101449275362
Prostate cancer,25.0,Lesotho,18.60869565217391
Rectal cancer,0.0,Lesotho,1.217391304347826
Salivary gland cancer,0.0,Lesotho,0.0
Skin cancer,0.0,Lesotho,2.359420289855072
Stomach cancer,0.0,Lesotho,0.9855072463768114
Testicular cancer,0.0,Lesotho,0.1333333333333333
Throat cancer,0.0,Lesotho,0.24927536231884054
Thyroid cancer,0.0,Lesotho,0.19130434782608693
Uterine cancer,0.0,Lesotho,1.333333333333333
Vaginal cancer,0.0,Lesotho,0.19710144927536227
Vulvar cancer,0.0,Lesotho,1.623188405797101
Anal cancer,0.0,Sudan,0.09658725048293626
Bladder cancer,2.3255813953488373,Sudan,1.7707662588538315
Brain cancer,1.8604651162790697,Sudan,1.1268512556342563
Breast cancer,33.02325581395349,Sudan,32.115260785576304
Cervical cancer,6.046511627906977,Sudan,6.922086284610431
Colon cancer,3.255813953488372,Sudan,2.1732131358660656
Colorectal cancer,7.906976744186046,Sudan,4.426915647134578
Esophageal cancer,3.255813953488372,Sudan,2.3341918866709594
Gallbladder cancer,0.46511627906976744,Sudan,0.8048937540244688
Hodgkin lymphoma,0.9302325581395349,Sudan,0.6922086284610431
Kaposi sarcoma,0.46511627906976744,Sudan,0.2253702511268513
Kidney cancer,3.255813953488372,Sudan,1.5292981326464907
Laryngeal cancer,0.0,Sudan,0.8853831294269158
Leukemia,8.837209302325581,Sudan,3.2195750160978753
Liver cancer,5.116279069767442,Sudan,3.541532517707663
Lung cancer,5.5813953488372094,Sudan,2.012234385061172
Mesothelioma,0.0,Sudan,0.0
Mouth cancer,0.0,Sudan,1.5292981326464907
Multiple myeloma,0.46511627906976744,Sudan,0.8853831294269158
Non-Hodgkin lymphoma,1.3953488372093024,Sudan,3.943979394719898
Ovarian cancer,1.3953488372093024,Sudan,5.1513200257566005
Pancreatic cancer,1.8604651162790697,Sudan,0.8853831294269158
Penile cancer,0.0,Sudan,0.1448808757244044
Prostate cancer,5.5813953488372094,Sudan,9.578235672891179
Rectal cancer,2.3255813953488373,Sudan,2.1732131358660656
Salivary gland cancer,0.46511627906976744,Sudan,0.3380553766902769
Skin cancer,1.3953488372093024,Sudan,1.8432066967160337
Stomach cancer,0.0,Sudan,1.9317450096587252
Testicular cancer,0.0,Sudan,0.5312298776561494
Throat cancer,0.0,Sudan,1.786864133934321
Thyroid cancer,2.7906976744186047,Sudan,2.092723760463619
Uterine cancer,0.0,Sudan,2.092723760463619
Vaginal cancer,0.0,Sudan,0.24951706374758534
Vulvar cancer,0.0,Sudan,0.9658725048293626
Anal cancer,0.042103490379352446,Türkiye,0.08246005840920803
Bladder cancer,3.0525030525030523,Türkiye,3.9855694897783884
Brain cancer,5.67555050313671,Türkiye,2.198934890912214
Breast cancer,20.91280367142436,Türkiye,16.079711389795566
Cervical cancer,2.825144204454549,Türkiye,1.6492011681841607
Colon cancer,3.0525030525030523,Türkiye,4.260436351142415
Colorectal cancer,5.157677571470675,Türkiye,6.802954818759663
Esophageal cancer,0.4505073470590712,Türkiye,0.4123002920460402
Gallbladder cancer,0.24841059323817943,Türkiye,0.24050850369352345
Hodgkin lymphoma,1.528356700770494,Türkiye,0.6528087957395636
Kaposi sarcoma,0.31577617784514334,Türkiye,0.17179178835251674
Kidney cancer,3.4356448149551597,Türkiye,1.8209929565366774
Laryngeal cancer,0.9304871373836892,Türkiye,1.3056175914791273
Leukemia,9.010146941181423,Türkiye,2.336368321594228
Liver cancer,3.4482758620689653,Türkiye,1.6148428105136574
Lung cancer,7.5617868721317,Türkiye,13.02181755712077
Mesothelioma,1.3346806450254727,Türkiye,0.28173853289812745
Mouth cancer,0.00842069807587049,Türkiye,0.7215255110805703
Multiple myeloma,2.164119405498716,Türkiye,0.893317299433087
Non-Hodgkin lymphoma,1.6757189170982274,Türkiye,2.267651606253221
Ovarian cancer,3.250389457286009,Türkiye,2.370726679264731
Pancreatic cancer,1.427308323860048,Türkiye,2.6455935406287576
Penile cancer,0.06315523556902868,Türkiye,0.01374334306820134
Prostate cancer,7.574417919245506,Türkiye,12.12850025768768
Rectal cancer,1.5830912382636522,Türkiye,2.473801752276241
Salivary gland cancer,0.01684139615174098,Türkiye,0.1855351314207181
Skin cancer,5.317670834912215,Türkiye,3.0922521903453015
Stomach cancer,0.9894320239147826,Türkiye,4.0199278474488915
Testicular cancer,0.60207991242474,Türkiye,1.3056175914791273
Throat cancer,0.004210349037935245,Türkiye,0.46383782855179523
Thyroid cancer,3.2588101553618793,Türkiye,5.359903796598522
Uterine cancer,2.888299440023578,Türkiye,4.913245146881978
Vaginal cancer,0.03368279230348196,Türkiye,0.05497337227280536
Vulvar cancer,0.1599932634415393,Türkiye,0.17179178835251674
Anal cancer,0.3952569169960474,Tanzania,0.8113783886979763
Bladder cancer,1.5810276679841897,Tanzania,1.9568537609774719
Brain cancer,0.3952569169960474,Tanzania,0.21954944635357004
Breast cancer,24.90118577075099,Tanzania,11.979763268423062
Cervical cancer,29.64426877470356,Tanzania,30.927835051546392
Colon cancer,0.0,Tanzania,1.1932035127911416
Colorectal cancer,3.1620553359683794,Tanzania,3.245513554791905
Esophageal cancer,0.7905138339920948,Tanzania,5.631920580374189
Gallbladder cancer,0.0,Tanzania,0.22432226040473463
Hodgkin lymphoma,1.976284584980237,Tanzania,0.4772814051164566
Kaposi sarcoma,1.5810276679841897,Tanzania,1.6227567773959526
Kidney cancer,1.1857707509881423,Tanzania,0.6681939671630392
Laryngeal cancer,0.0,Tanzania,0.4581901489117984
Leukemia,2.766798418972332,Tanzania,0.715922107674685
Liver cancer,4.3478260869565215,Tanzania,1.6227567773959526
Lung cancer,5.138339920948616,Tanzania,1.1932035127911416
Mesothelioma,0.0,Tanzania,0.0859106529209622
Mouth cancer,0.0,Tanzania,1.09774723176785
Multiple myeloma,1.976284584980237,Tanzania,0.21000381825124093
Non-Hodgkin lymphoma,1.5810276679841897,Tanzania,1.575028636884307
Ovarian cancer,1.5810276679841897,Tanzania,1.8136693394425352
Pancreatic cancer,0.3952569169960474,Tanzania,0.8591065292096219
Penile cancer,0.7905138339920948,Tanzania,0.572737686139748
Prostate cancer,8.695652173913043,Tanzania,21.668575792287132
Rectal cancer,0.3952569169960474,Tanzania,1.2409316533027872
Salivary gland cancer,0.0,Tanzania,0.3245513554791905
Skin cancer,3.952569169960474,Tanzania,1.8136693394425352
Stomach cancer,0.7905138339920948,Tanzania,2.004581901489118
Testicular cancer,0.7905138339920948,Tanzania,0.1384116074837724
Throat cancer,0.0,Tanzania,0.9927453226422298
Thyroid cancer,0.7905138339920948,Tanzania,0.6204658266513936
Uterine cancer,0.3952569169960474,Tanzania,1.09774723176785
Vaginal cancer,0.0,Tanzania,0.3150057273768614
Vulvar cancer,0.0,Tanzania,0.6204658266513936
Anal cancer,0.03394433129667346,Israel,0.09651054076062368
Bladder cancer,1.7396469789545146,Israel,4.131857526314201
Brain cancer,5.151052274270197,Israel,1.5381367433724398
Breast cancer,18.448744059742022,Israel,23.73556111831589
Cervical cancer,1.442634080108622,Israel,1.8698917272370839
Colon cancer,4.1157501697216565,Israel,5.247760653858912
Colorectal cancer,6.7549219280380175,Israel,7.479566908948335
Esophageal cancer,0.3818737270875764,Israel,0.33175498386464397
Gallbladder cancer,0.01697216564833673,Israel,0.1568296287360135
Hodgkin lymphoma,1.5529531568228105,Israel,0.8444672316554572
Kaposi sarcoma,0.19517990495587237,Israel,0.17492535512863042
Kidney cancer,2.1300067888662593,Israel,2.382603975027897
Laryngeal cancer,0.28852681602172436,Israel,0.48255270380311843
Leukemia,17.88866259334691,Israel,2.2921253430648125
Liver cancer,2.028173794976239,Israel,0.8444672316554572
Lung cancer,3.7593346911065852,Israel,6.816056941219048
Mesothelioma,0.5855397148676171,Israel,0.10857435835570164
Mouth cancer,0.0,Israel,0.5127122477908134
Multiple myeloma,3.589613034623218,Israel,1.0857435835570164
Non-Hodgkin lymphoma,2.0875763747454177,Israel,4.1921766142895915
Ovarian cancer,4.624915139171758,Israel,2.3222848870525072
Pancreatic cancer,2.163951120162933,Israel,2.4730826069909817
Penile cancer,0.025458248472505093,Israel,0.042223361582772866
Prostate cancer,4.709775967413442,Israel,13.451156618511925
Rectal cancer,1.0862186014935507,Israel,2.141327623126338
Salivary gland cancer,0.03394433129667346,Israel,0.23222848870525073
Skin cancer,11.159198913781399,Israel,3.709623910486473
Stomach cancer,0.2545824847250509,Israel,1.7492535512863043
Testicular cancer,0.23761031907671418,Israel,0.9349458636185419
Throat cancer,0.0,Israel,0.26540398709171514
Thyroid cancer,1.6972165648336728,Israel,3.709623910486473
Uterine cancer,1.6717583163611678,Israel,4.312814790240371
Vaginal cancer,0.025458248472505093,Israel,0.07539885996923726
Vulvar cancer,0.11880515953835709,Israel,0.2563561238954067
Anal cancer,0.21645021645021645,Mexico,0.11472466081404628
Bladder cancer,0.41625041625041626,Mexico,1.2470071827613727
Brain cancer,5.261405261405262,Mexico,1.2968874700718276
Breast cancer,24.242424242424242,Mexico,19.902234636871505
Cervical cancer,14.085914085914085,Mexico,6.584197924980047
Colon cancer,2.9637029637029637,Mexico,4.040303272146847
Colorectal cancer,4.662004662004662,Mexico,5.436951316839584
Esophageal cancer,0.26640026640026643,Mexico,0.47386272944932156
Gallbladder cancer,0.18315018315018314,Mexico,0.43395849960095767
Hodgkin lymphoma,1.2987012987012987,Mexico,0.7980845969672785
Kaposi sarcoma,0.3663003663003663,Mexico,0.16959297685554667
Kidney cancer,1.098901098901099,Mexico,2.244612928970471
Laryngeal cancer,0.4329004329004329,Mexico,0.3741021548284118
Leukemia,13.81951381951382,Mexico,2.8431763766959297
Liver cancer,3.3966033966033966,Mexico,2.8431763766959297
Lung cancer,5.061605061605062,Mexico,2.693535514764565
Mesothelioma,0.5994005994005994,Mexico,0.12968874700718275
Mouth cancer,0.016650016650016652,Mexico,0.498802873104549
Multiple myeloma,1.531801531801532,Mexico,0.7980845969672785
Non-Hodgkin lymphoma,1.998001998001998,Mexico,3.0925778132482042
Ovarian cancer,2.5474525474525476,Mexico,3.3419792498004783
Pancreatic cancer,1.1155511155511155,Mexico,1.9453312051077412
Penile cancer,0.11655011655011654,Mexico,0.548683160415004
Prostate cancer,4.0792540792540795,Mexico,19.503192338387866
Rectal cancer,0.8658008658008658,Mexico,1.2470071827613727
Salivary gland cancer,0.016650016650016652,Mexico,0.18954509177972864
Skin cancer,4.728604728604728,Mexico,3.3918595371109332
Stomach cancer,0.9657009657009658,Mexico,3.142458100558659
Testicular cancer,0.5494505494505495,Mexico,2.5438946528332
Throat cancer,0.0,Mexico,0.264365522745411
Thyroid cancer,1.4152514152514153,Mexico,3.940542697525937
Uterine cancer,1.5151515151515151,Mexico,3.491620111731843
Vaginal cancer,0.06660006660006661,Mexico,0.1546288906624102
Vulvar cancer,0.0999000999000999,Mexico,0.27932960893854747
Anal cancer,0.0,Iraq,0.0917220820912635
Bladder cancer,1.3262599469496021,Iraq,3.7835358862646187
Brain cancer,2.8293545534924847,Iraq,3.1529465718871825
Breast cancer,30.68081343943413,Iraq,32.61866544370558
Cervical cancer,3.801945181255526,Iraq,1.2611786287548732
Colon cancer,2.387267904509284,Iraq,3.210272873194222
Colorectal cancer,9.018567639257295,Iraq,5.102040816326531
Esophageal cancer,1.1494252873563218,Iraq,0.6879156156844761
Gallbladder cancer,0.1768346595932803,Iraq,0.4471451501949095
Hodgkin lymphoma,1.1494252873563218,Iraq,1.433157532675992
Kaposi sarcoma,0.08841732979664015,Iraq,0.1261178628754873
Kidney cancer,0.9725906277630415,Iraq,1.77711534051823
Laryngeal cancer,0.1768346595932803,Iraq,1.3758312313689522
Leukemia,8.045977011494253,Iraq,3.9555147901857377
Liver cancer,9.814323607427056,Iraq,1.949094244439349
Lung cancer,11.494252873563218,Iraq,7.16578766337996
Mesothelioma,0.0,Iraq,0.06305893143774365
Mouth cancer,0.0,Iraq,0.6879156156844761
Multiple myeloma,0.7073386383731212,Iraq,1.1465260261407937
Non-Hodgkin lymphoma,0.8841732979664014,Iraq,3.7835358862646187
Ovarian cancer,2.7409372236958442,Iraq,3.8408621875716586
Pancreatic cancer,1.1494252873563218,Iraq,1.8344416418252698
Penile cancer,0.0,Iraq,0.017197890392111902
Prostate cancer,4.420866489832007,Iraq,7.28044026599404
Rectal cancer,0.3536693191865606,Iraq,1.8344416418252698
Salivary gland cancer,0.0,Iraq,0.28089887640449446
Skin cancer,3.801945181255526,Iraq,1.1579912864022015
Stomach cancer,0.7957559681697612,Iraq,2.866315065351984
Testicular cancer,0.1768346595932803,Iraq,0.7452419169915159
Throat cancer,0.0,Iraq,0.44141252006420545
Thyroid cancer,1.237842617152962,Iraq,2.694336161430865
Uterine cancer,0.5305039787798409,Iraq,2.9809676679660635
Vaginal cancer,0.0,Iraq,0.08025682182985557
Vulvar cancer,0.08841732979664015,Iraq,0.1261178628754873
Anal cancer,0.0,Burundi,0.5377220140133615
Bladder cancer,0.0,Burundi,1.1406224539677365
Brain cancer,0.0,Burundi,0.7060996143609798
Breast cancer,28.571428571428573,Burundi,13.741784802563684
Cervical cancer,14.285714285714286,Burundi,23.681494758568245
Colon cancer,0.0,Burundi,1.4121992287219596
Colorectal cancer,14.285714285714286,Burundi,3.4761827168540544
Esophageal cancer,0.0,Burundi,4.7797512356743255
Gallbladder cancer,0.0,Burundi,0.09233610341643582
Hodgkin lymphoma,0.0,Burundi,0.49970126554777033
Kaposi sarcoma,0.0,Burundi,2.6614523925913858
Kidney cancer,0.0,Burundi,0.6517842594101352
Laryngeal cancer,0.0,Burundi,0.6517842594101352
Leukemia,0.0,Burundi,1.1949378089185814
Liver cancer,14.285714285714286,Burundi,3.150290587148987
Lung cancer,14.285714285714286,Burundi,1.8467220683287164
Mesothelioma,0.0,Burundi,0.038020748465591225
Mouth cancer,0.0,Burundi,0.9776763891152028
Multiple myeloma,0.0,Burundi,0.4508174460920102
Non-Hodgkin lymphoma,0.0,Burundi,2.444190972788007
Ovarian cancer,0.0,Burundi,2.6071370376405407
Pancreatic cancer,14.285714285714286,Burundi,0.814730324262669
Penile cancer,0.0,Burundi,1.357883873771115
Prostate cancer,0.0,Burundi,20.639834881320947
Rectal cancer,0.0,Burundi,1.5208299386236488
Salivary gland cancer,0.0,Burundi,0.22812449079354732
Skin cancer,0.0,Burundi,1.6240291130302535
Stomach cancer,0.0,Burundi,2.8787138123947638
Testicular cancer,0.0,Burundi,0.23898756178371625
Throat cancer,0.0,Burundi,1.004834066590625
Thyroid cancer,0.0,Burundi,0.7060996143609798
Uterine cancer,0.0,Burundi,1.3035685188202704
Vaginal cancer,0.0,Burundi,0.23355602628863179
Vulvar cancer,0.0,Burundi,0.7060996143609798
Anal cancer,0.5952380952380952,Denmark,0.31196989490514165
Bladder cancer,3.338806787082649,Denmark,3.2756838965039874
Brain cancer,3.373015873015873,Denmark,1.111392750599567
Breast cancer,19.560755336617405,Denmark,18.60120498371907
Cervical cancer,3.9272030651340994,Denmark,1.891317487862421
Colon cancer,3.3045977011494254,Denmark,6.375884727123833
Colorectal cancer,10.946907498631637,Denmark,9.37859496558582
Esophageal cancer,0.43787629994526545,Denmark,0.8384190925575682
Gallbladder cancer,0.034209085933223866,Denmark,0.0935909684715425
Hodgkin lymphoma,1.5462506841817187,Denmark,0.5069510792208551
Kaposi sarcoma,0.08894362342638204,Denmark,0.009749059215785677
Kidney cancer,1.7104542966611933,Denmark,2.144793027472849
Laryngeal cancer,0.14367816091954022,Denmark,0.37046425019985574
Leukemia,9.400656814449919,Denmark,1.9693099615887066
Liver cancer,1.50519978106185,Denmark,0.8969134478522821
Lung cancer,4.878215654077723,Denmark,6.668356503597404
Mesothelioma,0.7252326217843459,Denmark,0.19498118431571354
Mouth cancer,0.006841817186644773,Denmark,0.7409285003997115
Multiple myeloma,2.203065134099617,Denmark,0.9164115662838536
Non-Hodgkin lymphoma,2.1483305966064585,Denmark,2.7297365804199893
Ovarian cancer,4.426655719759168,Denmark,1.4038645270731374
Pancreatic cancer,2.0388615216201424,Denmark,1.657340066683565
Penile cancer,0.3078817733990148,Denmark,0.2144793027472849
Prostate cancer,6.403940886699507,Denmark,14.955056837015228
Rectal cancer,2.8119868637110015,Denmark,2.671242225125275
Salivary gland cancer,0.020525451559934318,Denmark,0.144286076393628
Skin cancer,9.428024083196497,Denmark,10.918946321679957
Stomach cancer,0.2805145046524357,Denmark,1.0334002768732817
Testicular cancer,1.9362342638204708,Denmark,1.9888080800202779
Throat cancer,0.0,Denmark,1.0334002768732817
Thyroid cancer,0.8004926108374384,Denmark,1.5598494745257083
Uterine cancer,1.3478379857690201,Denmark,2.7882309357147035
Vaginal cancer,0.0752599890530925,Denmark,0.05849435529471406
Vulvar cancer,0.24630541871921183,Denmark,0.5459473160839979
Anal cancer,0.0,Bahrain,0.14091949973577592
Bladder cancer,2.484472049689441,Bahrain,4.286301450296517
Brain cancer,4.3478260869565215,Bahrain,1.2330456226880393
Breast cancer,42.857142857142854,Bahrain,34.349128060595376
Cervical cancer,5.590062111801243,Bahrain,1.585344372027479
Colon cancer,4.3478260869565215,Bahrain,5.519347072984557
Colorectal cancer,7.453416149068323,Bahrain,7.926721860137395
Esophageal cancer,0.0,Bahrain,0.7045974986788796
Gallbladder cancer,0.0,Bahrain,0.28183899947155183
Hodgkin lymphoma,1.2422360248447204,Bahrain,0.44037343667429973
Kaposi sarcoma,0.0,Bahrain,0.0
Kidney cancer,3.7267080745341614,Bahrain,1.350478539134519
Laryngeal cancer,0.6211180124223602,Bahrain,0.7633139569021196
Leukemia,4.3478260869565215,Bahrain,3.0532558276084782
Liver cancer,1.2422360248447204,Bahrain,1.585344372027479
Lung cancer,1.8633540372670807,Bahrain,5.930362280547237
Mesothelioma,0.6211180124223602,Bahrain,0.4462450824966237
Mouth cancer,0.0,Bahrain,1.1156127062415593
Multiple myeloma,1.2422360248447204,Bahrain,0.7045974986788796
Non-Hodgkin lymphoma,1.2422360248447204,Bahrain,4.227584992073277
Ovarian cancer,0.6211180124223602,Bahrain,2.994539369385238
Pancreatic cancer,1.2422360248447204,Bahrain,1.644060830250719
Penile cancer,0.0,Bahrain,0.0
Prostate cancer,4.968944099378882,Bahrain,7.868005401914155
Rectal cancer,0.6211180124223602,Bahrain,2.289941870706359
Salivary gland cancer,0.0,Bahrain,0.023486583289295985
Skin cancer,1.8633540372670807,Bahrain,0.4990898948975397
Stomach cancer,0.0,Bahrain,1.9376431213669187
Testicular cancer,1.2422360248447204,Bahrain,0.2642240620045798
Throat cancer,0.0,Bahrain,0.3464271035171158
Thyroid cancer,3.1055900621118013,Bahrain,1.585344372027479
Uterine cancer,3.1055900621118013,Bahrain,4.814749574305677
Vaginal cancer,0.0,Bahrain,0.0
Vulvar cancer,0.0,Bahrain,0.08807468733485994
Anal cancer,0.0,Laos,0.10355916498610127
Bladder cancer,0.0,Laos,1.0355916498610127
Brain cancer,0.0,Laos,1.6351447103068621
Breast cancer,0.0,Laos,17.22352428189895
Cervical cancer,60.0,Laos,6.540578841227449
Colon cancer,0.0,Laos,4.251376246797841
Colorectal cancer,0.0,Laos,7.685180138442252
Esophageal cancer,0.0,Laos,2.398212241783398
Gallbladder cancer,0.0,Laos,0.7630675314765357
Hodgkin lymphoma,0.0,Laos,0.15806398866299665
Kaposi sarcoma,0.0,Laos,0.010900964735379081
Kidney cancer,0.0,Laos,0.7085627077996403
Laryngeal cancer,0.0,Laos,0.7085627077996403
Leukemia,0.0,Laos,2.72524118384477
Liver cancer,20.0,Laos,13.571701095546956
Lung cancer,20.0,Laos,9.592848967133593
Mesothelioma,0.0,Laos,0.0
Mouth cancer,0.0,Laos,2.01667847604513
Multiple myeloma,0.0,Laos,0.5995530604458496
Non-Hodgkin lymphoma,0.0,Laos,2.3437074181065025
Ovarian cancer,0.0,Laos,2.997765302229247
Pancreatic cancer,0.0,Laos,0.7630675314765357
Penile cancer,0.0,Laos,0.7085627077996403
Prostate cancer,0.0,Laos,2.234697770752711
Rectal cancer,0.0,Laos,3.2702894206137243
Salivary gland cancer,0.0,Laos,0.32157845969368287
Skin cancer,0.0,Laos,1.3135662506131793
Stomach cancer,0.0,Laos,6.159045075489181
Testicular cancer,0.0,Laos,0.2834250831198561
Throat cancer,0.0,Laos,2.9269090314492834
Thyroid cancer,0.0,Laos,2.6707363601678753
Uterine cancer,0.0,Laos,1.7986591813375483
Vaginal cancer,0.0,Laos,0.1471630239276176
Vulvar cancer,0.0,Laos,0.332479424429062
Anal cancer,0.052328623757195186,Morocco,0.30283788404239725
Bladder cancer,2.4594453165881736,Morocco,2.4910858203487516
Brain cancer,5.913134484563056,Morocco,1.7095687002393394
Breast cancer,23.80952380952381,Morocco,28.52537488399355
Cervical cancer,5.7561486132914705,Morocco,5.861378400820592
Colon cancer,1.936159079016222,Morocco,3.2726029404581642
Colorectal cancer,6.227106227106227,Morocco,6.007912860841107
Esophageal cancer,0.20931449502878074,Morocco,0.4884482000683827
Gallbladder cancer,0.4186289900575615,Morocco,0.5861378400820593
Hodgkin lymphoma,3.2443746729461016,Morocco,0.9768964001367654
Kaposi sarcoma,0.4186289900575615,Morocco,0.12211205001709567
Kidney cancer,3.087388801674516,Morocco,0.9280515801299272
Laryngeal cancer,0.2616431187859759,Morocco,1.3676549601914716
Leukemia,8.686551543694401,Morocco,1.8561031602598543
Liver cancer,2.197802197802198,Morocco,1.269965320177795
Lung cancer,4.13396127681842,Morocco,9.964343281395006
Mesothelioma,0.9419152276295133,Morocco,0.07815171201094123
Mouth cancer,0.0,Morocco,0.8303619401162506
Multiple myeloma,3.5060177917320776,Morocco,0.6349826600888975
Non-Hodgkin lymphoma,3.2967032967032965,Morocco,2.7841547403897815
Ovarian cancer,3.610675039246468,Morocco,3.077223660430811
Pancreatic cancer,1.1512297226582942,Morocco,1.3676549601914716
Penile cancer,0.3139717425431711,Morocco,0.014653446002051481
Prostate cancer,3.8199895342752486,Morocco,11.527377521613833
Rectal cancer,2.0408163265306123,Morocco,2.4422410003419137
Salivary gland cancer,0.052328623757195186,Morocco,0.19049479802666924
Skin cancer,6.95970695970696,Morocco,0.8547843501196697
Stomach cancer,1.0465724751439036,Morocco,2.686465100376105
Testicular cancer,0.47095761381475665,Morocco,0.38587407805402235
Throat cancer,0.0,Morocco,1.440922190201729
Thyroid cancer,2.250130821559393,Morocco,3.3214477604650026
Uterine cancer,1.2558869701726845,Morocco,2.051482440287207
Vaginal cancer,0.2616431187859759,Morocco,0.15141894202119863
Vulvar cancer,0.20931449502878074,Morocco,0.4298344160601768
Anal cancer,0.0,Cabo Verde,0.28628055494384497
Bladder cancer,0.0,Cabo Verde,1.8351317624605448
Brain cancer,0.0,Cabo Verde,0.18351317624605448
Breast cancer,0.0,Cabo Verde,17.1768332966307
Cervical cancer,0.0,Cabo Verde,11.81824855024591
Colon cancer,0.0,Cabo Verde,2.569184467444763
Colorectal cancer,0.0,Cabo Verde,4.0372898774131984
Esophageal cancer,0.0,Cabo Verde,2.789400278940028
Gallbladder cancer,0.0,Cabo Verde,0.18351317624605448
Hodgkin lymphoma,0.0,Cabo Verde,0.11010790574763268
Kaposi sarcoma,0.0,Cabo Verde,0.6459663803861118
Kidney cancer,0.0,Cabo Verde,0.8808632459810615
Laryngeal cancer,0.0,Cabo Verde,0.8808632459810615
Leukemia,0.0,Cabo Verde,1.1744843279747488
Liver cancer,0.0,Cabo Verde,0.8074579754826399
Lung cancer,0.0,Cabo Verde,1.6149159509652797
Mesothelioma,0.0,Cabo Verde,0.0
Mouth cancer,0.0,Cabo Verde,2.9362108199368717
Multiple myeloma,0.0,Cabo Verde,0.9542685164794833
Non-Hodgkin lymphoma,0.0,Cabo Verde,1.6883212214637011
Ovarian cancer,0.0,Cabo Verde,2.86280554943845
Pancreatic cancer,0.0,Cabo Verde,0.8808632459810615
Penile cancer,0.0,Cabo Verde,0.9542685164794833
Prostate cancer,0.0,Cabo Verde,32.0046979373119
Rectal cancer,0.0,Cabo Verde,1.1744843279747488
Salivary gland cancer,0.0,Cabo Verde,0.08808632459810616
Skin cancer,0.0,Cabo Verde,2.363649710049182
Stomach cancer,0.0,Cabo Verde,3.743668795419511
Testicular cancer,0.0,Cabo Verde,0.5285179475886369
Throat cancer,0.0,Cabo Verde,0.6092637451369008
Thyroid cancer,0.0,Cabo Verde,0.44043162299053074
Uterine cancer,0.0,Cabo Verde,1.5415106804668577
Vaginal cancer,0.0,Cabo Verde,0.0
Vulvar cancer,0.0,Cabo Verde,0.23489686559494974
Anal cancer,0.0,Guinea,0.25038167938931294
Bladder cancer,0.0,Guinea,0.4702290076335877
Brain cancer,0.0,Guinea,2.259541984732824
Breast cancer,35.294117647058826,Guinea,9.770992366412212
Cervical cancer,29.41176470588235,Guinea,33.58778625954198
Colon cancer,0.0,Guinea,0.6717557251908397
Colorectal cancer,0.0,Guinea,1.7099236641221371
Esophageal cancer,0.0,Guinea,0.33587786259541985
Gallbladder cancer,0.0,Guinea,0.042748091603053436
Hodgkin lymphoma,5.882352941176471,Guinea,0.35419847328244264
Kaposi sarcoma,5.882352941176471,Guinea,0.2625954198473282
Kidney cancer,0.0,Guinea,0.3786259541984732
Laryngeal cancer,0.0,Guinea,0.5679389312977098
Leukemia,5.882352941176471,Guinea,0.580152671755725
Liver cancer,5.882352941176471,Guinea,13.007633587786257
Lung cancer,5.882352941176471,Guinea,1.9541984732824424
Mesothelioma,0.0,Guinea,0.006106870229007633
Mouth cancer,0.0,Guinea,0.6717557251908397
Multiple myeloma,0.0,Guinea,0.09770992366412212
Non-Hodgkin lymphoma,5.882352941176471,Guinea,1.5877862595419845
Ovarian cancer,0.0,Guinea,1.893129770992366
Pancreatic cancer,0.0,Guinea,0.49465648854961825
Penile cancer,0.0,Guinea,0.054961832061068694
Prostate cancer,0.0,Guinea,20.76335877862595
Rectal cancer,0.0,Guinea,0.7328244274809159
Salivary gland cancer,0.0,Guinea,0.08549618320610687
Skin cancer,0.0,Guinea,2.3083969465648853
Stomach cancer,0.0,Guinea,2.8702290076335872
Testicular cancer,0.0,Guinea,0.11603053435114502
Throat cancer,0.0,Guinea,0.19541984732824424
Thyroid cancer,0.0,Guinea,0.29312977099236637
Uterine cancer,0.0,Guinea,1.0992366412213739
Vaginal cancer,0.0,Guinea,0.2809160305343511
Vulvar cancer,0.0,Guinea,0.2442748091603053
Anal cancer,0.06274509803921569,Greece,0.23363843764602402
Bladder cancer,3.019607843137255,Greece,4.975124378109453
Brain cancer,3.615686274509804,Greece,1.7866468761166543
Breast cancer,18.68235294117647,Greece,22.64918501415574
Cervical cancer,2.7058823529411766,Greece,1.5117781259448613
Colon cancer,2.8941176470588235,Greece,6.047112503779445
Colorectal cancer,7.7176470588235295,Greece,7.366482504604051
Esophageal cancer,0.7215686274509804,Greece,0.25562793765976743
Gallbladder cancer,0.16470588235294117,Greece,0.07971193754981995
Hodgkin lymphoma,1.2627450980392156,Greece,0.49476375030922737
Kaposi sarcoma,0.17254901960784313,Greece,0.027486875017179297
Kidney cancer,1.9137254901960785,Greece,2.253923751408702
Laryngeal cancer,0.6588235294117647,Greece,0.9620406256012753
Leukemia,8.768627450980393,Greece,2.4188450015117784
Liver cancer,3.6392156862745098,Greece,1.484291250927682
Lung cancer,8.24313725490196,Greece,8.603391880377119
Mesothelioma,1.0823529411764705,Greece,0.08520931255325583
Mouth cancer,0.01568627450980392,Greece,0.7971193754981996
Multiple myeloma,5.027450980392157,Greece,0.742145625463841
Non-Hodgkin lymphoma,1.8666666666666667,Greece,2.034028751271268
Ovarian cancer,4.658823529411765,Greece,2.4463318765289572
Pancreatic cancer,2.6509803921568627,Greece,2.1714631263571644
Penile cancer,0.10980392156862745,Greece,0.35732937522333086
Prostate cancer,6.180392156862745,Greece,14.128253758830159
Rectal cancer,1.2470588235294118,Greece,1.0719881256699926
Salivary gland cancer,0.047058823529411764,Greece,0.10994750006871719
Skin cancer,6.901960784313726,Greece,3.298425002061516
Stomach cancer,0.6588235294117647,Greece,1.7316731260822957
Testicular cancer,0.32941176470588235,Greece,2.501305626563316
Throat cancer,0.00784313725490196,Greece,0.3820675627387922
Thyroid cancer,2.4941176470588236,Greece,1.5667518759792198
Uterine cancer,2.180392156862745,Greece,5.11255875319535
Vaginal cancer,0.0784313725490196,Greece,0.038481625024051024
Vulvar cancer,0.2196078431372549,Greece,0.27486875017179296
Anal cancer,0.02462447672986949,Japan,0.0774883099532398
Bladder cancer,2.217465699366709,Japan,1.8704074816299263
Brain cancer,4.021366469039456,Japan,0.668002672010688
Breast cancer,9.746873007153726,Japan,19.879759519038075
Cervical cancer,1.9939512182802013,Japan,3.34001336005344
Colon cancer,3.8262648457181823,Japan,6.065464261857047
Colorectal cancer,7.25916946059768,Japan,9.779559118236472
Esophageal cancer,3.761862368116985,Japan,1.2825651302605208
Gallbladder cancer,0.5417384880571288,Japan,0.5076820307281228
Hodgkin lymphoma,0.543632678574811,Japan,0.24582498329993316
Kaposi sarcoma,0.027781460926006606,Japan,0.008016032064128256
Kidney cancer,3.2592704840919566,Japan,1.8436873747494986
Laryngeal cancer,0.20899235378427697,Japan,0.37408149632598525
Leukemia,12.030003977800087,Japan,1.5764863059452234
Liver cancer,9.053599277682016,Japan,2.458249832999331
Lung cancer,13.99175395727969,Japan,8.149632598530394
Mesothelioma,1.0443303720821573,Japan,0.15230460921843683
Mouth cancer,0.005051174713819382,Japan,0.828323313293253
Multiple myeloma,1.776750705585968,Japan,0.4008016032064128
Non-Hodgkin lymphoma,2.12654455451796,Japan,2.5116900467601866
Ovarian cancer,2.3304857335884175,Japan,2.3246492985971936
Pancreatic cancer,4.563104957096585,Japan,2.618570474281897
Penile cancer,0.049880350298966404,Japan,0.0721442885771543
Prostate cancer,5.065065444282386,Japan,13.386773547094187
Rectal cancer,2.285025161164043,Japan,3.6339345357381423
Salivary gland cancer,0.052405937655876096,Japan,0.1603206412825651
Skin cancer,4.3964161915405455,Japan,0.7481629926519705
Stomach cancer,1.0209686890307428,Japan,7.3747494989979945
Testicular cancer,0.23614241787105614,Japan,1.0153640614562456
Throat cancer,0.0006313968392274228,Japan,0.7187708750835002
Thyroid cancer,1.0493815467959768,Japan,1.7902471609886437
Uterine cancer,1.4181173009047916,Japan,3.9545758183032724
Vaginal cancer,0.03346403247905341,Japan,0.05076820307281228
Vulvar cancer,0.03788381035364537,Japan,0.13092852371409483
Anal cancer,0.0,French Guiana,0.22983145693158352
Bladder cancer,0.0,French Guiana,1.9985344081007264
Brain cancer,4.166666666666667,French Guiana,0.6661781360335755
Breast cancer,12.5,French Guiana,18.553061088535078
Cervical cancer,20.833333333333332,French Guiana,4.096995536606489
Colon cancer,0.0,French Guiana,3.930451002598095
Colorectal cancer,0.0,French Guiana,5.396042901871961
Esophageal cancer,0.0,French Guiana,0.599560322430218
Gallbladder cancer,0.0,French Guiana,0.11991206448604358
Hodgkin lymphoma,0.0,French Guiana,0.11991206448604358
Kaposi sarcoma,4.166666666666667,French Guiana,0.0
Kidney cancer,0.0,French Guiana,0.8327226700419693
Laryngeal cancer,0.0,French Guiana,0.599560322430218
Leukemia,29.166666666666668,French Guiana,2.2983145693158353
Liver cancer,0.0,French Guiana,1.2657384584637934
Lung cancer,0.0,French Guiana,4.996336020251816
Mesothelioma,0.0,French Guiana,0.12657384584637935
Mouth cancer,0.0,French Guiana,0.43301578842182403
Multiple myeloma,8.333333333333334,French Guiana,1.165811738058757
Non-Hodgkin lymphoma,0.0,French Guiana,2.5647858237292653
Ovarian cancer,0.0,French Guiana,2.6980214509359803
Pancreatic cancer,0.0,French Guiana,2.531476916927587
Penile cancer,0.0,French Guiana,0.4996336020251816
Prostate cancer,8.333333333333334,French Guiana,31.343681300379725
Rectal cancer,0.0,French Guiana,1.2324295516621147
Salivary gland cancer,0.0,French Guiana,0.11991206448604358
Skin cancer,8.333333333333334,French Guiana,3.7639064685897012
Stomach cancer,0.0,French Guiana,2.8645659849443743
Testicular cancer,0.0,French Guiana,0.21983878489107989
Throat cancer,0.0,French Guiana,0.8027446539204585
Thyroid cancer,4.166666666666667,French Guiana,1.3989740856705084
Uterine cancer,0.0,French Guiana,2.531476916927587
Vaginal cancer,0.0,French Guiana,0.0
Vulvar cancer,0.0,French Guiana,0.0
Anal cancer,0.045819014891179836,Poland,0.1613076674911281
Bladder cancer,2.640320733104238,Poland,3.4681148510592545
Brain cancer,5.120274914089347,Poland,1.8012689536509305
Breast cancer,16.122565864833906,Poland,17.743843424024092
Cervical cancer,3.0011454753722795,Poland,3.0379610710829126
Colon cancer,3.6368843069873997,Poland,4.624153134745672
Colorectal cancer,7.686139747995418,Poland,8.307344875793097
Esophageal cancer,0.584192439862543,Poland,0.7258845037100765
Gallbladder cancer,0.0859106529209622,Poland,0.3226153349822562
Hodgkin lymphoma,0.8991981672394044,Poland,0.5645768362189484
Kaposi sarcoma,0.08018327605956473,Poland,0.01881922787396495
Kidney cancer,2.84077892325315,Poland,2.0432304548876226
Laryngeal cancer,1.265750286368843,Poland,1.156038283686418
Leukemia,12.600229095074456,Poland,1.8550381761479733
Liver cancer,1.9014891179839633,Poland,0.8871921712012046
Lung cancer,5.687285223367698,Poland,9.812883105710293
Mesothelioma,0.2920962199312715,Poland,0.1290461339929025
Mouth cancer,0.011454753722794959,Poland,1.5055382299171958
Multiple myeloma,2.508591065292096,Poland,0.7527691149585979
Non-Hodgkin lymphoma,1.2142038946162657,Poland,1.5055382299171958
Ovarian cancer,5.813287514318442,Poland,3.279922572319605
Pancreatic cancer,2.3539518900343643,Poland,1.8012689536509305
Penile cancer,0.13745704467353953,Poland,0.37638455747929894
Prostate cancer,5.320733104238259,Poland,15.055382299171956
Rectal cancer,1.2600229095074456,Poland,3.4949994623077756
Salivary gland cancer,0.07445589919816724,Poland,0.18819227873964947
Skin cancer,9.662084765177548,Poland,2.8766534035917846
Stomach cancer,0.6013745704467354,Poland,2.1776535111302295
Testicular cancer,0.22336769759450173,Poland,2.2583073448757935
Throat cancer,0.0057273768613974796,Poland,1.247445961931391
Thyroid cancer,2.8178694158075603,Poland,1.451769007420153
Uterine cancer,3.1328751431844215,Poland,4.919883858479407
Vaginal cancer,0.0572737686139748,Poland,0.07258845037100765
Vulvar cancer,0.3150057273768614,Poland,0.37638455747929894
Anal cancer,0.0,Syria,0.08808147536471235
Bladder cancer,5.533596837944664,Syria,2.697495183044316
Brain cancer,5.928853754940712,Syria,3.468208092485549
Breast cancer,25.691699604743082,Syria,25.433526011560694
Cervical cancer,2.3715415019762847,Syria,1.3762730525736306
Colon cancer,1.1857707509881423,Syria,4.1288191577208915
Colorectal cancer,4.3478260869565215,Syria,6.000550509221029
Esophageal cancer,0.7905138339920948,Syria,0.37985136251032203
Gallbladder cancer,0.0,Syria,0.5119735755573905
Hodgkin lymphoma,6.324110671936759,Syria,1.0459675199559593
Kaposi sarcoma,0.0,Syria,0.08257638315441783
Kidney cancer,3.5573122529644268,Syria,1.5964767409854115
Laryngeal cancer,0.7905138339920948,Syria,1.5964767409854115
Leukemia,8.695652173913043,Syria,4.624277456647398
Liver cancer,1.1857707509881423,Syria,1.5414258188824663
Lung cancer,3.5573122529644268,Syria,9.799064134324249
Mesothelioma,1.1857707509881423,Syria,0.10459675199559593
Mouth cancer,0.0,Syria,0.7156619873382879
Multiple myeloma,1.1857707509881423,Syria,1.3212221304706853
Non-Hodgkin lymphoma,7.905138339920948,Syria,3.027800715661987
Ovarian cancer,5.138339920948616,Syria,2.807597027250206
Pancreatic cancer,1.1857707509881423,Syria,2.312138728323699
Penile cancer,0.0,Syria,0.044040737682356175
Prostate cancer,1.976284584980237,Syria,9.68896229011836
Rectal cancer,0.3952569169960474,Syria,1.7616295072942472
Salivary gland cancer,0.0,Syria,0.2917698871456097
Skin cancer,6.719367588932807,Syria,1.9983484723369116
Stomach cancer,1.1857707509881423,Syria,2.6424442609413705
Testicular cancer,0.3952569169960474,Syria,1.1010184420589044
Throat cancer,0.0,Syria,0.4734379300853289
Thyroid cancer,1.5810276679841897,Syria,2.42224057252959
Uterine cancer,1.1857707509881423,Syria,4.514175612441508
Vaginal cancer,0.0,Syria,0.09358656757500688
Vulvar cancer,0.0,Syria,0.3082851637764933
Anal cancer,0.0,Brunei Darussalam,0.0
Bladder cancer,0.0,Brunei Darussalam,1.5669411850448216
Brain cancer,2.985074626865672,Brunei Darussalam,0.40084541943007074
Breast cancer,19.402985074626866,Brunei Darussalam,18.293127323081407
Cervical cancer,11.940298507462687,Brunei Darussalam,7.288098535092194
Colon cancer,4.477611940298507,Brunei Darussalam,5.64827636469645
Colorectal cancer,23.880597014925375,Brunei Darussalam,11.588076670796589
Esophageal cancer,1.492537313432836,Brunei Darussalam,0.5101668974564536
Gallbladder cancer,0.0,Brunei Darussalam,0.16033816777202828
Hodgkin lymphoma,2.985074626865672,Brunei Darussalam,0.40084541943007074
Kaposi sarcoma,0.0,Brunei Darussalam,0.0
Kidney cancer,1.492537313432836,Brunei Darussalam,1.457619707018439
Laryngeal cancer,0.0,Brunei Darussalam,0.06194883754828365
Leukemia,4.477611940298507,Brunei Darussalam,2.1499890678521973
Liver cancer,2.985074626865672,Brunei Darussalam,3.170322862765104
Lung cancer,4.477611940298507,Brunei Darussalam,8.745718242110632
Mesothelioma,1.492537313432836,Brunei Darussalam,0.0
Mouth cancer,0.0,Brunei Darussalam,0.14940601996938999
Multiple myeloma,2.985074626865672,Brunei Darussalam,0.2550834487282268
Non-Hodgkin lymphoma,2.985074626865672,Brunei Darussalam,3.352525326142409
Ovarian cancer,1.492537313432836,Brunei Darussalam,4.810145033160848
Pancreatic cancer,0.0,Brunei Darussalam,1.457619707018439
Penile cancer,0.0,Brunei Darussalam,0.0
Prostate cancer,2.985074626865672,Brunei Darussalam,7.798265432548647
Rectal cancer,2.985074626865672,Brunei Darussalam,5.939800306100138
Salivary gland cancer,0.0,Brunei Darussalam,0.21864295605276582
Skin cancer,1.492537313432836,Brunei Darussalam,2.4415130092558845
Stomach cancer,2.985074626865672,Brunei Darussalam,3.7898112382479408
Testicular cancer,0.0,Brunei Darussalam,0.43728591210553164
Throat cancer,0.0,Brunei Darussalam,2.332191531229502
Thyroid cancer,0.0,Brunei Darussalam,2.295751038554041
Uterine cancer,0.0,Brunei Darussalam,3.2796443407914873
Vaginal cancer,0.0,Brunei Darussalam,0.0
Vulvar cancer,0.0,Brunei Darussalam,0.0
Anal cancer,0.0,Guadeloupe,0.08445081379875115
Bladder cancer,2.0,Guadeloupe,0.8700992936841028
Brain cancer,0.0,Guadeloupe,0.46064080253864265
Breast cancer,14.0,Guadeloupe,16.992527382536597
Cervical cancer,6.0,Guadeloupe,2.533524413962535
Colon cancer,2.0,Guadeloupe,3.8898556658818713
Colorectal cancer,2.0,Guadeloupe,5.834783498822807
Esophageal cancer,0.0,Guadeloupe,0.9724639164704678
Gallbladder cancer,0.0,Guadeloupe,0.38386733544886886
Hodgkin lymphoma,0.0,Guadeloupe,0.1484287030402293
Kaposi sarcoma,2.0,Guadeloupe,0.0
Kidney cancer,2.0,Guadeloupe,0.5885965810215988
Laryngeal cancer,0.0,Guadeloupe,0.6141877367181902
Leukemia,2.0,Guadeloupe,1.484287030402293
Liver cancer,2.0,Guadeloupe,1.1004196949534242
Lung cancer,4.0,Guadeloupe,3.1477121506807246
Mesothelioma,2.0,Guadeloupe,0.0
Mouth cancer,0.0,Guadeloupe,0.8956904493806941
Multiple myeloma,2.0,Guadeloupe,1.3563312519193367
Non-Hodgkin lymphoma,2.0,Guadeloupe,1.4586958747057017
Ovarian cancer,0.0,Guadeloupe,1.8169720544579793
Pancreatic cancer,2.0,Guadeloupe,2.098474767120483
Penile cancer,0.0,Guadeloupe,0.16634251202784317
Prostate cancer,48.0,Guadeloupe,40.30607022213123
Rectal cancer,0.0,Guadeloupe,1.8425632101545706
Salivary gland cancer,0.0,Guadeloupe,0.0
Skin cancer,4.0,Guadeloupe,2.6870713481420823
Stomach cancer,0.0,Guadeloupe,3.1477121506807246
Testicular cancer,0.0,Guadeloupe,0.5118231139318252
Throat cancer,0.0,Guadeloupe,1.1106561572320606
Thyroid cancer,0.0,Guadeloupe,1.1004196949534242
Uterine cancer,2.0,Guadeloupe,2.226430545603439
Vaginal cancer,0.0,Guadeloupe,0.0
Vulvar cancer,0.0,Guadeloupe,0.1689016275975023
Anal cancer,0.6535947712418301,Myanmar,0.19227190969422564
Bladder cancer,15.032679738562091,Myanmar,1.1784407368355765
Brain cancer,1.3071895424836601,Myanmar,1.3024871301866898
Breast cancer,9.15032679738562,Myanmar,14.513428022080259
Cervical cancer,3.2679738562091503,Myanmar,13.272964088569125
Colon cancer,0.6535947712418301,Myanmar,3.0391366371022768
Colorectal cancer,3.2679738562091503,Myanmar,6.140296470880109
Esophageal cancer,1.3071895424836601,Myanmar,4.279600570613409
Gallbladder cancer,0.0,Myanmar,1.1164175401600198
Hodgkin lymphoma,0.0,Myanmar,0.12404639335111332
Kaposi sarcoma,0.0,Myanmar,0.012404639335111333
Kidney cancer,14.379084967320262,Myanmar,0.6202319667555666
Laryngeal cancer,0.6535947712418301,Myanmar,1.4265335235378032
Leukemia,7.189542483660131,Myanmar,2.2328350803200396
Liver cancer,1.9607843137254901,Myanmar,6.636482044284563
Lung cancer,5.228758169934641,Myanmar,9.985734664764625
Mesothelioma,0.0,Myanmar,0.012404639335111333
Mouth cancer,0.0,Myanmar,2.7290206537244934
Multiple myeloma,1.3071895424836601,Myanmar,0.27910438504000495
Non-Hodgkin lymphoma,0.6535947712418301,Myanmar,2.1087886869689263
Ovarian cancer,0.6535947712418301,Myanmar,3.473299013831173
Pancreatic cancer,0.6535947712418301,Myanmar,0.8063015567822366
Penile cancer,0.6535947712418301,Myanmar,0.9303479501333499
Prostate cancer,23.529411764705884,Myanmar,2.6049742603733796
Rectal cancer,0.0,Myanmar,2.915090243751163
Salivary gland cancer,0.0,Myanmar,0.27910438504000495
Skin cancer,5.228758169934641,Myanmar,1.9103144576071451
Stomach cancer,0.0,Myanmar,7.318737207715686
Testicular cancer,1.9607843137254901,Myanmar,0.32252062271289467
Throat cancer,0.0,Myanmar,4.341623767288966
Thyroid cancer,0.6535947712418301,Myanmar,1.7986727035911432
Uterine cancer,0.6535947712418301,Myanmar,1.6746263102400298
Vaginal cancer,0.0,Myanmar,0.130248713018669
Vulvar cancer,0.0,Myanmar,0.29150902437511633
Anal cancer,0.0,New Caledonia,0.12724868384939744
Bladder cancer,0.0,New Caledonia,2.095860675166546
Brain cancer,0.0,New Caledonia,0.8233738366725716
Breast cancer,0.0,New Caledonia,22.505551535716958
Cervical cancer,20.0,New Caledonia,3.543002569924399
Colon cancer,0.0,New Caledonia,3.468150402954165
Colorectal cancer,20.0,New Caledonia,5.4891589111504775
Esophageal cancer,0.0,New Caledonia,0.7235709473789266
Gallbladder cancer,0.0,New Caledonia,0.12974375608173855
Hodgkin lymphoma,0.0,New Caledonia,0.07485216697023378
Kaposi sarcoma,0.0,New Caledonia,0.0
Kidney cancer,0.0,New Caledonia,1.2974375608173856
Laryngeal cancer,0.0,New Caledonia,0.6487187804086928
Leukemia,0.0,New Caledonia,1.9461563412260785
Liver cancer,0.0,New Caledonia,2.2455650091070134
Lung cancer,0.0,New Caledonia,10.429401931185907
Mesothelioma,40.0,New Caledonia,0.1721599840315377
Mouth cancer,0.0,New Caledonia,1.1227825045535067
Multiple myeloma,0.0,New Caledonia,0.8233738366725716
Non-Hodgkin lymphoma,0.0,New Caledonia,1.996057785872901
Ovarian cancer,0.0,New Caledonia,1.6716983956685545
Pancreatic cancer,0.0,New Caledonia,1.621796951021732
Penile cancer,0.0,New Caledonia,0.0
Prostate cancer,0.0,New Caledonia,21.033458918635695
Rectal cancer,0.0,New Caledonia,1.8962548965792558
Salivary gland cancer,0.0,New Caledonia,0.10728810599066843
Skin cancer,0.0,New Caledonia,3.118840290426408
Stomach cancer,0.0,New Caledonia,2.095860675166546
Testicular cancer,0.0,New Caledonia,0.7734723920257491
Throat cancer,0.0,New Caledonia,0.8084034032785249
Thyroid cancer,20.0,New Caledonia,3.5929040145712214
Uterine cancer,0.0,New Caledonia,3.6178547368946328
Vaginal cancer,0.0,New Caledonia,0.0
Vulvar cancer,0.0,New Caledonia,0.0
Anal cancer,2.671118530884808,Puerto Rico,0.2182834191914782
Bladder cancer,1.001669449081803,Puerto Rico,1.4261183387176577
Brain cancer,6.343906510851419,Puerto Rico,0.8731336767659128
Breast cancer,23.706176961602672,Puerto Rico,18.132076020838788
Cervical cancer,8.013355592654424,Puerto Rico,3.085072324572892
Colon cancer,3.33889816360601,Puerto Rico,5.675368898978433
Colorectal cancer,7.345575959933222,Puerto Rico,8.091038738030791
Esophageal cancer,0.667779632721202,Puerto Rico,0.5820891178439419
Gallbladder cancer,0.0,Puerto Rico,0.0931342588550307
Hodgkin lymphoma,1.669449081803005,Puerto Rico,0.669402485520533
Kaposi sarcoma,0.333889816360601,Puerto Rico,0.06985069414127303
Kidney cancer,1.669449081803005,Puerto Rico,1.3679094269332635
Laryngeal cancer,0.1669449081803005,Puerto Rico,0.5529846619517448
Leukemia,6.844741235392321,Puerto Rico,1.7171628976396285
Liver cancer,3.33889816360601,Puerto Rico,1.8335807212084168
Lung cancer,4.173622704507513,Puerto Rico,2.968654501004103
Mesothelioma,0.0,Puerto Rico,0.017462673535318256
Mouth cancer,0.0,Puerto Rico,0.8731336767659128
Multiple myeloma,2.003338898163606,Puerto Rico,0.8440292208737157
Non-Hodgkin lymphoma,2.5041736227045077,Puerto Rico,2.735818853866527
Ovarian cancer,3.33889816360601,Puerto Rico,1.571640618178643
Pancreatic cancer,0.667779632721202,Puerto Rico,1.542536162286446
Penile cancer,0.1669449081803005,Puerto Rico,0.46567129427515347
Prostate cancer,5.008347245409015,Puerto Rico,27.707442009371633
Rectal cancer,0.667779632721202,Puerto Rico,2.211938647806979
Salivary gland cancer,0.0,Puerto Rico,0.08440292208737156
Skin cancer,9.181969949916528,Puerto Rico,3.6962658983090306
Stomach cancer,1.001669449081803,Puerto Rico,0.8149247649815186
Testicular cancer,0.1669449081803005,Puerto Rico,0.9022381326581099
Throat cancer,0.0,Puerto Rico,0.7276113973049273
Thyroid cancer,2.671118530884808,Puerto Rico,3.6089525306324397
Uterine cancer,1.1686143572621035,Puerto Rico,4.452981751506155
Vaginal cancer,0.0,Puerto Rico,0.17462673535318254
Vulvar cancer,0.1669449081803005,Puerto Rico,0.21246252801303878
Anal cancer,0.4446791362107779,Australia,0.23838714071652364
Bladder cancer,1.0700091715071844,Australia,1.2600463152159107
Brain cancer,3.4879519746532894,Australia,0.9535485628660946
Breast cancer,18.90998026736333,Australia,17.283067701947964
Cervical cancer,2.5374503210027513,Australia,0.9024656041411252
Colon cancer,2.2150579472499374,Australia,3.797166598556055
Colorectal cancer,9.015869486673521,Australia,5.891567906279799
Esophageal cancer,0.39743197798838276,Australia,0.5448848930663398
Gallbladder cancer,0.05558489202634724,Australia,0.10557144803160333
Hodgkin lymphoma,0.8726828048136517,Australia,0.4086636697997548
Kaposi sarcoma,0.07503960423556877,Australia,0.01702765290832312
Kidney cancer,1.4452071926850283,Australia,1.6176270262906962
Laryngeal cancer,0.0805980934382035,Australia,0.2043318348998774
Leukemia,9.896890025291126,Australia,1.9922353902738048
Liver cancer,2.365137155721075,Australia,1.2259910093992645
Lung cancer,4.605208304382868,Australia,4.103664350905872
Mesothelioma,1.8231844584641894,Australia,0.289470099441493
Mouth cancer,0.019454712209221535,Australia,1.021659174499387
Multiple myeloma,2.181707012034129,Australia,0.6981337692412477
Non-Hodgkin lymphoma,1.4952335955087408,Australia,2.1114289606320664
Ovarian cancer,4.202217837191851,Australia,1.328156926849203
Pancreatic cancer,1.8565353936799978,Australia,1.1919357035826181
Penile cancer,0.09449431644479031,Australia,0.0868410298324479
Prostate cancer,10.499986103776994,Australia,13.145348045225447
Rectal cancer,1.75926183263389,Australia,1.8560141670072199
Salivary gland cancer,0.01389622300658681,Australia,0.14643781501157882
Skin cancer,15.33865095467052,Australia,30.15597330064024
Stomach cancer,0.28904143853700565,Australia,0.9024656041411252
Testicular cancer,0.3640810427725744,Australia,1.2430186623075876
Throat cancer,0.01389622300658681,Australia,0.5891567906279799
Thyroid cancer,1.0811261499124538,Australia,1.873041819915543
Uterine cancer,1.2923487396125732,Australia,2.4860373246151752
Vaginal cancer,0.03890942441844307,Australia,0.07321890750578941
Vulvar cancer,0.161196186876407,Australia,0.25541479362484676
Anal cancer,0.0,Mongolia,0.14140938015555032
Bladder cancer,1.6129032258064515,Mongolia,0.6284861340246681
Brain cancer,2.0737327188940093,Mongolia,1.1784115012962528
Breast cancer,16.359447004608295,Mongolia,4.949328305444261
Cervical cancer,4.377880184331797,Mongolia,7.934637442061435
Colon cancer,3.456221198156682,Mongolia,2.1604210857097965
Colorectal cancer,8.064516129032258,Mongolia,2.9853091366171736
Esophageal cancer,2.5345622119815667,Mongolia,6.167020190117056
Gallbladder cancer,0.2304147465437788,Mongolia,0.17283368685678374
Hodgkin lymphoma,0.4608294930875576,Mongolia,0.19640191688270878
Kaposi sarcoma,0.0,Mongolia,0.0
Kidney cancer,1.8433179723502304,Mongolia,1.6890564851912955
Laryngeal cancer,0.0,Mongolia,0.4713646005185011
Leukemia,6.451612903225806,Mongolia,0.7070469007777517
Liver cancer,14.516129032258064,Mongolia,37.748448424856626
Lung cancer,20.967741935483872,Mongolia,7.463272841542934
Mesothelioma,0.0,Mongolia,0.10212899677900857
Mouth cancer,0.0,Mongolia,0.5892057506481264
Multiple myeloma,0.4608294930875576,Mongolia,0.11391311179197108
Non-Hodgkin lymphoma,1.152073732718894,Mongolia,0.5892057506481264
Ovarian cancer,2.304147465437788,Mongolia,2.23898185246288
Pancreatic cancer,1.3824884792626728,Mongolia,2.1604210857097965
Penile cancer,0.0,Mongolia,0.2631785686228298
Prostate cancer,2.7649769585253456,Mongolia,1.296252651425878
Rectal cancer,0.6912442396313364,Mongolia,0.6677665174012098
Salivary gland cancer,0.0,Mongolia,0.23175426192159637
Skin cancer,2.5345622119815667,Mongolia,0.7777515908555268
Stomach cancer,1.152073732718894,Mongolia,13.944536098672325
Testicular cancer,0.0,Mongolia,0.21211407023332549
Throat cancer,0.0,Mongolia,0.5499253672715846
Thyroid cancer,2.9953917050691246,Mongolia,0.5106449838950429
Uterine cancer,1.6129032258064515,Mongolia,0.7463272841542934
Vaginal cancer,0.0,Mongolia,0.24746641527221308
Vulvar cancer,0.0,Mongolia,0.1649776101814754
Anal cancer,0.010279605263157895,Egypt,0.19053349378259127
Bladder cancer,4.923930921052632,Egypt,7.62133975130365
Brain cancer,2.0970394736842106,Egypt,2.3064580826313676
Breast cancer,22.286184210526315,Egypt,27.77777777777778
Cervical cancer,1.1307565789473684,Egypt,1.4039310068190936
Colon cancer,3.5773026315789473,Egypt,2.0056157240272765
Colorectal cancer,5.365953947368421,Egypt,3.2089851584436424
Esophageal cancer,0.15419407894736842,Egypt,0.9025270758122744
Gallbladder cancer,0.09251644736842106,Egypt,0.4512635379061372
Hodgkin lymphoma,1.161595394736842,Egypt,0.8022462896109106
Kaposi sarcoma,0.07195723684210527,Egypt,0.05014039310068191
Kidney cancer,1.254111842105263,Egypt,1.203369434416366
Laryngeal cancer,0.25699013157894735,Egypt,1.05294825511432
Leukemia,9.159128289473685,Egypt,3.2089851584436424
Liver cancer,16.241776315789473,Egypt,16.044925792218212
Lung cancer,17.81455592105263,Egypt,4.412354592860009
Mesothelioma,0.5448190789473685,Egypt,0.21058965102286403
Mouth cancer,0.02055921052631579,Egypt,0.9025270758122744
Multiple myeloma,0.7401315789473685,Egypt,0.5014039310068191
Non-Hodgkin lymphoma,1.3260690789473684,Egypt,4.813477737665464
Ovarian cancer,1.7269736842105263,Egypt,3.2089851584436424
Pancreatic cancer,1.069078947368421,Egypt,1.9053349378259126
Penile cancer,0.010279605263157895,Egypt,0.015042117930204574
Prostate cancer,2.8371710526315788,Egypt,6.768953068592058
Rectal cancer,0.8223684210526315,Egypt,1.0028078620136383
Salivary gland cancer,0.05139802631578947,Egypt,0.25070196550340956
Skin cancer,3.2791940789473686,Egypt,1.2234255916566388
Stomach cancer,0.22615131578947367,Egypt,1.8050541516245489
Testicular cancer,0.10279605263157894,Egypt,0.30585639791415964
Throat cancer,0.0,Egypt,0.4111512234255917
Thyroid cancer,0.9251644736842105,Egypt,1.4039310068190936
Uterine cancer,0.6681743421052632,Egypt,2.256317689530686
Vaginal cancer,0.030838815789473683,Egypt,0.10529482551143202
Vulvar cancer,0.02055921052631579,Egypt,0.2657440834336141
Anal cancer,0.030902348578491966,Saudi Arabia,0.2346434257940166
Bladder cancer,1.3597033374536465,Saudi Arabia,2.681639151931618
Brain cancer,4.218170580964153,Saudi Arabia,1.5922232464593982
Breast cancer,25.896168108776266,Saudi Arabia,21.201709544959353
Cervical cancer,4.171817058096416,Saudi Arabia,2.0112293639487135
Colon cancer,5.052533992583436,Saudi Arabia,5.279477080365373
Colorectal cancer,9.826946847960444,Saudi Arabia,9.804743149249978
Esophageal cancer,0.4480840543881335,Saudi Arabia,0.8380122349786306
Gallbladder cancer,0.21631644004944375,Saudi Arabia,0.603368809184614
Hodgkin lymphoma,1.3442521631644004,Saudi Arabia,1.6760244699572613
Kaposi sarcoma,0.1699629171817058,Saudi Arabia,0.21788318109444396
Kidney cancer,1.6841779975278122,Saudi Arabia,2.0950305874465767
Laryngeal cancer,0.15451174289245984,Saudi Arabia,0.6368892985837593
Leukemia,9.239802224969099,Saudi Arabia,4.022458727897427
Liver cancer,5.716934487021014,Saudi Arabia,3.938657504399564
Lung cancer,7.38566131025958,Saudi Arabia,3.6034526104081115
Mesothelioma,0.21631644004944375,Saudi Arabia,0.10894159054722198
Mouth cancer,0.046353522867737945,Saudi Arabia,1.424620799463672
Multiple myeloma,1.004326328800989,Saudi Arabia,0.8380122349786306
Non-Hodgkin lymphoma,1.776885043263288,Saudi Arabia,5.028073409871784
Ovarian cancer,2.487639060568603,Saudi Arabia,2.765440375429481
Pancreatic cancer,0.9425216316440049,Saudi Arabia,1.6760244699572613
Penile cancer,0.07725587144622992,Saudi Arabia,0.025140367049358917
Prostate cancer,4.0327564894932015,Saudi Arabia,4.9442721863739205
Rectal cancer,0.957972805933251,Saudi Arabia,4.273862398391016
Salivary gland cancer,0.015451174289245983,Saudi Arabia,0.18436269169529873
Skin cancer,4.867119901112485,Saudi Arabia,1.2486382301181596
Stomach cancer,0.37082818294190356,Saudi Arabia,2.2626330344423025
Testicular cancer,0.40173053152039556,Saudi Arabia,0.6704097879829045
Throat cancer,0.0,Saudi Arabia,1.3911003100645267
Thyroid cancer,4.9598269468479605,Saudi Arabia,5.530880750858962
Uterine cancer,0.8498145859085291,Saudi Arabia,7.039302773820497
Vaginal cancer,0.030902348578491966,Saudi Arabia,0.033520489399145224
Vulvar cancer,0.046353522867737945,Saudi Arabia,0.1173217128970083
Anal cancer,0.0,DR Congo,0.6369426751592357
Bladder cancer,0.0,DR Congo,1.0399064084232421
Brain cancer,3.6363636363636362,DR Congo,0.40946314831665154
Breast cancer,16.363636363636363,DR Congo,17.223449889509947
Cervical cancer,20.0,DR Congo,21.383075523202915
Colon cancer,3.6363636363636362,DR Congo,1.49486546210841
Colorectal cancer,1.8181818181818181,DR Congo,3.8996490315871575
Esophageal cancer,0.0,DR Congo,1.8198362147406735
Gallbladder cancer,0.0,DR Congo,0.13648771610555052
Hodgkin lymphoma,3.6363636363636362,DR Congo,0.2924736773690368
Kaposi sarcoma,0.0,DR Congo,0.14298713115819578
Kidney cancer,0.0,DR Congo,0.714935655790979
Laryngeal cancer,0.0,DR Congo,0.3834654881060705
Leukemia,9.090909090909092,DR Congo,1.429871311581958
Liver cancer,3.6363636363636362,DR Congo,3.96464318211361
Lung cancer,3.6363636363636362,DR Congo,1.429871311581958
Mesothelioma,0.0,DR Congo,0.032497075263226316
Mouth cancer,0.0,DR Congo,0.714935655790979
Multiple myeloma,1.8181818181818181,DR Congo,0.714935655790979
Non-Hodgkin lymphoma,3.6363636363636362,DR Congo,2.0148186663200316
Ovarian cancer,0.0,DR Congo,2.6647601715845575
Pancreatic cancer,0.0,DR Congo,0.9099181073703367
Penile cancer,3.6363636363636362,DR Congo,0.40946314831665154
Prostate cancer,5.454545454545454,DR Congo,26.0626543611075
Rectal cancer,0.0,DR Congo,1.7548420642142208
Salivary gland cancer,0.0,DR Congo,0.30547250747432736
Skin cancer,9.090909090909092,DR Congo,1.49486546210841
Stomach cancer,0.0,DR Congo,2.534771870531652
Testicular cancer,0.0,DR Congo,0.14298713115819578
Throat cancer,0.0,DR Congo,0.916417522422982
Thyroid cancer,9.090909090909092,DR Congo,0.5524502794748474
Uterine cancer,0.0,DR Congo,1.2998830105290524
Vaginal cancer,0.0,DR Congo,0.2924736773690368
Vulvar cancer,1.8181818181818181,DR Congo,0.7799298063174315
Anal cancer,0.19282094693896748,Germany,0.4021555537681975
Bladder cancer,2.563107709310665,Germany,3.324485911150433
Brain cancer,7.472987431366325,Germany,1.3673288828118715
Breast cancer,13.898392766863015,Germany,20.64398509343414
Cervical cancer,1.6107603494291796,Germany,1.903536287836135
Colon cancer,2.099867141664609,Germany,3.80707257567227
Colorectal cancer,6.226705701151047,Germany,6.890265154561784
Esophageal cancer,1.102841757492387,Germany,0.9383629587924609
Gallbladder cancer,0.11404653568951124,Germany,0.15281911043191504
Hodgkin lymphoma,1.4755505390756352,Germany,0.5630177752754766
Kaposi sarcoma,0.10581637332016508,Germany,0.024129333226091853
Kidney cancer,3.2556170858170788,Germany,2.4129333226091854
Laryngeal cancer,0.2939343703337919,Germany,0.482586664521837
Leukemia,13.684408545260014,Germany,1.9839673985897746
Liver cancer,3.9810471118008772,Germany,1.2064666613045927
Lung cancer,6.497125321858135,Germany,7.5337140405909
Mesothelioma,0.6113834902942871,Germany,0.18499155473337087
Mouth cancer,0.012933112294686843,Germany,0.7506903670339687
Multiple myeloma,2.505496572725242,Germany,0.7775007372851819
Non-Hodgkin lymphoma,1.8400291582895372,Germany,2.4129333226091854
Ovarian cancer,2.8735024043831494,Germany,1.8767259175849218
Pancreatic cancer,4.016319236240932,Germany,2.3325022118555454
Penile cancer,0.19634815938297298,Germany,0.23325022118555458
Prostate cancer,7.960918486120419,Germany,14.531220676157538
Rectal cancer,1.5425675755117398,Germany,2.654226654870104
Salivary gland cancer,0.06701703643610454,Germany,0.13941392530630847
Skin cancer,10.447603259144298,Germany,9.651733290436741
Stomach cancer,0.4409015555006878,Germany,1.7158636960776428
Testicular cancer,0.5302576040821605,Germany,2.546985173865251
Throat cancer,0.0035272124440055026,Germany,1.048285476822435
Thyroid cancer,1.3027171293193656,Germany,1.5013807340679375
Uterine cancer,0.8136103370839359,Germany,2.895519987131022
Vaginal cancer,0.04232654932806603,Germany,0.11796562910533794
Vulvar cancer,0.21751143404700599,Germany,0.9919836992948873
Anal cancer,1.0775862068965518,Cyprus,0.12374736126950234
Bladder cancer,1.7241379310344827,Cyprus,3.2514012568849635
Brain cancer,4.741379310344827,Cyprus,1.6742290054109141
Breast cancer,35.3448275862069,Cyprus,25.42886953145852
Cervical cancer,1.9396551724137931,Cyprus,1.6984931938951302
Colon cancer,4.310344827586207,Cyprus,4.076383665348312
Colorectal cancer,8.620689655172415,Cyprus,5.847669424696091
Esophageal cancer,0.21551724137931033,Cyprus,0.17712857593477788
Gallbladder cancer,0.0,Cyprus,0.12132094242108073
Hodgkin lymphoma,0.0,Cyprus,0.6308689005896198
Kaposi sarcoma,0.0,Cyprus,0.055807633513697136
Kidney cancer,1.9396551724137931,Cyprus,1.140416858758159
Laryngeal cancer,0.0,Cyprus,0.509547958168539
Leukemia,3.663793103448276,Cyprus,2.5962681678111275
Liver cancer,2.1551724137931036,Cyprus,1.3587945551161043
Lung cancer,4.741379310344827,Cyprus,6.55133089073836
Mesothelioma,0.43103448275862066,Cyprus,0.1334530366631888
Mouth cancer,0.0,Cyprus,0.4852837696843229
Multiple myeloma,1.0775862068965518,Cyprus,0.9948317278528618
Non-Hodgkin lymphoma,0.0,Cyprus,2.7418532987164244
Ovarian cancer,3.4482758620689653,Cyprus,2.5720039793269116
Pancreatic cancer,4.525862068965517,Cyprus,2.0867202096425883
Penile cancer,0.0,Cyprus,0.21837769635794532
Prostate cancer,7.543103448275862,Cyprus,14.776890786887632
Rectal cancer,0.8620689655172413,Cyprus,1.6499648169266978
Salivary gland cancer,0.0,Cyprus,0.13102661781476718
Skin cancer,5.387931034482759,Cyprus,3.4212505762744767
Stomach cancer,0.21551724137931033,Cyprus,1.4801154975371849
Testicular cancer,0.43103448275862066,Cyprus,1.6014364399582657
Throat cancer,0.0,Cyprus,0.22080411520636692
Thyroid cancer,4.310344827586207,Cyprus,7.716011937980734
Uterine cancer,1.293103448275862,Cyprus,4.294761361706258
Vaginal cancer,0.0,Cyprus,0.0
Vulvar cancer,0.0,Cyprus,0.23293620944847498
Anal cancer,0.0,Algeria,0.173504796897326
Bladder cancer,1.82648401826484,Algeria,3.6742192284139623
Brain cancer,1.36986301369863,Algeria,2.2963870177587267
Breast cancer,30.136986301369863,Algeria,31.588079199836706
Cervical cancer,5.0228310502283104,Algeria,4.0824658093488475
Colon cancer,3.1963470319634704,Algeria,5.052051439069198
Colorectal cancer,15.068493150684931,Algeria,8.726270667483162
Esophageal cancer,0.0,Algeria,0.3112880179628496
Gallbladder cancer,0.0,Algeria,1.3778322106552359
Hodgkin lymphoma,2.2831050228310503,Algeria,1.1226780975709332
Kaposi sarcoma,0.0,Algeria,0.06634006940191876
Kidney cancer,1.82648401826484,Algeria,0.8164931618697694
Laryngeal cancer,0.45662100456621,Algeria,1.1226780975709332
Leukemia,7.762557077625571,Algeria,1.9391712594407025
Liver cancer,2.73972602739726,Algeria,0.86752398448663
Lung cancer,4.109589041095891,Algeria,5.766482955705246
Mesothelioma,0.91324200913242,Algeria,0.07654623392529088
Mouth cancer,0.0,Algeria,0.3827311696264544
Multiple myeloma,2.73972602739726,Algeria,0.86752398448663
Non-Hodgkin lymphoma,2.2831050228310503,Algeria,2.5005103082261693
Ovarian cancer,1.82648401826484,Algeria,2.5515411308430296
Pancreatic cancer,1.36986301369863,Algeria,1.3268013880383753
Penile cancer,0.0,Algeria,0.015309246785058177
Prostate cancer,7.30593607305936,Algeria,7.909777505613391
Rectal cancer,1.36986301369863,Algeria,3.47009593794652
Salivary gland cancer,0.0,Algeria,0.16840171463563994
Skin cancer,2.73972602739726,Algeria,1.8677281077770975
Stomach cancer,1.36986301369863,Algeria,3.1128801796284957
Testicular cancer,0.0,Algeria,0.347009593794652
Throat cancer,0.0,Algeria,1.9697897530108188
Thyroid cancer,2.2831050228310503,Algeria,2.7556644213104717
Uterine cancer,0.0,Algeria,1.3778322106552359
Vaginal cancer,0.0,Algeria,0.10716472749540723
Vulvar cancer,0.0,Algeria,0.20922637272912842
Anal cancer,0.0,Sri Lanka,0.32093933463796476
Bladder cancer,4.057971014492754,Sri Lanka,1.487279843444227
Brain cancer,1.7391304347826086,Sri Lanka,1.4090019569471623
Breast cancer,28.115942028985508,Sri Lanka,21.682974559686887
Cervical cancer,5.217391304347826,Sri Lanka,7.20156555772994
Colon cancer,3.4782608695652173,Sri Lanka,2.583170254403131
Colorectal cancer,9.565217391304348,Sri Lanka,6.105675146771037
Esophageal cancer,1.1594202898550725,Sri Lanka,4.227005870841487
Gallbladder cancer,0.2898550724637681,Sri Lanka,0.2583170254403131
Hodgkin lymphoma,1.7391304347826086,Sri Lanka,0.7201565557729941
Kaposi sarcoma,0.0,Sri Lanka,0.0
Kidney cancer,3.4782608695652173,Sri Lanka,0.9393346379647749
Laryngeal cancer,0.5797101449275363,Sri Lanka,1.9569471624266144
Leukemia,4.927536231884058,Sri Lanka,3.0528375733855184
Liver cancer,5.797101449275362,Sri Lanka,0.9393346379647749
Lung cancer,6.666666666666667,Sri Lanka,5.244618395303327
Mesothelioma,0.0,Sri Lanka,0.015655577299412915
Mouth cancer,0.0,Sri Lanka,6.340508806262231
Multiple myeloma,1.7391304347826086,Sri Lanka,1.1741682974559686
Non-Hodgkin lymphoma,2.028985507246377,Sri Lanka,2.583170254403131
Ovarian cancer,1.7391304347826086,Sri Lanka,6.418786692759294
Pancreatic cancer,0.8695652173913043,Sri Lanka,0.649706457925636
Penile cancer,0.0,Sri Lanka,0.5401174168297456
Prostate cancer,2.028985507246377,Sri Lanka,5.088062622309198
Rectal cancer,5.797101449275362,Sri Lanka,3.131115459882583
Salivary gland cancer,0.0,Sri Lanka,0.5244618395303327
Skin cancer,2.608695652173913,Sri Lanka,1.2759295499021526
Stomach cancer,1.1594202898550725,Sri Lanka,2.035225048923679
Testicular cancer,0.2898550724637681,Sri Lanka,0.5714285714285714
Throat cancer,0.0,Sri Lanka,2.4422700587084147
Thyroid cancer,3.4782608695652173,Sri Lanka,5.244618395303327
Uterine cancer,1.1594202898550725,Sri Lanka,3.3659491193737767
Vaginal cancer,0.0,Sri Lanka,0.273972602739726
Vulvar cancer,0.2898550724637681,Sri Lanka,0.19569471624266144
Anal cancer,0.1762632197414806,Lebanon,0.0962331591971405
Bladder cancer,4.700352526439483,Lebanon,4.078452937402621
Brain cancer,4.876615746180963,Lebanon,1.8330125561360096
Breast cancer,22.209165687426555,Lebanon,26.53285675006874
Cervical cancer,2.1151586368977675,Lebanon,1.6497113005224087
Colon cancer,4.6415981198589895,Lebanon,4.2159288791128215
Colorectal cancer,8.871915393654524,Lebanon,5.911465493538631
Esophageal cancer,0.7050528789659224,Lebanon,0.2795344148107415
Gallbladder cancer,0.05875440658049354,Lebanon,0.35743744844652187
Hodgkin lymphoma,1.7038777908343126,Lebanon,1.3747594171020072
Kaposi sarcoma,0.2937720329024677,Lebanon,0.05957290807442031
Kidney cancer,2.1151586368977675,Lebanon,1.6955366144258088
Laryngeal cancer,0.3525264394829612,Lebanon,1.0081569058748054
Leukemia,14.277320799059929,Lebanon,3.116121345431216
Liver cancer,1.9976498237367804,Lebanon,1.0539822197782054
Lung cancer,3.8777908343125733,Lebanon,9.119237466776646
Mesothelioma,0.23501762632197415,Lebanon,0.16955366144258088
Mouth cancer,0.0,Lebanon,0.5040784529374027
Multiple myeloma,2.1739130434782608,Lebanon,1.2831087892952067
Non-Hodgkin lymphoma,1.527614571092832,Lebanon,3.84932636788562
Ovarian cancer,3.407755581668625,Lebanon,3.070296031527816
Pancreatic cancer,2.2326674500587544,Lebanon,1.7871872422326094
Penile cancer,0.0,Lebanon,0.10539822197782055
Prostate cancer,7.226792009400705,Lebanon,12.785262579048666
Rectal cancer,1.0575793184488838,Lebanon,1.558060672715608
Salivary gland cancer,0.0,Lebanon,0.2291265695170012
Skin cancer,6.580493537015276,Lebanon,2.428741636880213
Stomach cancer,0.4700352526439483,Lebanon,1.4205847310054074
Testicular cancer,0.4112808460634548,Lebanon,1.2831087892952067
Throat cancer,0.0,Lebanon,0.28411694620108147
Thyroid cancer,0.881316098707403,Lebanon,2.5662175785904133
Uterine cancer,0.7050528789659224,Lebanon,3.666025112272019
Vaginal cancer,0.05875440658049354,Lebanon,0.12372834753918065
Vulvar cancer,0.05875440658049354,Lebanon,0.5040784529374027
Anal cancer,0.21386155060005813,Canada,0.2613638838673143
Bladder cancer,2.3088742161870353,Canada,3.397730490275086
Brain cancer,5.52095012665587,Canada,1.1979178010585239
Breast cancer,22.980773223703334,Canada,19.29736675887004
Cervical cancer,2.8611768614260207,Canada,1.4375013612702288
Colon cancer,2.356629708068602,Canada,3.811556639731667
Colorectal cancer,6.021344628545326,Canada,6.229172565504324
Esophageal cancer,0.5979818113865704,Canada,0.6969703569795048
Gallbladder cancer,0.08928200656118931,Canada,0.11979178010585241
Hodgkin lymphoma,0.9966363523109505,Canada,0.5662884150458477
Kaposi sarcoma,0.06851874922137785,Canada,0.03484851784897524
Kidney cancer,3.0169012914746065,Canada,2.374055278461438
Laryngeal cancer,0.18271666459034094,Canada,0.2613638838673143
Leukemia,11.012831693036004,Canada,2.5482978677063146
Liver cancer,2.1967526265520534,Canada,1.285039095680962
Lung cancer,5.06831111664798,Canada,7.056824864417486
Mesothelioma,0.7184087039574768,Canada,0.14375013612702287
Mouth cancer,0.002076325733981147,Canada,0.9583342408468193
Multiple myeloma,1.9725094472820897,Canada,1.1543571537473047
Non-Hodgkin lymphoma,1.5053361571363315,Canada,2.6354191623287524
Ovarian cancer,4.692496158797392,Canada,2.003789776316076
Pancreatic cancer,1.4741912711266143,Canada,1.6335242741707143
Penile cancer,0.10796893816701965,Canada,0.14810620085814477
Prostate cancer,12.813006104397658,Canada,13.089974517021325
Rectal cancer,1.1378265022216685,Canada,2.156252041905343
Salivary gland cancer,0.024915908807773765,Canada,0.20473504236272955
Skin cancer,6.378472654790084,Canada,14.810620085814477
Stomach cancer,0.282380299821436,Canada,1.0236752118136476
Testicular cancer,0.46302063867779575,Canada,1.2632587720253525
Throat cancer,0.0,Canada,0.6773680656894564
Thyroid cancer,1.2956272580042356,Canada,2.330494631150219
Uterine cancer,1.4949545284664258,Canada,4.595648291333609
Vaginal cancer,0.031144886009717203,Canada,0.11543571537473048
Vulvar cancer,0.11212158963498194,Canada,0.47916712042340964
Anal cancer,0.0,Liberia,0.2364765001477978
Bladder cancer,0.0,Liberia,0.3960981377475613
Brain cancer,25.0,Liberia,1.4188590008867867
Breast cancer,0.0,Liberia,19.864026012415014
Cervical cancer,50.0,Liberia,23.411173514631983
Colon cancer,0.0,Liberia,1.596216375997635
Colorectal cancer,0.0,Liberia,2.660360626662725
Esophageal cancer,0.0,Liberia,0.34880283771800175
Gallbladder cancer,0.0,Liberia,0.17144546260715338
Hodgkin lymphoma,0.0,Liberia,0.2896837126810523
Kaposi sarcoma,0.0,Liberia,0.431569612769731
Kidney cancer,0.0,Liberia,0.5320721253325451
Laryngeal cancer,0.0,Liberia,0.5143363878214602
Leukemia,0.0,Liberia,0.7094295004433934
Liver cancer,0.0,Liberia,8.749630505468518
Lung cancer,0.0,Liberia,1.596216375997635
Mesothelioma,0.0,Liberia,0.02364765001477978
Mouth cancer,0.0,Liberia,0.7094295004433934
Multiple myeloma,0.0,Liberia,0.3369790127106118
Non-Hodgkin lymphoma,0.0,Liberia,2.1282885013301804
Ovarian cancer,0.0,Liberia,1.9509311262193318
Pancreatic cancer,0.0,Liberia,0.8276677505172924
Penile cancer,0.0,Liberia,0.017735737511084836
Prostate cancer,25.0,Liberia,22.81998226426249
Rectal cancer,0.0,Liberia,0.8276677505172924
Salivary gland cancer,0.0,Liberia,0.13597398758498375
Skin cancer,0.0,Liberia,1.6198640260124149
Stomach cancer,0.0,Liberia,2.660360626662725
Testicular cancer,0.0,Liberia,0.03547147502216967
Throat cancer,0.0,Liberia,0.18918120011823825
Thyroid cancer,0.0,Liberia,0.43748152527342593
Uterine cancer,0.0,Liberia,1.8918120011823825
Vaginal cancer,0.0,Liberia,0.32515518770322205
Vulvar cancer,0.0,Liberia,0.13597398758498375
Anal cancer,0.09156810377718429,Belgium,0.22227161591464772
Bladder cancer,1.8237314002289202,Belgium,2.8673038452989554
Brain cancer,4.898893552079359,Belgium,1.1113580795732385
Breast cancer,21.663487218618847,Belgium,23.20515670148922
Cervical cancer,3.9069057611598628,Belgium,1.4003111802622805
Colon cancer,1.7855780236550935,Belgium,4.400977995110025
Colorectal cancer,6.2571537581075924,Belgium,6.490331184707713
Esophageal cancer,0.7401755055322397,Belgium,1.0002222716159146
Gallbladder cancer,0.09919877909194964,Belgium,0.062236052456101365
Hodgkin lymphoma,1.0148798168637925,Belgium,0.6668148477439432
Kaposi sarcoma,0.08393742846241893,Belgium,0.05556790397866193
Kidney cancer,1.8924074780618085,Belgium,1.8226272505001109
Laryngeal cancer,0.2747043113315528,Belgium,0.42231607023783063
Leukemia,10.492178557802365,Belgium,2.333851967103801
Liver cancer,3.037008775276612,Belgium,1.066903756390309
Lung cancer,6.921022510492179,Belgium,7.2682818404089815
Mesothelioma,1.8008393742846243,Belgium,0.2444987775061125
Mouth cancer,0.007630675314765357,Belgium,1.0446765947988443
Multiple myeloma,3.2964517359786343,Belgium,0.8224049788841965
Non-Hodgkin lymphoma,1.6863792445631438,Belgium,2.3783062902867305
Ovarian cancer,3.1056848531095,Belgium,1.5336741498110693
Pancreatic cancer,1.70927127050744,Belgium,1.6670371193598579
Penile cancer,0.24418161007249142,Belgium,0.1667037119359858
Prostate cancer,8.302174742464707,Belgium,18.159591020226717
Rectal cancer,1.7245326211369707,Belgium,1.8670815736830408
Salivary gland cancer,0.0534147272033575,Belgium,0.144476550344521
Skin cancer,9.843571156047311,Belgium,9.802178261835964
Stomach cancer,0.28996566196108353,Belgium,1.2002667259390976
Testicular cancer,0.23655093475772607,Belgium,1.4225383418537454
Throat cancer,0.007630675314765357,Belgium,0.8735274505445655
Thyroid cancer,1.1751239984738648,Belgium,1.5336741498110693
Uterine cancer,1.3506295307134681,Belgium,2.222716159146477
Vaginal cancer,0.045784051888592144,Belgium,0.097799511002445
Vulvar cancer,0.1373521556657764,Belgium,0.42231607023783063
Anal cancer,0.0,Gabon,0.6579734417992582
Bladder cancer,0.0,Gabon,1.0766838138533315
Brain cancer,38.46153846153846,Gabon,0.5742313673884435
Breast cancer,11.538461538461538,Gabon,21.772939346811814
Cervical cancer,0.0,Gabon,19.440124416796262
Colon cancer,3.8461538461538463,Gabon,2.4524464648881437
Colorectal cancer,3.8461538461538463,Gabon,4.067472185668141
Esophageal cancer,0.0,Gabon,1.0168680464170352
Gallbladder cancer,0.0,Gabon,0.3708577581050364
Hodgkin lymphoma,0.0,Gabon,0.1854288790525182
Kaposi sarcoma,0.0,Gabon,1.7346572556525897
Kidney cancer,0.0,Gabon,0.897236511544443
Laryngeal cancer,0.0,Gabon,1.3757626510348122
Leukemia,19.23076923076923,Gabon,0.7776049766718506
Liver cancer,3.8461538461538463,Gabon,5.323603301830361
Lung cancer,3.8461538461538463,Gabon,1.8542887905251821
Mesothelioma,0.0,Gabon,0.029907883718148096
Mouth cancer,0.0,Gabon,2.0935518602703667
Multiple myeloma,0.0,Gabon,0.5562866371575547
Non-Hodgkin lymphoma,3.8461538461538463,Gabon,2.3328149300155516
Ovarian cancer,3.8461538461538463,Gabon,4.665629860031103
Pancreatic cancer,0.0,Gabon,2.0337360928340704
Penile cancer,0.0,Gabon,0.07776049766718506
Prostate cancer,3.8461538461538463,Gabon,15.611915300873306
Rectal cancer,0.0,Gabon,1.0168680464170352
Salivary gland cancer,0.0,Gabon,0.4067472185668141
Skin cancer,0.0,Gabon,1.6389520277545158
Stomach cancer,0.0,Gabon,1.4355784184711087
Testicular cancer,0.0,Gabon,0.17944730230888858
Throat cancer,0.0,Gabon,1.1245364278023684
Thyroid cancer,0.0,Gabon,0.4067472185668141
Uterine cancer,3.8461538461538463,Gabon,2.392630697451848
Vaginal cancer,0.0,Gabon,0.2751525302069625
Vulvar cancer,0.0,Gabon,0.14355784184711087
Anal cancer,0.0,Martinique,0.1377952755905512
Bladder cancer,2.1739130434782608,Martinique,0.8436445444319461
Brain cancer,4.3478260869565215,Martinique,0.5905511811023623
Breast cancer,19.565217391304348,Martinique,21.709786276715413
Cervical cancer,8.695652173913043,Martinique,2.109111361079865
Colon cancer,4.3478260869565215,Martinique,4.302587176602925
Colorectal cancer,6.521739130434782,Martinique,6.10236220472441
Esophageal cancer,0.0,Martinique,0.47806524184476945
Gallbladder cancer,0.0,Martinique,0.19122609673790777
Hodgkin lymphoma,0.0,Martinique,0.0
Kaposi sarcoma,0.0,Martinique,0.0
Kidney cancer,2.1739130434782608,Martinique,1.0686164229471318
Laryngeal cancer,0.0,Martinique,0.25028121484814403
Leukemia,15.217391304347826,Martinique,1.8278965129358833
Liver cancer,0.0,Martinique,1.0123734533183353
Lung cancer,0.0,Martinique,2.530933633295838
Mesothelioma,0.0,Martinique,0.0
Mouth cancer,0.0,Martinique,0.5905511811023623
Multiple myeloma,2.1739130434782608,Martinique,1.7435320584926886
Non-Hodgkin lymphoma,0.0,Martinique,1.237345331833521
Ovarian cancer,0.0,Martinique,0.9842519685039371
Pancreatic cancer,0.0,Martinique,1.7716535433070868
Penile cancer,0.0,Martinique,0.24746906636670418
Prostate cancer,13.043478260869565,Martinique,37.76715410573679
Rectal cancer,0.0,Martinique,1.6872890888638923
Salivary gland cancer,2.1739130434782608,Martinique,0.03374578177727784
Skin cancer,6.521739130434782,Martinique,2.896512935883015
Stomach cancer,4.3478260869565215,Martinique,3.037120359955006
Testicular cancer,0.0,Martinique,0.0
Throat cancer,0.0,Martinique,0.610236220472441
Thyroid cancer,4.3478260869565215,Martinique,1.6029246344206975
Uterine cancer,4.3478260869565215,Martinique,2.5590551181102366
Vaginal cancer,0.0,Martinique,0.07592800899887515
Vulvar cancer,0.0,Martinique,0.0
Anal cancer,0.16835016835016836,Bulgaria,0.1583863981640107
Bladder cancer,2.1885521885521886,Bulgaria,3.4586417558263562
Brain cancer,4.713804713804714,Bulgaria,2.1980153214597404
Breast cancer,16.414141414141415,Bulgaria,17.066942496040337
Cervical cancer,3.451178451178451,Bulgaria,4.9778582280117645
Colon cancer,2.272727272727273,Bulgaria,6.044542134014286
Colorectal cancer,10.016835016835017,Bulgaria,9.761773927659435
Esophageal cancer,0.3367003367003367,Bulgaria,0.517180075637586
Gallbladder cancer,0.08417508417508418,Bulgaria,0.1325273943821314
Hodgkin lymphoma,1.0101010101010102,Bulgaria,0.45253256618288773
Kaposi sarcoma,0.16835016835016836,Bulgaria,0.01616187736367456
Kidney cancer,1.3468013468013469,Bulgaria,1.9394252836409474
Laryngeal cancer,0.8417508417508418,Bulgaria,1.0020363965478227
Leukemia,13.72053872053872,Bulgaria,1.810130264731551
Liver cancer,2.7777777777777777,Bulgaria,1.4222452080033616
Lung cancer,4.882154882154882,Bulgaria,8.759737531111613
Mesothelioma,0.25252525252525254,Bulgaria,0.14222452080033615
Mouth cancer,0.0,Bulgaria,0.9697126418204737
Multiple myeloma,3.5353535353535355,Bulgaria,0.45253256618288773
Non-Hodgkin lymphoma,0.9259259259259259,Bulgaria,1.292950189093965
Ovarian cancer,2.0202020202020203,Bulgaria,3.2323754727349123
Pancreatic cancer,1.430976430976431,Bulgaria,2.4242816045511844
Penile cancer,0.3367003367003367,Bulgaria,0.2909137925461421
Prostate cancer,4.124579124579125,Bulgaria,12.347674305847367
Rectal cancer,2.7777777777777777,Bulgaria,3.5556130200084035
Salivary gland cancer,0.08417508417508418,Bulgaria,0.14222452080033615
Skin cancer,14.562289562289562,Bulgaria,3.200051718007563
Stomach cancer,0.6734006734006734,Bulgaria,2.909137925461421
Testicular cancer,0.5050505050505051,Bulgaria,1.4545689627307106
Throat cancer,0.0,Bulgaria,0.7854672398745838
Thyroid cancer,2.356902356902357,Bulgaria,1.4222452080033616
Uterine cancer,1.5993265993265993,Bulgaria,5.17180075637586
Vaginal cancer,0.0,Bulgaria,0.1325273943821314
Vulvar cancer,0.4208754208754209,Bulgaria,0.3555613020008404
Anal cancer,0.0,Chad,0.07330551483026952
Bladder cancer,0.0,Chad,1.8044434419758653
Brain cancer,0.0,Chad,0.4229164317130934
Breast cancer,50.0,Chad,8.007217773767902
Cervical cancer,0.0,Chad,13.25138152701026
Colon cancer,0.0,Chad,0.5018608322995375
Colorectal cancer,50.0,Chad,1.296943723920153
Esophageal cancer,0.0,Chad,0.7894440058644411
Gallbladder cancer,0.0,Chad,0.045111086049396634
Hodgkin lymphoma,0.0,Chad,0.09586105785496785
Kaposi sarcoma,0.0,Chad,0.18608322995376111
Kidney cancer,0.0,Chad,0.9022217209879326
Laryngeal cancer,0.0,Chad,0.21991654449080858
Leukemia,0.0,Chad,0.38908311717604593
Liver cancer,0.0,Chad,10.770271794293446
Lung cancer,0.0,Chad,1.1277771512349157
Mesothelioma,0.0,Chad,0.14661102966053904
Mouth cancer,0.0,Chad,0.9586105785496785
Multiple myeloma,0.0,Chad,0.2763054020525544
Non-Hodgkin lymphoma,0.0,Chad,1.4097214390436448
Ovarian cancer,0.0,Chad,2.0299988722228486
Pancreatic cancer,0.0,Chad,1.1277771512349157
Penile cancer,0.0,Chad,0.0
Prostate cancer,0.0,Chad,46.35164091575504
Rectal cancer,0.0,Chad,0.6766662907409494
Salivary gland cancer,0.0,Chad,0.23119431600315773
Skin cancer,0.0,Chad,0.5864441186421562
Stomach cancer,0.0,Chad,1.6916657268523736
Testicular cancer,0.0,Chad,0.22555543024698316
Throat cancer,0.0,Chad,0.535694146836585
Thyroid cancer,0.0,Chad,2.875831735649035
Uterine cancer,0.0,Chad,0.4003608886883951
Vaginal cancer,0.0,Chad,0.2424720875155069
Vulvar cancer,0.0,Chad,0.3496109168828239
Anal cancer,0.0,South Sudan,0.3412462908011869
Bladder cancer,0.0,South Sudan,1.3353115727002967
Brain cancer,0.0,South Sudan,0.9643916913946586
Breast cancer,0.0,South Sudan,20.771513353115726
Cervical cancer,0.0,South Sudan,15.875370919881304
Colon cancer,0.0,South Sudan,2.1513353115727
Colorectal cancer,16.666666666666668,South Sudan,4.228486646884273
Esophageal cancer,0.0,South Sudan,4.228486646884273
Gallbladder cancer,0.0,South Sudan,0.5192878338278931
Hodgkin lymphoma,16.666666666666668,South Sudan,0.4080118694362018
Kaposi sarcoma,0.0,South Sudan,1.4836795252225519
Kidney cancer,0.0,South Sudan,1.1127596439169138
Laryngeal cancer,0.0,South Sudan,0.7344213649851632
Leukemia,0.0,South Sudan,1.1869436201780414
Liver cancer,0.0,South Sudan,3.8575667655786345
Lung cancer,0.0,South Sudan,1.5578635014836795
Mesothelioma,0.0,South Sudan,0.0
Mouth cancer,0.0,South Sudan,1.3353115727002967
Multiple myeloma,0.0,South Sudan,0.8160237388724036
Non-Hodgkin lymphoma,16.666666666666668,South Sudan,2.5964391691394657
Ovarian cancer,0.0,South Sudan,3.2640949554896146
Pancreatic cancer,0.0,South Sudan,1.3353115727002967
Penile cancer,0.0,South Sudan,0.6083086053412462
Prostate cancer,0.0,South Sudan,16.32047477744807
Rectal cancer,0.0,South Sudan,1.7062314540059345
Salivary gland cancer,0.0,South Sudan,0.3783382789317507
Skin cancer,33.333333333333336,South Sudan,2.188427299703264
Stomach cancer,0.0,South Sudan,2.9673590504451037
Testicular cancer,0.0,South Sudan,0.2893175074183976
Throat cancer,0.0,South Sudan,1.476261127596439
Thyroid cancer,0.0,South Sudan,1.261127596439169
Uterine cancer,16.666666666666668,South Sudan,1.8545994065281897
Vaginal cancer,0.0,South Sudan,0.2002967359050445
Vulvar cancer,0.0,South Sudan,0.64540059347181
Anal cancer,0.26231228277264085,Switzerland,0.35095635607029146
Bladder cancer,2.4198308085776117,Switzerland,3.6850417387380605
Brain cancer,7.626729621614532,Switzerland,1.4038254242811659
Breast cancer,15.509213718932388,Switzerland,19.402872828457546
Cervical cancer,2.3870417732310316,Switzerland,1.0278007570629963
Colon cancer,2.2362122106367632,Switzerland,3.93572485021684
Colorectal cancer,5.862679519968522,Switzerland,6.592965831891904
Esophageal cancer,0.7672634271099744,Switzerland,0.7771176455842168
Gallbladder cancer,0.11148272017837235,Switzerland,0.16294402246120676
Hodgkin lymphoma,1.0951537805757754,Switzerland,0.7269810232884609
Kaposi sarcoma,0.32789035346580103,Switzerland,0.04762979118096813
Kidney cancer,2.1116138763197587,Switzerland,1.4539620465769219
Laryngeal cancer,0.20329201914879663,Switzerland,0.3258880449224135
Leukemia,9.908846481736507,Switzerland,2.0556015141259927
Liver cancer,3.764181257787396,Switzerland,1.3536888019854099
Lung cancer,7.397206374188471,Switzerland,6.041462986638589
Mesothelioma,1.9804577349334382,Switzerland,0.27575142262665764
Mouth cancer,0.0065578070693160205,Switzerland,0.9525958236193626
Multiple myeloma,2.0853826480424944,Switzerland,0.8021859567320948
Non-Hodgkin lymphoma,2.7018165125582003,Switzerland,2.4566944924920406
Ovarian cancer,2.826414846875205,Switzerland,1.7046451580557014
Pancreatic cancer,2.0657092268345467,Switzerland,2.130806447569627
Penile cancer,0.04590464948521215,Switzerland,0.11531423128023863
Prostate cancer,8.400550855793822,Switzerland,17.32220300318367
Rectal cancer,1.272214571447308,Switzerland,2.306284625604772
Salivary gland cancer,0.026231228277264082,Switzerland,0.12283472462460202
Skin cancer,13.154960981047937,Switzerland,12.759770374269882
Stomach cancer,0.4131418453669093,Switzerland,1.2784838685417759
Testicular cancer,0.4393730736441734,Switzerland,2.58203604823143
Throat cancer,0.0065578070693160205,Switzerland,0.8297610989947606
Thyroid cancer,1.4492753623188406,Switzerland,1.7547817803514574
Uterine cancer,0.931208603842875,Switzerland,2.9580607154495997
Vaginal cancer,0.026231228277264082,Switzerland,0.06016394675490711
Vulvar cancer,0.17706079087153256,Switzerland,0.24316261813441623
Anal cancer,0.0,Madagascar,0.8316008316008318
Bladder cancer,1.1869436201780414,Madagascar,2.9700029700029704
Brain cancer,3.264094955489614,Madagascar,0.712800712800713
Breast cancer,24.03560830860534,Madagascar,17.998217998218003
Cervical cancer,5.637982195845697,Madagascar,24.829224829224835
Colon cancer,2.6706231454005933,Madagascar,1.1880011880011883
Colorectal cancer,6.231454005934718,Madagascar,3.3858033858033867
Esophageal cancer,0.8902077151335311,Madagascar,2.4948024948024954
Gallbladder cancer,0.0,Madagascar,0.100980100980101
Hodgkin lymphoma,1.1869436201780414,Madagascar,0.40986040986040995
Kaposi sarcoma,0.29673590504451036,Madagascar,0.017820017820017825
Kidney cancer,0.8902077151335311,Madagascar,0.5761805761805763
Laryngeal cancer,0.0,Madagascar,0.403920403920404
Leukemia,11.275964391691394,Madagascar,1.722601722601723
Liver cancer,2.9673590504451037,Madagascar,3.267003267003268
Lung cancer,3.857566765578635,Madagascar,1.2474012474012477
Mesothelioma,0.29673590504451036,Madagascar,0.04752004752004753
Mouth cancer,0.0,Madagascar,1.3662013662013663
Multiple myeloma,1.7804154302670623,Madagascar,0.19602019602019605
Non-Hodgkin lymphoma,0.8902077151335311,Madagascar,2.4354024354024357
Ovarian cancer,5.044510385756676,Madagascar,1.6632016632016635
Pancreatic cancer,0.8902077151335311,Madagascar,0.7722007722007723
Penile cancer,0.0,Madagascar,0.06534006534006535
Prostate cancer,5.044510385756676,Madagascar,19.839619839619843
Rectal cancer,1.7804154302670623,Madagascar,1.3662013662013663
Salivary gland cancer,0.0,Madagascar,0.3267003267003268
Skin cancer,12.759643916913946,Madagascar,2.4354024354024357
Stomach cancer,0.29673590504451036,Madagascar,2.6136026136026143
Testicular cancer,0.29673590504451036,Madagascar,0.1425601425601426
Throat cancer,0.0,Madagascar,1.401841401841402
Thyroid cancer,5.637982195845697,Madagascar,0.5940005940005941
Uterine cancer,0.8902077151335311,Madagascar,1.1286011286011288
Vaginal cancer,0.0,Madagascar,0.32076032076032085
Vulvar cancer,0.0,Madagascar,1.1286011286011288
Anal cancer,0.0,Malta,0.14694677261347558
Bladder cancer,1.8018018018018018,Malta,2.7756612604767605
Brain cancer,0.9009009009009009,Malta,1.4150429955371722
Breast cancer,23.423423423423422,Malta,23.4842712528573
Cervical cancer,4.504504504504505,Malta,1.1429193425492545
Colon cancer,1.8018018018018018,Malta,4.871013388483727
Colorectal cancer,13.513513513513514,Malta,7.347338630673779
Esophageal cancer,0.0,Malta,0.4353978447806684
Gallbladder cancer,0.0,Malta,0.07347338630673779
Hodgkin lymphoma,0.9009009009009009,Malta,0.8980080548601286
Kaposi sarcoma,0.9009009009009009,Malta,0.10068575160552956
Kidney cancer,0.9009009009009009,Malta,2.721236529879177
Laryngeal cancer,0.0,Malta,0.6803091324697943
Leukemia,9.00900900900901,Malta,1.6599542832262981
Liver cancer,0.9009009009009009,Malta,1.1701317078480462
Lung cancer,1.8018018018018018,Malta,5.224774137368021
Mesothelioma,0.0,Malta,0.21225644933057583
Mouth cancer,0.0,Malta,0.952432785457712
Multiple myeloma,1.8018018018018018,Malta,0.6530967671710026
Non-Hodgkin lymphoma,2.7027027027027026,Malta,3.973005333623599
Ovarian cancer,7.207207207207207,Malta,2.91172308697072
Pancreatic cancer,0.0,Malta,2.4491128768912596
Penile cancer,0.0,Malta,0.35376074888429304
Prostate cancer,5.405405405405405,Malta,13.715032110591054
Rectal cancer,0.0,Malta,2.3130510503973007
Salivary gland cancer,0.0,Malta,0.10612822466528792
Skin cancer,14.414414414414415,Malta,4.598889735495809
Stomach cancer,0.0,Malta,1.4694677261347557
Testicular cancer,2.7027027027027026,Malta,2.4763252421900512
Throat cancer,0.0,Malta,0.3265483835855013
Thyroid cancer,2.7027027027027026,Malta,3.3471209317513884
Uterine cancer,1.8018018018018018,Malta,5.551322520953521
Vaginal cancer,0.0,Malta,0.06258844018722108
Vulvar cancer,0.9009009009009009,Malta,0.3809731141830848
Anal cancer,0.0,Bolivia,0.04129032258064516
Bladder cancer,4.3478260869565215,Bolivia,0.5161290322580645
Brain cancer,8.695652173913043,Bolivia,1.1870967741935483
Breast cancer,0.0,Bolivia,13.832258064516129
Cervical cancer,13.043478260869565,Bolivia,19.9741935483871
Colon cancer,4.3478260869565215,Bolivia,2.47741935483871
Colorectal cancer,0.0,Bolivia,3.096774193548387
Esophageal cancer,0.0,Bolivia,0.7225806451612903
Gallbladder cancer,4.3478260869565215,Bolivia,3.92258064516129
Hodgkin lymphoma,0.0,Bolivia,0.6193548387096774
Kaposi sarcoma,4.3478260869565215,Bolivia,0.0
Kidney cancer,8.695652173913043,Bolivia,1.5483870967741935
Laryngeal cancer,0.0,Bolivia,0.6709677419354839
Leukemia,13.043478260869565,Bolivia,2.5290322580645164
Liver cancer,0.0,Bolivia,3.458064516129032
Lung cancer,0.0,Bolivia,4.387096774193548
Mesothelioma,4.3478260869565215,Bolivia,0.0567741935483871
Mouth cancer,0.0,Bolivia,0.30451612903225805
Multiple myeloma,0.0,Bolivia,0.2167741935483871
Non-Hodgkin lymphoma,4.3478260869565215,Bolivia,1.2903225806451613
Ovarian cancer,4.3478260869565215,Bolivia,1.6
Pancreatic cancer,13.043478260869565,Bolivia,1.5483870967741935
Penile cancer,0.0,Bolivia,1.238709677419355
Prostate cancer,4.3478260869565215,Bolivia,17.651612903225807
Rectal cancer,0.0,Bolivia,0.6193548387096774
Salivary gland cancer,0.0,Bolivia,0.34580645161290324
Skin cancer,4.3478260869565215,Bolivia,3.92258064516129
Stomach cancer,4.3478260869565215,Bolivia,4.49032258064516
Testicular cancer,0.0,Bolivia,0.7225806451612903
Throat cancer,0.0,Bolivia,0.40258064516129033
Thyroid cancer,0.0,Bolivia,1.0838709677419356
Uterine cancer,0.0,Bolivia,5.006451612903225
Vaginal cancer,0.0,Bolivia,0.25290322580645164
Vulvar cancer,0.0,Bolivia,0.2632258064516129
Anal cancer,0.0,Cambodia,0.17375674056321144
Bladder cancer,3.7037037037037037,Cambodia,1.1983223487118033
Brain cancer,0.0,Cambodia,2.276812462552426
Breast cancer,22.22222222222222,Cambodia,15.038945476333131
Cervical cancer,37.03703703703704,Cambodia,9.107249850209705
Colon cancer,0.0,Cambodia,4.1941282204913115
Colorectal cancer,0.0,Cambodia,7.54943079688436
Esophageal cancer,0.0,Cambodia,1.7375674056321146
Gallbladder cancer,0.0,Cambodia,0.718993409227082
Hodgkin lymphoma,0.0,Cambodia,0.2696225284601557
Kaposi sarcoma,0.0,Cambodia,0.005991611743559016
Kidney cancer,0.0,Cambodia,0.7789095266626721
Laryngeal cancer,0.0,Cambodia,0.7789095266626721
Leukemia,7.407407407407407,Cambodia,2.8160575194727375
Liver cancer,11.11111111111111,Cambodia,15.038945476333131
Lung cancer,11.11111111111111,Cambodia,9.406830437387656
Mesothelioma,0.0,Cambodia,0.005991611743559016
Mouth cancer,0.0,Cambodia,2.336728579988016
Multiple myeloma,0.0,Cambodia,0.5991611743559017
Non-Hodgkin lymphoma,0.0,Cambodia,2.576393049730377
Ovarian cancer,0.0,Cambodia,3.355302576393049
Pancreatic cancer,0.0,Cambodia,0.8388256440982622
Penile cancer,0.0,Cambodia,0.8987417615338524
Prostate cancer,0.0,Cambodia,3.1156381066506884
Rectal cancer,7.407407407407407,Cambodia,3.1755542240862784
Salivary gland cancer,0.0,Cambodia,0.33553025763930494
Skin cancer,0.0,Cambodia,1.503894547633313
Stomach cancer,0.0,Cambodia,2.456560814859196
Testicular cancer,0.0,Cambodia,0.5332534451767524
Throat cancer,0.0,Cambodia,2.1330137807070098
Thyroid cancer,0.0,Cambodia,2.8160575194727375
Uterine cancer,0.0,Cambodia,1.857399640503295
Vaginal cancer,0.0,Cambodia,0.0718993409227082
Vulvar cancer,0.0,Cambodia,0.29958058717795083
Anal cancer,0.0,Maldives,0.0
Bladder cancer,0.0,Maldives,1.1844648089271244
Brain cancer,0.0,Maldives,0.9351037965214138
Breast cancer,42.857142857142854,Maldives,24.81142073436818
Cervical cancer,14.285714285714286,Maldives,14.088897200922636
Colon cancer,0.0,Maldives,3.8650956922885107
Colorectal cancer,0.0,Maldives,7.356149865968456
Esophageal cancer,0.0,Maldives,0.0
Gallbladder cancer,0.0,Maldives,0.0
Hodgkin lymphoma,0.0,Maldives,0.06857427841157035
Kaposi sarcoma,0.0,Maldives,0.0
Kidney cancer,0.0,Maldives,0.14961660744342622
Laryngeal cancer,0.0,Maldives,0.8104232903185588
Leukemia,0.0,Maldives,2.805311389564242
Liver cancer,0.0,Maldives,4.737859235708497
Lung cancer,0.0,Maldives,7.730191384577021
Mesothelioma,0.0,Maldives,0.0
Mouth cancer,0.0,Maldives,0.6857427841157037
Multiple myeloma,0.0,Maldives,0.0
Non-Hodgkin lymphoma,0.0,Maldives,2.867651642665669
Ovarian cancer,14.285714285714286,Maldives,5.049560501215635
Pancreatic cancer,14.285714285714286,Maldives,1.1844648089271244
Penile cancer,0.0,Maldives,0.0
Prostate cancer,14.285714285714286,Maldives,6.545726575649898
Rectal cancer,0.0,Maldives,3.491054173679945
Salivary gland cancer,0.0,Maldives,0.24936101240571037
Skin cancer,0.0,Maldives,1.4338258213328345
Stomach cancer,0.0,Maldives,0.4176796957795649
Testicular cancer,0.0,Maldives,0.24312698709556763
Throat cancer,0.0,Maldives,4.67551898260707
Thyroid cancer,0.0,Maldives,1.683186833738545
Uterine cancer,0.0,Maldives,2.9299918957670967
Vaginal cancer,0.0,Maldives,0.0
Vulvar cancer,0.0,Maldives,0.0
Anal cancer,0.07790184367696702,Pakistan,0.27788805081381496
Bladder cancer,2.1033497792781097,Pakistan,2.6994839221913454
Brain cancer,5.453129057387692,Pakistan,2.1437078205637157
Breast cancer,27.55128538042067,Pakistan,27.153632393807065
Cervical cancer,3.427681121786549,Pakistan,4.287415641127431
Colon cancer,1.8956115294728642,Pakistan,2.4612941643509325
Colorectal cancer,4.62217605816671,Pakistan,4.287415641127431
Esophageal cancer,1.194494936380161,Pakistan,4.366812227074235
Gallbladder cancer,0.4933783432874578,Pakistan,1.429138547042477
Hodgkin lymphoma,2.1293170605037655,Pakistan,0.6828106391425168
Kaposi sarcoma,0.051934562451311346,Pakistan,0.03175863437872171
Kidney cancer,2.5188262788886004,Pakistan,1.3497419610956727
Laryngeal cancer,0.2856400934822124,Pakistan,1.9055180627233026
Leukemia,10.049337834328746,Pakistan,2.77888050813815
Liver cancer,7.348740586860556,Pakistan,3.0170702659785626
Lung cancer,8.491300960789406,Pakistan,4.763795156808256
Mesothelioma,0.20773824980524538,Pakistan,0.023818975784041282
Mouth cancer,0.051934562451311346,Pakistan,7.304485907105993
Multiple myeloma,1.272396780057128,Pakistan,0.8733624454148472
Non-Hodgkin lymphoma,2.337055310309011,Pakistan,3.255260023818975
Ovarian cancer,2.70059724746819,Pakistan,4.446208813021039
Pancreatic cancer,1.5840041547649961,Pakistan,0.5478364430329495
Penile cancer,0.051934562451311346,Pakistan,0.2699483922191345
Prostate cancer,5.063619839002857,Pakistan,5.319571258435887
Rectal cancer,0.9867566865749156,Pakistan,1.5879317189360855
Salivary gland cancer,0.025967281225655673,Pakistan,0.4049225883287018
Skin cancer,4.128797714879252,Pakistan,2.5486304088924174
Stomach cancer,0.5193456245131135,Pakistan,2.77888050813815
Testicular cancer,0.15580368735393405,Pakistan,0.5557761016276299
Throat cancer,0.025967281225655673,Pakistan,1.691147280666931
Thyroid cancer,2.233186185406388,Pakistan,1.2703453751488685
Uterine cancer,0.8049857179953259,Pakistan,3.0170702659785626
Vaginal cancer,0.051934562451311346,Pakistan,0.23025009924573236
Vulvar cancer,0.10386912490262269,Pakistan,0.23818975784041282
Anal cancer,0.10718113612004287,Qatar,0.17221135029354206
Bladder cancer,1.3933547695605573,Qatar,3.4442270058708417
Brain cancer,2.8938906752411575,Qatar,1.4090019569471623
Breast cancer,25.616291532690248,Qatar,30.528375733855185
Cervical cancer,3.1082529474812435,Qatar,3.679060665362035
Colon cancer,4.287245444801715,Qatar,4.540117416829745
Colorectal cancer,10.82529474812433,Qatar,7.279843444227007
Esophageal cancer,0.6430868167202572,Qatar,1.0176125244618395
Gallbladder cancer,0.4287245444801715,Qatar,0.8610567514677104
Hodgkin lymphoma,1.2861736334405145,Qatar,1.095890410958904
Kaposi sarcoma,0.3215434083601286,Qatar,0.1487279843444227
Kidney cancer,2.357984994640943,Qatar,1.2524461839530332
Laryngeal cancer,0.21436227224008575,Qatar,0.5949119373776908
Leukemia,15.32690246516613,Qatar,3.522504892367906
Liver cancer,3.0010718113612005,Qatar,3.209393346379647
Lung cancer,5.359056806002144,Qatar,4.540117416829745
Mesothelioma,0.21436227224008575,Qatar,0.11741682974559686
Mouth cancer,0.0,Qatar,1.2524461839530332
Multiple myeloma,3.1082529474812435,Qatar,0.7592954990215264
Non-Hodgkin lymphoma,1.607717041800643,Qatar,3.0528375733855184
Ovarian cancer,4.608788853161844,Qatar,4.540117416829745
Pancreatic cancer,1.3933547695605573,Qatar,1.643835616438356
Penile cancer,0.0,Qatar,0.21135029354207435
Prostate cancer,3.0010718113612005,Qatar,8.610567514677104
Rectal cancer,0.857449088960343,Qatar,2.583170254403131
Salivary gland cancer,0.0,Qatar,0.19569471624266144
Skin cancer,4.287245444801715,Qatar,0.7906066536203522
Stomach cancer,0.4287245444801715,Qatar,2.73972602739726
Testicular cancer,0.3215434083601286,Qatar,0.3522504892367906
Throat cancer,0.0,Qatar,0.6105675146771036
Thyroid cancer,2.679528403001072,Qatar,2.035225048923679
Uterine cancer,0.3215434083601286,Qatar,3.209393346379647
Vaginal cancer,0.0,Qatar,0.0
Vulvar cancer,0.0,Qatar,0.0
Anal cancer,0.044722719141323794,Romania,0.17167608684168822
Bladder cancer,1.7665474060822899,Romania,3.11658126881834
Brain cancer,4.0026833631484795,Romania,1.7167608684168822
Breast cancer,13.886404293381037,Romania,18.276900322222808
Cervical cancer,4.382826475849732,Romania,5.7313401299455915
Colon cancer,3.8461538461538463,Romania,4.727695314563414
Colorectal cancer,11.762075134168157,Romania,8.504569225080557
Esophageal cancer,0.6037567084078712,Romania,0.5546458190269927
Gallbladder cancer,0.29069767441860467,Romania,0.12941735777296498
Hodgkin lymphoma,1.0509838998211092,Romania,0.42258729068723255
Kaposi sarcoma,0.22361359570661896,Romania,0.04225872906872326
Kidney cancer,2.347942754919499,Romania,1.9808779250964026
Laryngeal cancer,0.6708407871198568,Romania,1.3469969890655538
Leukemia,5.2549194991055455,Romania,1.611114045745074
Liver cancer,5.120751341681574,Romania,2.350641804447731
Lung cancer,6.999105545617174,Romania,8.002746817389466
Mesothelioma,0.4472271914132379,Romania,0.047541070202313664
Mouth cancer,0.0,Romania,1.479055517405314
Multiple myeloma,1.118067978533095,Romania,0.5018224076910887
Non-Hodgkin lymphoma,1.4311270125223614,Romania,1.479055517405314
Ovarian cancer,3.689624329159213,Romania,2.5355237441233953
Pancreatic cancer,3.443649373881932,Romania,2.0865247477682107
Penile cancer,0.08944543828264759,Romania,0.29052876234747244
Prostate cancer,3.9803220035778177,Romania,14.235909355026147
Rectal cancer,2.9293381037567086,Romania,3.5919919708414767
Salivary gland cancer,0.0,Romania,0.11357033437219376
Skin cancer,14.311270125223613,Romania,4.014579261528709
Stomach cancer,1.1627906976744187,Romania,2.350641804447731
Testicular cancer,0.15652951699463327,Romania,1.0036448153821773
Throat cancer,0.0,Romania,2.2714066874438754
Thyroid cancer,2.9964221824686943,Romania,1.6375257514130261
Uterine cancer,1.7665474060822899,Romania,3.11658126881834
Vaginal cancer,0.11180679785330948,Romania,0.08187628757065131
Vulvar cancer,0.11180679785330948,Romania,0.4754107020231366
Anal cancer,0.0,Kyrgyz Republic,0.16821946169772256
Bladder cancer,4.3478260869565215,Kyrgyz Republic,1.4233954451345758
Brain cancer,4.3478260869565215,Kyrgyz Republic,2.5232919254658386
Breast cancer,39.130434782608695,Kyrgyz Republic,16.36904761904762
Cervical cancer,8.695652173913043,Kyrgyz Republic,9.122670807453416
Colon cancer,0.0,Kyrgyz Republic,2.3938923395445135
Colorectal cancer,4.3478260869565215,Kyrgyz Republic,5.11128364389234
Esophageal cancer,0.0,Kyrgyz Republic,2.1350931677018634
Gallbladder cancer,0.0,Kyrgyz Republic,0.7116977225672879
Hodgkin lymphoma,0.0,Kyrgyz Republic,0.5175983436853002
Kaposi sarcoma,0.0,Kyrgyz Republic,0.10351966873706003
Kidney cancer,0.0,Kyrgyz Republic,1.6174948240165632
Laryngeal cancer,4.3478260869565215,Kyrgyz Republic,0.9057971014492754
Leukemia,8.695652173913043,Kyrgyz Republic,2.458592132505176
Liver cancer,4.3478260869565215,Kyrgyz Republic,5.046583850931677
Lung cancer,8.695652173913043,Kyrgyz Republic,9.122670807453416
Mesothelioma,0.0,Kyrgyz Republic,0.045289855072463775
Mouth cancer,0.0,Kyrgyz Republic,1.229296066252588
Multiple myeloma,0.0,Kyrgyz Republic,0.18762939958592129
Non-Hodgkin lymphoma,0.0,Kyrgyz Republic,1.0351966873706004
Ovarian cancer,4.3478260869565215,Kyrgyz Republic,4.7230848861283645
Pancreatic cancer,0.0,Kyrgyz Republic,3.040890269151139
Penile cancer,0.0,Kyrgyz Republic,0.06469979296066253
Prostate cancer,0.0,Kyrgyz Republic,4.787784679089027
Rectal cancer,0.0,Kyrgyz Republic,2.5232919254658386
Salivary gland cancer,0.0,Kyrgyz Republic,0.4658385093167702
Skin cancer,0.0,Kyrgyz Republic,3.403209109730849
Stomach cancer,4.3478260869565215,Kyrgyz Republic,10.675465838509316
Testicular cancer,0.0,Kyrgyz Republic,0.5305383022774327
Throat cancer,0.0,Kyrgyz Republic,1.1645962732919253
Thyroid cancer,0.0,Kyrgyz Republic,1.099896480331263
Uterine cancer,4.3478260869565215,Kyrgyz Republic,4.464285714285714
Vaginal cancer,0.0,Kyrgyz Republic,0.1811594202898551
Vulvar cancer,0.0,Kyrgyz Republic,0.6469979296066253
Anal cancer,0.0,Oman,0.4733809001097695
Bladder cancer,1.5267175572519085,Oman,3.5675082327113063
Brain cancer,2.544529262086514,Oman,1.8523600439077939
Breast cancer,31.552162849872772,Oman,23.326015367727774
Cervical cancer,3.816793893129771,Oman,4.390779363336993
Colon cancer,3.053435114503817,Oman,4.390779363336993
Colorectal cancer,9.923664122137405,Oman,7.6152579582875966
Esophageal cancer,0.0,Oman,0.8232711306256861
Gallbladder cancer,0.2544529262086514,Oman,0.7546652030735457
Hodgkin lymphoma,0.5089058524173028,Oman,1.6465422612513723
Kaposi sarcoma,0.5089058524173028,Oman,0.16465422612513722
Kidney cancer,3.053435114503817,Oman,1.6465422612513723
Laryngeal cancer,0.0,Oman,0.8232711306256861
Leukemia,12.977099236641221,Oman,3.636114160263447
Liver cancer,1.7811704834605597,Oman,3.155872667398463
Lung cancer,2.7989821882951653,Oman,3.5675082327113063
Mesothelioma,0.0,Oman,0.08232711306256861
Mouth cancer,0.0,Oman,1.234906695938529
Multiple myeloma,0.2544529262086514,Oman,1.3035126234906698
Non-Hodgkin lymphoma,1.5267175572519085,Oman,4.322173435784852
Ovarian cancer,7.124681933842239,Oman,2.401207464324918
Pancreatic cancer,1.0178117048346056,Oman,1.9209659714599343
Penile cancer,0.0,Oman,0.020581778265642153
Prostate cancer,4.580152671755725,Oman,10.359495060373217
Rectal cancer,0.2544529262086514,Oman,2.7442371020856204
Salivary gland cancer,0.0,Oman,0.17151481888035128
Skin cancer,3.053435114503817,Oman,1.4613062568605928
Stomach cancer,1.272264631043257,Oman,5.625686059275521
Testicular cancer,0.2544529262086514,Oman,0.4596597145993414
Throat cancer,0.0,Oman,0.7546652030735457
Thyroid cancer,4.071246819338422,Oman,2.6070252469813395
Uterine cancer,2.2900763358778624,Oman,2.401207464324918
Vaginal cancer,0.0,Oman,0.26070252469813393
Vulvar cancer,0.0,Oman,0.034302963776070255
Anal cancer,0.06662225183211193,Russia,0.16192458940550544
Bladder cancer,2.1818787475016657,Russia,1.9951422623178348
Brain cancer,9.310459693537641,Russia,1.5325005783021048
Breast cancer,18.604263824117254,Russia,16.684015729817254
Cervical cancer,2.598267821452365,Russia,5.089058524173028
Colon cancer,2.648234510326449,Russia,5.320379366180892
Colorectal cancer,6.412391738840773,Russia,8.501040943789034
Esophageal cancer,0.7994670219853431,Russia,1.0120286837844088
Gallbladder cancer,0.0832778147901399,Russia,0.19662271570668516
Hodgkin lymphoma,0.6662225183211192,Russia,0.5783021050196622
Kaposi sarcoma,0.049966688874083946,Russia,0.0520471894517696
Kidney cancer,3.7308461025982678,Russia,3.411982419616007
Laryngeal cancer,0.4497001998667555,Russia,0.8385380522785102
Leukemia,11.442371752165224,Russia,1.9951422623178348
Liver cancer,2.614923384410393,Russia,1.2433495257922738
Lung cancer,5.379746835443038,Russia,7.517927365255609
Mesothelioma,0.39973351099267157,Russia,0.19083969465648853
Mouth cancer,0.049966688874083946,Russia,1.1276891047883413
Multiple myeloma,1.6988674217188542,Russia,0.5493869997686791
Non-Hodgkin lymphoma,1.3157894736842106,Russia,1.5035854730511218
Ovarian cancer,3.8474350433044635,Russia,3.3252371038630577
Pancreatic cancer,1.4823451032644903,Russia,2.2553782095766826
Penile cancer,0.049966688874083946,Russia,0.21975479990747165
Prostate cancer,6.795469686875417,Russia,13.705759888965995
Rectal cancer,1.3324450366422385,Russia,3.0071709461022436
Salivary gland cancer,0.016655562958027982,Russia,0.167707610455702
Skin cancer,9.793471019320453,Russia,3.5854730511219057
Stomach cancer,1.765489673550966,Russia,3.961369419384686
Testicular cancer,0.1665556295802798,Russia,0.6072172102706453
Throat cancer,0.0,Russia,0.9744390469581309
Thyroid cancer,2.3817455029980015,Russia,2.3132084200786487
Uterine cancer,1.715522984676882,Russia,5.956511681702521
Vaginal cancer,0.049966688874083946,Russia,0.10120286837844089
Vulvar cancer,0.09993337774816789,Russia,0.31806615776081426
Anal cancer,0.0,Timor-Leste,0.0
Bladder cancer,0.0,Timor-Leste,1.364489169367218
Brain cancer,0.0,Timor-Leste,0.8528057308545113
Breast cancer,0.0,Timor-Leste,22.5140712945591
Cervical cancer,0.0,Timor-Leste,12.621524816646767
Colon cancer,0.0,Timor-Leste,4.434589800443459
Colorectal cancer,0.0,Timor-Leste,7.5046904315197
Esophageal cancer,0.0,Timor-Leste,0.3240661777247143
Gallbladder cancer,0.0,Timor-Leste,0.0
Hodgkin lymphoma,0.0,Timor-Leste,0.11086474501108647
Kaposi sarcoma,0.0,Timor-Leste,0.0
Kidney cancer,0.0,Timor-Leste,0.8528057308545113
Laryngeal cancer,0.0,Timor-Leste,0.5543237250554324
Leukemia,0.0,Timor-Leste,2.3878560463926317
Liver cancer,0.0,Timor-Leste,4.605150946614361
Lung cancer,0.0,Timor-Leste,8.698618454716014
Mesothelioma,0.0,Timor-Leste,0.0
Mouth cancer,0.0,Timor-Leste,0.9380863039399625
Multiple myeloma,0.0,Timor-Leste,0.6396042981408835
Non-Hodgkin lymphoma,0.0,Timor-Leste,3.1553812041616918
Ovarian cancer,0.0,Timor-Leste,5.628517823639775
Pancreatic cancer,0.0,Timor-Leste,1.5350503155381203
Penile cancer,0.0,Timor-Leste,0.0
Prostate cancer,0.0,Timor-Leste,6.651884700665188
Rectal cancer,0.0,Timor-Leste,3.0701006310762406
Salivary gland cancer,0.0,Timor-Leste,0.1961453180965376
Skin cancer,0.0,Timor-Leste,0.7931093296946955
Stomach cancer,0.0,Timor-Leste,2.728978338734436
Testicular cancer,0.0,Timor-Leste,0.41787480811871053
Throat cancer,0.0,Timor-Leste,4.264028654272557
Thyroid cancer,0.0,Timor-Leste,1.1939280231963159
Uterine cancer,0.0,Timor-Leste,1.9614531809653757
Vaginal cancer,0.0,Timor-Leste,0.0
Vulvar cancer,0.0,Timor-Leste,0.0
Anal cancer,2.5,Botswana,0.44699068244774626
Bladder cancer,0.0,Botswana,0.5162427600100731
Brain cancer,1.25,Botswana,0.36514731805590533
Breast cancer,13.75,Botswana,14.479979853941074
Cervical cancer,53.75,Botswana,24.61596575169983
Colon cancer,0.0,Botswana,1.3850415512465377
Colorectal cancer,0.0,Botswana,2.833039536640645
Esophageal cancer,0.0,Botswana,4.910601863510451
Gallbladder cancer,0.0,Botswana,0.0
Hodgkin lymphoma,1.25,Botswana,0.7554772097708387
Kaposi sarcoma,3.75,Botswana,5.854948375724001
Kidney cancer,1.25,Botswana,0.598086124401914
Laryngeal cancer,0.0,Botswana,1.3220851170989678
Leukemia,3.75,Botswana,0.9443465122135484
Liver cancer,1.25,Botswana,1.0073029463611183
Lung cancer,1.25,Botswana,2.266431629312516
Mesothelioma,0.0,Botswana,0.0
Mouth cancer,0.0,Botswana,2.518257365902796
Multiple myeloma,0.0,Botswana,0.6925207756232689
Non-Hodgkin lymphoma,0.0,Botswana,2.7071266683455053
Ovarian cancer,2.5,Botswana,1.762780156131957
Pancreatic cancer,0.0,Botswana,0.4721732561067742
Penile cancer,1.25,Botswana,2.4553009317552257
Prostate cancer,5.0,Botswana,15.046587761269205
Rectal cancer,0.0,Botswana,1.0073029463611183
Salivary gland cancer,0.0,Botswana,0.2329388063460086
Skin cancer,2.5,Botswana,4.092168219592043
Stomach cancer,0.0,Botswana,0.8184336439184086
Testicular cancer,0.0,Botswana,0.04406950390329893
Throat cancer,0.0,Botswana,0.9569377990430623
Thyroid cancer,0.0,Botswana,0.2958952404935785
Uterine cancer,2.5,Botswana,2.581213800050365
Vaginal cancer,0.0,Botswana,0.3777386048854193
Vulvar cancer,2.5,Botswana,1.6368672878368171
Anal cancer,0.0,Nicaragua,0.21766829475472502
Bladder cancer,0.0,Nicaragua,0.6370779358674878
Brain cancer,0.0,Nicaragua,1.3803355277128904
Breast cancer,26.666666666666668,Nicaragua,18.74070928010193
Cervical cancer,0.0,Nicaragua,10.936504565725208
Colon cancer,6.666666666666667,Nicaragua,3.822467615204927
Colorectal cancer,6.666666666666667,Nicaragua,5.202803142917818
Esophageal cancer,0.0,Nicaragua,0.3928647271182842
Gallbladder cancer,0.0,Nicaragua,0.7432575918454025
Hodgkin lymphoma,0.0,Nicaragua,0.6901677638564452
Kaposi sarcoma,0.0,Nicaragua,0.12210660437460183
Kidney cancer,6.666666666666667,Nicaragua,1.4334253557018477
Laryngeal cancer,0.0,Nicaragua,0.6901677638564452
Leukemia,20.0,Nicaragua,3.822467615204927
Liver cancer,0.0,Nicaragua,5.202803142917818
Lung cancer,0.0,Nicaragua,2.8668507114036954
Mesothelioma,0.0,Nicaragua,0.021235931195582928
Mouth cancer,0.0,Nicaragua,0.3132299851348482
Multiple myeloma,0.0,Nicaragua,0.3132299851348482
Non-Hodgkin lymphoma,0.0,Nicaragua,2.4421320874920363
Ovarian cancer,6.666666666666667,Nicaragua,1.8581439796135062
Pancreatic cancer,0.0,Nicaragua,2.017413463580378
Penile cancer,0.0,Nicaragua,0.7963474198343597
Prostate cancer,6.666666666666667,Nicaragua,19.53705669993629
Rectal cancer,6.666666666666667,Nicaragua,1.1679762157570612
Salivary gland cancer,0.0,Nicaragua,0.16988744956466342
Skin cancer,0.0,Nicaragua,1.943087704395838
Stomach cancer,6.666666666666667,Nicaragua,4.831174346995116
Testicular cancer,6.666666666666667,Nicaragua,1.1148863877681037
Throat cancer,0.0,Nicaragua,0.573370142280739
Thyroid cancer,0.0,Nicaragua,2.1235931195582927
Uterine cancer,0.0,Nicaragua,3.3977489912932684
Vaginal cancer,0.0,Nicaragua,0.21766829475472502
Vulvar cancer,0.0,Nicaragua,0.2601401571458909
Anal cancer,0.0856898029134533,Czechia,0.28131553373228996
Bladder cancer,1.3881748071979434,Czechia,2.9921743133343566
Brain cancer,4.387317909168809,Czechia,1.2531328320802007
Breast cancer,12.305055698371893,Czechia,18.541251086900928
Cervical cancer,3.581833761782348,Czechia,2.045931154416654
Colon cancer,2.2622107969151672,Czechia,4.526622679146847
Colorectal cancer,7.814910025706941,Czechia,7.800112526213494
Esophageal cancer,0.6341045415595544,Czechia,0.7927983223364534
Gallbladder cancer,0.06855184233076264,Czechia,0.3068896731624981
Hodgkin lymphoma,1.3367609254498716,Czechia,0.5626310674645799
Kaposi sarcoma,0.06855184233076264,Czechia,0.015344483658124904
Kidney cancer,4.438731790916881,Czechia,3.4013605442176873
Laryngeal cancer,0.27420736932305056,Czechia,0.5370569280343717
Leukemia,20.805484147386462,Czechia,1.892486317835405
Liver cancer,1.9194515852613538,Czechia,0.9973914377781188
Lung cancer,4.335904027420737,Czechia,6.061071044959338
Mesothelioma,0.47986289631533846,Czechia,0.06137793463249962
Mouth cancer,0.05141388174807198,Czechia,1.1252621349291598
Multiple myeloma,6.2382176520994,Czechia,0.6393534857552043
Non-Hodgkin lymphoma,2.3307626392459295,Czechia,2.0203570149864456
Ovarian cancer,3.5646958011996572,Czechia,2.045931154416654
Pancreatic cancer,2.9134532990574122,Czechia,2.3783949670093607
Penile cancer,0.06855184233076264,Czechia,0.3324638125927063
Prostate cancer,5.758354755784062,Czechia,17.901897601145723
Rectal cancer,1.1996572407883461,Czechia,2.9921743133343566
Salivary gland cancer,0.03427592116538132,Czechia,0.17134673418239477
Skin cancer,8.123393316195372,Czechia,7.186333179888497
Stomach cancer,0.20565552699228792,Czechia,1.2275586926499924
Testicular cancer,0.27420736932305056,Czechia,2.3016725487187357
Throat cancer,0.0,Czechia,1.0025062656641603
Thyroid cancer,1.113967437874893,Czechia,2.3016725487187357
Uterine cancer,1.713796058269066,Czechia,3.7082502173801855
Vaginal cancer,0.01713796058269066,Czechia,0.10996879954989515
Vulvar cancer,0.20565552699228792,Czechia,0.4859086491739553
Anal cancer,0.0,Reunion,0.23483365949119378
Bladder cancer,0.0,Reunion,1.7078811599359547
Brain cancer,2.857142857142857,Reunion,1.2097491549546346
Breast cancer,8.571428571428571,Reunion,19.889699341754138
Cervical cancer,25.714285714285715,Reunion,3.9138943248532296
Colon cancer,0.0,Reunion,4.518768902330547
Colorectal cancer,8.571428571428571,Reunion,7.365237502223804
Esophageal cancer,0.0,Reunion,1.3520725849492976
Gallbladder cancer,0.0,Reunion,0.49813200498132015
Hodgkin lymphoma,0.0,Reunion,0.4625511474826544
Kaposi sarcoma,0.0,Reunion,0.0
Kidney cancer,2.857142857142857,Reunion,1.3520725849492976
Laryngeal cancer,0.0,Reunion,0.9962640099626403
Leukemia,2.857142857142857,Reunion,2.4194983099092693
Liver cancer,0.0,Reunion,2.3483365949119377
Lung cancer,5.714285714285714,Reunion,7.756626934709128
Mesothelioma,0.0,Reunion,0.02490660024906601
Mouth cancer,0.0,Reunion,1.7790428749332863
Multiple myeloma,5.714285714285714,Reunion,0.9606831524639745
Non-Hodgkin lymphoma,0.0,Reunion,1.9925280199252806
Ovarian cancer,2.857142857142857,Reunion,1.9569471624266148
Pancreatic cancer,0.0,Reunion,2.1348514499199434
Penile cancer,0.0,Reunion,0.28820494573919236
Prostate cancer,5.714285714285714,Reunion,21.20619106920477
Rectal cancer,0.0,Reunion,2.6329834549012636
Salivary gland cancer,0.0,Reunion,0.0
Skin cancer,20.0,Reunion,1.1172389254581037
Stomach cancer,0.0,Reunion,3.4869240348692414
Testicular cancer,2.857142857142857,Reunion,0.8539405799679773
Throat cancer,0.0,Reunion,2.020992705924213
Thyroid cancer,5.714285714285714,Reunion,1.1741682974559688
Uterine cancer,0.0,Reunion,1.9925280199252806
Vaginal cancer,0.0,Reunion,0.0
Vulvar cancer,0.0,Reunion,0.35225048923679064
Anal cancer,0.0,"Micronesia, Fed. Sts.",0.0
Bladder cancer,0.0,"Micronesia, Fed. Sts.",0.8171603677221655
Brain cancer,0.0,"Micronesia, Fed. Sts.",0.0
Breast cancer,50.0,"Micronesia, Fed. Sts.",17.93667007150153
Cervical cancer,0.0,"Micronesia, Fed. Sts.",7.59959141981614
Colon cancer,0.0,"Micronesia, Fed. Sts.",4.208375893769152
Colorectal cancer,0.0,"Micronesia, Fed. Sts.",6.700715015321756
Esophageal cancer,0.0,"Micronesia, Fed. Sts.",0.6128702757916241
Gallbladder cancer,0.0,"Micronesia, Fed. Sts.",0.0
Hodgkin lymphoma,0.0,"Micronesia, Fed. Sts.",0.0
Kaposi sarcoma,0.0,"Micronesia, Fed. Sts.",0.0
Kidney cancer,0.0,"Micronesia, Fed. Sts.",0.8580183861082737
Laryngeal cancer,0.0,"Micronesia, Fed. Sts.",0.3432073544433095
Leukemia,0.0,"Micronesia, Fed. Sts.",0.9397344228804901
Liver cancer,0.0,"Micronesia, Fed. Sts.",6.169560776302349
Lung cancer,0.0,"Micronesia, Fed. Sts.",12.911133810010215
Mesothelioma,0.0,"Micronesia, Fed. Sts.",0.0
Mouth cancer,0.0,"Micronesia, Fed. Sts.",0.8580183861082737
Multiple myeloma,0.0,"Micronesia, Fed. Sts.",0.40858018386108275
Non-Hodgkin lymphoma,0.0,"Micronesia, Fed. Sts.",2.0429009193054135
Ovarian cancer,50.0,"Micronesia, Fed. Sts.",2.982635342185904
Pancreatic cancer,0.0,"Micronesia, Fed. Sts.",1.7568947906026557
Penile cancer,0.0,"Micronesia, Fed. Sts.",0.0
Prostate cancer,0.0,"Micronesia, Fed. Sts.",17.691521961184883
Rectal cancer,0.0,"Micronesia, Fed. Sts.",2.4923391215526047
Salivary gland cancer,0.0,"Micronesia, Fed. Sts.",0.0
Skin cancer,0.0,"Micronesia, Fed. Sts.",0.0
Stomach cancer,0.0,"Micronesia, Fed. Sts.",2.6557711950970377
Testicular cancer,0.0,"Micronesia, Fed. Sts.",0.0
Throat cancer,0.0,"Micronesia, Fed. Sts.",1.4749744637385087
Thyroid cancer,0.0,"Micronesia, Fed. Sts.",2.6557711950970377
Uterine cancer,0.0,"Micronesia, Fed. Sts.",5.883554647599591
Vaginal cancer,0.0,"Micronesia, Fed. Sts.",0.0
Vulvar cancer,0.0,"Micronesia, Fed. Sts.",0.0
Anal cancer,0.19246705338287579,Spain,0.15390534821085033
Bladder cancer,2.87631318666631,Spain,4.950622034115686
Brain cancer,4.659306583977118,Spain,1.385148133897653
Breast cancer,16.9504664652891,Spain,20.777222008464797
Cervical cancer,1.710818252292229,Spain,1.385148133897653
Colon cancer,3.18372584137507,Spain,5.4892907528536625
Colorectal cancer,9.703547274719988,Spain,8.670001282544568
Esophageal cancer,0.35552941805447885,Spain,0.5386687187379762
Gallbladder cancer,0.08286775909540485,Spain,0.12568936770552777
Hodgkin lymphoma,1.1467828597396348,Spain,0.5899705014749262
Kaposi sarcoma,0.22454489561335508,Spain,0.09747338720020522
Kidney cancer,2.475340158785319,Spain,2.2572784404258055
Laryngeal cancer,0.41701194899623084,Spain,0.7951776324227268
Leukemia,11.270015236975059,Spain,1.6929588303193537
Liver cancer,4.124675880135796,Spain,1.5390534821085033
Lung cancer,7.752145205699163,Spain,7.130947800436066
Mesothelioma,0.6388836910903793,Spain,0.13851481338976532
Mouth cancer,0.008019460557619824,Spain,0.923432089265102
Multiple myeloma,3.448368039776524,Spain,0.6925740669488265
Non-Hodgkin lymphoma,2.392472399689914,Spain,2.4624855713736054
Ovarian cancer,2.665134058648988,Spain,1.9494677440041044
Pancreatic cancer,2.256141570210377,Spain,1.9238168526356292
Penile cancer,0.14167713651795022,Spain,0.21803257663203798
Prostate cancer,6.629420727632388,Spain,17.057842760035914
Rectal cancer,1.622604186158411,Spain,3.0268051814800567
Salivary gland cancer,0.005346307038413216,Spain,0.12568936770552777
Skin cancer,9.200994413109145,Spain,4.1041426189560095
Stomach cancer,0.6870004544360983,Spain,1.5390534821085033
Testicular cancer,0.2325643561709749,Spain,1.795562395793254
Throat cancer,0.008019460557619824,Spain,0.6258817493907913
Thyroid cancer,1.3900398299874361,Spain,2.12902398358343
Uterine cancer,1.3392499131225106,Spain,3.308964986533282
Vaginal cancer,0.0347509957496859,Spain,0.06669231755803515
Vulvar cancer,0.17375497874842952,Spain,0.33346158779017576
Anal cancer,0.0,Eritrea,0.08985398727068512
Bladder cancer,2.150537634408602,Eritrea,1.7222014226881315
Brain cancer,0.0,Eritrea,0.8985398727068513
Breast cancer,13.978494623655914,Eritrea,28.30400599026581
Cervical cancer,4.301075268817204,Eritrea,12.280044926993632
Colon cancer,3.225806451612903,Eritrea,2.695619618120554
Colorectal cancer,9.67741935483871,Eritrea,5.166604268064395
Esophageal cancer,4.301075268817204,Eritrea,2.096593036315986
Gallbladder cancer,0.0,Eritrea,0.5990265818045676
Hodgkin lymphoma,0.0,Eritrea,0.4867090977162111
Kaposi sarcoma,0.0,Eritrea,0.05241482590789966
Kidney cancer,4.301075268817204,Eritrea,1.5724447772369898
Laryngeal cancer,5.376344086021505,Eritrea,0.6214900786222388
Leukemia,12.903225806451612,Eritrea,3.3695245226506922
Liver cancer,2.150537634408602,Eritrea,3.2197678771995504
Lung cancer,3.225806451612903,Eritrea,2.3961063272182703
Mesothelioma,1.075268817204301,Eritrea,0.0
Mouth cancer,0.0,Eritrea,1.272931486334706
Multiple myeloma,3.225806451612903,Eritrea,0.6813927368026955
Non-Hodgkin lymphoma,1.075268817204301,Eritrea,3.6690378135529764
Ovarian cancer,15.053763440860216,Eritrea,5.391239236241108
Pancreatic cancer,0.0,Eritrea,0.8985398727068513
Penile cancer,0.0,Eritrea,0.08236615499812804
Prostate cancer,8.602150537634408,Eritrea,8.161737177087232
Rectal cancer,1.075268817204301,Eritrea,2.3961063272182703
Salivary gland cancer,0.0,Eritrea,0.33695245226506926
Skin cancer,1.075268817204301,Eritrea,2.141520029951329
Stomach cancer,0.0,Eritrea,2.246349681767128
Testicular cancer,0.0,Eritrea,0.479221265443654
Throat cancer,0.0,Eritrea,0.9284912017970797
Thyroid cancer,0.0,Eritrea,2.470984649943841
Uterine cancer,3.225806451612903,Eritrea,1.9468363908648445
Vaginal cancer,0.0,Eritrea,0.35192811681018343
Vulvar cancer,0.0,Eritrea,0.9734181954324223
Anal cancer,0.0,Vanuatu,0.25622775800711745
Bladder cancer,0.0,Vanuatu,1.4234875444839858
Brain cancer,0.0,Vanuatu,0.0
Breast cancer,25.0,Vanuatu,21.06761565836299
Cervical cancer,25.0,Vanuatu,12.95373665480427
Colon cancer,0.0,Vanuatu,1.9217081850533808
Colorectal cancer,0.0,Vanuatu,4.839857651245552
Esophageal cancer,0.0,Vanuatu,0.298932384341637
Gallbladder cancer,0.0,Vanuatu,0.0
Hodgkin lymphoma,0.0,Vanuatu,0.0
Kaposi sarcoma,0.0,Vanuatu,0.0
Kidney cancer,0.0,Vanuatu,0.0
Laryngeal cancer,0.0,Vanuatu,1.1387900355871887
Leukemia,0.0,Vanuatu,1.5658362989323846
Liver cancer,25.0,Vanuatu,8.612099644128113
Lung cancer,25.0,Vanuatu,5.480427046263345
Mesothelioma,0.0,Vanuatu,0.0
Mouth cancer,0.0,Vanuatu,1.4946619217081851
Multiple myeloma,0.0,Vanuatu,0.298932384341637
Non-Hodgkin lymphoma,0.0,Vanuatu,2.5622775800711746
Ovarian cancer,0.0,Vanuatu,1.5658362989323846
Pancreatic cancer,0.0,Vanuatu,0.39145907473309616
Penile cancer,0.0,Vanuatu,0.6334519572953736
Prostate cancer,0.0,Vanuatu,13.807829181494661
Rectal cancer,0.0,Vanuatu,2.6334519572953736
Salivary gland cancer,0.0,Vanuatu,0.25622775800711745
Skin cancer,0.0,Vanuatu,0.0
Stomach cancer,0.0,Vanuatu,2.491103202846975
Testicular cancer,0.0,Vanuatu,1.0676156583629892
Throat cancer,0.0,Vanuatu,0.0
Thyroid cancer,0.0,Vanuatu,6.405693950177936
Uterine cancer,0.0,Vanuatu,6.832740213523132
Vaginal cancer,0.0,Vanuatu,0.0
Vulvar cancer,0.0,Vanuatu,0.0
Anal cancer,0.18083182640144665,Iceland,0.13810320558786818
Bladder cancer,1.8083182640144666,Iceland,3.213555360794625
Brain cancer,2.5316455696202533,Iceland,2.1777813188856134
Breast cancer,34.90054249547921,Iceland,18.882957533264282
Cervical cancer,3.2549728752260396,Iceland,2.496481024088386
Colon cancer,2.5316455696202533,Iceland,5.816269619950602
Colorectal cancer,4.159132007233273,Iceland,8.233075717738295
Esophageal cancer,0.0,Iceland,0.9295408068414204
Gallbladder cancer,0.3616636528028933,Iceland,0.08498658805407272
Hodgkin lymphoma,0.18083182640144665,Iceland,0.6905160279393409
Kaposi sarcoma,0.0,Iceland,0.0
Kidney cancer,5.063291139240507,Iceland,2.735505802990466
Laryngeal cancer,0.0,Iceland,0.292141396435875
Leukemia,4.520795660036167,Iceland,1.8590816136828408
Liver cancer,1.4466546112115732,Iceland,1.0092157331421137
Lung cancer,2.7124773960216997,Iceland,7.144185058295489
Mesothelioma,0.7233273056057866,Iceland,0.10357740419090113
Mouth cancer,0.0,Iceland,0.7436326454731363
Multiple myeloma,7.956600361663653,Iceland,0.9560991156083182
Non-Hodgkin lymphoma,0.18083182640144665,Iceland,2.7089474942235676
Ovarian cancer,3.0741410488245933,Iceland,1.832523304915943
Pancreatic cancer,2.1699819168173597,Iceland,1.9121982312166363
Penile cancer,0.0,Iceland,0.22043396276525112
Prostate cancer,7.414104882459313,Iceland,17.422250551084907
Rectal cancer,0.5424954792043399,Iceland,2.2574562451863067
Salivary gland cancer,0.0,Iceland,0.034525801396967044
Skin cancer,10.126582278481013,Iceland,6.081852707619579
Stomach cancer,1.8083182640144666,Iceland,0.876424189307625
Testicular cancer,0.3616636528028933,Iceland,1.832523304915943
Throat cancer,0.0,Iceland,0.15138235997131702
Thyroid cancer,1.2658227848101267,Iceland,1.832523304915943
Uterine cancer,0.7233273056057866,Iceland,4.753937269274692
Vaginal cancer,0.0,Iceland,0.07170743367062386
Vulvar cancer,0.0,Iceland,0.5046078665710568
Anal cancer,0.0,North Korea,0.04400547623704284
Bladder cancer,0.0,North Korea,2.0046939174652842
Brain cancer,7.142857142857143,North Korea,1.6135341286915708
Breast cancer,21.428571428571427,North Korea,15.793076471738704
Cervical cancer,7.142857142857143,North Korea,5.7696068844122825
Colon cancer,0.0,North Korea,4.302757676510856
Colorectal cancer,0.0,North Korea,9.29004498337571
Esophageal cancer,0.0,North Korea,2.053588891061999
Gallbladder cancer,0.0,North Korea,1.2223743399178566
Hodgkin lymphoma,0.0,North Korea,0.21513788382554275
Kaposi sarcoma,0.0,North Korea,0.009778994719342852
Kidney cancer,14.285714285714286,North Korea,1.5646391550948564
Laryngeal cancer,0.0,North Korea,0.733424603950714
Leukemia,7.142857142857143,North Korea,2.2980637590455704
Liver cancer,7.142857142857143,North Korea,8.018775669861137
Lung cancer,14.285714285714286,North Korea,18.775669861138276
Mesothelioma,0.0,North Korea,0.08801095247408568
Mouth cancer,0.0,North Korea,0.4351652650107569
Multiple myeloma,0.0,North Korea,0.2738118521415999
Non-Hodgkin lymphoma,0.0,North Korea,0.9778994719342853
Ovarian cancer,0.0,North Korea,2.8848034422061413
Pancreatic cancer,0.0,North Korea,2.2980637590455704
Penile cancer,0.0,North Korea,0.1858008996675142
Prostate cancer,0.0,North Korea,1.8091140230784277
Rectal cancer,7.142857142857143,North Korea,4.9383923332681405
Salivary gland cancer,0.0,North Korea,0.16135341286915705
Skin cancer,14.285714285714286,North Korea,0.5427342069235284
Stomach cancer,0.0,North Korea,6.796401329943283
Testicular cancer,0.0,North Korea,0.19069039702718563
Throat cancer,0.0,North Korea,0.6991981224330139
Thyroid cancer,0.0,North Korea,1.6135341286915708
Uterine cancer,0.0,North Korea,2.2002738118521417
Vaginal cancer,0.0,North Korea,0.06845296303539998
Vulvar cancer,0.0,North Korea,0.12712693135145708
Anal cancer,0.0,Mali,0.3224612782153618
Bladder cancer,2.1739130434782608,Mali,4.123275360786594
Brain cancer,0.0,Mali,0.687212560131099
Breast cancer,34.78260869565217,Mali,19.92916424380187
Cervical cancer,21.73913043478261,Mali,22.783739493577205
Colon cancer,0.0,Mali,2.2730876988951736
Colorectal cancer,2.1739130434782608,Mali,4.704762911666754
Esophageal cancer,0.0,Mali,1.4801501295131363
Gallbladder cancer,0.0,Mali,0.09515250832584447
Hodgkin lymphoma,2.1739130434782608,Mali,0.3488925305280964
Kaposi sarcoma,0.0,Mali,0.4493312893164878
Kidney cancer,4.3478260869565215,Mali,0.9515250832584448
Laryngeal cancer,0.0,Mali,0.43347253792884705
Leukemia,10.869565217391305,Mali,0.5814875508801607
Liver cancer,4.3478260869565215,Mali,4.546175397790347
Lung cancer,4.3478260869565215,Mali,1.691600148015013
Mesothelioma,0.0,Mali,0.04757625416292224
Mouth cancer,0.0,Mali,1.2687001110112597
Multiple myeloma,0.0,Mali,0.12158376063857905
Non-Hodgkin lymphoma,0.0,Mali,1.374425120262198
Ovarian cancer,0.0,Mali,2.8545752497753343
Pancreatic cancer,2.1739130434782608,Mali,1.5330126341386054
Penile cancer,0.0,Mali,0.05814875508801606
Prostate cancer,2.1739130434782608,Mali,11.101125971348521
Rectal cancer,0.0,Mali,2.167362689644235
Salivary gland cancer,0.0,Mali,0.40175503515356553
Skin cancer,4.3478260869565215,Mali,1.9717714225299994
Stomach cancer,2.1739130434782608,Mali,7.5593381614420885
Testicular cancer,0.0,Mali,0.33832002960300256
Throat cancer,0.0,Mali,0.3541787809906433
Thyroid cancer,0.0,Mali,1.1101125971348522
Uterine cancer,2.1739130434782608,Mali,1.5858751387640746
Vaginal cancer,0.0,Mali,0.311888777290268
Vulvar cancer,0.0,Mali,0.43875878839139393
Anal cancer,0.0,Fiji,0.20349395277404494
Bladder cancer,0.0,Fiji,0.959877135726627
Brain cancer,0.0,Fiji,0.08446918794394317
Breast cancer,33.333333333333336,Fiji,23.152236513726244
Cervical cancer,16.666666666666668,Fiji,13.438279900172779
Colon cancer,0.0,Fiji,2.2269149548857747
Colorectal cancer,0.0,Fiji,4.415434824342484
Esophageal cancer,0.0,Fiji,0.7679017085813016
Gallbladder cancer,0.0,Fiji,0.3685928201190248
Hodgkin lymphoma,0.0,Fiji,0.6143213668650414
Kaposi sarcoma,0.0,Fiji,0.0
Kidney cancer,0.0,Fiji,0.21885198694567093
Laryngeal cancer,0.0,Fiji,0.6527164522941064
Leukemia,0.0,Fiji,2.6876559800345556
Liver cancer,16.666666666666668,Fiji,3.7243232866193123
Lung cancer,16.666666666666668,Fiji,2.6108658091764254
Mesothelioma,0.0,Fiji,0.0
Mouth cancer,0.0,Fiji,1.1902476483010176
Multiple myeloma,0.0,Fiji,0.42234593971971596
Non-Hodgkin lymphoma,0.0,Fiji,2.034939527740449
Ovarian cancer,0.0,Fiji,4.261854482626224
Pancreatic cancer,0.0,Fiji,1.0750623920138223
Penile cancer,0.0,Fiji,0.49913611057784607
Prostate cancer,16.666666666666668,Fiji,19.27433288539067
Rectal cancer,0.0,Fiji,1.958149356882319
Salivary gland cancer,0.0,Fiji,0.34171626031867924
Skin cancer,0.0,Fiji,0.7064695718947975
Stomach cancer,0.0,Fiji,1.574198502591668
Testicular cancer,0.0,Fiji,1.420618160875408
Throat cancer,0.0,Fiji,0.22269149548857745
Thyroid cancer,0.0,Fiji,3.3403724323286617
Uterine cancer,0.0,Fiji,5.375311960069111
Vaginal cancer,0.0,Fiji,0.17661739297369938
Vulvar cancer,0.0,Fiji,0.0
Anal cancer,0.02246686137946529,Malaysia,0.1319328157507485
Bladder cancer,0.853740732419681,Malaysia,1.3193281575074849
Brain cancer,2.673556504156369,Malaysia,1.2685847668341201
Breast cancer,32.6218827229836,Malaysia,23.392703100421173
Cervical cancer,6.24578746349135,Malaysia,5.226569239356575
Colon cancer,5.032576949000225,Malaysia,5.5817729740701285
Colorectal cancer,12.087171422152325,Malaysia,9.996447962652866
Esophageal cancer,0.26960233655358345,Malaysia,0.6089206880803777
Gallbladder cancer,0.02246686137946529,Malaysia,0.40087278631958195
Hodgkin lymphoma,0.9660750393170074,Malaysia,0.3602780737808901
Kaposi sarcoma,0.02246686137946529,Malaysia,0.035520373471355365
Kidney cancer,1.3480116827679174,Malaysia,1.5730451108743089
Laryngeal cancer,0.11233430689732644,Malaysia,0.8626376414472017
Leukemia,9.34621433385756,Malaysia,3.0446034404018882
Liver cancer,5.05504381037969,Malaysia,3.298320393768712
Lung cancer,6.96472702763424,Malaysia,7.662251991678085
Mesothelioma,0.06740058413839586,Malaysia,0.035520373471355365
Mouth cancer,0.02246686137946529,Malaysia,1.1670979854873904
Multiple myeloma,1.1008762075937992,Malaysia,0.5074339067336481
Non-Hodgkin lymphoma,1.5951471579420355,Malaysia,3.0446034404018882
Ovarian cancer,2.2017524151875985,Malaysia,5.226569239356575
Pancreatic cancer,1.0334756234554032,Malaysia,1.4208149388542144
Penile cancer,0.04493372275893058,Malaysia,0.19282488455878624
Prostate cancer,3.841833295888564,Malaysia,6.54589739686406
Rectal cancer,0.4493372275893058,Malaysia,4.262444816562644
Salivary gland cancer,0.0,Malaysia,0.31968336124219826
Skin cancer,2.8982251179510223,Malaysia,0.9539757446592583
Stomach cancer,0.4268703662098405,Malaysia,2.080479017607957
Testicular cancer,0.15726802965625702,Malaysia,0.36535241284822656
Throat cancer,0.0,Malaysia,3.404881514182779
Thyroid cancer,1.3480116827679174,Malaysia,1.1670979854873904
Uterine cancer,1.1458099303527298,Malaysia,4.262444816562644
Vaginal cancer,0.02246686137946529,Malaysia,0.1319328157507485
Vulvar cancer,0.0,Malaysia,0.14715583295275791
Anal cancer,0.9259259259259259,Benin,0.4279694495654465
Bladder cancer,0.0,Benin,0.5991572293916251
Brain cancer,0.9259259259259259,Benin,0.5925730840136951
Breast cancer,31.48148148148148,Benin,21.92520410850672
Cervical cancer,12.037037037037036,Benin,11.917303134053205
Colon cancer,1.8518518518518519,Benin,2.6994996049512774
Colorectal cancer,0.9259259259259259,Benin,4.543060310771663
Esophageal cancer,1.8518518518518519,Benin,2.172767974716882
Gallbladder cancer,0.0,Benin,0.30945483276270747
Hodgkin lymphoma,1.8518518518518519,Benin,0.2567816697392679
Kaposi sarcoma,2.7777777777777777,Benin,0.1711877798261786
Kidney cancer,0.9259259259259259,Benin,0.7900974453515935
Laryngeal cancer,0.0,Benin,0.2897023966289176
Leukemia,5.555555555555555,Benin,1.975243613378984
Liver cancer,5.555555555555555,Benin,5.398999209902555
Lung cancer,6.481481481481482,Benin,0.987621806689492
Mesothelioma,0.0,Benin,0.0
Mouth cancer,0.0,Benin,0.7242559915722941
Multiple myeloma,7.407407407407407,Benin,0.5859889386357652
Non-Hodgkin lymphoma,0.9259259259259259,Benin,1.3826705293652888
Ovarian cancer,2.7777777777777777,Benin,1.843560705820385
Pancreatic cancer,0.9259259259259259,Benin,2.106926520937583
Penile cancer,0.0,Benin,0.2567816697392679
Prostate cancer,9.25925925925926,Benin,25.019752436133796
Rectal cancer,0.0,Benin,1.4485119831445883
Salivary gland cancer,0.0,Benin,0.6584145377929946
Skin cancer,2.7777777777777777,Benin,1.3497498024756391
Stomach cancer,0.9259259259259259,Benin,3.884645772978668
Testicular cancer,0.0,Benin,0.2172767974716882
Throat cancer,0.0,Benin,0.9942059520674219
Thyroid cancer,0.0,Benin,0.4082170134316567
Uterine cancer,1.8518518518518519,Benin,3.226231235185674
Vaginal cancer,0.0,Benin,0.2567816697392679
Vulvar cancer,0.0,Benin,0.5794047932578352
Anal cancer,0.0,Belarus,0.19759201201359433
Bladder cancer,6.5,Belarus,2.0813025265431935
Brain cancer,2.5,Belarus,1.3436256816924412
Breast cancer,14.0,Belarus,14.91161050662592
Cervical cancer,3.5,Belarus,2.45014094896857
Colon cancer,1.5,Belarus,4.979318702742576
Colorectal cancer,2.5,Belarus,8.615011723792714
Esophageal cancer,0.0,Belarus,0.9220960560634403
Gallbladder cancer,0.0,Belarus,0.19759201201359433
Hodgkin lymphoma,2.0,Belarus,0.6586400400453144
Kaposi sarcoma,0.0,Belarus,0.039518402402718866
Kidney cancer,1.0,Belarus,3.7147298258555734
Laryngeal cancer,0.0,Belarus,1.132860868877941
Leukemia,22.5,Belarus,2.160339331348631
Liver cancer,1.0,Belarus,0.8957504544616276
Lung cancer,3.0,Belarus,6.84985641647127
Mesothelioma,0.0,Belarus,0.06586400400453145
Mouth cancer,0.0,Belarus,1.4753536897015043
Multiple myeloma,1.0,Belarus,0.5532576336380641
Non-Hodgkin lymphoma,4.0,Belarus,1.686118502516005
Ovarian cancer,1.5,Belarus,2.423795347366757
Pancreatic cancer,1.0,Belarus,1.8968833153305056
Penile cancer,0.0,Belarus,0.22657217377558816
Prostate cancer,3.5,Belarus,17.967700292436177
Rectal cancer,0.5,Belarus,3.451273809837448
Salivary gland cancer,0.0,Belarus,0.2054956924941381
Skin cancer,5.0,Belarus,3.4776194114392602
Stomach cancer,1.0,Belarus,4.030877045077324
Testicular cancer,1.0,Belarus,0.7113312432489396
Throat cancer,0.0,Belarus,1.4990647311431358
Thyroid cancer,21.0,Belarus,2.371104144163132
Uterine cancer,0.0,Belarus,6.401981189240456
Vaginal cancer,0.5,Belarus,0.06322944384435018
Vulvar cancer,0.0,Belarus,0.3424928208235635
Anal cancer,0.11799410029498525,Nigeria,0.7369614512471655
Bladder cancer,1.238938053097345,Nigeria,0.8503401360544217
Brain cancer,2.4188790560471976,Nigeria,0.6235827664399094
Breast cancer,24.129793510324482,Nigeria,29.19501133786848
Cervical cancer,20.707964601769913,Nigeria,14.852607709750567
Colon cancer,1.12094395280236,Nigeria,1.9274376417233559
Colorectal cancer,4.424778761061947,Nigeria,4.2517006802721085
Esophageal cancer,0.11799410029498525,Nigeria,0.3344671201814059
Gallbladder cancer,0.17699115044247787,Nigeria,0.15306122448979592
Hodgkin lymphoma,1.12094395280236,Nigeria,0.9637188208616779
Kaposi sarcoma,1.1799410029498525,Nigeria,0.5668934240362812
Kidney cancer,2.0648967551622417,Nigeria,0.5272108843537415
Laryngeal cancer,0.471976401179941,Nigeria,0.4478458049886621
Leukemia,4.71976401179941,Nigeria,1.1904761904761905
Liver cancer,5.486725663716814,Nigeria,2.380952380952381
Lung cancer,5.722713864306785,Nigeria,0.9637188208616779
Mesothelioma,0.058997050147492625,Nigeria,0.022675736961451247
Mouth cancer,0.0,Nigeria,0.7936507936507936
Multiple myeloma,1.2979351032448379,Nigeria,0.5555555555555556
Non-Hodgkin lymphoma,1.0029498525073746,Nigeria,2.2675736961451247
Ovarian cancer,3.0088495575221237,Nigeria,2.380952380952381
Pancreatic cancer,0.471976401179941,Nigeria,0.7369614512471655
Penile cancer,0.0,Nigeria,0.011337868480725623
Prostate cancer,10.973451327433628,Nigeria,23.356009070294785
Rectal cancer,0.5899705014749262,Nigeria,1.5873015873015872
Salivary gland cancer,0.0,Nigeria,0.47052154195011336
Skin cancer,3.8348082595870205,Nigeria,1.7120181405895691
Stomach cancer,0.5899705014749262,Nigeria,1.0204081632653061
Testicular cancer,0.6489675516224189,Nigeria,0.7936507936507936
Throat cancer,0.0,Nigeria,0.8219954648526077
Thyroid cancer,1.0619469026548674,Nigeria,0.5668934240362812
Uterine cancer,0.7079646017699115,Nigeria,1.7006802721088434
Vaginal cancer,0.2949852507374631,Nigeria,0.15873015873015875
Vulvar cancer,0.2359882005899705,Nigeria,1.0770975056689343
Anal cancer,0.0,Suriname,0.10713192531374352
Bladder cancer,0.0,Suriname,0.7652280379553108
Brain cancer,0.0,Suriname,1.0713192531374351
Breast cancer,12.5,Suriname,17.753290480563212
Cervical cancer,12.5,Suriname,9.259259259259261
Colon cancer,25.0,Suriname,5.815733088460362
Colorectal cancer,4.166666666666667,Suriname,7.154882154882156
Esophageal cancer,0.0,Suriname,0.16452402816039183
Gallbladder cancer,0.0,Suriname,0.2984389348025712
Hodgkin lymphoma,0.0,Suriname,0.13008876645240283
Kaposi sarcoma,0.0,Suriname,0.10330578512396696
Kidney cancer,0.0,Suriname,0.497398224670952
Laryngeal cancer,0.0,Suriname,0.31756963575145397
Leukemia,4.166666666666667,Suriname,2.83134374043465
Liver cancer,12.5,Suriname,2.6400367309458224
Lung cancer,16.666666666666668,Suriname,6.351392715029081
Mesothelioma,0.0,Suriname,0.0
Mouth cancer,0.0,Suriname,0.6504438322620142
Multiple myeloma,0.0,Suriname,0.45913682277318646
Non-Hodgkin lymphoma,0.0,Suriname,2.1426385062748703
Ovarian cancer,0.0,Suriname,2.1043771043771047
Pancreatic cancer,0.0,Suriname,1.4539332721150906
Penile cancer,0.0,Suriname,0.5356596265687176
Prostate cancer,8.333333333333334,Suriname,28.772574227119687
Rectal cancer,0.0,Suriname,1.2626262626262628
Salivary gland cancer,0.0,Suriname,0.0
Skin cancer,0.0,Suriname,1.1707988980716255
Stomach cancer,0.0,Suriname,1.7600244872972146
Testicular cancer,0.0,Suriname,0.5739210284664831
Throat cancer,0.0,Suriname,0.4438322620140802
Thyroid cancer,4.166666666666667,Suriname,1.3008876645240284
Uterine cancer,0.0,Suriname,1.568717477808387
Vaginal cancer,0.0,Suriname,0.08034894398530763
Vulvar cancer,0.0,Suriname,0.45913682277318646
Anal cancer,0.0,Cote d'Ivoire,0.25991859153548136
Bladder cancer,0.0,Cote d'Ivoire,0.43156294443627097
Brain cancer,2.2988505747126435,Cote d'Ivoire,0.5884949242312786
Breast cancer,13.793103448275861,Cote d'Ivoire,22.26472463341671
Cervical cancer,16.091954022988507,Cote d'Ivoire,15.693197979500763
Colon cancer,2.2988505747126435,Cote d'Ivoire,2.3049384532391746
Colorectal cancer,1.1494252873563218,Cote d'Ivoire,3.5309695453876717
Esophageal cancer,0.0,Cote d'Ivoire,0.3236722083272032
Gallbladder cancer,0.0,Cote d'Ivoire,0.2991515864842333
Hodgkin lymphoma,4.597701149425287,Cote d'Ivoire,0.27463096464126335
Kaposi sarcoma,2.2988505747126435,Cote d'Ivoire,0.5394536805453388
Kidney cancer,4.597701149425287,Cote d'Ivoire,0.6375361679172185
Laryngeal cancer,0.0,Cote d'Ivoire,0.49041243685939884
Leukemia,12.64367816091954,Cote d'Ivoire,0.8337011426609781
Liver cancer,6.896551724137931,Cote d'Ivoire,3.9232994948751907
Lung cancer,6.896551724137931,Cote d'Ivoire,1.2260310921484971
Mesothelioma,0.0,Cote d'Ivoire,0.07356186552890982
Mouth cancer,0.0,Cote d'Ivoire,0.6375361679172185
Multiple myeloma,1.1494252873563218,Cote d'Ivoire,0.5884949242312786
Non-Hodgkin lymphoma,5.747126436781609,Cote d'Ivoire,2.3539796969251143
Ovarian cancer,1.1494252873563218,Cote d'Ivoire,2.108773478495415
Pancreatic cancer,1.1494252873563218,Cote d'Ivoire,1.1279486047766172
Penile cancer,2.2988505747126435,Cote d'Ivoire,0.024520621842969943
Prostate cancer,2.2988505747126435,Cote d'Ivoire,31.288313471629646
Rectal cancer,0.0,Cote d'Ivoire,0.9317836300328578
Salivary gland cancer,0.0,Cote d'Ivoire,0.3187680839586092
Skin cancer,9.195402298850574,Cote d'Ivoire,0.9317836300328578
Stomach cancer,2.2988505747126435,Cote d'Ivoire,2.3539796969251143
Testicular cancer,0.0,Cote d'Ivoire,0.049041243685939886
Throat cancer,0.0,Cote d'Ivoire,0.41194644696189503
Thyroid cancer,1.1494252873563218,Cote d'Ivoire,0.3825217007503311
Uterine cancer,0.0,Cote d'Ivoire,2.2068559658672946
Vaginal cancer,0.0,Cote d'Ivoire,0.3874258251189251
Vulvar cancer,0.0,Cote d'Ivoire,0.20106909911235352
Anal cancer,0.1375515818431912,Ghana,0.5424321959755031
Bladder cancer,0.687757909215956,Ghana,1.5164771070282883
Brain cancer,2.200825309491059,Ghana,1.0498687664041995
Breast cancer,25.722145804676753,Ghana,23.44706911636046
Cervical cancer,16.781292984869324,Ghana,15.748031496062993
Colon cancer,4.951856946354883,Ghana,0.9332166812481774
Colorectal cancer,9.07840440165062,Ghana,2.741324001166521
Esophageal cancer,1.1004126547455295,Ghana,1.5164771070282883
Gallbladder cancer,0.2751031636863824,Ghana,0.08748906386701663
Hodgkin lymphoma,0.687757909215956,Ghana,0.3557888597258676
Kaposi sarcoma,0.1375515818431912,Ghana,0.2799650043744532
Kidney cancer,0.8253094910591472,Ghana,0.7582385535141442
Laryngeal cancer,0.1375515818431912,Ghana,0.641586468358122
Leukemia,2.33837689133425,Ghana,0.9915427238261885
Liver cancer,3.576341127922971,Ghana,9.390492855059787
Lung cancer,4.401650618982118,Ghana,1.458151064450277
Mesothelioma,0.5502063273727648,Ghana,0.017497812773403325
Mouth cancer,0.0,Ghana,0.5832604257801108
Multiple myeloma,0.4126547455295736,Ghana,0.38495188101487315
Non-Hodgkin lymphoma,0.4126547455295736,Ghana,2.916302128900554
Ovarian cancer,1.6506189821182944,Ghana,5.89093030037912
Pancreatic cancer,0.4126547455295736,Ghana,0.9915427238261885
Penile cancer,0.1375515818431912,Ghana,0.17497812773403326
Prostate cancer,11.416781292984869,Ghana,17.73111694371537
Rectal cancer,0.9628610729023384,Ghana,1.283172936716244
Salivary gland cancer,0.0,Ghana,0.2916302128900554
Skin cancer,4.814305364511692,Ghana,0.8923884514435695
Stomach cancer,0.687757909215956,Ghana,2.799650043744532
Testicular cancer,0.0,Ghana,0.24496937882764655
Throat cancer,0.0,Ghana,0.7407407407407408
Thyroid cancer,4.951856946354883,Ghana,0.3324584426946631
Uterine cancer,0.4126547455295736,Ghana,2.799650043744532
Vaginal cancer,0.0,Ghana,0.08748906386701663
Vulvar cancer,0.1375515818431912,Ghana,0.3791192767570721
Anal cancer,0.1550468262226847,Italy,0.25480952987641736
Bladder cancer,2.0062434963579605,Italy,4.612052490763155
Brain cancer,4.893860561914672,Italy,1.4269333673079372
Breast cancer,15.521331945889699,Italy,22.16842909924831
Cervical cancer,1.8293444328824142,Italy,1.2740476493820867
Colon cancer,2.421436004162331,Italy,5.300038221429481
Colorectal cancer,6.9094693028095735,Italy,7.797171614218371
Esophageal cancer,0.441207075962539,Italy,0.40769524780226774
Gallbladder cancer,0.13735691987513007,Italy,0.15033762262708625
Hodgkin lymphoma,1.3537981269510926,Italy,0.8918333545674607
Kaposi sarcoma,0.18938605619146723,Italy,0.1350490508345012
Kidney cancer,2.5036420395421435,Italy,2.471652439801248
Laryngeal cancer,0.48803329864724243,Italy,0.7389476366416103
Leukemia,11.634755463059314,Italy,2.1658810039495475
Liver cancer,5.22060353798127,Italy,1.732704803159638
Lung cancer,8.63579604578564,Italy,6.2683144349598665
Mesothelioma,1.8678459937565037,Italy,0.2802904828640591
Mouth cancer,0.011446409989594173,Italy,0.8408714485921772
Multiple myeloma,2.995837669094693,Italy,0.9173143075551025
Non-Hodgkin lymphoma,1.8241415192507804,Italy,2.9557905465664414
Ovarian cancer,3.6815816857440167,Italy,2.293285768887756
Pancreatic cancer,2.477627471383975,Italy,2.038476239011339
Penile cancer,0.13423517169614985,Italy,0.21404000509619056
Prostate cancer,6.609781477627472,Italy,12.613071728882659
Rectal cancer,1.7950052029136316,Italy,2.216842909924831
Salivary gland cancer,0.03433922996878252,Italy,0.22932857688877561
Skin cancer,8.844953173777315,Italy,6.319276340935151
Stomach cancer,0.46930280957336107,Italy,1.732704803159638
Testicular cancer,0.30801248699271594,Italy,2.293285768887756
Throat cancer,0.0,Italy,0.5605809657281182
Thyroid cancer,2.760665972944849,Italy,2.5480952987641734
Uterine cancer,1.5691987513007284,Italy,3.66925723022041
Vaginal cancer,0.053069719042663895,Italy,0.07389476366416102
Vulvar cancer,0.22164412070759626,Italy,0.40769524780226774
Anal cancer,0.0,Belize,0.0
Bladder cancer,0.0,Belize,0.0
Brain cancer,0.0,Belize,0.5272511848341231
Breast cancer,25.0,Belize,27.72511848341232
Cervical cancer,50.0,Belize,10.248815165876776
Colon cancer,0.0,Belize,3.554502369668246
Colorectal cancer,0.0,Belize,3.554502369668246
Esophageal cancer,25.0,Belize,0.5746445497630331
Gallbladder cancer,0.0,Belize,0.21327014218009477
Hodgkin lymphoma,0.0,Belize,0.3495260663507109
Kaposi sarcoma,0.0,Belize,0.0
Kidney cancer,0.0,Belize,0.947867298578199
Laryngeal cancer,0.0,Belize,1.066350710900474
Leukemia,0.0,Belize,1.895734597156398
Liver cancer,0.0,Belize,4.1469194312796205
Lung cancer,0.0,Belize,5.213270142180095
Mesothelioma,0.0,Belize,0.0
Mouth cancer,0.0,Belize,0.0
Multiple myeloma,0.0,Belize,0.0
Non-Hodgkin lymphoma,0.0,Belize,1.3033175355450237
Ovarian cancer,0.0,Belize,0.4087677725118483
Pancreatic cancer,0.0,Belize,1.5402843601895733
Penile cancer,0.0,Belize,0.0
Prostate cancer,0.0,Belize,23.400473933649288
Rectal cancer,0.0,Belize,0.0
Salivary gland cancer,0.0,Belize,0.0
Skin cancer,0.0,Belize,7.582938388625592
Stomach cancer,0.0,Belize,2.8436018957345968
Testicular cancer,0.0,Belize,0.0
Throat cancer,0.0,Belize,0.0
Thyroid cancer,0.0,Belize,1.8364928909952605
Uterine cancer,0.0,Belize,1.066350710900474
Vaginal cancer,0.0,Belize,0.0
Vulvar cancer,0.0,Belize,0.0
Anal cancer,0.0,Namibia,0.2517661205471216
Bladder cancer,3.0303030303030303,Namibia,1.1648880204419059
Brain cancer,0.0,Namibia,0.5636554937622126
Breast cancer,6.0606060606060606,Namibia,20.25402074252217
Cervical cancer,21.21212121212121,Namibia,12.58830602735608
Colon cancer,0.0,Namibia,1.8412746129565611
Colorectal cancer,12.121212121212121,Namibia,3.2692018638208324
Esophageal cancer,0.0,Namibia,1.0521569216894633
Gallbladder cancer,0.0,Namibia,0.1841274612956561
Hodgkin lymphoma,0.0,Namibia,0.19540057117090034
Kaposi sarcoma,3.0303030303030303,Namibia,5.110476476777394
Kidney cancer,0.0,Namibia,0.9770028558545018
Laryngeal cancer,0.0,Namibia,0.90184879001954
Leukemia,12.121212121212121,Namibia,1.0897339546069442
Liver cancer,9.090909090909092,Namibia,1.4279272508642717
Lung cancer,9.090909090909092,Namibia,2.1794679092138884
Mesothelioma,0.0,Namibia,0.030061626333984667
Mouth cancer,0.0,Namibia,2.442507139636254
Multiple myeloma,3.0303030303030303,Namibia,0.4885014279272509
Non-Hodgkin lymphoma,0.0,Namibia,2.7807004358935816
Ovarian cancer,0.0,Namibia,1.7285435142041181
Pancreatic cancer,3.0303030303030303,Namibia,0.45092439500977
Penile cancer,0.0,Namibia,0.8266947241845785
Prostate cancer,9.090909090909092,Namibia,23.974147001352772
Rectal cancer,3.0303030303030303,Namibia,1.1273109875244252
Salivary gland cancer,0.0,Namibia,0.37577032917480835
Skin cancer,6.0606060606060606,Namibia,6.9141740568164725
Stomach cancer,0.0,Namibia,0.9394258229370209
Testicular cancer,0.0,Namibia,0.35698181271606794
Throat cancer,0.0,Namibia,0.7928753945588457
Thyroid cancer,0.0,Namibia,0.45092439500977
Uterine cancer,0.0,Namibia,2.1794679092138884
Vaginal cancer,0.0,Namibia,0.45092439500977
Vulvar cancer,0.0,Namibia,0.6388095595971742
Anal cancer,0.0,French Polynesia,0.06839499739447628
Bladder cancer,0.0,French Polynesia,1.4004689942678477
Brain cancer,0.0,French Polynesia,0.6839499739447629
Breast cancer,12.5,French Polynesia,23.41714434601355
Cervical cancer,0.0,French Polynesia,2.7032308494007298
Colon cancer,0.0,French Polynesia,2.214695153725899
Colorectal cancer,12.5,French Polynesia,3.875716519020323
Esophageal cancer,0.0,French Polynesia,0.9770713913496613
Gallbladder cancer,0.0,French Polynesia,0.6513809275664408
Hodgkin lymphoma,0.0,French Polynesia,0.0
Kaposi sarcoma,0.0,French Polynesia,0.0
Kidney cancer,0.0,French Polynesia,1.1073475768629495
Laryngeal cancer,0.0,French Polynesia,0.781657113079729
Leukemia,25.0,French Polynesia,1.563314226159458
Liver cancer,0.0,French Polynesia,2.7683689421573736
Lung cancer,0.0,French Polynesia,13.027618551328816
Mesothelioma,12.5,French Polynesia,0.0
Mouth cancer,0.0,French Polynesia,1.0747785304846273
Multiple myeloma,0.0,French Polynesia,1.1073475768629495
Non-Hodgkin lymphoma,0.0,French Polynesia,2.2472642001042207
Ovarian cancer,0.0,French Polynesia,2.0844189682126104
Pancreatic cancer,12.5,French Polynesia,1.4981761334028136
Penile cancer,0.0,French Polynesia,0.0
Prostate cancer,0.0,French Polynesia,20.290515893694632
Rectal cancer,12.5,French Polynesia,1.59588327253778
Salivary gland cancer,0.0,French Polynesia,0.07490880667014069
Skin cancer,12.5,French Polynesia,1.661021365294424
Stomach cancer,0.0,French Polynesia,2.214695153725899
Testicular cancer,0.0,French Polynesia,0.45596664929650854
Throat cancer,0.0,French Polynesia,1.5633142261594581
Thyroid cancer,0.0,French Polynesia,5.504168837936424
Uterine cancer,0.0,French Polynesia,3.387180823345492
Vaginal cancer,0.0,French Polynesia,0.0
Vulvar cancer,0.0,French Polynesia,0.0
Anal cancer,0.0,Bahamas,0.43006484054518995
Bladder cancer,0.0,Bahamas,0.3969829297340215
Brain cancer,8.0,Bahamas,0.6285563054122006
Breast cancer,36.0,Bahamas,21.37091438401482
Cervical cancer,8.0,Bahamas,5.028450443297605
Colon cancer,0.0,Bahamas,4.267566494640731
Colorectal cancer,8.0,Bahamas,6.384808786555512
Esophageal cancer,0.0,Bahamas,0.6616382162233692
Gallbladder cancer,0.0,Bahamas,0.36390101892285304
Hodgkin lymphoma,0.0,Bahamas,0.6285563054122006
Kaposi sarcoma,0.0,Bahamas,0.3308191081116846
Kidney cancer,0.0,Bahamas,0.43006484054518995
Laryngeal cancer,0.0,Bahamas,0.5954743946010322
Leukemia,0.0,Bahamas,1.9187508270477704
Liver cancer,4.0,Bahamas,1.3563583432579065
Lung cancer,4.0,Bahamas,2.9112081513828243
Mesothelioma,4.0,Bahamas,0.0
Mouth cancer,0.0,Bahamas,0.3969829297340215
Multiple myeloma,4.0,Bahamas,1.5217678973137487
Non-Hodgkin lymphoma,0.0,Bahamas,2.051078470292444
Ovarian cancer,8.0,Bahamas,3.0766177054386667
Pancreatic cancer,0.0,Bahamas,1.025539235146222
Penile cancer,0.0,Bahamas,0.2315733756781792
Prostate cancer,16.0,Bahamas,29.475982532751093
Rectal cancer,0.0,Bahamas,1.687177451369591
Salivary gland cancer,0.0,Bahamas,0.06285563054122006
Skin cancer,0.0,Bahamas,1.4324467381235941
Stomach cancer,0.0,Bahamas,2.547307132459971
Testicular cancer,0.0,Bahamas,0.0
Throat cancer,0.0,Bahamas,0.14886859865025806
Thyroid cancer,0.0,Bahamas,1.4556040756914121
Uterine cancer,0.0,Bahamas,6.914119359534207
Vaginal cancer,0.0,Bahamas,0.2679634775704645
Vulvar cancer,0.0,Bahamas,0.0
Anal cancer,0.0,Samoa,0.0
Bladder cancer,0.0,Samoa,1.3988010276905511
Brain cancer,0.0,Samoa,0.6280331144733087
Breast cancer,0.0,Samoa,25.349700256922638
Cervical cancer,100.0,Samoa,3.7967456465886382
Colon cancer,0.0,Samoa,4.339137881815587
Colorectal cancer,0.0,Samoa,7.2223808164430485
Esophageal cancer,0.0,Samoa,0.7136739937196689
Gallbladder cancer,0.0,Samoa,0.0
Hodgkin lymphoma,0.0,Samoa,0.0
Kaposi sarcoma,0.0,Samoa,0.0
Kidney cancer,0.0,Samoa,2.2266628604053667
Laryngeal cancer,0.0,Samoa,0.5138452754781616
Leukemia,0.0,Samoa,0.9420496717099629
Liver cancer,0.0,Samoa,1.5700827861832714
Lung cancer,0.0,Samoa,9.506137596345988
Mesothelioma,0.0,Samoa,0.0
Mouth cancer,0.0,Samoa,0.5138452754781616
Multiple myeloma,0.0,Samoa,0.7993148729660291
Non-Hodgkin lymphoma,0.0,Samoa,2.3979446188980873
Ovarian cancer,0.0,Samoa,4.053668284327719
Pancreatic cancer,0.0,Samoa,1.741364544675992
Penile cancer,0.0,Samoa,0.0
Prostate cancer,0.0,Samoa,14.016557236654295
Rectal cancer,0.0,Samoa,2.883242934627462
Salivary gland cancer,0.0,Samoa,0.0
Skin cancer,0.0,Samoa,0.0
Stomach cancer,0.0,Samoa,3.33999429060805
Testicular cancer,0.0,Samoa,1.1133314302026833
Throat cancer,0.0,Samoa,0.6280331144733087
Thyroid cancer,0.0,Samoa,2.8261490151298885
Uterine cancer,0.0,Samoa,7.479303454182129
Vaginal cancer,0.0,Samoa,0.0
Vulvar cancer,0.0,Samoa,0.0
Anal cancer,0.0,North Macedonia,0.11589855467684755
Bladder cancer,4.651162790697675,North Macedonia,2.522497954731388
Brain cancer,1.8604651162790697,North Macedonia,2.488410144532315
Breast cancer,18.6046511627907,North Macedonia,22.259340059994546
Cervical cancer,5.5813953488372094,North Macedonia,2.2838832833378784
Colon cancer,4.651162790697675,North Macedonia,4.0564494136896645
Colorectal cancer,9.30232558139535,North Macedonia,8.01063539678211
Esophageal cancer,0.46511627906976744,North Macedonia,0.3408781019907281
Gallbladder cancer,0.0,North Macedonia,0.29315516771202615
Hodgkin lymphoma,0.9302325581395349,North Macedonia,0.715844014180529
Kaposi sarcoma,0.0,North Macedonia,0.0
Kidney cancer,2.3255813953488373,North Macedonia,0.9885464957731115
Laryngeal cancer,0.46511627906976744,North Macedonia,1.1589855467684755
Leukemia,11.627906976744185,North Macedonia,1.3635124079629124
Liver cancer,4.186046511627907,North Macedonia,1.8407417507499317
Lung cancer,7.441860465116279,North Macedonia,10.601308971911644
Mesothelioma,0.0,North Macedonia,0.017043905099536405
Mouth cancer,0.0,North Macedonia,0.545404963185165
Multiple myeloma,2.3255813953488373,North Macedonia,0.23861467139350967
Non-Hodgkin lymphoma,1.3953488372093024,North Macedonia,0.7840196345786745
Ovarian cancer,2.7906976744186047,North Macedonia,2.18161985274066
Pancreatic cancer,1.3953488372093024,North Macedonia,2.2157076629397325
Penile cancer,0.46511627906976744,North Macedonia,0.194300518134715
Prostate cancer,7.441860465116279,North Macedonia,14.112353422416144
Rectal cancer,1.8604651162790697,North Macedonia,3.8519225524952274
Salivary gland cancer,0.0,North Macedonia,0.09544586855740388
Skin cancer,2.7906976744186047,North Macedonia,4.12462503408781
Stomach cancer,0.46511627906976744,North Macedonia,3.238341968911917
Testicular cancer,0.46511627906976744,North Macedonia,2.386146713935097
Throat cancer,0.0,North Macedonia,0.34428688301063537
Thyroid cancer,3.255813953488372,North Macedonia,0.47722934278701934
Uterine cancer,3.255813953488372,North Macedonia,5.965366784837742
Vaginal cancer,0.0,North Macedonia,0.07499318243796019
Vulvar cancer,0.0,North Macedonia,0.11248977365694027
Anal cancer,0.0,Luxembourg,0.12520441537203597
Bladder cancer,0.29850746268656714,Luxembourg,1.7886345053147996
Brain cancer,18.80597014925373,Luxembourg,0.8176614881439084
Breast cancer,12.238805970149254,Luxembourg,25.475265739983644
Cervical cancer,2.388059701492537,Luxembourg,1.124284546197874
Colon cancer,2.388059701492537,Luxembourg,4.11385936222404
Colorectal cancer,10.149253731343284,Luxembourg,6.030253475061325
Esophageal cancer,0.29850746268656714,Luxembourg,0.562142273098937
Gallbladder cancer,0.0,Luxembourg,0.10476287816843827
Hodgkin lymphoma,0.5970149253731343,Luxembourg,0.5876941946034341
Kaposi sarcoma,0.0,Luxembourg,0.0
Kidney cancer,1.791044776119403,Luxembourg,1.5075633687653311
Laryngeal cancer,0.29850746268656714,Luxembourg,0.5365903515944399
Leukemia,20.0,Luxembourg,1.4564595257563369
Liver cancer,1.791044776119403,Luxembourg,1.1498364677023711
Lung cancer,2.388059701492537,Luxembourg,6.566843826655765
Mesothelioma,0.5970149253731343,Luxembourg,0.5110384300899428
Mouth cancer,0.0,Luxembourg,0.4599345870809485
Multiple myeloma,2.388059701492537,Luxembourg,0.6643499591169255
Non-Hodgkin lymphoma,0.0,Luxembourg,2.274121013900245
Ovarian cancer,0.0,Luxembourg,1.5586672117743254
Pancreatic cancer,0.5970149253731343,Luxembourg,1.660874897792314
Penile cancer,0.0,Luxembourg,0.07921095666394112
Prostate cancer,4.477611940298507,Luxembourg,19.087285363859362
Rectal cancer,0.5970149253731343,Luxembourg,1.8141864268192966
Salivary gland cancer,0.0,Luxembourg,0.051103843008994274
Skin cancer,14.626865671641792,Luxembourg,11.115085854456254
Stomach cancer,0.29850746268656714,Luxembourg,1.1753883892068682
Testicular cancer,0.8955223880597015,Luxembourg,2.6829517579721993
Throat cancer,0.0,Luxembourg,0.45226901062959934
Thyroid cancer,1.791044776119403,Luxembourg,1.9419460343417825
Uterine cancer,0.29850746268656714,Luxembourg,1.9419460343417825
Vaginal cancer,0.0,Luxembourg,0.07154538021259199
Vulvar cancer,0.0,Luxembourg,0.5110384300899428
Anal cancer,0.2489363628134335,Sweden,0.22630066306094276
Bladder cancer,2.7292477595727345,Sweden,2.760868089343502
Brain cancer,4.154974201140581,Sweden,1.380434044671751
Breast cancer,18.819589028695574,Sweden,18.420873973160745
Cervical cancer,3.0460758576989226,Sweden,1.9461857023241078
Colon cancer,3.30406445188739,Sweden,4.526013261218855
Colorectal cancer,7.8799674119670495,Sweden,7.060580687501415
Esophageal cancer,0.8961709061283606,Sweden,0.5204915250401683
Gallbladder cancer,0.28967140400108626,Sweden,0.21724863653850507
Hodgkin lymphoma,1.1088983434416584,Sweden,0.407341193509697
Kaposi sarcoma,0.04526115687516973,Sweden,0.01810405304487542
Kidney cancer,2.208744455508283,Sweden,2.059336033854579
Laryngeal cancer,0.23988413143839957,Sweden,0.1561474575120505
Leukemia,12.609758305422286,Sweden,1.9914458349362967
Liver cancer,2.014121480945053,Sweden,1.0409830500803365
Lung cancer,3.6208925500135782,Sweden,3.937631537260404
Mesothelioma,0.8192269394405721,Sweden,0.16972549729570707
Mouth cancer,0.0,Sweden,0.814682387019394
Multiple myeloma,2.3083190006336562,Sweden,0.8373124533254883
Non-Hodgkin lymphoma,1.3759391690051597,Sweden,2.421417094752088
Ovarian cancer,2.8016656105730062,Sweden,1.787775238181448
Pancreatic cancer,2.489363628134335,Sweden,2.1045961664667683
Penile cancer,0.17199239612564496,Sweden,0.27156079567313135
Prostate cancer,10.595636824477234,Sweden,23.603159157256332
Rectal cancer,3.2769077577622885,Sweden,2.308266763221616
Salivary gland cancer,0.027156694125101837,Sweden,0.10862431826925253
Skin cancer,8.649407078844936,Sweden,10.998212224761819
Stomach cancer,0.7965963610029873,Sweden,0.814682387019394
Testicular cancer,0.6472345433149271,Sweden,1.6972549729570707
Throat cancer,0.004526115687516973,Sweden,0.42997125981579126
Thyroid cancer,1.0364804924413868,Sweden,1.538844508814411
Uterine cancer,1.6294016475061102,Sweden,2.9645386860983503
Vaginal cancer,0.058839503937720646,Sweden,0.07467921881011112
Vulvar cancer,0.09504842943785644,Sweden,0.38471112720360273
Anal cancer,0.0,Dominican Republic,0.062424407943505913
Bladder cancer,0.0,Dominican Republic,0.7803050992938239
Brain cancer,30.0,Dominican Republic,1.3265186687995005
Breast cancer,30.0,Dominican Republic,20.8341461511451
Cervical cancer,10.0,Dominican Republic,6.086379774491826
Colon cancer,0.0,Dominican Republic,4.954937380515782
Colorectal cancer,0.0,Dominican Republic,5.735242479809606
Esophageal cancer,0.0,Dominican Republic,0.6632593343997503
Gallbladder cancer,0.0,Dominican Republic,0.17166712184464125
Hodgkin lymphoma,0.0,Dominican Republic,0.7803050992938239
Kaposi sarcoma,0.0,Dominican Republic,0.11314423939760444
Kidney cancer,0.0,Dominican Republic,0.5462135695056767
Laryngeal cancer,0.0,Dominican Republic,1.0534118840466622
Leukemia,10.0,Dominican Republic,2.1458390230580155
Liver cancer,0.0,Dominican Republic,2.653037337599001
Lung cancer,0.0,Dominican Republic,4.993952635480473
Mesothelioma,0.0,Dominican Republic,0.015606101985876478
Mouth cancer,0.0,Dominican Republic,0.5071983145409855
Multiple myeloma,10.0,Dominican Republic,0.585228824470368
Non-Hodgkin lymphoma,0.0,Dominican Republic,1.014396629081971
Ovarian cancer,0.0,Dominican Republic,1.0534118840466622
Pancreatic cancer,0.0,Dominican Republic,1.9507627482345598
Penile cancer,0.0,Dominican Republic,0.4291678046116032
Prostate cancer,0.0,Dominican Republic,33.59213452459912
Rectal cancer,0.0,Dominican Republic,0.7022745893644415
Salivary gland cancer,0.0,Dominican Republic,0.17556864734111038
Skin cancer,10.0,Dominican Republic,1.0495103585501933
Stomach cancer,0.0,Dominican Republic,2.418945807810854
Testicular cancer,0.0,Dominican Republic,0.054621356950567676
Throat cancer,0.0,Dominican Republic,0.916858491670243
Thyroid cancer,0.0,Dominican Republic,0.8973508641878973
Uterine cancer,0.0,Dominican Republic,1.3265186687995005
Vaginal cancer,0.0,Dominican Republic,0.358940345675159
Vulvar cancer,0.0,Dominican Republic,0.05071983145409855
Anal cancer,0.847457627118644,Senegal,0.42159054615138936
Bladder cancer,1.694915254237288,Senegal,2.044075375279464
Brain cancer,0.847457627118644,Senegal,1.341424465027148
Breast cancer,12.711864406779661,Senegal,19.09932928776749
Cervical cancer,12.711864406779661,Senegal,21.909932928776747
Colon cancer,0.847457627118644,Senegal,1.9163206643244972
Colorectal cancer,0.0,Senegal,3.960396039603961
Esophageal cancer,0.0,Senegal,1.085915043117215
Gallbladder cancer,0.847457627118644,Senegal,0.17885659533695308
Hodgkin lymphoma,0.847457627118644,Senegal,0.35132545512615787
Kaposi sarcoma,0.0,Senegal,0.3832641328648994
Kidney cancer,3.389830508474576,Senegal,0.7665282657297988
Laryngeal cancer,0.0,Senegal,0.41520281060364106
Leukemia,12.711864406779661,Senegal,0.7665282657297988
Liver cancer,11.864406779661017,Senegal,7.09038645800064
Lung cancer,11.864406779661017,Senegal,1.7246885978920474
Mesothelioma,0.847457627118644,Senegal,0.0063877355477483235
Mouth cancer,0.0,Senegal,1.085915043117215
Multiple myeloma,4.237288135593221,Senegal,0.3832641328648994
Non-Hodgkin lymphoma,0.847457627118644,Senegal,1.5330565314595976
Ovarian cancer,0.0,Senegal,2.810603641009263
Pancreatic cancer,0.847457627118644,Senegal,1.1497923985946983
Penile cancer,0.847457627118644,Senegal,0.025550942190993294
Prostate cancer,7.627118644067797,Senegal,17.310763334397958
Rectal cancer,1.694915254237288,Senegal,1.596933886937081
Salivary gland cancer,0.0,Senegal,0.3641009262216544
Skin cancer,5.932203389830509,Senegal,2.165442350686682
Stomach cancer,0.847457627118644,Senegal,4.599169594378793
Testicular cancer,1.694915254237288,Senegal,0.14053018205046314
Throat cancer,0.0,Senegal,0.3257745129351645
Thyroid cancer,0.0,Senegal,0.7026509102523157
Uterine cancer,0.0,Senegal,1.596933886937081
Vaginal cancer,0.0,Senegal,0.30661130629191957
Vulvar cancer,3.389830508474576,Senegal,0.44075375279463436
Anal cancer,0.3913894324853229,Bosnia and Herzegovina,0.05513059058645165
Bladder cancer,2.544031311154599,Bosnia and Herzegovina,3.1700089587209694
Brain cancer,3.131115459882583,Bosnia and Herzegovina,2.274136861691131
Breast cancer,16.634050880626223,Bosnia and Herzegovina,17.882985321480255
Cervical cancer,6.262230919765166,Bosnia and Herzegovina,4.2381641513334705
Colon cancer,2.935420743639922,Bosnia and Herzegovina,4.651643580731858
Colorectal cancer,10.371819960861057,Bosnia and Herzegovina,9.06209082764799
Esophageal cancer,0.19569471624266144,Bosnia and Herzegovina,0.48239266763145194
Gallbladder cancer,0.5870841487279843,Bosnia and Herzegovina,0.5168492867479842
Hodgkin lymphoma,1.761252446183953,Bosnia and Herzegovina,0.9303287161463716
Kaposi sarcoma,0.0,Bosnia and Herzegovina,0.0
Kidney cancer,1.9569471624266144,Bosnia and Herzegovina,1.826200813176211
Laryngeal cancer,0.9784735812133072,Bosnia and Herzegovina,1.447178002894356
Leukemia,9.393346379647749,Bosnia and Herzegovina,1.688374336710082
Liver cancer,6.457925636007828,Bosnia and Herzegovina,2.274136861691131
Lung cancer,9.980430528375734,Bosnia and Herzegovina,12.438839501068154
Mesothelioma,0.3913894324853229,Bosnia and Herzegovina,0.06202191440975811
Mouth cancer,0.0,Bosnia and Herzegovina,0.7925022396802424
Multiple myeloma,1.36986301369863,Bosnia and Herzegovina,0.4134794293983874
Non-Hodgkin lymphoma,1.761252446183953,Bosnia and Herzegovina,1.240438288195162
Ovarian cancer,0.9784735812133072,Bosnia and Herzegovina,3.376748673420164
Pancreatic cancer,1.1741682974559686,Bosnia and Herzegovina,2.446419957273792
Penile cancer,0.0,Bosnia and Herzegovina,0.06202191440975811
Prostate cancer,6.066536203522505,Bosnia and Herzegovina,8.44187168355041
Rectal cancer,2.73972602739726,Bosnia and Herzegovina,4.341534008683068
Salivary gland cancer,0.0,Bosnia and Herzegovina,0.2067397146991937
Skin cancer,5.870841487279844,Bosnia and Herzegovina,4.169250913100406
Stomach cancer,1.1741682974559686,Bosnia and Herzegovina,3.307835435187099
Testicular cancer,0.19569471624266144,Bosnia and Herzegovina,2.3775067190407273
Throat cancer,0.0,Bosnia and Herzegovina,0.5685342154227827
Thyroid cancer,3.3268101761252447,Bosnia and Herzegovina,0.9992419543794362
Uterine cancer,1.1741682974559686,Bosnia and Herzegovina,3.8591413410516155
Vaginal cancer,0.19569471624266144,Bosnia and Herzegovina,0.12059816690786299
Vulvar cancer,0.0,Bosnia and Herzegovina,0.2756529529322583
Anal cancer,0.0,Paraguay,0.3340953050817655
Bladder cancer,2.2988505747126435,Paraguay,0.914366098118516
Brain cancer,2.2988505747126435,Paraguay,0.914366098118516
Breast cancer,28.735632183908045,Paraguay,20.538069280815897
Cervical cancer,12.64367816091954,Paraguay,10.76138561631792
Colon cancer,0.0,Paraguay,5.732372076666081
Colorectal cancer,1.1494252873563218,Paraguay,7.385264638649552
Esophageal cancer,2.2988505747126435,Paraguay,1.0550378055213647
Gallbladder cancer,1.1494252873563218,Paraguay,0.2532090733251275
Hodgkin lymphoma,0.0,Paraguay,0.7385264638649552
Kaposi sarcoma,0.0,Paraguay,0.2532090733251275
Kidney cancer,1.1494252873563218,Paraguay,0.9847019518199404
Laryngeal cancer,0.0,Paraguay,0.6330226833128187
Leukemia,4.597701149425287,Paraguay,2.1100756110427294
Liver cancer,2.2988505747126435,Paraguay,1.0550378055213647
Lung cancer,2.2988505747126435,Paraguay,4.466326710040444
Mesothelioma,0.0,Paraguay,0.007033585370142431
Mouth cancer,0.0,Paraguay,0.6330226833128187
Multiple myeloma,0.0,Paraguay,0.42201512220854587
Non-Hodgkin lymphoma,0.0,Paraguay,2.039739757341305
Ovarian cancer,1.1494252873563218,Paraguay,1.6880604888341835
Pancreatic cancer,0.0,Paraguay,1.6880604888341835
Penile cancer,29.885057471264368,Paraguay,1.1957095129242132
Prostate cancer,2.2988505747126435,Paraguay,18.076314401266046
Rectal cancer,0.0,Paraguay,1.3012132934763496
Salivary gland cancer,0.0,Paraguay,0.18990680499384563
Skin cancer,5.747126436781609,Paraguay,3.270617197116231
Stomach cancer,0.0,Paraguay,2.250747318445578
Testicular cancer,0.0,Paraguay,2.250747318445578
Throat cancer,0.0,Paraguay,1.058554598206436
Thyroid cancer,0.0,Paraguay,2.3562510989977143
Uterine cancer,0.0,Paraguay,3.09477756286267
Vaginal cancer,0.0,Paraguay,0.010550378055213647
Vulvar cancer,0.0,Paraguay,0.3376120977668367
Anal cancer,0.0,Trinidad and Tobago,0.28194147037830125
Bladder cancer,0.0,Trinidad and Tobago,1.3204853675945754
Brain cancer,1.834862385321101,Trinidad and Tobago,0.7137758743754461
Breast cancer,28.440366972477065,Trinidad and Tobago,19.271948608137045
Cervical cancer,14.678899082568808,Trinidad and Tobago,6.531049250535332
Colon cancer,5.504587155963303,Trinidad and Tobago,4.068522483940043
Colorectal cancer,6.422018348623853,Trinidad and Tobago,6.602426837972877
Esophageal cancer,0.0,Trinidad and Tobago,0.46395431834404
Gallbladder cancer,0.0,Trinidad and Tobago,0.27123483226266953
Hodgkin lymphoma,0.0,Trinidad and Tobago,0.35688793718772305
Kaposi sarcoma,0.0,Trinidad and Tobago,0.12491077801570308
Kidney cancer,2.7522935779816513,Trinidad and Tobago,1.6773733047822985
Laryngeal cancer,0.0,Trinidad and Tobago,0.46395431834404
Leukemia,8.256880733944953,Trinidad and Tobago,2.177016416845111
Liver cancer,0.9174311926605505,Trinidad and Tobago,0.9992862241256246
Lung cancer,2.7522935779816513,Trinidad and Tobago,4.17558886509636
Mesothelioma,0.0,Trinidad and Tobago,0.028551034975017847
Mouth cancer,0.0,Trinidad and Tobago,0.7137758743754461
Multiple myeloma,1.834862385321101,Trinidad and Tobago,0.8922198429693077
Non-Hodgkin lymphoma,0.9174311926605505,Trinidad and Tobago,2.533904354032834
Ovarian cancer,4.587155963302752,Trinidad and Tobago,3.961456102783726
Pancreatic cancer,0.0,Trinidad and Tobago,1.6773733047822985
Penile cancer,0.9174311926605505,Trinidad and Tobago,0.3211991434689508
Prostate cancer,11.926605504587156,Trinidad and Tobago,26.266952177016414
Rectal cancer,0.0,Trinidad and Tobago,2.2840827980014278
Salivary gland cancer,0.0,Trinidad and Tobago,0.14632405424696646
Skin cancer,3.669724770642202,Trinidad and Tobago,0.324768022840828
Stomach cancer,0.9174311926605505,Trinidad and Tobago,1.4275517487508922
Testicular cancer,0.0,Trinidad and Tobago,0.5710206995003569
Throat cancer,0.0,Trinidad and Tobago,0.4889364739471806
Thyroid cancer,0.0,Trinidad and Tobago,1.7487508922198431
Uterine cancer,3.669724770642202,Trinidad and Tobago,6.709493219129194
Vaginal cancer,0.0,Trinidad and Tobago,0.185581727337616
Vulvar cancer,0.0,Trinidad and Tobago,0.21770164168451106
Anal cancer,0.0,Haiti,0.3474117822224428
Bladder cancer,0.0,Haiti,1.3896471288897712
Brain cancer,0.0,Haiti,0.18363194203186262
Breast cancer,35.714285714285715,Haiti,12.506824160007941
Cervical cancer,35.714285714285715,Haiti,8.238622264132216
Colon cancer,0.0,Haiti,4.317832150478931
Colorectal cancer,0.0,Haiti,5.60821877016229
Esophageal cancer,0.0,Haiti,1.0918656012705346
Gallbladder cancer,0.0,Haiti,0.446672291428855
Hodgkin lymphoma,0.0,Haiti,0.4069680877462901
Kaposi sarcoma,0.0,Haiti,0.2630403493969924
Kidney cancer,7.142857142857143,Haiti,1.0918656012705346
Laryngeal cancer,0.0,Haiti,0.4863764951114199
Leukemia,7.142857142857143,Haiti,2.183731202541069
Liver cancer,0.0,Haiti,4.615613678098169
Lung cancer,0.0,Haiti,3.027445530795573
Mesothelioma,0.0,Haiti,0.019852101841282443
Mouth cancer,0.0,Haiti,0.6451933098416794
Multiple myeloma,0.0,Haiti,0.49630254603206114
Non-Hodgkin lymphoma,0.0,Haiti,2.183731202541069
Ovarian cancer,7.142857142857143,Haiti,2.4318824755571
Pancreatic cancer,0.0,Haiti,1.5881681473025957
Penile cancer,0.0,Haiti,0.6451933098416794
Prostate cancer,0.0,Haiti,34.64191771303786
Rectal cancer,0.0,Haiti,0.9429748374609161
Salivary gland cancer,0.0,Haiti,0.6451933098416794
Skin cancer,0.0,Haiti,0.6749714626036031
Stomach cancer,0.0,Haiti,4.913395205717405
Testicular cancer,7.142857142857143,Haiti,0.89334458285771
Throat cancer,0.0,Haiti,0.714675666286168
Thyroid cancer,0.0,Haiti,0.5955630552384733
Uterine cancer,0.0,Haiti,1.4889076380961834
Vaginal cancer,0.0,Haiti,0.24318824755570995
Vulvar cancer,0.0,Haiti,0.02977815276192367
Anal cancer,6.25,Mozambique,0.3906481207457828
Bladder cancer,0.0,Mozambique,3.2554010062148566
Brain cancer,0.0,Mozambique,0.2308375258952353
Breast cancer,0.0,Mozambique,11.660254513169578
Cervical cancer,56.25,Mozambique,28.2923941994673
Colon cancer,0.0,Mozambique,1.0062148564664102
Colorectal cancer,0.0,Mozambique,2.3083752589523527
Esophageal cancer,6.25,Mozambique,5.445398046759396
Gallbladder cancer,0.0,Mozambique,0.03551346552234389
Hodgkin lymphoma,0.0,Mozambique,0.36105356614382955
Kaposi sarcoma,25.0,Mozambique,8.523231725362534
Kidney cancer,0.0,Mozambique,0.42024267534773607
Laryngeal cancer,0.0,Mozambique,0.24859425865640725
Leukemia,0.0,Mozambique,1.0062148564664102
Liver cancer,0.0,Mozambique,4.735128736312519
Lung cancer,0.0,Mozambique,0.7694584196507843
Mesothelioma,0.0,Mozambique,0.023675643681562594
Mouth cancer,0.0,Mozambique,0.7102693104468778
Multiple myeloma,0.0,Mozambique,0.15389168393015687
Non-Hodgkin lymphoma,6.25,Mozambique,3.3145901154187634
Ovarian cancer,0.0,Mozambique,1.1245930748742232
Pancreatic cancer,0.0,Mozambique,0.5149452500739864
Penile cancer,0.0,Mozambique,0.9470257472625038
Prostate cancer,0.0,Mozambique,16.750517904705536
Rectal cancer,0.0,Mozambique,0.8878366380585972
Salivary gland cancer,0.0,Mozambique,0.218999704054454
Skin cancer,0.0,Mozambique,2.598401894051495
Stomach cancer,0.0,Mozambique,0.47943178455164254
Testicular cancer,0.0,Mozambique,0.13021604024859426
Throat cancer,0.0,Mozambique,0.3669724770642202
Thyroid cancer,0.0,Mozambique,0.4971885173128145
Uterine cancer,0.0,Mozambique,1.0654039656703167
Vaginal cancer,0.0,Mozambique,0.22491861497484464
Vulvar cancer,0.0,Mozambique,1.3021604024859428
Anal cancer,0.0,Honduras,0.3472222222222222
Bladder cancer,0.0,Honduras,1.0775862068965518
Brain cancer,6.666666666666667,Honduras,2.7538314176245207
Breast cancer,6.666666666666667,Honduras,16.343390804597703
Cervical cancer,53.333333333333336,Honduras,11.673850574712644
Colon cancer,0.0,Honduras,2.6340996168582382
Colorectal cancer,6.666666666666667,Honduras,4.250478927203066
Esophageal cancer,0.0,Honduras,0.8381226053639848
Gallbladder cancer,0.0,Honduras,0.9578544061302683
Hodgkin lymphoma,0.0,Honduras,1.1374521072796935
Kaposi sarcoma,0.0,Honduras,0.029932950191570884
Kidney cancer,0.0,Honduras,1.3170498084291191
Laryngeal cancer,0.0,Honduras,2.095306513409962
Leukemia,0.0,Honduras,4.250478927203066
Liver cancer,0.0,Honduras,3.2327586206896552
Lung cancer,0.0,Honduras,4.011015325670498
Mesothelioma,0.0,Honduras,0.11973180076628354
Mouth cancer,0.0,Honduras,0.6585249042145596
Multiple myeloma,0.0,Honduras,0.8381226053639848
Non-Hodgkin lymphoma,0.0,Honduras,3.6518199233716477
Ovarian cancer,0.0,Honduras,2.3946360153256707
Pancreatic cancer,0.0,Honduras,2.2150383141762453
Penile cancer,0.0,Honduras,1.1973180076628354
Prostate cancer,0.0,Honduras,17.061781609195403
Rectal cancer,0.0,Honduras,1.257183908045977
Salivary gland cancer,0.0,Honduras,0.3113026819923372
Skin cancer,13.333333333333334,Honduras,1.592432950191571
Stomach cancer,13.333333333333334,Honduras,5.148467432950191
Testicular cancer,0.0,Honduras,1.257183908045977
Throat cancer,0.0,Honduras,0.23347701149425287
Thyroid cancer,0.0,Honduras,2.873563218390805
Uterine cancer,0.0,Honduras,1.6163793103448276
Vaginal cancer,0.0,Honduras,0.26939655172413796
Vulvar cancer,0.0,Honduras,0.3532088122605364
Anal cancer,0.2560819462227913,Ireland,0.16308779559662948
Bladder cancer,0.7865374062557161,Ireland,2.007234407343132
Brain cancer,3.036400219498811,Ireland,1.2754301963326151
Breast cancer,26.413023596122187,Ireland,19.131452944989228
Cervical cancer,2.4327784891165174,Ireland,1.568151880736822
Colon cancer,3.3107737333089444,Ireland,4.056286198172579
Colorectal cancer,11.029815255167367,Ireland,6.753507433039912
Esophageal cancer,2.1401134077190416,Ireland,1.1081606623873541
Gallbladder cancer,0.03658313517468447,Ireland,0.16099692642231372
Hodgkin lymphoma,0.5121638924455826,Ireland,0.669078135781044
Kaposi sarcoma,0.07316627034936894,Ireland,0.020908691743157626
Kidney cancer,1.9754892994329614,Ireland,2.174503941288393
Laryngeal cancer,0.29266508139747577,Ireland,0.48089991009262534
Leukemia,7.810499359795134,Ireland,1.5472431889936644
Liver cancer,1.2987012987012987,Ireland,1.1917954293599846
Lung cancer,4.444850923724164,Ireland,6.565329207351494
Mesothelioma,0.5853301627949515,Ireland,0.11290693541305118
Mouth cancer,0.12804097311139565,Ireland,0.8572563614694626
Multiple myeloma,2.505944759465886,Ireland,0.9408911284420932
Non-Hodgkin lymphoma,0.8048289738430584,Ireland,2.425408242206285
Ovarian cancer,3.1644411926102065,Ireland,2.069960482572605
Pancreatic cancer,1.6828242180354855,Ireland,1.4426997302778761
Penile cancer,0.32924821657216025,Ireland,0.2509043009178915
Prostate cancer,9.548198280592647,Ireland,20.86687435967131
Rectal cancer,3.5302725443570515,Ireland,2.529951700922073
Salivary gland cancer,0.018291567587342236,Ireland,0.13381562715620882
Skin cancer,8.725077739162247,Ireland,11.667049992681955
Stomach cancer,0.5670385952076092,Ireland,1.1081606623873541
Testicular cancer,0.7133711359063472,Ireland,1.3799736550484034
Throat cancer,0.0,Ireland,0.5436259853220983
Thyroid cancer,1.0609109200658497,Ireland,1.1081606623873541
Uterine cancer,0.7316627034936894,Ireland,3.303573295418905
Vaginal cancer,0.0,Ireland,0.050180860183578306
Vulvar cancer,0.0548747027620267,Ireland,0.334539067890522
Anal cancer,0.0,St. Lucia,0.0
Bladder cancer,1.271186440677966,St. Lucia,0.2624266748996604
Brain cancer,5.932203389830509,St. Lucia,0.0
Breast cancer,27.54237288135593,St. Lucia,19.952145723988885
Cervical cancer,4.661016949152542,St. Lucia,6.058968817536276
Colon cancer,6.3559322033898304,St. Lucia,3.62766285890707
Colorectal cancer,5.932203389830509,St. Lucia,4.746835443037974
Esophageal cancer,0.423728813559322,St. Lucia,0.656066687249151
Gallbladder cancer,0.0,St. Lucia,0.15436863229391787
Hodgkin lymphoma,0.0,St. Lucia,0.8876196356900277
Kaposi sarcoma,0.0,St. Lucia,0.0
Kidney cancer,3.389830508474576,St. Lucia,1.1963569002778636
Laryngeal cancer,0.0,St. Lucia,0.4245137388082742
Leukemia,7.627118644067797,St. Lucia,1.8524235875270145
Liver cancer,1.694915254237288,St. Lucia,0.46310589688175363
Lung cancer,2.1186440677966103,St. Lucia,3.743439333127508
Mesothelioma,0.847457627118644,St. Lucia,0.0
Mouth cancer,0.0,St. Lucia,1.6980549552330968
Multiple myeloma,1.271186440677966,St. Lucia,0.8104353195430688
Non-Hodgkin lymphoma,0.0,St. Lucia,2.8172275393640014
Ovarian cancer,3.389830508474576,St. Lucia,1.7366471133065762
Pancreatic cancer,1.271186440677966,St. Lucia,1.389317690645261
Penile cancer,0.0,St. Lucia,1.4279098487187403
Prostate cancer,8.05084745762712,St. Lucia,36.23803643099722
Rectal cancer,0.0,St. Lucia,1.1191725841309046
Salivary gland cancer,0.0,St. Lucia,0.0
Skin cancer,15.254237288135593,St. Lucia,0.15436863229391787
Stomach cancer,0.0,St. Lucia,3.3189255943192344
Testicular cancer,0.0,St. Lucia,0.0
Throat cancer,0.0,St. Lucia,0.3280333436245755
Thyroid cancer,0.0,St. Lucia,1.7366471133065762
Uterine cancer,2.9661016949152543,St. Lucia,2.5084902747761655
Vaginal cancer,0.0,St. Lucia,0.33575177523927136
Vulvar cancer,0.0,St. Lucia,0.3550478542760111
Anal cancer,0.0,Venezuela,0.3588561931024062
Bladder cancer,0.0,Venezuela,1.3598761001775392
Brain cancer,7.407407407407407,Venezuela,1.0576814112491972
Breast cancer,16.872427983539094,Venezuela,17.791712310656138
Cervical cancer,6.995884773662551,Venezuela,8.574774298341707
Colon cancer,0.823045267489712,Venezuela,4.684017678389302
Colorectal cancer,4.938271604938271,Venezuela,7.063800853699996
Esophageal cancer,0.823045267489712,Venezuela,0.4532920333925131
Gallbladder cancer,0.0,Venezuela,0.21531371586144368
Hodgkin lymphoma,0.411522633744856,Venezuela,0.8310353945529407
Kaposi sarcoma,0.411522633744856,Venezuela,0.23420088391946509
Kidney cancer,1.2345679012345678,Venezuela,2.493106183658822
Laryngeal cancer,0.0,Venezuela,0.8688097306689834
Leukemia,13.991769547325102,Venezuela,2.2664601669625655
Liver cancer,1.2345679012345678,Venezuela,1.5109734446417102
Lung cancer,2.4691358024691357,Venezuela,6.006119442450799
Mesothelioma,0.411522633744856,Venezuela,0.01888716805802138
Mouth cancer,0.0,Venezuela,0.7177123862048124
Multiple myeloma,1.646090534979424,Venezuela,0.5288407056245986
Non-Hodgkin lymphoma,0.411522633744856,Venezuela,2.342008839194651
Ovarian cancer,0.411522633744856,Venezuela,2.304234503078608
Pancreatic cancer,0.411522633744856,Venezuela,1.5865221168737957
Penile cancer,0.823045267489712,Venezuela,0.6421637139727269
Prostate cancer,6.584362139917696,Venezuela,19.755977788690362
Rectal cancer,1.646090534979424,Venezuela,2.002039814150266
Salivary gland cancer,0.0,Venezuela,0.1737619461337967
Skin cancer,23.045267489711936,Venezuela,4.872889358969516
Stomach cancer,4.526748971193416,Venezuela,2.8330752087032067
Testicular cancer,0.823045267489712,Venezuela,0.944358402901069
Throat cancer,0.0,Venezuela,0.6232765459147055
Thyroid cancer,0.411522633744856,Venezuela,1.2843274279454537
Uterine cancer,1.2345679012345678,Venezuela,3.1730442337475915
Vaginal cancer,0.0,Venezuela,0.24175575114267364
Vulvar cancer,0.0,Venezuela,0.18509424696860952
Anal cancer,0.18163304620634615,Netherlands,0.2131060202450719
Bladder cancer,2.55111869444368,Netherlands,3.7080447522642506
Brain cancer,3.263890800011008,Netherlands,1.0868407032498666
Breast cancer,18.584363045931145,Netherlands,21.651571656899304
Cervical cancer,3.211602498830393,Netherlands,1.4278103356419818
Colon cancer,2.895120675895093,Netherlands,5.966968566862013
Colorectal cancer,10.26777114236178,Netherlands,9.120937666489077
Esophageal cancer,2.0254836667859206,Netherlands,1.4278103356419818
Gallbladder cancer,0.10732861821284091,Netherlands,0.08524240809802876
Hodgkin lymphoma,1.3017034978121473,Netherlands,0.5540756526371869
Kaposi sarcoma,0.0495362853290035,Netherlands,0.027703782631859346
Kidney cancer,2.262157030024493,Netherlands,1.768779968034097
Laryngeal cancer,0.39904229848363926,Netherlands,0.3622802344166222
Leukemia,10.410875966645568,Netherlands,2.1097496004262117
Liver cancer,1.3677518782508187,Netherlands,0.7245604688332444
Lung cancer,5.151773674216363,Netherlands,7.437400106553009
Mesothelioma,0.8366128188898369,Netherlands,0.29834842834310066
Mouth cancer,0.005504031703222611,Netherlands,0.8737346830047946
Multiple myeloma,2.1685884910697086,Netherlands,0.8098028769312732
Non-Hodgkin lymphoma,1.6374494317087267,Netherlands,2.5572722429408627
Ovarian cancer,3.5996367339075874,Netherlands,1.7261587639850824
Pancreatic cancer,2.6254231224371853,Netherlands,1.7261587639850824
Penile cancer,0.18988909376118007,Netherlands,0.18327117741076182
Prostate cancer,8.875251121446459,Netherlands,12.147043153969099
Rectal cancer,3.2776508792690646,Netherlands,2.919552477357485
Salivary gland cancer,0.06329636458706002,Netherlands,0.11933937133724028
Skin cancer,9.100916421278587,Netherlands,11.699520511454446
Stomach cancer,0.3522580290062471,Netherlands,0.9163558870538091
Testicular cancer,0.6659878360899358,Netherlands,2.067128396377197
Throat cancer,0.0027520158516113054,Netherlands,0.44752264251465096
Thyroid cancer,0.9026611993285081,Netherlands,0.8737346830047946
Uterine cancer,1.2741833392960344,Netherlands,2.3441662226957907
Vaginal cancer,0.038528221922558274,Netherlands,0.06393180607352157
Vulvar cancer,0.3522580290062471,Netherlands,0.5540756526371869
Anal cancer,0.0,Solomon Islands,0.1818748700893785
Bladder cancer,0.0,Solomon Islands,0.727499480357514
Brain cancer,0.0,Solomon Islands,0.17667844522968199
Breast cancer,50.0,Solomon Islands,25.56641030970692
Cervical cancer,0.0,Solomon Islands,13.614633132404906
Colon cancer,0.0,Solomon Islands,0.6755352317605487
Colorectal cancer,0.0,Solomon Islands,2.390355435460403
Esophageal cancer,0.0,Solomon Islands,1.1951777177302014
Gallbladder cancer,0.0,Solomon Islands,0.1818748700893785
Hodgkin lymphoma,0.0,Solomon Islands,0.36894616503845357
Kaposi sarcoma,0.0,Solomon Islands,0.0
Kidney cancer,0.0,Solomon Islands,0.2338391186863438
Laryngeal cancer,0.0,Solomon Islands,0.6755352317605487
Leukemia,0.0,Solomon Islands,1.76678445229682
Liver cancer,0.0,Solomon Islands,5.6641030970692166
Lung cancer,0.0,Solomon Islands,3.2217834130118477
Mesothelioma,0.0,Solomon Islands,0.0
Mouth cancer,0.0,Solomon Islands,1.247141966327167
Multiple myeloma,0.0,Solomon Islands,0.6235709831635835
Non-Hodgkin lymphoma,0.0,Solomon Islands,0.88339222614841
Ovarian cancer,0.0,Solomon Islands,3.53356890459364
Pancreatic cancer,0.0,Solomon Islands,0.88339222614841
Penile cancer,0.0,Solomon Islands,0.7794637289544794
Prostate cancer,0.0,Solomon Islands,19.694450218249845
Rectal cancer,0.0,Solomon Islands,1.5069632093119933
Salivary gland cancer,0.0,Solomon Islands,0.6235709831635835
Skin cancer,50.0,Solomon Islands,0.46767823737268754
Stomach cancer,0.0,Solomon Islands,1.247141966327167
Testicular cancer,0.0,Solomon Islands,0.8314279775514446
Throat cancer,0.0,Solomon Islands,0.30658906672209524
Thyroid cancer,0.0,Solomon Islands,4.3130326335481195
Uterine cancer,0.0,Solomon Islands,6.235709831635835
Vaginal cancer,0.0,Solomon Islands,0.1818748700893785
Vulvar cancer,0.0,Solomon Islands,0.0
Anal cancer,0.0,Central African Republic,0.3827815459002081
Bladder cancer,0.0,Central African Republic,1.0073198576321267
Brain cancer,0.0,Central African Republic,0.4969444630985158
Breast cancer,11.11111111111111,Central African Republic,25.31730575515412
Cervical cancer,11.11111111111111,Central African Republic,14.639715264253574
Colon cancer,0.0,Central African Republic,1.7460210865623529
Colorectal cancer,0.0,Central African Republic,3.827815459002081
Esophageal cancer,0.0,Central African Republic,0.8730105432811764
Gallbladder cancer,0.0,Central African Republic,0.24175676583171038
Hodgkin lymphoma,0.0,Central African Republic,0.2619031629843529
Kaposi sarcoma,11.11111111111111,Central African Republic,1.5445571150359272
Kidney cancer,0.0,Central African Republic,0.7387012289302263
Laryngeal cancer,0.0,Central African Republic,0.36935061446511314
Leukemia,0.0,Central African Republic,1.9474850580887781
Liver cancer,22.22222222222222,Central African Republic,4.297898059230407
Lung cancer,22.22222222222222,Central African Republic,1.3430931435095022
Mesothelioma,0.0,Central African Republic,0.0
Mouth cancer,0.0,Central African Republic,0.9401652004566515
Multiple myeloma,0.0,Central African Republic,0.8058558861057012
Non-Hodgkin lymphoma,0.0,Central African Republic,3.0891142300718544
Ovarian cancer,0.0,Central African Republic,3.8949701161775563
Pancreatic cancer,22.22222222222222,Central African Republic,0.8058558861057012
Penile cancer,0.0,Central African Republic,0.08058558861057014
Prostate cancer,0.0,Central African Republic,21.019407695923707
Rectal cancer,0.0,Central African Republic,1.6788664293868778
Salivary gland cancer,0.0,Central African Republic,0.3962124773353031
Skin cancer,0.0,Central African Republic,1.4774024578604525
Stomach cancer,0.0,Central African Republic,2.3504130011416287
Testicular cancer,0.0,Central African Republic,0.06715465717547511
Throat cancer,0.0,Central African Republic,1.1281982405479818
Thyroid cancer,0.0,Central African Republic,0.8730105432811764
Uterine cancer,0.0,Central African Republic,1.3430931435095022
Vaginal cancer,0.0,Central African Republic,0.14102478006849772
Vulvar cancer,0.0,Central African Republic,0.8730105432811764
Anal cancer,0.16129032258064516,Jordan,0.13227513227513227
Bladder cancer,2.5,Jordan,4.262198706643151
Brain cancer,5.0,Jordan,2.3515579071134627
Breast cancer,35.564516129032256,Jordan,29.394473838918284
Cervical cancer,3.064516129032258,Jordan,1.567705271408975
Colon cancer,2.1774193548387095,Jordan,5.878894767783657
Colorectal cancer,10.241935483870968,Jordan,8.083480305702528
Esophageal cancer,0.16129032258064516,Jordan,0.5388986870468353
Gallbladder cancer,0.5645161290322581,Jordan,0.4556143445032334
Hodgkin lymphoma,1.6935483870967742,Jordan,1.02880658436214
Kaposi sarcoma,0.0,Jordan,0.0832843425436018
Kidney cancer,1.532258064516129,Jordan,1.567705271408975
Laryngeal cancer,0.24193548387096775,Jordan,1.5187144816774447
Leukemia,8.387096774193548,Jordan,3.429355281207133
Liver cancer,1.2903225806451613,Jordan,1.2737605330197923
Lung cancer,3.467741935483871,Jordan,7.005682931608858
Mesothelioma,0.6451612903225806,Jordan,0.0832843425436018
Mouth cancer,0.24193548387096775,Jordan,0.6368802665098962
Multiple myeloma,1.1290322580645162,Jordan,1.1757789535567313
Non-Hodgkin lymphoma,1.8548387096774193,Jordan,3.1844013325494807
Ovarian cancer,2.1774193548387095,Jordan,2.792475014697237
Pancreatic cancer,1.6935483870967742,Jordan,1.8616500097981579
Penile cancer,0.08064516129032258,Jordan,0.0
Prostate cancer,6.048387096774194,Jordan,7.397609249461101
Rectal cancer,0.6451612903225806,Jordan,2.10660395845581
Salivary gland cancer,0.0,Jordan,0.22535763276504017
Skin cancer,4.435483870967742,Jordan,1.2492651381540272
Stomach cancer,0.8870967741935484,Jordan,2.596511855771115
Testicular cancer,0.4838709677419355,Jordan,0.832843425436018
Throat cancer,0.0,Jordan,0.6711738193219674
Thyroid cancer,2.5,Jordan,2.7434842249657065
Uterine cancer,0.967741935483871,Jordan,3.5763276504017245
Vaginal cancer,0.0,Jordan,0.13717421124828533
Vulvar cancer,0.16129032258064516,Jordan,0.1567705271408975
Anal cancer,0.35471652738531834,Brazil,0.3568763585634106
Bladder cancer,1.6172668790957734,Brazil,1.7519384874931063
Brain cancer,6.52918896170264,Brazil,1.4923920449015349
Breast cancer,21.90224252991042,Brazil,20.471725659410186
Cervical cancer,6.336800336680094,Brazil,4.120299776141194
Colon cancer,1.4970239884566825,Brazil,3.536320280310159
Colorectal cancer,5.573257981121866,Brazil,6.42377445414139
Esophageal cancer,0.9559309805807732,Brazil,1.2004022969860173
Gallbladder cancer,0.14429146876690915,Brazil,0.23683612886480881
Hodgkin lymphoma,1.1663560391991823,Brazil,0.3568763585634106
Kaposi sarcoma,0.23447363674622737,Brazil,0.08435259384226068
Kidney cancer,1.887813383033728,Brazil,1.2652889076339102
Laryngeal cancer,0.5471051524078638,Brazil,1.0057424650423388
Leukemia,10.803823723922322,Brazil,1.5248353502254814
Liver cancer,3.030120844105092,Brazil,1.4599487395775885
Lung cancer,4.509108398965911,Brazil,4.7367225772961765
Mesothelioma,0.30060722659772743,Brazil,0.019465983194367847
Mouth cancer,0.07815787891540912,Brazil,1.2328456023099637
Multiple myeloma,1.6533397462875008,Brazil,0.6164228011549818
Non-Hodgkin lymphoma,1.491011843924728,Brazil,1.2977322129578566
Ovarian cancer,2.12829916431191,Brazil,1.6546085715212668
Pancreatic cancer,0.998015992304455,Brazil,1.5248353502254814
Penile cancer,0.625263031323273,Brazil,0.42176296921130335
Prostate cancer,6.685504719533458,Brazil,24.754241962171115
Rectal cancer,1.478987554860819,Brazil,2.563021120591767
Salivary gland cancer,0.07815787891540912,Brazil,0.19465983194367847
Skin cancer,11.320868153670414,Brazil,4.574506050676444
Stomach cancer,1.3527325196897733,Brazil,2.4656912046199273
Testicular cancer,0.2885829375338183,Brazil,0.8759692437465532
Throat cancer,0.006012144531954548,Brazil,0.9278785322648676
Thyroid cancer,3.090242289424638,Brazil,3.828310028225677
Uterine cancer,1.0581374376240005,Brazil,2.6603510365636054
Vaginal cancer,0.04809715625563638,Brazil,0.09084125490704997
Vulvar cancer,0.22846149221427284,Brazil,0.27252376472114986
Anal cancer,0.09940357852882704,Lithuania,0.11004448606883634
Bladder cancer,1.5904572564612327,Lithuania,1.8262701943338795
Brain cancer,8.34990059642147,Lithuania,1.5921329899321002
Breast cancer,15.904572564612327,Lithuania,14.68040271599157
Cervical cancer,5.467196819085487,Lithuania,3.207679700304378
Colon cancer,1.6898608349900597,Lithuania,3.020369936782955
Colorectal cancer,7.952286282306163,Lithuania,5.1041910559587915
Esophageal cancer,0.3976143141153082,Lithuania,1.0067899789276515
Gallbladder cancer,0.2982107355864811,Lithuania,0.16623741512526338
Hodgkin lymphoma,0.3976143141153082,Lithuania,0.42144696792320296
Kaposi sarcoma,0.09940357852882704,Lithuania,0.021072348396160148
Kidney cancer,3.6779324055666005,Lithuania,2.7159915710606413
Laryngeal cancer,0.9940357852882704,Lithuania,0.8428939358464059
Leukemia,7.5546719681908545,Lithuania,1.9901662374151252
Liver cancer,1.7892644135188867,Lithuania,1.1472723015687194
Lung cancer,4.572564612326044,Lithuania,5.666120346523062
Mesothelioma,0.8946322067594433,Lithuania,0.02809646452821353
Mouth cancer,0.0,Lithuania,1.194099742449075
Multiple myeloma,0.9940357852882704,Lithuania,0.6789978927651603
Non-Hodgkin lymphoma,0.2982107355864811,Lithuania,1.3579957855303206
Ovarian cancer,3.5785288270377733,Lithuania,2.9969562163427765
Pancreatic cancer,4.473161033797217,Lithuania,1.9901662374151252
Penile cancer,0.09940357852882704,Lithuania,0.2575509248419574
Prostate cancer,9.44333996023857,Lithuania,31.608522594240224
Rectal cancer,5.864811133200795,Lithuania,1.9667525169749471
Salivary gland cancer,0.0,Lithuania,0.14984781081713883
Skin cancer,7.852882703777336,Lithuania,2.2477171622570826
Stomach cancer,1.1928429423459244,Lithuania,2.739405291500819
Testicular cancer,0.6958250497017893,Lithuania,0.6321704518848045
Throat cancer,0.0,Lithuania,1.1683446499648793
Thyroid cancer,2.286282306163022,Lithuania,2.0604073987356593
Uterine cancer,1.4910536779324055,Lithuania,5.1041910559587915
Vaginal cancer,0.0,Lithuania,0.07726527745258721
Vulvar cancer,0.0,Lithuania,0.22243034418169047
Anal cancer,0.23850823937554205,Norway,0.19138940978599184
Bladder cancer,1.5719861231569818,Norway,2.5131942699170646
Brain cancer,4.976149176062446,Norway,1.391922980261759
Breast cancer,21.454900260190808,Norway,18.4816440156978
Cervical cancer,3.3716392020815262,Norway,2.107216734007385
Colon cancer,3.1439722463139637,Norway,5.935004929727222
Colorectal cancer,9.724631396357328,Norway,8.757515417480233
Esophageal cancer,0.3360797918473547,Norway,0.5799679084423995
Gallbladder cancer,0.010841283607979185,Norway,0.06186324356718929
Hodgkin lymphoma,0.9540329575021682,Norway,0.46397432675391964
Kaposi sarcoma,0.054206418039895926,Norway,0.01159935816884799
Kidney cancer,1.355160450997398,Norway,2.1458812612368785
Laryngeal cancer,0.15177797051170858,Norway,0.18945618342451717
Leukemia,9.464440589765829,Norway,1.875229570630425
Liver cancer,0.6504770164787511,Norway,0.7926228082046126
Lung cancer,3.8594969644405897,Norway,5.413033812129062
Mesothelioma,1.1058109280138768,Norway,0.11599358168847991
Mouth cancer,0.0,Norway,0.8119550718193593
Multiple myeloma,2.699479618386817,Norway,0.8699518626635994
Non-Hodgkin lymphoma,1.409366869037294,Norway,2.107216734007385
Ovarian cancer,4.184735472679965,Norway,1.7785682525566917
Pancreatic cancer,2.1790980052038162,Norway,1.5659133527944789
Penile cancer,0.16261925411968778,Norway,0.23198716337695982
Prostate cancer,8.79228100607112,Norway,21.24615771260657
Rectal cancer,2.8946227233304422,Norway,2.6291878516055447
Salivary gland cancer,0.0,Norway,0.14499197711059988
Skin cancer,8.65134431916739,Norway,9.337483325922632
Stomach cancer,0.6287944492627927,Norway,0.8119550718193593
Testicular cancer,2.2007805724197746,Norway,2.1845457884663717
Throat cancer,0.0,Norway,0.4117772149941037
Thyroid cancer,0.9323503902862099,Norway,1.546581089179732
Uterine cancer,2.6452732003469213,Norway,2.880507278597251
Vaginal cancer,0.03252385082393756,Norway,0.08506195990488527
Vulvar cancer,0.16261925411968778,Norway,0.3286484814506931
Anal cancer,0.06350550381033022,Hungary,0.05099114028937472
Bladder cancer,1.5029635901778153,Hungary,3.165699959632014
Brain cancer,4.593564775613887,Hungary,1.104808039603119
Breast cancer,18.818797629127857,Hungary,16.232179658784286
Cervical cancer,3.302286198137172,Hungary,2.677034865192173
Colon cancer,2.1380186282811176,Hungary,5.694010665646844
Colorectal cancer,7.747671464860288,Hungary,9.39086833662651
Esophageal cancer,0.9737510584250635,Hungary,0.6161429451632778
Gallbladder cancer,0.0846740050804403,Hungary,0.159347313404296
Hodgkin lymphoma,1.7569856054191364,Hungary,0.5311577113476533
Kaposi sarcoma,0.1693480101608806,Hungary,0.004249261690781226
Kidney cancer,2.6672311600338694,Hungary,2.358340238383581
Laryngeal cancer,0.31752751905165116,Hungary,0.956083880425776
Leukemia,12.891617273497037,Hungary,1.6997046763124906
Liver cancer,3.344623200677392,Hungary,0.9135912635179637
Lung cancer,6.583403895004234,Hungary,10.11324282405932
Mesothelioma,0.6985605419136325,Hungary,0.07011281789789024
Mouth cancer,0.0,Hungary,1.3385174325960865
Multiple myeloma,2.4555461473327687,Hungary,0.42492616907812264
Non-Hodgkin lymphoma,2.476714648602879,Hungary,1.5509805171351476
Ovarian cancer,2.81541066892464,Hungary,2.1671234622984255
Pancreatic cancer,2.5402201524132093,Hungary,2.209616079206238
Penile cancer,0.0846740050804403,Hungary,0.21246308453906132
Prostate cancer,4.043183742591024,Hungary,14.5537212909257
Rectal cancer,1.100762066045724,Hungary,3.654365054071855
Salivary gland cancer,0.021168501270110076,Hungary,0.18059362185820213
Skin cancer,12.489415749364944,Hungary,4.992882486667941
Stomach cancer,0.5715495342929721,Hungary,1.59347313404296
Testicular cancer,0.8467400508044031,Hungary,2.422079163745299
Throat cancer,0.0,Hungary,1.648713536023116
Thyroid cancer,1.7781541066892463,Hungary,3.4631482779866998
Uterine cancer,0.9525825571549534,Hungary,3.399409352624981
Vaginal cancer,0.021168501270110076,Hungary,0.11048080396031189
Vulvar cancer,0.14817950889077053,Hungary,0.33994093526249813
Anal cancer,0.0,Afghanistan,0.37274962328495514
Bladder cancer,1.8181818181818181,Afghanistan,1.903402331667856
Brain cancer,5.454545454545454,Afghanistan,3.0137203584741052
Breast cancer,32.72727272727273,Afghanistan,23.316678562931237
Cervical cancer,9.090909090909092,Afghanistan,8.168768340074548
Colon cancer,1.8181818181818181,Afghanistan,2.141327623126338
Colorectal cancer,10.909090909090908,Afghanistan,4.441272107224997
Esophageal cancer,5.454545454545454,Afghanistan,3.806804663335712
Gallbladder cancer,0.0,Afghanistan,0.6423982869379015
Hodgkin lymphoma,1.8181818181818181,Afghanistan,0.5789515425489729
Kaposi sarcoma,0.0,Afghanistan,0.07930843048616067
Kidney cancer,3.6363636363636362,Afghanistan,1.903402331667856
Laryngeal cancer,0.0,Afghanistan,0.951701165833928
Leukemia,7.2727272727272725,Afghanistan,2.617178206043302
Liver cancer,3.6363636363636362,Afghanistan,3.6481878023633905
Lung cancer,3.6363636363636362,Afghanistan,5.710206995003568
Mesothelioma,1.8181818181818181,Afghanistan,0.05551590134031247
Mouth cancer,0.0,Afghanistan,3.6481878023633905
Multiple myeloma,3.6363636363636362,Afghanistan,0.4917122690141961
Non-Hodgkin lymphoma,0.0,Afghanistan,1.744785470695535
Ovarian cancer,3.6363636363636362,Afghanistan,3.330954080418748
Pancreatic cancer,0.0,Afghanistan,1.5068601792370526
Penile cancer,0.0,Afghanistan,0.07930843048616067
Prostate cancer,0.0,Afghanistan,5.155047981600443
Rectal cancer,0.0,Afghanistan,1.903402331667856
Salivary gland cancer,0.0,Afghanistan,0.2141327623126338
Skin cancer,3.6363636363636362,Afghanistan,2.529938932508526
Stomach cancer,0.0,Afghanistan,8.723927353477674
Testicular cancer,0.0,Afghanistan,0.7375684035212942
Throat cancer,0.0,Afghanistan,1.3878975335078116
Thyroid cancer,0.0,Afghanistan,0.7930843048616066
Uterine cancer,0.0,Afghanistan,3.9654215243080335
Vaginal cancer,0.0,Afghanistan,0.1427551748750892
Vulvar cancer,0.0,Afghanistan,0.2934411927987945
Anal cancer,0.0,Papua New Guinea,0.7664071638901213
Bladder cancer,3.0303030303030303,Papua New Guinea,0.9680932596506796
Brain cancer,6.0606060606060606,Papua New Guinea,0.4437094106732282
Breast cancer,21.21212121212121,Papua New Guinea,18.55512080997136
Cervical cancer,12.121212121212121,Papua New Guinea,11.213746924287038
Colon cancer,6.0606060606060606,Papua New Guinea,2.057198176757694
Colorectal cancer,6.0606060606060606,Papua New Guinea,4.719454640797063
Esophageal cancer,3.0303030303030303,Papua New Guinea,1.492477108628131
Gallbladder cancer,0.0,Papua New Guinea,0.5647210681295631
Hodgkin lymphoma,0.0,Papua New Guinea,0.18151748618450242
Kaposi sarcoma,0.0,Papua New Guinea,0.03630349723690048
Kidney cancer,0.0,Papua New Guinea,0.4437094106732282
Laryngeal cancer,0.0,Papua New Guinea,0.8470816021943446
Leukemia,6.0606060606060606,Papua New Guinea,1.7748376426929129
Liver cancer,6.0606060606060606,Papua New Guinea,4.840466298253398
Lung cancer,6.0606060606060606,Papua New Guinea,4.316082449275947
Mesothelioma,0.0,Papua New Guinea,0.04437094106732281
Mouth cancer,0.0,Papua New Guinea,7.059013351619539
Multiple myeloma,0.0,Papua New Guinea,0.318664031301682
Non-Hodgkin lymphoma,0.0,Papua New Guinea,2.662256464039369
Ovarian cancer,3.0303030303030303,Papua New Guinea,2.9446169981041503
Pancreatic cancer,0.0,Papua New Guinea,0.685732725585898
Penile cancer,0.0,Papua New Guinea,0.9680932596506796
Prostate cancer,6.0606060606060606,Papua New Guinea,11.415433020047598
Rectal cancer,3.0303030303030303,Papua New Guinea,1.9361865193013592
Salivary gland cancer,0.0,Papua New Guinea,0.2581582025735146
Skin cancer,3.0303030303030303,Papua New Guinea,6.816990036706867
Stomach cancer,3.0303030303030303,Papua New Guinea,3.2673147513210434
Testicular cancer,0.0,Papua New Guinea,0.4437094106732282
Throat cancer,0.0,Papua New Guinea,0.7785083296357548
Thyroid cancer,6.0606060606060606,Papua New Guinea,2.783268121495704
Uterine cancer,0.0,Papua New Guinea,3.9933846960590533
Vaginal cancer,0.0,Papua New Guinea,0.22588842725182526
Vulvar cancer,0.0,Papua New Guinea,0.17748376426929124
Anal cancer,0.0,Slovakia,0.24568213645185863
Bladder cancer,1.5160349854227406,Slovakia,2.874480996486746
Brain cancer,4.723032069970846,Slovakia,1.4003881777755942
Breast cancer,19.24198250728863,Slovakia,16.534407783210085
Cervical cancer,3.0903790087463556,Slovakia,3.169299560228976
Colon cancer,3.0320699708454812,Slovakia,4.889074515391986
Colorectal cancer,9.387755102040817,Slovakia,8.770852271331355
Esophageal cancer,0.3498542274052478,Slovakia,0.7861828366459477
Gallbladder cancer,0.23323615160349853,Slovakia,0.29481856374223037
Hodgkin lymphoma,0.7580174927113703,Slovakia,0.7616146230007618
Kaposi sarcoma,0.1749271137026239,Slovakia,0.009827285458074346
Kidney cancer,2.0408163265306123,Slovakia,2.7270717146156307
Laryngeal cancer,0.05830903790087463,Slovakia,0.7370464093555759
Leukemia,21.924198250728864,Slovakia,1.793479596098568
Liver cancer,1.4577259475218658,Slovakia,1.081001400388178
Lung cancer,2.4489795918367347,Slovakia,5.552416283812005
Mesothelioma,0.23323615160349853,Slovakia,0.034395499103260216
Mouth cancer,0.0,Slovakia,1.5723656732918954
Multiple myeloma,1.9825072886297377,Slovakia,0.6879099820652042
Non-Hodgkin lymphoma,0.8746355685131195,Slovakia,1.5477974596467095
Ovarian cancer,3.0903790087463556,Slovakia,2.4568213645185866
Pancreatic cancer,0.9912536443148688,Slovakia,2.1128663734859843
Penile cancer,0.0,Slovakia,0.24076849372282147
Prostate cancer,6.355685131195335,Slovakia,17.001203842468616
Rectal cancer,0.5830903790087464,Slovakia,3.636095619487508
Salivary gland cancer,0.0,Slovakia,0.15232292460015234
Skin cancer,9.912536443148689,Slovakia,5.40500700194089
Stomach cancer,0.3498542274052478,Slovakia,1.621502100582267
Testicular cancer,2.4489795918367347,Slovakia,3.243004201164534
Throat cancer,0.0,Slovakia,2.009679876176204
Thyroid cancer,0.9912536443148688,Slovakia,0.8353192639363194
Uterine cancer,1.6909620991253644,Slovakia,5.2821659337149605
Vaginal cancer,0.0,Slovakia,0.06633417684200184
Vulvar cancer,0.05830903790087463,Slovakia,0.4667960592585314
Anal cancer,1.098901098901099,Zimbabwe,0.3286936105986919
Bladder cancer,1.098901098901099,Zimbabwe,0.905584437363743
Brain cancer,1.098901098901099,Zimbabwe,0.7378836156297166
Breast cancer,17.032967032967033,Zimbabwe,12.007378836156294
Cervical cancer,32.967032967032964,Zimbabwe,22.87439208452121
Colon cancer,0.5494505494505495,Zimbabwe,1.7440885460338753
Colorectal cancer,2.197802197802198,Zimbabwe,3.2533959416401133
Esophageal cancer,0.0,Zimbabwe,4.024819721616636
Gallbladder cancer,0.0,Zimbabwe,0.2180110682542344
Hodgkin lymphoma,1.098901098901099,Zimbabwe,0.2582592654704008
Kaposi sarcoma,6.043956043956044,Zimbabwe,3.186315612946503
Kidney cancer,1.6483516483516483,Zimbabwe,0.5031024652020795
Laryngeal cancer,0.0,Zimbabwe,0.40248197216166354
Leukemia,8.241758241758241,Zimbabwe,0.905584437363743
Liver cancer,7.142857142857143,Zimbabwe,2.582592654704008
Lung cancer,7.142857142857143,Zimbabwe,1.9788696964615125
Mesothelioma,1.098901098901099,Zimbabwe,0.02347811504276371
Mouth cancer,0.0,Zimbabwe,0.4695623008552741
Multiple myeloma,1.098901098901099,Zimbabwe,1.1739057521381853
Non-Hodgkin lymphoma,1.6483516483516483,Zimbabwe,3.454636927720945
Ovarian cancer,0.5494505494505495,Zimbabwe,2.1801106825423444
Pancreatic cancer,0.0,Zimbabwe,0.905584437363743
Penile cancer,0.0,Zimbabwe,1.006204930404159
Prostate cancer,2.197802197802198,Zimbabwe,22.90793224886802
Rectal cancer,0.0,Zimbabwe,1.2074459164849907
Salivary gland cancer,0.0,Zimbabwe,0.17776287103806807
Skin cancer,4.945054945054945,Zimbabwe,2.3478115042763705
Stomach cancer,0.5494505494505495,Zimbabwe,3.454636927720945
Testicular cancer,0.5494505494505495,Zimbabwe,0.0670803286936106
Throat cancer,0.0,Zimbabwe,0.30186147912124767
Thyroid cancer,0.0,Zimbabwe,0.7043434512829112
Uterine cancer,0.0,Zimbabwe,2.582592654704008
Vaginal cancer,0.0,Zimbabwe,0.285091396947845
Vulvar cancer,0.0,Zimbabwe,0.8385041086701324
Anal cancer,0.0,Gambia,0.0
Bladder cancer,0.0,Gambia,1.2067205049661187
Brain cancer,4.166666666666667,Gambia,0.3620161514898356
Breast cancer,9.722222222222221,Gambia,11.231783161607721
Cervical cancer,5.555555555555555,Gambia,36.57291376589622
Colon cancer,2.7777777777777777,Gambia,0.8354218880534668
Colorectal cancer,1.3888888888888888,Gambia,2.4134410099322374
Esophageal cancer,0.0,Gambia,1.8564930845632597
Gallbladder cancer,0.0,Gambia,0.0
Hodgkin lymphoma,4.166666666666667,Gambia,0.14851944676506076
Kaposi sarcoma,0.0,Gambia,0.26919149726167263
Kidney cancer,0.0,Gambia,0.22277917014759116
Laryngeal cancer,0.0,Gambia,0.529100529100529
Leukemia,5.555555555555555,Gambia,0.8261394226306505
Liver cancer,29.166666666666668,Gambia,16.615613106841174
Lung cancer,29.166666666666668,Gambia,4.641232711408149
Mesothelioma,0.0,Gambia,0.0
Mouth cancer,0.0,Gambia,0.3156038243757541
Multiple myeloma,0.0,Gambia,0.0
Non-Hodgkin lymphoma,4.166666666666667,Gambia,1.5780191218787707
Ovarian cancer,1.3888888888888888,Gambia,2.042142393019586
Pancreatic cancer,0.0,Gambia,1.4851944676506077
Penile cancer,0.0,Gambia,0.7611621646709364
Prostate cancer,0.0,Gambia,9.560939385500788
Rectal cancer,0.0,Gambia,1.5780191218787707
Salivary gland cancer,0.0,Gambia,0.0649772579597141
Skin cancer,2.7777777777777777,Gambia,0.3341687552213867
Stomach cancer,0.0,Gambia,2.5990903183885634
Testicular cancer,0.0,Gambia,0.0649772579597141
Throat cancer,0.0,Gambia,0.0
Thyroid cancer,0.0,Gambia,0.3898635477582845
Uterine cancer,0.0,Gambia,1.3923698134224447
Vaginal cancer,0.0,Gambia,0.0
Vulvar cancer,0.0,Gambia,0.10210711965097928
Anal cancer,0.2947435364332363,United Kingdom,0.3498868699120618
Bladder cancer,2.4068683805004527,United Kingdom,3.125656037881085
Brain cancer,3.859795024826945,United Kingdom,1.2829185230108933
Breast cancer,20.56845143458161,United Kingdom,21.926243847822537
Cervical cancer,2.491255534085072,United Kingdom,1.7494343495603089
Colon cancer,1.8785314189271825,United Kingdom,4.338597186909567
Colorectal cancer,9.776679793557225,United Kingdom,7.207669520188473
Esophageal cancer,0.5723650417043759,United Kingdom,1.3762216883207763
Gallbladder cancer,0.14553726487782206,United Kingdom,0.17027827669053675
Hodgkin lymphoma,0.8744465914927965,United Kingdom,0.653122157169182
Kaposi sarcoma,0.13330724261918156,United Kingdom,0.037321266123953256
Kidney cancer,2.273561137881271,United Kingdom,2.3325791327470786
Laryngeal cancer,0.2788445074970036,United Kingdom,0.3965384525670034
Leukemia,12.011104860210846,United Kingdom,1.959366471507546
Liver cancer,2.515715578602353,United Kingdom,1.1196379837185977
Lung cancer,5.153731379791111,United Kingdom,7.021063189568706
Mesothelioma,1.2523542792847884,United Kingdom,0.3965384525670034
Mouth cancer,0.0599271090673385,United Kingdom,1.1429637750460686
Multiple myeloma,2.4924785363109363,United Kingdom,0.9330316530988314
Non-Hodgkin lymphoma,1.5703348580094416,United Kingdom,2.612488628676728
Ovarian cancer,4.326981875107013,United Kingdom,2.145972802127312
Pancreatic cancer,2.3029131913020082,United Kingdom,1.5628280189405426
Penile cancer,0.2372624318176259,United Kingdom,0.2799094959296494
Prostate cancer,8.702883839248587,United Kingdom,17.26108558232838
Rectal cancer,1.989824621480811,United Kingdom,2.495859672039374
Salivary gland cancer,0.02079103783968887,United Kingdom,0.14695248536306596
Skin cancer,8.310300124746227,United Kingdom,7.604207972755476
Stomach cancer,0.5185529437663576,United Kingdom,0.8397284877889483
Testicular cancer,0.5417899860577746,United Kingdom,1.5628280189405426
Throat cancer,0.01100702003277646,United Kingdom,0.8047398007977421
Thyroid cancer,0.9221436783014945,United Kingdom,1.18961535770101
Uterine cancer,1.296382359415894,United Kingdom,3.4522171164656763
Vaginal cancer,0.03424406232419343,United Kingdom,0.07930769051340067
Vulvar cancer,0.1748893182985593,United Kingdom,0.44319003522194494
Anal cancer,0.0,Guatemala,0.028786919223904663
Bladder cancer,2.127659574468085,Guatemala,0.46634809142725553
Brain cancer,2.127659574468085,Guatemala,1.036329092060568
Breast cancer,6.382978723404255,Guatemala,16.35097011917785
Cervical cancer,19.148936170212767,Guatemala,12.378375266279004
Colon cancer,0.0,Guatemala,3.2241349530773222
Colorectal cancer,4.25531914893617,Guatemala,3.5695779837641783
Esophageal cancer,2.127659574468085,Guatemala,0.5757383844780932
Gallbladder cancer,0.0,Guatemala,0.20150843456733264
Hodgkin lymphoma,6.382978723404255,Guatemala,0.5066497783407221
Kaposi sarcoma,0.0,Guatemala,0.0
Kidney cancer,2.127659574468085,Guatemala,1.1514767689561864
Laryngeal cancer,0.0,Guatemala,0.35120041453163686
Leukemia,12.76595744680851,Guatemala,3.512004145316369
Liver cancer,6.382978723404255,Guatemala,8.923944959410445
Lung cancer,6.382978723404255,Guatemala,2.1878058610167543
Mesothelioma,0.0,Guatemala,0.0
Mouth cancer,0.0,Guatemala,0.5008923944959411
Multiple myeloma,0.0,Guatemala,0.21878058610167544
Non-Hodgkin lymphoma,6.382978723404255,Guatemala,1.439345961195233
Ovarian cancer,0.0,Guatemala,1.7272151534342797
Pancreatic cancer,0.0,Guatemala,1.439345961195233
Penile cancer,0.0,Guatemala,0.17272151534342797
Prostate cancer,6.382978723404255,Guatemala,25.102193563244867
Rectal cancer,0.0,Guatemala,0.3224134953077323
Salivary gland cancer,0.0,Guatemala,0.08636075767171399
Skin cancer,10.638297872340425,Guatemala,2.0035695779837646
Stomach cancer,0.0,Guatemala,7.024008290632738
Testicular cancer,2.127659574468085,Guatemala,1.439345961195233
Throat cancer,0.0,Guatemala,0.2648396568599229
Thyroid cancer,0.0,Guatemala,2.130232022568945
Uterine cancer,2.127659574468085,Guatemala,1.439345961195233
Vaginal cancer,2.127659574468085,Guatemala,0.10939029305083772
Vulvar cancer,0.0,Guatemala,0.11514767689561865
Anal cancer,0.0,Uganda,0.273660205245154
Bladder cancer,0.30864197530864196,Uganda,0.8665906499429877
Brain cancer,0.6172839506172839,Uganda,0.8665906499429877
Breast cancer,17.901234567901234,Uganda,10.62713797035348
Cervical cancer,37.65432098765432,Uganda,24.53819840364881
Colon cancer,1.2345679012345678,Uganda,1.7331812998859755
Colorectal cancer,1.8518518518518519,Uganda,3.3295324971493736
Esophageal cancer,1.8518518518518519,Uganda,6.020524515393388
Gallbladder cancer,0.0,Uganda,0.05929304446978337
Hodgkin lymphoma,3.0864197530864197,Uganda,0.547320410490308
Kaposi sarcoma,5.246913580246914,Uganda,5.062713797035349
Kidney cancer,1.5432098765432098,Uganda,0.5929304446978336
Laryngeal cancer,0.30864197530864196,Uganda,0.6385404789053594
Leukemia,4.012345679012346,Uganda,1.094640820980616
Liver cancer,4.012345679012346,Uganda,4.059293044469785
Lung cancer,4.938271604938271,Uganda,1.36830102622577
Mesothelioma,0.30864197530864196,Uganda,0.05017103762827824
Mouth cancer,0.0,Uganda,1.0490307867730901
Multiple myeloma,0.30864197530864196,Uganda,0.4561003420752567
Non-Hodgkin lymphoma,2.1604938271604937,Uganda,3.3751425313568992
Ovarian cancer,1.2345679012345678,Uganda,2.5541619156214375
Pancreatic cancer,0.30864197530864196,Uganda,0.7297605473204106
Penile cancer,0.0,Uganda,1.4139110604332956
Prostate cancer,8.333333333333334,Uganda,19.657924743443562
Rectal cancer,0.0,Uganda,1.3226909920182444
Salivary gland cancer,0.30864197530864196,Uganda,0.18700114025085524
Skin cancer,0.6172839506172839,Uganda,1.158494868871152
Stomach cancer,0.30864197530864196,Uganda,1.505131128848347
Testicular cancer,0.30864197530864196,Uganda,0.2052451539338655
Throat cancer,0.0,Uganda,1.441277080957811
Thyroid cancer,0.6172839506172839,Uganda,0.820980615735462
Uterine cancer,0.6172839506172839,Uganda,1.7331812998859755
Vaginal cancer,0.0,Uganda,0.15963511972633984
Vulvar cancer,0.0,Uganda,0.5017103762827824
Anal cancer,0.04420866489832007,Croatia,0.10936930368209989
Bladder cancer,2.1662245800176834,Croatia,2.6658767772511847
Brain cancer,5.216622458001768,Croatia,1.481042654028436
Breast cancer,17.418213969938108,Croatia,16.997812613926357
Cervical cancer,4.155614500442087,Croatia,1.891177542836311
Colon cancer,3.890362511052166,Croatia,5.582391542107182
Colorectal cancer,5.349248452696728,Croatia,9.364746627779803
Esophageal cancer,0.22104332449160036,Croatia,0.5240612468100619
Gallbladder cancer,0.1768346595932803,Croatia,0.34177907400656216
Hodgkin lymphoma,2.6967285587975245,Croatia,0.5012759752096245
Kaposi sarcoma,0.22104332449160036,Croatia,0.01822821728034998
Kidney cancer,3.227232537577365,Croatia,2.34688297484506
Laryngeal cancer,0.9725906277630415,Croatia,0.7063434196135618
Leukemia,9.151193633952255,Croatia,2.005103900838498
Liver cancer,2.2104332449160036,Croatia,1.1848341232227488
Lung cancer,4.376657824933687,Croatia,8.453335763762304
Mesothelioma,0.9283819628647215,Croatia,0.22557418884433103
Mouth cancer,0.04420866489832007,Croatia,0.7519139628144368
Multiple myeloma,2.1662245800176834,Croatia,0.8886255924170616
Non-Hodgkin lymphoma,3.757736516357206,Croatia,2.3240977032446226
Ovarian cancer,3.669319186560566,Croatia,2.4380240612468103
Pancreatic cancer,1.3262599469496021,Croatia,1.6633248268319358
Penile cancer,0.04420866489832007,Croatia,0.19823186292380604
Prostate cancer,7.073386383731211,Croatia,15.835763762304047
Rectal cancer,0.5305039787798409,Croatia,3.6684287276704346
Salivary gland cancer,0.04420866489832007,Croatia,0.13899015676266863
Skin cancer,12.820512820512821,Croatia,4.397557418884433
Stomach cancer,0.7515473032714411,Croatia,2.141815530441123
Testicular cancer,0.5747126436781609,Croatia,2.574735690849435
Throat cancer,0.0,Croatia,0.8635617936565804
Thyroid cancer,3.0061892130857646,Croatia,3.189938024061247
Uterine cancer,1.4588859416445623,Croatia,4.078563616478308
Vaginal cancer,0.08841732979664015,Croatia,0.08202697776157492
Vulvar cancer,0.22104332449160036,Croatia,0.36456434560699963
Anal cancer,0.09259259259259259,Ukraine,0.16675313125324237
Bladder cancer,1.7592592592592593,Ukraine,2.3345438375453935
Brain cancer,5.648148148148148,Ukraine,1.5193063069739858
Breast cancer,20.74074074074074,Ukraine,15.971244348921658
Cervical cancer,2.7777777777777777,Ukraine,5.632550211220631
Colon cancer,3.611111111111111,Ukraine,4.780256429259615
Colorectal cancer,4.62962962962963,Ukraine,8.967612836285479
Esophageal cancer,0.5555555555555556,Ukraine,1.1858000444675014
Gallbladder cancer,0.09259259259259259,Ukraine,0.22604313347661745
Hodgkin lymphoma,0.46296296296296297,Ukraine,0.7411250277921884
Kaposi sarcoma,0.0,Ukraine,0.01852812569480471
Kidney cancer,3.3333333333333335,Ukraine,2.9645001111687534
Laryngeal cancer,0.2777777777777778,Ukraine,1.2969687986363296
Leukemia,18.51851851851852,Ukraine,2.1122063292077367
Liver cancer,0.37037037037037035,Ukraine,0.9634625361298449
Lung cancer,2.314814814814815,Ukraine,7.63358778625954
Mesothelioma,0.2777777777777778,Ukraine,0.0889350033350626
Mouth cancer,0.0,Ukraine,1.593418809753205
Multiple myeloma,3.425925925925926,Ukraine,0.48173126806492245
Non-Hodgkin lymphoma,0.7407407407407407,Ukraine,1.4451938041947672
Ovarian cancer,3.425925925925926,Ukraine,4.076187652857036
Pancreatic cancer,1.3888888888888888,Ukraine,2.371600088935003
Penile cancer,0.0,Ukraine,0.26309938486622686
Prostate cancer,5.0,Ukraine,9.782850366856886
Rectal cancer,2.037037037037037,Ukraine,4.039131401467427
Salivary gland cancer,0.0,Ukraine,0.23345438375453934
Skin cancer,6.296296296296297,Ukraine,3.446231379233676
Stomach cancer,0.9259259259259259,Ukraine,3.5203438820128947
Testicular cancer,0.0,Ukraine,0.7040687764025789
Throat cancer,0.0,Ukraine,1.5081894315571034
Thyroid cancer,8.055555555555555,Ukraine,2.223375083376565
Uterine cancer,3.1481481481481484,Ukraine,7.188912769584226
Vaginal cancer,0.09259259259259259,Ukraine,0.11116875416882825
Vulvar cancer,0.0,Ukraine,0.4076187652857036
Anal cancer,0.8130081300813008,Costa Rica,0.09663053524913873
Bladder cancer,0.0,Costa Rica,1.3864381144441642
Brain cancer,0.0,Costa Rica,1.5544912192252751
Breast cancer,15.447154471544716,Costa Rica,15.75497857322914
Cervical cancer,18.69918699186992,Costa Rica,4.453407276699437
Colon cancer,4.065040650406504,Costa Rica,3.991261238551382
Colorectal cancer,4.065040650406504,Costa Rica,6.007898495924712
Esophageal cancer,0.0,Costa Rica,0.34030753718174944
Gallbladder cancer,0.0,Costa Rica,0.2982942609864717
Hodgkin lymphoma,0.8130081300813008,Costa Rica,0.714225695319721
Kaposi sarcoma,0.0,Costa Rica,0.1008318628686665
Kidney cancer,0.0,Costa Rica,1.1763717334677757
Laryngeal cancer,0.8130081300813008,Costa Rica,0.4621460381480548
Leukemia,21.13821138211382,Costa Rica,2.56280984791194
Liver cancer,1.6260162601626016,Costa Rica,2.1006638097638852
Lung cancer,4.878048780487805,Costa Rica,2.856902781278884
Mesothelioma,0.8130081300813008,Costa Rica,0.021006638097638853
Mouth cancer,0.0,Costa Rica,0.5881858667338878
Multiple myeloma,2.4390243902439024,Costa Rica,0.6722124191244433
Non-Hodgkin lymphoma,0.8130081300813008,Costa Rica,2.3947567431308294
Ovarian cancer,1.6260162601626016,Costa Rica,1.8065708763969412
Pancreatic cancer,0.8130081300813008,Costa Rica,1.7645576002016636
Penile cancer,1.6260162601626016,Costa Rica,0.4621460381480548
Prostate cancer,1.6260162601626016,Costa Rica,19.158053945046635
Rectal cancer,0.0,Costa Rica,1.9326107049827743
Salivary gland cancer,0.0,Costa Rica,0.2142677085959163
Skin cancer,7.317073170731708,Costa Rica,8.486681791446097
Stomach cancer,8.130081300813009,Costa Rica,5.881858667338879
Testicular cancer,0.0,Costa Rica,1.6805310478111082
Throat cancer,0.0,Costa Rica,0.403327451474666
Thyroid cancer,0.8130081300813008,Costa Rica,5.797832114948323
Uterine cancer,1.6260162601626016,Costa Rica,4.495420552894714
Vaginal cancer,0.0,Costa Rica,0.1008318628686665
Vulvar cancer,0.0,Costa Rica,0.28148895050836065
Anal cancer,0.0,Tajikistan,0.5066057415317374
Bladder cancer,0.0,Tajikistan,0.9933445912387008
Brain cancer,0.0,Tajikistan,4.470050660574154
Breast cancer,0.0,Tajikistan,19.370219529154667
Cervical cancer,0.0,Tajikistan,6.556074302175426
Colon cancer,0.0,Tajikistan,2.582695937220622
Colorectal cancer,0.0,Tajikistan,5.562729710936725
Esophageal cancer,0.0,Tajikistan,2.2846925598490118
Gallbladder cancer,0.0,Tajikistan,0.3576040528459323
Hodgkin lymphoma,0.0,Tajikistan,0.3178702691963843
Kaposi sarcoma,0.0,Tajikistan,0.039733783649548035
Kidney cancer,50.0,Tajikistan,1.9866891824774016
Laryngeal cancer,0.0,Tajikistan,0.30793682328399724
Leukemia,0.0,Tajikistan,2.0860236416012716
Liver cancer,0.0,Tajikistan,4.5693851196980235
Lung cancer,0.0,Tajikistan,5.364060792688984
Mesothelioma,0.0,Tajikistan,0.019866891824774018
Mouth cancer,0.0,Tajikistan,1.291347968610311
Multiple myeloma,0.0,Tajikistan,0.21853581007251419
Non-Hodgkin lymphoma,0.0,Tajikistan,2.2846925598490118
Ovarian cancer,0.0,Tajikistan,1.7880202642296614
Pancreatic cancer,0.0,Tajikistan,1.291347968610311
Penile cancer,0.0,Tajikistan,0.0
Prostate cancer,0.0,Tajikistan,3.8740439058309333
Rectal cancer,0.0,Tajikistan,2.483361478096752
Salivary gland cancer,0.0,Tajikistan,0.10926790503625709
Skin cancer,50.0,Tajikistan,2.1058905334260456
Stomach cancer,0.0,Tajikistan,19.270885070030793
Testicular cancer,0.0,Tajikistan,0.42713817423264133
Throat cancer,0.0,Tajikistan,0.8642097943776698
Thyroid cancer,0.0,Tajikistan,0.3377371610211583
Uterine cancer,0.0,Tajikistan,5.960067547432205
Vaginal cancer,0.0,Tajikistan,0.019866891824774018
Vulvar cancer,0.0,Tajikistan,0.29800337737161026
Anal cancer,0.0,Yemen,0.1199160587588688
Bladder cancer,6.557377049180328,Yemen,2.098531028280204
Brain cancer,3.278688524590164,Yemen,2.897971420005996
Breast cancer,29.508196721311474,Yemen,25.382232437293897
Cervical cancer,3.278688524590164,Yemen,2.098531028280204
Colon cancer,1.639344262295082,Yemen,5.49615269311482
Colorectal cancer,6.557377049180328,Yemen,9.093634455880885
Esophageal cancer,1.639344262295082,Yemen,5.396222644149096
Gallbladder cancer,0.0,Yemen,0.1099230538622964
Hodgkin lymphoma,0.0,Yemen,1.698810832417308
Kaposi sarcoma,0.0,Yemen,0.0599580293794344
Kidney cancer,1.639344262295082,Yemen,0.6195663035874888
Laryngeal cancer,0.0,Yemen,1.99860097931448
Leukemia,4.918032786885246,Yemen,4.197062056560408
Liver cancer,6.557377049180328,Yemen,4.396922154491857
Lung cancer,6.557377049180328,Yemen,4.097132007594683
Mesothelioma,0.0,Yemen,0.0099930048965724
Mouth cancer,0.0,Yemen,1.798740881383032
Multiple myeloma,0.0,Yemen,0.1099230538622964
Non-Hodgkin lymphoma,0.0,Yemen,3.597481762766064
Ovarian cancer,3.278688524590164,Yemen,2.897971420005996
Pancreatic cancer,1.639344262295082,Yemen,1.99860097931448
Penile cancer,0.0,Yemen,0.0
Prostate cancer,0.0,Yemen,2.598181273108824
Rectal cancer,0.0,Yemen,3.49755171380034
Salivary gland cancer,0.0,Yemen,0.9393424602778055
Skin cancer,4.918032786885246,Yemen,1.778754871589887
Stomach cancer,1.639344262295082,Yemen,5.895872888977716
Testicular cancer,0.0,Yemen,0.199860097931448
Throat cancer,0.0,Yemen,1.8187268911761767
Thyroid cancer,16.39344262295082,Yemen,2.298391126211652
Uterine cancer,0.0,Yemen,0.149895073448586
Vaginal cancer,0.0,Yemen,0.4097132007594684
Vulvar cancer,0.0,Yemen,0.2398321175177376
Anal cancer,0.0,Montenegro,0.20476545048399106
Bladder cancer,4.545454545454546,Montenegro,2.482005460412013
Brain cancer,2.272727272727273,Montenegro,2.450980392156863
Breast cancer,13.636363636363637,Montenegro,23.734177215189874
Cervical cancer,13.636363636363637,Montenegro,3.7230081906180192
Colon cancer,0.0,Montenegro,4.002233804914371
Colorectal cancer,20.454545454545453,Montenegro,6.608339538346985
Esophageal cancer,0.0,Montenegro,0.5894762968478531
Gallbladder cancer,0.0,Montenegro,0.2450980392156863
Hodgkin lymphoma,2.272727272727273,Montenegro,0.7756267063787541
Kaposi sarcoma,0.0,Montenegro,0.0
Kidney cancer,0.0,Montenegro,1.2410027302060065
Laryngeal cancer,13.636363636363637,Montenegro,1.2410027302060065
Leukemia,0.0,Montenegro,1.520228344502358
Liver cancer,2.272727272727273,Montenegro,1.4581782079920576
Lung cancer,2.272727272727273,Montenegro,11.386200049640111
Mesothelioma,0.0,Montenegro,0.06825515016133035
Mouth cancer,0.0,Montenegro,0.6825515016133037
Multiple myeloma,0.0,Montenegro,0.4033258873169521
Non-Hodgkin lymphoma,2.272727272727273,Montenegro,1.7374038222884092
Ovarian cancer,0.0,Montenegro,1.4892032762472078
Pancreatic cancer,4.545454545454546,Montenegro,1.7994539587987093
Penile cancer,0.0,Montenegro,0.10548523206751055
Prostate cancer,6.818181818181818,Montenegro,11.200049640109208
Rectal cancer,0.0,Montenegro,2.4199553239017124
Salivary gland cancer,0.0,Montenegro,0.10858773889302557
Skin cancer,4.545454545454546,Montenegro,7.539091586001489
Stomach cancer,2.272727272727273,Montenegro,1.2099776619508562
Testicular cancer,2.272727272727273,Montenegro,2.109704641350211
Throat cancer,0.0,Montenegro,0.5894762968478531
Thyroid cancer,2.272727272727273,Montenegro,1.2720277984611565
Uterine cancer,0.0,Montenegro,5.429386944651278
Vaginal cancer,0.0,Montenegro,0.08066517746339043
Vulvar cancer,0.0,Montenegro,0.09307520476545049
Anal cancer,0.0,Congo Republic,0.6354009077155826
Bladder cancer,0.0,Congo Republic,0.4765506807866869
Brain cancer,0.0,Congo Republic,0.2193645990922844
Breast cancer,25.49019607843137,Congo Republic,20.347957639939487
Cervical cancer,13.72549019607843,Congo Republic,16.868381240544633
Colon cancer,0.0,Congo Republic,1.5128593040847202
Colorectal cancer,3.9215686274509802,Congo Republic,3.6308623298033287
Esophageal cancer,0.0,Congo Republic,0.32526475037821484
Gallbladder cancer,0.0,Congo Republic,0.06051437216338881
Hodgkin lymphoma,1.9607843137254901,Congo Republic,0.052950075642965215
Kaposi sarcoma,0.0,Congo Republic,0.26475037821482605
Kidney cancer,3.9215686274509802,Congo Republic,0.5068078668683813
Laryngeal cancer,0.0,Congo Republic,0.39334341906202724
Leukemia,11.764705882352942,Congo Republic,1.8154311649016643
Liver cancer,5.882352941176471,Congo Republic,5.219364599092285
Lung cancer,5.882352941176471,Congo Republic,1.0590015128593042
Mesothelioma,0.0,Congo Republic,0.0
Mouth cancer,0.0,Congo Republic,0.4614220877458397
Multiple myeloma,5.882352941176471,Congo Republic,0.9833585476550681
Non-Hodgkin lymphoma,0.0,Congo Republic,0.9077155824508322
Ovarian cancer,7.8431372549019605,Congo Republic,2.6475037821482603
Pancreatic cancer,0.0,Congo Republic,0.8320726172465962
Penile cancer,0.0,Congo Republic,0.037821482602118005
Prostate cancer,5.882352941176471,Congo Republic,31.996974281391832
Rectal cancer,0.0,Congo Republic,1.5128593040847202
Salivary gland cancer,0.0,Congo Republic,0.17397881996974282
Skin cancer,5.882352941176471,Congo Republic,1.3918305597579426
Stomach cancer,0.0,Congo Republic,2.5718608169440245
Testicular cancer,0.0,Congo Republic,0.022692889561270805
Throat cancer,0.0,Congo Republic,0.39334341906202724
Thyroid cancer,1.9607843137254901,Congo Republic,0.3403933434190621
Uterine cancer,0.0,Congo Republic,0.9077155824508322
Vaginal cancer,0.0,Congo Republic,0.2193645990922844
Vulvar cancer,0.0,Congo Republic,1.2102874432677762
Anal cancer,0.0,Cameroon,0.3573493089494981
Bladder cancer,0.0,Cameroon,0.7357191654842608
Brain cancer,0.9259259259259259,Cameroon,0.2680119817121236
Breast cancer,20.833333333333332,Cameroon,25.53996531609648
Cervical cancer,16.666666666666668,Cameroon,17.394503126806452
Colon cancer,0.9259259259259259,Cameroon,1.6816438068211674
Colorectal cancer,2.314814814814815,Cameroon,3.3107362446791737
Esophageal cancer,0.46296296296296297,Cameroon,0.6831677965210993
Gallbladder cancer,0.0,Cameroon,0.09984760103000682
Hodgkin lymphoma,0.9259259259259259,Cameroon,0.283777392401072
Kaposi sarcoma,1.3888888888888888,Cameroon,3.258184875716012
Kidney cancer,0.9259259259259259,Cameroon,0.4414314992905565
Laryngeal cancer,0.0,Cameroon,0.14714383309685217
Leukemia,12.037037037037036,Cameroon,0.9459246413369067
Liver cancer,11.11111111111111,Cameroon,3.047979399863366
Lung cancer,11.11111111111111,Cameroon,1.629092437858006
Mesothelioma,0.0,Cameroon,0.02627568448158074
Mouth cancer,0.0,Cameroon,0.8933732723737452
Multiple myeloma,0.9259259259259259,Cameroon,0.4099006779126596
Non-Hodgkin lymphoma,0.9259259259259259,Cameroon,4.099006779126595
Ovarian cancer,1.3888888888888888,Cameroon,3.100530768826528
Pancreatic cancer,2.314814814814815,Cameroon,0.7357191654842608
Penile cancer,0.0,Cameroon,0.057806505859477636
Prostate cancer,6.018518518518518,Cameroon,20.284828419780332
Rectal cancer,0.9259259259259259,Cameroon,1.2612328551158756
Salivary gland cancer,0.0,Cameroon,0.6831677965210993
Skin cancer,4.62962962962963,Cameroon,1.6816438068211674
Stomach cancer,0.0,Cameroon,1.839297913710652
Testicular cancer,0.46296296296296297,Cameroon,0.18918492826738134
Throat cancer,0.0,Cameroon,2.2281780440380468
Thyroid cancer,1.8518518518518519,Cameroon,0.3941352672237111
Uterine cancer,0.9259259259259259,Cameroon,1.523989699931683
Vaginal cancer,0.0,Cameroon,0.31005307688265277
Vulvar cancer,0.0,Cameroon,0.4571969099795049
Anal cancer,0.3089996137504828,Thailand,0.1350810486291775
Bladder cancer,0.6373117033603708,Thailand,1.7010206123674205
Brain cancer,2.7616840478949403,Thailand,1.4008405043025816
Breast cancer,17.01429123213596,Thailand,18.711226736041624
Cervical cancer,12.900733874082658,Thailand,7.454472683610167
Colon cancer,3.205870992661259,Thailand,4.202521512907745
Colorectal cancer,6.952491309385863,Thailand,7.954772863718231
Esophageal cancer,0.984936268829664,Thailand,1.3508104862917751
Gallbladder cancer,0.1544998068752414,Thailand,0.7004202521512908
Hodgkin lymphoma,0.5600617999227501,Thailand,0.20012007204322593
Kaposi sarcoma,0.05793742757821553,Thailand,0.04002401440864519
Kidney cancer,1.08149864812669,Thailand,0.8505103061837103
Laryngeal cancer,0.28968713789107764,Thailand,0.6503902341404844
Leukemia,8.091927385090768,Thailand,2.5515309185511303
Liver cancer,10.737736577829278,Thailand,11.356814088453072
Lung cancer,15.140981073773657,Thailand,9.055433259955976
Mesothelioma,0.19312475859405176,Thailand,0.015009005403241946
Mouth cancer,0.019312475859405175,Thailand,1.8010806483890334
Multiple myeloma,0.9076863653920433,Thailand,0.5503301981188714
Non-Hodgkin lymphoma,1.4098107377365778,Thailand,2.9517710626375826
Ovarian cancer,3.88180764774044,Thailand,3.70222133279968
Pancreatic cancer,0.8883738895326381,Thailand,1.250750450270162
Penile cancer,0.17381228273464658,Thailand,0.6003602161296778
Prostate cancer,2.877558903051371,Thailand,6.253752251350811
Rectal cancer,1.2939358825801468,Thailand,3.6021612967780667
Salivary gland cancer,0.05793742757821553,Thailand,0.25015009005403244
Skin cancer,3.0706836616454227,Thailand,1.3958375025015008
Stomach cancer,0.4055619930475087,Thailand,1.650990594356614
Testicular cancer,0.05793742757821553,Thailand,0.3151891134680809
Throat cancer,0.0,Thailand,1.876125675405243
Thyroid cancer,1.429123213595983,Thailand,1.7010206123674205
Uterine cancer,2.2402471996910003,Thailand,3.4520712427456473
Vaginal cancer,0.0772499034376207,Thailand,0.13007804682809687
Vulvar cancer,0.13518733101583624,Thailand,0.185111066639984
Anal cancer,0.023215322112594312,Finland,0.1113529381991193
Bladder cancer,2.3099245502031343,Finland,1.9992913903932783
Brain cancer,3.4010446894950666,Finland,1.2147593258085743
Breast cancer,22.80905397562391,Finland,23.358809535860708
Cervical cancer,2.809053975623912,Finland,1.1641443538998835
Colon cancer,2.217063261752757,Finland,4.1757351824669735
Colorectal cancer,7.649448636099826,Finland,6.782406235764539
Esophageal cancer,0.6964596633778294,Finland,0.6579946348129777
Gallbladder cancer,0.1857225769007545,Finland,0.13412967555803007
Hodgkin lymphoma,0.9982588508415554,Finland,0.683302120767323
Kaposi sarcoma,0.1044689495066744,Finland,0.022776737358910767
Kidney cancer,2.2634939059779455,Finland,2.252366249936731
Laryngeal cancer,0.5571677307022634,Finland,0.23282887077997672
Leukemia,10.342426001160765,Finland,1.9486764184845877
Liver cancer,1.1955890887986071,Finland,1.037606924128157
Lung cancer,2.4956471271038887,Finland,4.859037303234297
Mesothelioma,1.7643644805571677,Finland,0.1695601558941135
Mouth cancer,0.011607661056297156,Finland,1.0122994381738117
Multiple myeloma,1.7643644805571677,Finland,0.7339170926760136
Non-Hodgkin lymphoma,2.1125943122460824,Finland,2.885053398795364
Ovarian cancer,5.14219384793964,Finland,1.872753960621552
Pancreatic cancer,2.2634939059779455,Finland,2.252366249936731
Penile cancer,0.06964596633778293,Finland,0.172090904489548
Prostate cancer,12.861288450377248,Finland,20.802753454471834
Rectal cancer,1.10272780034823,Finland,2.4801336235258393
Salivary gland cancer,0.1857225769007545,Finland,0.1695601558941135
Skin cancer,8.241439349970982,Finland,7.946550589664423
Stomach cancer,0.7893209518282066,Finland,1.0122994381738117
Testicular cancer,0.6384213580963436,Finland,1.7209090448954802
Throat cancer,0.0,Finland,0.43275800981930457
Thyroid cancer,0.893789901334881,Finland,2.049906362301969
Uterine cancer,1.9036564132327336,Finland,3.1381282583388166
Vaginal cancer,0.046430644225188625,Finland,0.08351470364933948
Vulvar cancer,0.15089959373186304,Finland,0.43022726122387006
Anal cancer,0.0,Azerbaijan,0.4690785571790586
Bladder cancer,4.918032786885246,Azerbaijan,2.9115220790424328
Brain cancer,4.918032786885246,Azerbaijan,2.9654391545802556
Breast cancer,21.311475409836067,Azerbaijan,17.73871785194371
Cervical cancer,0.0,Azerbaijan,4.421200194101472
Colon cancer,1.639344262295082,Azerbaijan,4.529034345177117
Colorectal cancer,11.475409836065573,Azerbaijan,7.656224726370842
Esophageal cancer,4.918032786885246,Azerbaijan,4.313366043025827
Gallbladder cancer,1.639344262295082,Azerbaijan,0.3019356230118079
Hodgkin lymphoma,0.0,Azerbaijan,1.0783415107564567
Kaposi sarcoma,0.0,Azerbaijan,0.23723513236642044
Kidney cancer,8.19672131147541,Azerbaijan,1.5096781150590393
Laryngeal cancer,0.0,Azerbaijan,1.6714293416725077
Leukemia,6.557377049180328,Azerbaijan,2.85760500350461
Liver cancer,1.639344262295082,Azerbaijan,2.9115220790424328
Lung cancer,1.639344262295082,Azerbaijan,10.459912654337627
Mesothelioma,0.0,Azerbaijan,0.12400927373699251
Mouth cancer,0.0,Azerbaijan,0.9705073596808109
Multiple myeloma,0.0,Azerbaijan,0.647004906453874
Non-Hodgkin lymphoma,0.0,Azerbaijan,1.9410147193616218
Ovarian cancer,1.639344262295082,Azerbaijan,3.1811074567315467
Pancreatic cancer,6.557377049180328,Azerbaijan,1.6175122661346848
Penile cancer,0.0,Azerbaijan,0.010783415107564566
Prostate cancer,4.918032786885246,Azerbaijan,5.8230441580848655
Rectal cancer,0.0,Azerbaijan,2.641936701353319
Salivary gland cancer,0.0,Azerbaijan,0.4798619722866232
Skin cancer,9.836065573770492,Azerbaijan,1.9194478891464928
Stomach cancer,6.557377049180328,Azerbaijan,8.950234539278592
Testicular cancer,0.0,Azerbaijan,0.647004906453874
Throat cancer,0.0,Azerbaijan,0.5769127082547043
Thyroid cancer,1.639344262295082,Azerbaijan,1.5635951905968621
Uterine cancer,0.0,Azerbaijan,2.6958537768911413
Vaginal cancer,0.0,Azerbaijan,0.01617512266134685
Vulvar cancer,0.0,Azerbaijan,0.1617512266134685
Anal cancer,0.014885382554331646,Singapore,0.18315018315018317
Bladder cancer,1.816016671628461,Singapore,1.1904761904761907
Brain cancer,3.676689490919917,Singapore,0.8547008547008548
Breast cancer,21.390294730574574,Singapore,22.16117216117216
Cervical cancer,2.2476927657040786,Singapore,2.2588522588522593
Colon cancer,2.2030366180410836,Singapore,6.318681318681319
Colorectal cancer,8.707948794284013,Singapore,10.378510378510379
Esophageal cancer,0.38701994641262283,Singapore,0.57997557997558
Gallbladder cancer,0.17862459065197975,Singapore,0.39682539682539686
Hodgkin lymphoma,0.714498362607919,Singapore,0.39682539682539686
Kaposi sarcoma,0.04465614766299494,Singapore,0.018315018315018316
Kidney cancer,2.0541827924977674,Singapore,2.136752136752137
Laryngeal cancer,0.05954153021732658,Singapore,0.4578754578754579
Leukemia,8.573980351295027,Singapore,2.686202686202687
Liver cancer,11.952962191128313,Singapore,3.6935286935286937
Lung cancer,15.034236379874963,Singapore,7.417582417582419
Mesothelioma,0.2828222685323013,Singapore,0.1098901098901099
Mouth cancer,0.0,Singapore,0.702075702075702
Multiple myeloma,2.396546591247395,Singapore,0.6715506715506717
Non-Hodgkin lymphoma,1.562965168204823,Singapore,3.4493284493284495
Ovarian cancer,2.8431080678773446,Singapore,3.1440781440781445
Pancreatic cancer,1.0568621613575468,Singapore,2.3504273504273505
Penile cancer,0.08931229532598987,Singapore,0.13736263736263737
Prostate cancer,4.376302470973504,Singapore,10.012210012210012
Rectal cancer,1.6671628460851444,Singapore,3.876678876678877
Salivary gland cancer,0.02977076510866329,Singapore,0.20757020757020758
Skin cancer,3.929740994343555,Singapore,1.2942612942612943
Stomach cancer,0.8038106579339089,Singapore,2.442002442002442
Testicular cancer,0.1637392080976481,Singapore,0.6715506715506717
Throat cancer,0.014885382554331646,Singapore,1.9536019536019538
Thyroid cancer,0.9824352485858887,Singapore,2.1672771672771676
Uterine cancer,0.6847275974992557,Singapore,5.372405372405374
Vaginal cancer,0.014885382554331646,Singapore,0.11599511599511601
Vulvar cancer,0.04465614766299494,Singapore,0.19230769230769232
Anal cancer,0.4416403785488959,Colombia,0.30992966980569797
Bladder cancer,0.6309148264984227,Colombia,1.1125680454563516
Brain cancer,3.911671924290221,Colombia,1.3112409107164145
Breast cancer,21.451104100946374,Colombia,20.145428537370368
Cervical cancer,12.555205047318612,Colombia,5.443636508125721
Colon cancer,2.145110410094637,Colombia,4.450272181825406
Colorectal cancer,6.056782334384858,Colombia,6.516469980530059
Esophageal cancer,0.12618296529968454,Colombia,0.5562840227281758
Gallbladder cancer,0.1892744479495268,Colombia,0.38145190129932055
Hodgkin lymphoma,1.135646687697161,Colombia,0.4768148766241507
Kaposi sarcoma,0.31545741324921134,Colombia,0.2741685540588866
Kidney cancer,1.9558359621451105,Colombia,1.5099137759764771
Laryngeal cancer,0.31545741324921134,Colombia,0.5562840227281758
Leukemia,11.041009463722398,Colombia,2.423808956172766
Liver cancer,1.8927444794952681,Colombia,1.430444629872452
Lung cancer,4.100946372239748,Colombia,4.013191878253268
Mesothelioma,0.9463722397476341,Colombia,0.08344260340922637
Mouth cancer,0.0,Colombia,0.5165494496761632
Multiple myeloma,1.2618296529968454,Colombia,0.8344260340922637
Non-Hodgkin lymphoma,1.8927444794952681,Colombia,2.3840743831207534
Ovarian cancer,2.6498422712933754,Colombia,2.6622163944848416
Pancreatic cancer,0.5047318611987381,Colombia,1.5893829220805022
Penile cancer,0.7570977917981072,Colombia,0.6357531688322009
Prostate cancer,7.192429022082019,Colombia,20.900385425358607
Rectal cancer,0.8201892744479495,Colombia,1.7880557873405651
Salivary gland cancer,0.0,Colombia,0.2701950967536854
Skin cancer,8.264984227129338,Colombia,2.622481821432829
Stomach cancer,2.6498422712933754,Colombia,5.12575992370962
Testicular cancer,0.31545741324921134,Colombia,1.7880557873405651
Throat cancer,0.0,Colombia,0.5324432788969683
Thyroid cancer,3.3438485804416405,Colombia,3.218500417213017
Uterine cancer,1.0725552050473186,Colombia,3.4966424285771054
Vaginal cancer,0.0,Colombia,0.20264632256526405
Vulvar cancer,0.06309148264984227,Colombia,0.4370803035721382
Anal cancer,0.5494505494505495,Kenya,0.40333796940194716
Bladder cancer,0.8241758241758241,Kenya,1.0662957811775613
Brain cancer,2.197802197802198,Kenya,0.9735744089012518
Breast cancer,17.582417582417584,Kenya,18.915159944367176
Cervical cancer,29.12087912087912,Kenya,15.206305053314788
Colon cancer,1.6483516483516483,Kenya,3.05980528511822
Colorectal cancer,4.1208791208791204,Kenya,5.146036161335188
Esophageal cancer,2.7472527472527473,Kenya,6.02688919796013
Gallbladder cancer,0.0,Kenya,0.7417709782104775
Hodgkin lymphoma,0.8241758241758241,Kenya,0.3940658321743162
Kaposi sarcoma,1.6483516483516483,Kenya,0.6954102920723227
Kidney cancer,1.6483516483516483,Kenya,0.602688919796013
Laryngeal cancer,0.27472527472527475,Kenya,0.602688919796013
Leukemia,5.21978021978022,Kenya,2.1789522484932777
Liver cancer,5.4945054945054945,Kenya,1.3444598980064906
Lung cancer,6.318681318681318,Kenya,1.5762633286972647
Mesothelioma,0.27472527472527475,Kenya,0.004636068613815485
Mouth cancer,0.0,Kenya,1.251738525730181
Multiple myeloma,2.7472527472527473,Kenya,1.3444598980064906
Non-Hodgkin lymphoma,0.8241758241758241,Kenya,2.225312934631433
Ovarian cancer,1.6483516483516483,Kenya,3.662494204914233
Pancreatic cancer,0.8241758241758241,Kenya,1.6226240148354196
Penile cancer,0.27472527472527475,Kenya,0.20862308762169682
Prostate cancer,8.791208791208792,Kenya,18.405192396847475
Rectal cancer,0.5494505494505495,Kenya,1.6689847009735745
Salivary gland cancer,0.0,Kenya,0.2132591562355123
Skin cancer,2.197802197802198,Kenya,1.483541956420955
Stomach cancer,0.0,Kenya,3.337969401947149
Testicular cancer,1.098901098901099,Kenya,0.0649049605934168
Throat cancer,0.0,Kenya,1.5855354659248957
Thyroid cancer,0.5494505494505495,Kenya,0.6954102920723227
Uterine cancer,0.0,Kenya,2.688919796012981
Vaginal cancer,0.0,Kenya,0.16689847009735745
Vulvar cancer,0.0,Kenya,0.43579044969865555
Anal cancer,0.018775864387513542,China,0.0889248181083266
Bladder cancer,2.3921466141280767,China,1.3742926434923202
Brain cancer,3.031287186994923,China,1.6976556184316898
Breast cancer,13.3422814705054,China,13.338722716248991
Cervical cancer,3.4758184627641624,China,5.5780113177041235
Colon cancer,2.6440984159767384,China,4.203718674211803
Colorectal cancer,8.357543203517684,China,8.124494745351658
Esophageal cancer,2.1597318603583147,China,3.3548908649959586
Gallbladder cancer,0.30066755809734524,China,0.4446240905416331
Hodgkin lymphoma,0.37627847144165655,China,0.09296685529506872
Kaposi sarcoma,0.02359669443295621,China,0.012126111560226355
Kidney cancer,2.316789428680894,China,1.2530315278900568
Laryngeal cancer,0.31842851089634455,China,0.4850444624090542
Leukemia,6.148080675322171,China,1.8189167340339534
Liver cancer,13.380340655074685,China,6.063055780113178
Lung cancer,19.869177896240515,China,16.49151172190784
Mesothelioma,0.18649000438949262,China,0.04042037186742119
Mouth cancer,0.002537278971285614,China,0.6063055780113178
Multiple myeloma,1.3203999766570336,China,0.4850444624090542
Non-Hodgkin lymphoma,1.161566313054554,China,1.4147130153597414
Ovarian cancer,3.608010697168143,China,2.3039611964430073
Pancreatic cancer,2.9206618238468702,China,1.7784963621665324
Penile cancer,0.057849960545311996,China,0.1980598221503638
Prostate cancer,4.212644276025505,China,3.9207760711398545
Rectal cancer,1.427726877142415,China,3.8399353274050125
Salivary gland cancer,0.013193850650685192,China,0.19401778496362168
Skin cancer,3.0944654333799346,China,0.9175424413904609
Stomach cancer,0.6812594037901873,China,5.537590945836702
Testicular cancer,0.052775402602740766,China,0.16572352465642684
Throat cancer,0.004059646354056983,China,1.261115602263541
Thyroid cancer,1.9785701418085218,China,9.943411479385611
Uterine cancer,1.0780898348992574,China,2.7485852869846403
Vaginal cancer,0.014969945930585121,China,0.09296685529506872
Vulvar cancer,0.02968616396404168,China,0.1293451899757478
Anal cancer,0.0,Vietnam,0.233075537662888
Bladder cancer,0.5330490405117271,Vietnam,0.8475474096832291
Brain cancer,2.4520255863539444,Vietnam,1.377264540735247
Breast cancer,19.50959488272921,Vietnam,20.12925097997669
Cervical cancer,4.690831556503198,Vietnam,3.760991630469329
Colon cancer,2.985074626865672,Vietnam,3.125331073206907
Colorectal cancer,7.889125799573561,Vietnam,7.363068121623052
Esophageal cancer,2.025586353944563,Vietnam,1.6421231062612562
Gallbladder cancer,0.10660980810234541,Vietnam,0.12183494014196417
Hodgkin lymphoma,0.8528784648187633,Vietnam,0.3019387646996503
Kaposi sarcoma,0.0,Vietnam,0.07416039834728255
Kidney cancer,1.0660980810234542,Vietnam,1.0594342621040362
Laryngeal cancer,0.31982942430703626,Vietnam,0.9534908358936327
Leukemia,5.543710021321962,Vietnam,3.0193876469965035
Liver cancer,11.727078891257996,Vietnam,10.700286047250767
Lung cancer,16.73773987206823,Vietnam,10.753257760355968
Mesothelioma,0.31982942430703626,Vietnam,0.15361796800508523
Mouth cancer,0.21321961620469082,Vietnam,1.0594342621040362
Multiple myeloma,0.31982942430703626,Vietnam,0.26485856552600906
Non-Hodgkin lymphoma,0.8528784648187633,Vietnam,1.5891513931560544
Ovarian cancer,2.4520255863539444,Vietnam,1.3242928276300454
Pancreatic cancer,1.492537313432836,Vietnam,0.5297171310520181
Penile cancer,0.0,Vietnam,0.39199067697849344
Prostate cancer,3.518123667377399,Vietnam,6.091747007098209
Rectal cancer,1.9189765458422174,Vietnam,3.972878482890136
Salivary gland cancer,0.21321961620469082,Vietnam,0.18540099586820635
Skin cancer,4.157782515991471,Vietnam,0.6674435851255428
Stomach cancer,2.4520255863539444,Vietnam,7.098209556097043
Testicular cancer,0.21321961620469082,Vietnam,0.27015573683652927
Throat cancer,0.10660980810234541,Vietnam,3.856340714058692
Thyroid cancer,4.371002132196162,Vietnam,2.754529081470494
Uterine cancer,0.8528784648187633,Vietnam,4.131793622205741
Vaginal cancer,0.0,Vietnam,0.047674541794681634
Vulvar cancer,0.10660980810234541,Vietnam,0.1483207966945651
Anal cancer,0.0,Zambia,0.21150592216582068
Bladder cancer,1.2658227848101267,Zambia,1.4382402707275805
Brain cancer,0.0,Zambia,0.8460236886632827
Breast cancer,6.329113924050633,Zambia,9.433164128595601
Cervical cancer,48.10126582278481,Zambia,30.245346869712353
Colon cancer,1.2658227848101267,Zambia,0.7614213197969544
Colorectal cancer,1.2658227848101267,Zambia,2.1573604060913705
Esophageal cancer,3.7974683544303796,Zambia,2.7918781725888326
Gallbladder cancer,0.0,Zambia,0.09306260575296109
Hodgkin lymphoma,0.0,Zambia,0.3764805414551608
Kaposi sarcoma,6.329113924050633,Zambia,6.641285956006769
Kidney cancer,5.063291139240507,Zambia,0.30033840947546536
Laryngeal cancer,0.0,Zambia,0.4653130287648055
Leukemia,5.063291139240507,Zambia,0.6768189509306262
Liver cancer,2.5316455696202533,Zambia,1.9881556683587143
Lung cancer,2.5316455696202533,Zambia,1.2690355329949239
Mesothelioma,0.0,Zambia,0.01269035532994924
Mouth cancer,0.0,Zambia,0.5922165820642978
Multiple myeloma,1.2658227848101267,Zambia,0.1607445008460237
Non-Hodgkin lymphoma,0.0,Zambia,1.4805414551607445
Ovarian cancer,0.0,Zambia,1.5228426395939088
Pancreatic cancer,1.2658227848101267,Zambia,0.5922165820642978
Penile cancer,1.2658227848101267,Zambia,1.2690355329949239
Prostate cancer,5.063291139240507,Zambia,27.664974619289346
Rectal cancer,1.2658227848101267,Zambia,1.1421319796954317
Salivary gland cancer,0.0,Zambia,0.33417935702199664
Skin cancer,0.0,Zambia,1.3832487309644672
Stomach cancer,6.329113924050633,Zambia,1.6497461928934012
Testicular cancer,0.0,Zambia,0.10998307952622674
Throat cancer,0.0,Zambia,0.3553299492385788
Thyroid cancer,0.0,Zambia,0.3553299492385787
Uterine cancer,0.0,Zambia,0.5499153976311337
Vaginal cancer,0.0,Zambia,0.4103214890016921
Vulvar cancer,0.0,Zambia,0.7191201353637903
Anal cancer,0.17395626242544732,New Zealand,0.13903183287290322
Bladder cancer,1.0437375745526838,New Zealand,1.0472527670945957
Brain cancer,3.404572564612326,New Zealand,0.9750284383294512
Breast cancer,19.33399602385686,New Zealand,17.04494158857411
Cervical cancer,3.503976143141153,New Zealand,0.8847480273730206
Colon cancer,2.5596421471172963,New Zealand,4.4598523012476745
Colorectal cancer,11.50596421471173,New Zealand,7.041872054601592
Esophageal cancer,0.09940357852882704,New Zealand,0.6500189588863008
Gallbladder cancer,0.09940357852882704,New Zealand,0.11917014246248848
Hodgkin lymphoma,0.621272365805169,New Zealand,0.30695339725186427
Kaposi sarcoma,0.02485089463220676,New Zealand,0.014444865753028906
Kidney cancer,3.3300198807157058,New Zealand,1.3903183287290324
Laryngeal cancer,0.17395626242544732,New Zealand,0.2527851506780059
Leukemia,9.791252485089464,New Zealand,1.7333838903634688
Liver cancer,1.9135188866799204,New Zealand,0.7222432876514453
Lung cancer,4.821073558648111,New Zealand,4.929310438221115
Mesothelioma,0.7952286282306164,New Zealand,0.18056082191286132
Mouth cancer,0.0,New Zealand,0.7222432876514453
Multiple myeloma,2.9324055666003974,New Zealand,0.7041872054601592
Non-Hodgkin lymphoma,1.6153081510934393,New Zealand,1.8597764657024718
Ovarian cancer,3.131212723658052,New Zealand,1.5347669862593214
Pancreatic cancer,1.8886679920477136,New Zealand,1.083364931477168
Penile cancer,0.0,New Zealand,0.06319628766950147
Prostate cancer,7.678926441351889,New Zealand,14.968492136576204
Rectal cancer,1.9383697813121272,New Zealand,2.419515013632342
Salivary gland cancer,0.02485089463220676,New Zealand,0.07583554520340176
Skin cancer,13.369781312127236,New Zealand,28.40221728689309
Stomach cancer,0.6461232604373758,New Zealand,0.9028041095643067
Testicular cancer,0.6709741550695825,New Zealand,1.3000379177726016
Throat cancer,0.02485089463220676,New Zealand,0.36112164382572265
Thyroid cancer,0.7952286282306164,New Zealand,1.209757506816171
Uterine cancer,1.8141153081510935,New Zealand,2.166729862954336
Vaginal cancer,0.04970178926441352,New Zealand,0.0812523698607876
Vulvar cancer,0.22365805168986083,New Zealand,0.2527851506780059
Anal cancer,0.0,Guinea-Bissau,0.14815860025398617
Bladder cancer,0.0,Guinea-Bissau,1.1288274305065613
Brain cancer,0.0,Guinea-Bissau,1.6932411457598417
Breast cancer,0.0,Guinea-Bissau,19.190066318611542
Cervical cancer,100.0,Guinea-Bissau,24.199238041484403
Colon cancer,0.0,Guinea-Bissau,1.5521377169465218
Colorectal cancer,0.0,Guinea-Bissau,2.751516861859743
Esophageal cancer,0.0,Guinea-Bissau,0.6702412868632708
Gallbladder cancer,0.0,Guinea-Bissau,0.0
Hodgkin lymphoma,0.0,Guinea-Bissau,0.10582757160999011
Kaposi sarcoma,0.0,Guinea-Bissau,0.22576548610131225
Kidney cancer,0.0,Guinea-Bissau,0.5996895724566107
Laryngeal cancer,0.0,Guinea-Bissau,0.22576548610131225
Leukemia,0.0,Guinea-Bissau,0.5432482009312826
Liver cancer,0.0,Guinea-Bissau,9.383378016085791
Lung cancer,0.0,Guinea-Bissau,1.4815860025398617
Mesothelioma,0.0,Guinea-Bissau,0.0
Mouth cancer,0.0,Guinea-Bissau,0.7760688584732609
Multiple myeloma,0.0,Guinea-Bissau,0.23987582898264426
Non-Hodgkin lymphoma,0.0,Guinea-Bissau,1.975448003386482
Ovarian cancer,0.0,Guinea-Bissau,2.8220685762664033
Pancreatic cancer,0.0,Guinea-Bissau,0.6631861154226047
Penile cancer,0.0,Guinea-Bissau,0.0
Prostate cancer,0.0,Guinea-Bissau,20.318893749118104
Rectal cancer,0.0,Guinea-Bissau,1.1288274305065613
Salivary gland cancer,0.0,Guinea-Bissau,0.22576548610131225
Skin cancer,0.0,Guinea-Bissau,1.862565260335826
Stomach cancer,0.0,Guinea-Bissau,3.809792577959644
Testicular cancer,0.0,Guinea-Bissau,0.0
Throat cancer,0.0,Guinea-Bissau,0.042331028643996044
Thyroid cancer,0.0,Guinea-Bissau,0.26809651474530827
Uterine cancer,0.0,Guinea-Bissau,1.6932411457598417
Vaginal cancer,0.0,Guinea-Bissau,0.14815860025398617
Vulvar cancer,0.0,Guinea-Bissau,0.12699308593198813
Anal cancer,0.0,Angola,0.13379417995317203
Bladder cancer,12.5,Angola,1.616679674434162
Brain cancer,12.5,Angola,2.062660274278069
Breast cancer,18.75,Angola,16.389787044263574
Cervical cancer,6.25,Angola,16.947262794068457
Colon cancer,0.0,Angola,1.3379417995317204
Colorectal cancer,0.0,Angola,2.5643884491024638
Esophageal cancer,0.0,Angola,3.5678447987512545
Gallbladder cancer,0.0,Angola,0.10034563496487903
Hodgkin lymphoma,0.0,Angola,0.3233359348868324
Kaposi sarcoma,6.25,Angola,1.5609320994536737
Kidney cancer,0.0,Angola,1.0592039246292786
Laryngeal cancer,0.0,Angola,1.2264466495707438
Leukemia,6.25,Angola,1.114951499609767
Liver cancer,0.0,Angola,3.679339948712231
Lung cancer,0.0,Angola,1.3379417995317204
Mesothelioma,0.0,Angola,0.0
Mouth cancer,0.0,Angola,1.895417549336604
Multiple myeloma,18.75,Angola,0.507302932322444
Non-Hodgkin lymphoma,0.0,Angola,1.5609320994536737
Ovarian cancer,0.0,Angola,1.616679674434162
Pancreatic cancer,6.25,Angola,0.8919611996878136
Penile cancer,0.0,Angola,0.6132233247853719
Prostate cancer,12.5,Angola,26.70308841565392
Rectal cancer,0.0,Angola,1.0592039246292786
Salivary gland cancer,0.0,Angola,0.473854387334151
Skin cancer,0.0,Angola,2.0069126992975805
Stomach cancer,0.0,Angola,2.508640874121976
Testicular cancer,0.0,Angola,0.37908350986732076
Throat cancer,0.0,Angola,1.0313301371390344
Thyroid cancer,0.0,Angola,0.406957297357565
Uterine cancer,0.0,Angola,2.4528932991414876
Vaginal cancer,0.0,Angola,0.36235923737317427
Vulvar cancer,0.0,Angola,0.507302932322444
Anal cancer,0.0,Kazakhstan,0.12026747486409775
Bladder cancer,0.5780346820809249,Kazakhstan,1.5875306682060903
Brain cancer,2.8901734104046244,Kazakhstan,1.7799586279886468
Breast cancer,25.433526011560694,Kazakhstan,17.75147928994083
Cervical cancer,12.138728323699421,Kazakhstan,7.45658344157406
Colon cancer,3.179190751445087,Kazakhstan,3.992880165488046
Colorectal cancer,12.427745664739884,Kazakhstan,7.45658344157406
Esophageal cancer,3.179190751445087,Kazakhstan,1.9723865877712028
Gallbladder cancer,0.0,Kazakhstan,0.2357242507336316
Hodgkin lymphoma,0.0,Kazakhstan,0.40890941453793234
Kaposi sarcoma,0.0,Kazakhstan,0.05291768894020301
Kidney cancer,1.7341040462427746,Kazakhstan,2.2129215374993985
Laryngeal cancer,1.1560693641618498,Kazakhstan,1.1064607687496992
Leukemia,7.803468208092486,Kazakhstan,1.5394236782604511
Liver cancer,3.7572254335260116,Kazakhstan,2.5496704671188724
Lung cancer,4.624277456647399,Kazakhstan,9.477077019290903
Mesothelioma,0.28901734104046245,Kazakhstan,0.11545677586953385
Mouth cancer,0.0,Kazakhstan,1.2988887285322557
Multiple myeloma,0.8670520231213873,Kazakhstan,0.32712753163034586
Non-Hodgkin lymphoma,0.0,Kazakhstan,1.0583537788040605
Ovarian cancer,2.601156069364162,Kazakhstan,3.7042382258142106
Pancreatic cancer,2.3121387283236996,Kazakhstan,2.5496704671188724
Penile cancer,0.0,Kazakhstan,0.20204935777168423
Prostate cancer,6.936416184971098,Kazakhstan,7.45658344157406
Rectal cancer,2.023121387283237,Kazakhstan,3.367489296194737
Salivary gland cancer,0.0,Kazakhstan,0.34637032760860154
Skin cancer,1.4450867052023122,Kazakhstan,4.955019964400828
Stomach cancer,1.1560693641618498,Kazakhstan,6.590657622552556
Testicular cancer,0.28901734104046245,Kazakhstan,0.6734978592389474
Throat cancer,0.0,Kazakhstan,0.7167941501900226
Thyroid cancer,1.4450867052023122,Kazakhstan,1.346995718477895
Uterine cancer,1.7341040462427746,Kazakhstan,4.955019964400828
Vaginal cancer,0.0,Kazakhstan,0.1924279597825564
Vulvar cancer,0.0,Kazakhstan,0.4425843074998797
Anal cancer,0.0,Latvia,0.1627861089187056
Bladder cancer,1.6877637130801688,Latvia,2.7377663772691396
Brain cancer,2.5316455696202533,Latvia,1.6031965272296764
Breast cancer,21.940928270042193,Latvia,16.27861089187056
Cervical cancer,4.219409282700422,Latvia,4.168310970797158
Colon cancer,1.2658227848101267,Latvia,3.058405682715075
Colorectal cancer,10.970464135021096,Latvia,5.796172059984214
Esophageal cancer,0.0,Latvia,0.9125887924230466
Gallbladder cancer,0.0,Latvia,0.1405880031570639
Hodgkin lymphoma,1.6877637130801688,Latvia,0.6412786108918705
Kaposi sarcoma,0.0,Latvia,0.0
Kidney cancer,2.109704641350211,Latvia,3.3790449881610103
Laryngeal cancer,0.0,Latvia,0.7152722967640095
Leukemia,8.016877637130802,Latvia,1.899171270718232
Liver cancer,1.2658227848101267,Latvia,1.0605761641673244
Lung cancer,4.219409282700422,Latvia,5.796172059984214
Mesothelioma,0.0,Latvia,0.03699684293606945
Mouth cancer,0.0,Latvia,1.0852407261247041
Multiple myeloma,1.6877637130801688,Latvia,0.6659431728492502
Non-Hodgkin lymphoma,2.109704641350211,Latvia,1.899171270718232
Ovarian cancer,5.485232067510548,Latvia,3.7736779794790847
Pancreatic cancer,0.8438818565400844,Latvia,2.2938042620363066
Penile cancer,0.0,Latvia,0.2959747434885556
Prostate cancer,9.70464135021097,Latvia,23.998618784530386
Rectal cancer,1.2658227848101267,Latvia,2.589779005524862
Salivary gland cancer,0.0,Latvia,0.17511838989739542
Skin cancer,15.189873417721518,Latvia,3.5516969218626677
Stomach cancer,0.8438818565400844,Latvia,2.984411996842936
Testicular cancer,0.0,Latvia,0.7399368587213891
Throat cancer,0.0,Latvia,1.0383780584056828
Thyroid cancer,1.2658227848101267,Latvia,2.02249408050513
Uterine cancer,0.4219409282700422,Latvia,3.995659037095501
Vaginal cancer,0.4219409282700422,Latvia,0.1085240726124704
Vulvar cancer,0.8438818565400844,Latvia,0.39463299131807417
Anal cancer,0.2862739189392798,Portugal,0.17949402090862784
Bladder cancer,3.4503540756365827,Portugal,2.6681543648579815
Brain cancer,4.655717944854603,Portugal,1.503868823829044
Breast cancer,24.197679674551754,Portugal,21.539282509035342
Cervical cancer,3.2544824468886544,Portugal,2.6924103136294177
Colon cancer,2.9832755763146,Portugal,5.748659858830378
Colorectal cancer,8.91969263221335,Portugal,9.168748635602881
Esophageal cancer,0.8136206117221636,Portugal,0.751934411914522
Gallbladder cancer,0.04520114509567576,Portugal,0.1382589079971863
Hodgkin lymphoma,1.0546933855657676,Portugal,0.7761903606859583
Kaposi sarcoma,0.2862739189392798,Portugal,0.16494045164576612
Kidney cancer,2.516197076992617,Portugal,1.746428311543406
Laryngeal cancer,0.24107277384360404,Portugal,0.8489582070002668
Leukemia,6.328160313394606,Portugal,1.8677080554005872
Liver cancer,2.335392496609914,Portugal,1.6251485676862252
Lung cancer,5.36386921802019,Portugal,5.797171756373251
Mesothelioma,0.4670784993219828,Portugal,0.06549106168287773
Mouth cancer,0.0,Portugal,1.5281247726004803
Multiple myeloma,1.8532469489227061,Portugal,0.8247022582288307
Non-Hodgkin lymphoma,1.8231128521922555,Portugal,2.619642467315109
Ovarian cancer,2.7723368992014463,Portugal,1.4068450287432994
Pancreatic cancer,2.1093867711315353,Portugal,1.6494045164576614
Penile cancer,0.21093867711315353,Portugal,0.23770829796007473
Prostate cancer,8.362211842700015,Portugal,15.184223930919059
Rectal cancer,1.551905981618201,Portugal,3.226041186601014
Salivary gland cancer,0.015067048365225252,Portugal,0.15281247726004804
Skin cancer,7.910200391743257,Portugal,3.4200887767725034
Stomach cancer,1.4012354979659485,Portugal,3.104761442743833
Testicular cancer,0.2862739189392798,Portugal,1.5281247726004803
Throat cancer,0.0,Portugal,1.370461105586145
Thyroid cancer,3.284616543619105,Portugal,3.7839280083440467
Uterine cancer,0.9341569986439656,Portugal,2.4255948771436198
Vaginal cancer,0.09040229019135151,Portugal,0.06549106168287773
Vulvar cancer,0.1958716287479283,Portugal,0.18919640041720232
Anal cancer,0.0,Sao Tome and Principe,0.0
Bladder cancer,6.976744186046512,Sao Tome and Principe,3.716978627372893
Brain cancer,0.0,Sao Tome and Principe,0.0
Breast cancer,16.27906976744186,Sao Tome and Principe,13.208549050842956
Cervical cancer,0.0,Sao Tome and Principe,12.478428249037568
Colon cancer,2.3255813953488373,Sao Tome and Principe,3.5842293906810037
Colorectal cancer,11.627906976744185,Sao Tome and Principe,4.181600955794504
Esophageal cancer,0.0,Sao Tome and Principe,1.061993893535112
Gallbladder cancer,0.0,Sao Tome and Principe,0.43807248108323377
Hodgkin lymphoma,0.0,Sao Tome and Principe,0.0
Kaposi sarcoma,0.0,Sao Tome and Principe,0.0
Kidney cancer,0.0,Sao Tome and Principe,0.2455860878799947
Laryngeal cancer,0.0,Sao Tome and Principe,1.061993893535112
Leukemia,11.627906976744185,Sao Tome and Principe,0.2588610115491836
Liver cancer,6.976744186046512,Sao Tome and Principe,5.309969467675561
Lung cancer,6.976744186046512,Sao Tome and Principe,8.429576529934954
Mesothelioma,0.0,Sao Tome and Principe,0.0
Mouth cancer,0.0,Sao Tome and Principe,0.0
Multiple myeloma,2.3255813953488373,Sao Tome and Principe,0.0
Non-Hodgkin lymphoma,2.3255813953488373,Sao Tome and Principe,0.0
Ovarian cancer,6.976744186046512,Sao Tome and Principe,4.447099429178282
Pancreatic cancer,2.3255813953488373,Sao Tome and Principe,1.5266162219567236
Penile cancer,0.0,Sao Tome and Principe,0.0
Prostate cancer,9.30232558139535,Sao Tome and Principe,29.735829018983143
Rectal cancer,0.0,Sao Tome and Principe,0.5840966414443117
Salivary gland cancer,0.0,Sao Tome and Principe,0.0
Skin cancer,9.30232558139535,Sao Tome and Principe,0.43807248108323377
Stomach cancer,0.0,Sao Tome and Principe,7.367582636399841
Testicular cancer,2.3255813953488373,Sao Tome and Principe,0.0
Throat cancer,0.0,Sao Tome and Principe,0.0
Thyroid cancer,0.0,Sao Tome and Principe,0.0
Uterine cancer,2.3255813953488373,Sao Tome and Principe,1.9248639320323908
Vaginal cancer,0.0,Sao Tome and Principe,0.0
Vulvar cancer,0.0,Sao Tome and Principe,0.0
Anal cancer,0.04223641835172377,India,0.28621402448719985
Bladder cancer,1.9428752441792936,India,1.2720623310542216
Brain cancer,6.905654400506837,India,1.8285896008904434
Breast cancer,23.926930996251517,India,21.148036253776436
Cervical cancer,7.293701494113299,India,14.072189537287327
Colon cancer,3.344596378227126,India,1.9080934965813325
Colorectal cancer,3.8725516076236737,India,3.8956908888535544
Esophageal cancer,1.0664695633810253,India,3.975194784544443
Gallbladder cancer,1.39908135790085,India,1.1925584353633327
Hodgkin lymphoma,1.0611900110870598,India,0.5326761011289554
Kaposi sarcoma,0.09503194129137849,India,0.0
Kidney cancer,2.3335621139327385,India,1.0335506439815552
Laryngeal cancer,0.2930151523150837,India,1.9875973922722214
Leukemia,10.630378543899477,India,2.862140244871999
Liver cancer,4.587930943455995,India,2.146605183653999
Lung cancer,6.926772609682699,India,4.611225950071553
Mesothelioma,0.34317089910775567,India,0.08745428525997774
Mouth cancer,0.0739137321155166,India,7.870885673397996
Multiple myeloma,1.8214455414180877,India,0.9540467482906663
Non-Hodgkin lymphoma,1.4360382239586083,India,2.2261090793448877
Ovarian cancer,3.112296077292646,India,5.247257115598664
Pancreatic cancer,1.7105749432448127,India,0.763237398632533
Penile cancer,0.22174119634654982,India,1.1925584353633327
Prostate cancer,4.717279974658149,India,4.452218158689775
Rectal cancer,0.9212818752969748,India,1.749085705199555
Salivary gland cancer,0.021118209175861886,India,0.44522181586897763
Skin cancer,6.441053798637875,India,0.8506916838925107
Stomach cancer,0.6150678422469774,India,3.5776753060899984
Testicular cancer,0.15838656881896415,India,0.4531722054380664
Throat cancer,0.007919328440948208,India,3.299411671171888
Thyroid cancer,1.6577794203051581,India,1.1925584353633327
Uterine cancer,0.8526476954754237,India,1.9875973922722214
Vaginal cancer,0.050155746792671985,India,0.5565272698362219
Vulvar cancer,0.11615015046724038,India,0.3418667514708221
Anal cancer,0.0,Uruguay,0.2611511542881019
Bladder cancer,2.4258760107816713,Uruguay,2.2981301577352973
Brain cancer,2.1563342318059298,Uruguay,1.2796406560116997
Breast cancer,24.528301886792452,Uruguay,19.612451687036454
Cervical cancer,2.6954177897574123,Uruguay,4.1523033531808204
Colon cancer,4.5822102425876015,Uruguay,5.484174240050141
Colorectal cancer,7.277628032345014,Uruguay,8.09568578293116
Esophageal cancer,1.8867924528301887,Uruguay,1.096834848010028
Gallbladder cancer,0.0,Uruguay,0.4961871931473937
Hodgkin lymphoma,2.964959568733154,Uruguay,0.5223023085762039
Kaposi sarcoma,0.0,Uruguay,0.07312232320066855
Kidney cancer,1.0781671159029649,Uruguay,3.6561161600334273
Laryngeal cancer,2.1563342318059298,Uruguay,0.809568578293116
Leukemia,12.668463611859838,Uruguay,1.4885615794421811
Liver cancer,0.8086253369272237,Uruguay,0.7834534628643058
Lung cancer,1.6172506738544474,Uruguay,7.756189282356628
Mesothelioma,0.0,Uruguay,0.04961871931473937
Mouth cancer,0.0,Uruguay,0.7834534628643058
Multiple myeloma,2.1563342318059298,Uruguay,0.6267627702914447
Non-Hodgkin lymphoma,2.6954177897574123,Uruguay,2.2720150423064864
Ovarian cancer,0.2695417789757412,Uruguay,2.0892092343048154
Pancreatic cancer,0.8086253369272237,Uruguay,2.9771231588843623
Penile cancer,0.0,Uruguay,0.31338138514572234
Prostate cancer,8.355795148247978,Uruguay,15.407918102998014
Rectal cancer,1.6172506738544474,Uruguay,2.3503603885929176
Salivary gland cancer,0.0,Uruguay,0.13841011177269402
Skin cancer,13.746630727762803,Uruguay,5.666980048051812
Stomach cancer,1.8867924528301887,Uruguay,2.4025906194505375
Testicular cancer,0.8086253369272237,Uruguay,1.6974825028726626
Throat cancer,0.0,Uruguay,0.5693095163480623
Thyroid cancer,0.8086253369272237,Uruguay,2.2197848114488665
Uterine cancer,0.0,Uruguay,2.1675545805912466
Vaginal cancer,0.0,Uruguay,0.11490650788676486
Vulvar cancer,0.0,Uruguay,0.28726626971691216
Anal cancer,0.28887662695965466,France,0.342737184842448
Bladder cancer,1.7884384433120193,France,2.163528479317953
Brain cancer,5.365315329936058,France,1.370948739369792
Breast cancer,16.988542309065533,France,22.57781205149626
Cervical cancer,2.3986497452043234,France,1.413790887475098
Colon cancer,2.3905352332110748,France,4.198530514319988
Colorectal cancer,6.186503943652829,France,6.876164770901612
Esophageal cancer,0.5647700347301113,France,0.771158665895508
Gallbladder cancer,0.07465351033788828,France,0.07497375918428549
Hodgkin lymphoma,1.3892044532441818,France,0.5997900734742839
Kaposi sarcoma,0.2726476029731572,France,0.0407000407000407
Kidney cancer,3.0234671686844754,France,2.4420024420024418
Laryngeal cancer,0.2012398974325684,France,0.5141057772636719
Leukemia,15.143302281800773,France,2.163528479317953
Liver cancer,4.8751988055438344,France,1.670843776106934
Lung cancer,8.054464604498685,France,7.690165584902426
Mesothelioma,1.1181797526696744,France,0.1606580553948975
Mouth cancer,0.012983219189197962,France,1.1995801469485678
Multiple myeloma,3.278262845272485,France,0.7283165177902019
Non-Hodgkin lymphoma,2.382420721217826,France,2.4205813679497887
Ovarian cancer,2.835210490441105,France,1.520896257738363
Pancreatic cancer,1.7868155409133695,France,2.013580960949382
Penile cancer,0.08763672952708625,France,0.1392369813422445
Prostate cancer,6.145931383686585,France,17.629543945333417
Rectal cancer,1.3924502580414815,France,2.3348970717391766
Salivary gland cancer,0.03570385277029439,France,0.12638433691065268
Skin cancer,8.672790418384238,France,7.690165584902426
Stomach cancer,0.420331721250284,France,1.049632628579997
Testicular cancer,0.2921224317569541,France,1.6065805539489748
Throat cancer,0.014606121587847708,France,1.214574898785425
Thyroid cancer,1.4184166964198772,France,2.3563181457918296
Uterine cancer,0.9558895128046999,France,2.591949960371013
Vaginal cancer,0.03894965756759389,France,0.0706895443737549
Vulvar cancer,0.10548865591223344,France,0.235631814579183
Anal cancer,0.0,Bhutan,0.0
Bladder cancer,4.761904761904762,Bhutan,0.5490364947787706
Brain cancer,0.0,Bhutan,2.0454300785875765
Breast cancer,4.761904761904762,Bhutan,4.952093874475185
Cervical cancer,47.61904761904762,Bhutan,14.64097319410055
Colon cancer,0.0,Bhutan,1.9377758639250726
Colorectal cancer,9.523809523809524,Bhutan,4.52147701582517
Esophageal cancer,0.0,Bhutan,6.997523953062762
Gallbladder cancer,0.0,Bhutan,2.0454300785875765
Hodgkin lymphoma,0.0,Bhutan,0.0
Kaposi sarcoma,0.0,Bhutan,0.0
Kidney cancer,0.0,Bhutan,0.3444934869200129
Laryngeal cancer,4.761904761904762,Bhutan,2.0454300785875765
Leukemia,0.0,Bhutan,2.799009581225105
Liver cancer,0.0,Bhutan,4.844439659812681
Lung cancer,0.0,Bhutan,7.535795026375283
Mesothelioma,0.0,Bhutan,0.0
Mouth cancer,0.0,Bhutan,3.3372806545376252
Multiple myeloma,0.0,Bhutan,0.3444934869200129
Non-Hodgkin lymphoma,0.0,Bhutan,1.5071590052750565
Ovarian cancer,4.761904761904762,Bhutan,6.028636021100226
Pancreatic cancer,0.0,Bhutan,2.153084293250081
Penile cancer,0.0,Bhutan,1.2918505759500485
Prostate cancer,0.0,Bhutan,1.1841963612875446
Rectal cancer,0.0,Bhutan,2.4760469372375926
Salivary gland cancer,0.0,Bhutan,0.0
Skin cancer,0.0,Bhutan,1.2918505759500485
Stomach cancer,14.285714285714286,Bhutan,17.11702013133814
Testicular cancer,0.0,Bhutan,0.0
Throat cancer,0.0,Bhutan,5.7056733771127135
Thyroid cancer,9.523809523809524,Bhutan,0.9042954031650339
Uterine cancer,0.0,Bhutan,1.3995047906125524
Vaginal cancer,0.0,Bhutan,0.0
Vulvar cancer,0.0,Bhutan,0.0
Anal cancer,0.0,Moldova,0.058258083309059135
Bladder cancer,2.272727272727273,Moldova,2.3303233323623656
Brain cancer,4.545454545454546,Moldova,2.0066673139787037
Breast cancer,29.545454545454547,Moldova,15.082370456678643
Cervical cancer,9.090909090909092,Moldova,4.595915461047999
Colon cancer,2.272727272727273,Moldova,5.275593099653689
Colorectal cancer,6.818181818181818,Moldova,8.900540505550701
Esophageal cancer,0.0,Moldova,0.67967763860569
Gallbladder cancer,0.0,Moldova,0.10033336569893518
Hodgkin lymphoma,4.545454545454546,Moldova,0.4854840275754928
Kaposi sarcoma,0.0,Moldova,0.019419361103019714
Kidney cancer,4.545454545454546,Moldova,1.877204906625239
Laryngeal cancer,2.272727272727273,Moldova,1.7801081011101403
Leukemia,6.818181818181818,Moldova,1.6182800919183093
Liver cancer,0.0,Moldova,3.268925785674985
Lung cancer,4.545454545454546,Moldova,7.21752920995566
Mesothelioma,0.0,Moldova,0.012946240735346474
Mouth cancer,0.0,Moldova,1.4240864808881124
Multiple myeloma,2.272727272727273,Moldova,0.3883872220603943
Non-Hodgkin lymphoma,4.545454545454546,Moldova,1.877204906625239
Ovarian cancer,4.545454545454546,Moldova,2.233226526847267
Pancreatic cancer,0.0,Moldova,2.621613748907661
Penile cancer,0.0,Moldova,0.20066673139787036
Prostate cancer,2.272727272727273,Moldova,11.1984982360747
Rectal cancer,2.272727272727273,Moldova,3.5602162022202806
Salivary gland cancer,0.0,Moldova,0.06796776386056899
Skin cancer,4.545454545454546,Moldova,7.800110043046251
Stomach cancer,0.0,Moldova,3.107097776483154
Testicular cancer,0.0,Moldova,0.6149464349289575
Throat cancer,0.0,Moldova,1.9516457908534808
Thyroid cancer,0.0,Moldova,2.395054536039098
Uterine cancer,2.272727272727273,Moldova,4.91957147943166
Vaginal cancer,0.0,Moldova,0.022655921286856333
Vulvar cancer,0.0,Moldova,0.30747321746447875
