Cancer,Articles,Country,ASR,Norm_articles
Anal cancer,6,Canada,1.2,0.14440854795592467
Bladder cancer,29,Canada,15.6,0.697974648453636
Brain cancer,96,Canada,5.5,2.3105367672947947
Breast cancer,647,Canada,88.6,15.572055087913878
Cervical cancer,60,Canada,6.6,1.4440854795592468
Colon cancer,31,Canada,17.5,0.7461108311056108
Colorectal cancer,153,Canada,28.6,3.6824179728760793
Esophageal cancer,19,Canada,3.2,0.4572937351937615
Gallbladder cancer,1,Canada,0.55,0.02406809132598745
Hodgkin lymphoma,34,Canada,2.6,0.8183151050835732
Kaposi sarcoma,0,Canada,0.16,0.0
Kidney cancer,43,Canada,10.9,1.0349279270174603
Laryngeal cancer,2,Canada,1.2,0.0481361826519749
Leukemia,230,Canada,11.7,5.535661004977113
Liver cancer,34,Canada,5.9,0.8183151050835732
Lung cancer,34,Canada,32.4,0.8183151050835732
Mesothelioma,15,Canada,0.66,0.3610213698898117
Mouth cancer,0,Canada,4.4,0.0
Multiple myeloma,67,Canada,5.3,1.612562118841159
Non-Hodgkin lymphoma,47,Canada,12.1,1.13120029232141
Ovarian cancer,74,Canada,9.2,1.781038758123071
Pancreatic cancer,40,Canada,7.5,0.9627236530394979
Penile cancer,1,Canada,0.68,0.02406809132598745
Prostate cancer,481,Canada,60.1,11.576751927799963
Rectal cancer,46,Canada,9.9,1.1071322009954225
Salivary gland cancer,1,Canada,0.94,0.02406809132598745
Skin cancer,71,Canada,68.0,1.7088344841451086
Stomach cancer,3,Canada,4.7,0.07220427397796234
Testicular cancer,8,Canada,5.8,0.1925447306078996
Throat cancer,0,Canada,3.1100000000000003,0.0
Thyroid cancer,12,Canada,10.7,0.28881709591184934
Uterine cancer,34,Canada,21.1,0.8183151050835732
Vaginal cancer,0,Canada,0.53,0.0
Vulvar cancer,0,Canada,2.2,0.0
Anal cancer,0,Eritrea,0.12,0.0
Bladder cancer,0,Eritrea,2.3,0.0
Brain cancer,0,Eritrea,1.2,0.0
Breast cancer,0,Eritrea,37.8,0.0
Cervical cancer,0,Eritrea,16.4,0.0
Colon cancer,0,Eritrea,3.6,0.0
Colorectal cancer,0,Eritrea,6.9,0.0
Esophageal cancer,0,Eritrea,2.8,0.0
Gallbladder cancer,0,Eritrea,0.8,0.0
Hodgkin lymphoma,0,Eritrea,0.65,0.0
Kaposi sarcoma,0,Eritrea,0.07,0.0
Kidney cancer,0,Eritrea,2.1,0.0
Laryngeal cancer,0,Eritrea,0.83,0.0
Leukemia,0,Eritrea,4.5,0.0
Liver cancer,0,Eritrea,4.3,0.0
Lung cancer,0,Eritrea,3.2,0.0
Mesothelioma,0,Eritrea,0.0,0.0
Mouth cancer,0,Eritrea,1.7,0.0
Multiple myeloma,0,Eritrea,0.91,0.0
Non-Hodgkin lymphoma,0,Eritrea,4.9,0.0
Ovarian cancer,0,Eritrea,7.2,0.0
Pancreatic cancer,0,Eritrea,1.2,0.0
Penile cancer,0,Eritrea,0.11,0.0
Prostate cancer,0,Eritrea,10.9,0.0
Rectal cancer,0,Eritrea,3.2,0.0
Salivary gland cancer,0,Eritrea,0.45,0.0
Skin cancer,0,Eritrea,2.86,0.0
Stomach cancer,0,Eritrea,3.0,0.0
Testicular cancer,0,Eritrea,0.64,0.0
Throat cancer,0,Eritrea,1.24,0.0
Thyroid cancer,0,Eritrea,3.3,0.0
Uterine cancer,0,Eritrea,2.6,0.0
Vaginal cancer,0,Eritrea,0.47,0.0
Vulvar cancer,0,Eritrea,1.3,0.0
Anal cancer,0,Lithuania,0.47,0.0
Bladder cancer,1,Lithuania,7.8,0.34552136928736565
Brain cancer,0,Lithuania,6.8,0.0
Breast cancer,5,Lithuania,62.7,1.7276068464368282
Cervical cancer,1,Lithuania,13.7,0.34552136928736565
Colon cancer,2,Lithuania,12.9,0.6910427385747313
Colorectal cancer,3,Lithuania,21.8,1.0365641078620969
Esophageal cancer,0,Lithuania,4.3,0.0
Gallbladder cancer,0,Lithuania,0.71,0.0
Hodgkin lymphoma,0,Lithuania,1.8,0.0
Kaposi sarcoma,0,Lithuania,0.09,0.0
Kidney cancer,0,Lithuania,11.6,0.0
Laryngeal cancer,0,Lithuania,3.6,0.0
Leukemia,1,Lithuania,8.5,0.34552136928736565
Liver cancer,0,Lithuania,4.9,0.0
Lung cancer,0,Lithuania,24.2,0.0
Mesothelioma,0,Lithuania,0.12,0.0
Mouth cancer,0,Lithuania,5.1,0.0
Multiple myeloma,2,Lithuania,2.9,0.6910427385747313
Non-Hodgkin lymphoma,0,Lithuania,5.8,0.0
Ovarian cancer,0,Lithuania,12.8,0.0
Pancreatic cancer,5,Lithuania,8.5,1.7276068464368282
Penile cancer,0,Lithuania,1.1,0.0
Prostate cancer,6,Lithuania,135.0,2.0731282157241937
Rectal cancer,7,Lithuania,8.4,2.4186495850115595
Salivary gland cancer,0,Lithuania,0.64,0.0
Skin cancer,1,Lithuania,9.6,0.34552136928736565
Stomach cancer,1,Lithuania,11.7,0.34552136928736565
Testicular cancer,0,Lithuania,2.7,0.0
Throat cancer,0,Lithuania,4.99,0.0
Thyroid cancer,1,Lithuania,8.8,0.34552136928736565
Uterine cancer,0,Lithuania,21.8,0.0
Vaginal cancer,0,Lithuania,0.33,0.0
Vulvar cancer,0,Lithuania,0.95,0.0
Anal cancer,1,Greece,0.85,0.09614718980993624
Bladder cancer,30,Greece,18.1,2.884415694298087
Brain cancer,8,Greece,6.5,0.7691775184794899
Breast cancer,207,Greece,82.4,19.902468290656802
Cervical cancer,13,Greece,5.5,1.249913467529171
Colon cancer,10,Greece,22.0,0.9614718980993624
Colorectal cancer,82,Greece,26.8,7.884069564414771
Esophageal cancer,1,Greece,0.93,0.09614718980993624
Gallbladder cancer,1,Greece,0.29,0.09614718980993624
Hodgkin lymphoma,3,Greece,1.8,0.2884415694298087
Kaposi sarcoma,1,Greece,0.1,0.09614718980993624
Kidney cancer,10,Greece,8.2,0.9614718980993624
Laryngeal cancer,3,Greece,3.5,0.2884415694298087
Leukemia,40,Greece,8.8,3.8458875923974496
Liver cancer,18,Greece,5.4,1.7306494165788522
Lung cancer,18,Greece,31.3,1.7306494165788522
Mesothelioma,7,Greece,0.31,0.6730303286695537
Mouth cancer,0,Greece,2.9,0.0
Multiple myeloma,75,Greece,2.7,7.2110392357452175
Non-Hodgkin lymphoma,5,Greece,7.4,0.4807359490496812
Ovarian cancer,50,Greece,8.9,4.807359490496812
Pancreatic cancer,26,Greece,7.9,2.499826935058342
Penile cancer,0,Greece,1.3,0.0
Prostate cancer,41,Greece,51.4,3.9420347822073856
Rectal cancer,12,Greece,3.9,1.1537662777192348
Salivary gland cancer,0,Greece,0.4,0.0
Skin cancer,27,Greece,12.0,2.5959741248682784
Stomach cancer,4,Greece,6.3,0.38458875923974495
Testicular cancer,1,Greece,9.1,0.09614718980993624
Throat cancer,0,Greece,1.39,0.0
Thyroid cancer,10,Greece,5.7,0.9614718980993624
Uterine cancer,2,Greece,18.6,0.19229437961987247
Vaginal cancer,0,Greece,0.14,0.0
Vulvar cancer,0,Greece,1.0,0.0
Anal cancer,0,Cameroon,0.68,0.0
Bladder cancer,0,Cameroon,1.4,0.0
Brain cancer,0,Cameroon,0.51,0.0
Breast cancer,0,Cameroon,48.6,0.0
Cervical cancer,1,Cameroon,33.1,0.03396470666194285
Colon cancer,0,Cameroon,3.2,0.0
Colorectal cancer,0,Cameroon,6.3,0.0
Esophageal cancer,0,Cameroon,1.3,0.0
Gallbladder cancer,0,Cameroon,0.19,0.0
Hodgkin lymphoma,0,Cameroon,0.54,0.0
Kaposi sarcoma,0,Cameroon,6.2,0.0
Kidney cancer,0,Cameroon,0.84,0.0
Laryngeal cancer,0,Cameroon,0.28,0.0
Leukemia,0,Cameroon,1.8,0.0
Liver cancer,0,Cameroon,5.8,0.0
Lung cancer,0,Cameroon,3.1,0.0
Mesothelioma,0,Cameroon,0.05,0.0
Mouth cancer,0,Cameroon,1.7,0.0
Multiple myeloma,0,Cameroon,0.78,0.0
Non-Hodgkin lymphoma,0,Cameroon,7.8,0.0
Ovarian cancer,0,Cameroon,5.9,0.0
Pancreatic cancer,0,Cameroon,1.4,0.0
Penile cancer,0,Cameroon,0.11,0.0
Prostate cancer,0,Cameroon,38.6,0.0
Rectal cancer,0,Cameroon,2.4,0.0
Salivary gland cancer,0,Cameroon,1.3,0.0
Skin cancer,0,Cameroon,3.2,0.0
Stomach cancer,0,Cameroon,3.5,0.0
Testicular cancer,0,Cameroon,0.36,0.0
Throat cancer,0,Cameroon,4.24,0.0
Thyroid cancer,0,Cameroon,0.75,0.0
Uterine cancer,0,Cameroon,2.9,0.0
Vaginal cancer,0,Cameroon,0.59,0.0
Vulvar cancer,0,Cameroon,0.87,0.0
Anal cancer,0,Nigeria,1.3,0.0
Bladder cancer,1,Nigeria,1.5,0.004468275245755138
Brain cancer,0,Nigeria,1.1,0.0
Breast cancer,8,Nigeria,51.5,0.035746201966041107
Cervical cancer,7,Nigeria,26.2,0.03127792672028597
Colon cancer,0,Nigeria,3.4,0.0
Colorectal cancer,0,Nigeria,7.5,0.0
Esophageal cancer,0,Nigeria,0.59,0.0
Gallbladder cancer,1,Nigeria,0.27,0.004468275245755138
Hodgkin lymphoma,0,Nigeria,1.7,0.0
Kaposi sarcoma,0,Nigeria,1.0,0.0
Kidney cancer,0,Nigeria,0.93,0.0
Laryngeal cancer,0,Nigeria,0.79,0.0
Leukemia,3,Nigeria,2.1,0.013404825737265416
Liver cancer,1,Nigeria,4.2,0.004468275245755138
Lung cancer,1,Nigeria,1.7,0.004468275245755138
Mesothelioma,0,Nigeria,0.04,0.0
Mouth cancer,0,Nigeria,1.4,0.0
Multiple myeloma,0,Nigeria,0.98,0.0
Non-Hodgkin lymphoma,0,Nigeria,4.0,0.0
Ovarian cancer,0,Nigeria,4.2,0.0
Pancreatic cancer,0,Nigeria,1.3,0.0
Penile cancer,0,Nigeria,0.02,0.0
Prostate cancer,2,Nigeria,41.2,0.008936550491510277
Rectal cancer,0,Nigeria,2.8,0.0
Salivary gland cancer,0,Nigeria,0.83,0.0
Skin cancer,0,Nigeria,3.02,0.0
Stomach cancer,0,Nigeria,1.8,0.0
Testicular cancer,0,Nigeria,1.4,0.0
Throat cancer,0,Nigeria,1.45,0.0
Thyroid cancer,0,Nigeria,1.0,0.0
Uterine cancer,0,Nigeria,3.0,0.0
Vaginal cancer,0,Nigeria,0.28,0.0
Vulvar cancer,0,Nigeria,1.9,0.0
Anal cancer,0,Croatia,0.48,0.0
Bladder cancer,3,Croatia,11.7,0.77726530085608
Brain cancer,1,Croatia,6.5,0.2590884336186933
Breast cancer,13,Croatia,74.6,3.3681496370430133
Cervical cancer,4,Croatia,8.3,1.0363537344747733
Colon cancer,1,Croatia,24.5,0.2590884336186933
Colorectal cancer,8,Croatia,41.1,2.0727074689495466
Esophageal cancer,1,Croatia,2.3,0.2590884336186933
Gallbladder cancer,0,Croatia,1.5,0.0
Hodgkin lymphoma,3,Croatia,2.2,0.77726530085608
Kaposi sarcoma,0,Croatia,0.08,0.0
Kidney cancer,1,Croatia,10.3,0.2590884336186933
Laryngeal cancer,0,Croatia,3.1,0.0
Leukemia,9,Croatia,8.8,2.33179590256824
Liver cancer,2,Croatia,5.2,0.5181768672373867
Lung cancer,2,Croatia,37.1,0.5181768672373867
Mesothelioma,0,Croatia,0.99,0.0
Mouth cancer,0,Croatia,3.3,0.0
Multiple myeloma,1,Croatia,3.9,0.2590884336186933
Non-Hodgkin lymphoma,3,Croatia,10.2,0.77726530085608
Ovarian cancer,1,Croatia,10.7,0.2590884336186933
Pancreatic cancer,1,Croatia,7.3,0.2590884336186933
Penile cancer,0,Croatia,0.87,0.0
Prostate cancer,1,Croatia,69.5,0.2590884336186933
Rectal cancer,0,Croatia,16.1,0.0
Salivary gland cancer,0,Croatia,0.61,0.0
Skin cancer,5,Croatia,19.3,1.2954421680934667
Stomach cancer,0,Croatia,9.4,0.0
Testicular cancer,0,Croatia,11.3,0.0
Throat cancer,0,Croatia,3.79,0.0
Thyroid cancer,0,Croatia,14.0,0.0
Uterine cancer,1,Croatia,17.9,0.2590884336186933
Vaginal cancer,0,Croatia,0.36,0.0
Vulvar cancer,1,Croatia,1.6,0.2590884336186933
Anal cancer,0,Eswatini,0.85,0.0
Bladder cancer,0,Eswatini,1.1,0.0
Brain cancer,0,Eswatini,0.47,0.0
Breast cancer,1,Eswatini,26.2,0.8093568122348851
Cervical cancer,0,Eswatini,95.9,0.0
Colon cancer,0,Eswatini,2.5,0.0
Colorectal cancer,0,Eswatini,4.9,0.0
Esophageal cancer,0,Eswatini,1.9,0.0
Gallbladder cancer,0,Eswatini,0.0,0.0
Hodgkin lymphoma,0,Eswatini,0.6,0.0
Kaposi sarcoma,0,Eswatini,8.8,0.0
Kidney cancer,0,Eswatini,0.51,0.0
Laryngeal cancer,0,Eswatini,0.27,0.0
Leukemia,0,Eswatini,1.2,0.0
Liver cancer,0,Eswatini,4.0,0.0
Lung cancer,0,Eswatini,4.1,0.0
Mesothelioma,0,Eswatini,0.0,0.0
Mouth cancer,0,Eswatini,1.1,0.0
Multiple myeloma,0,Eswatini,0.56,0.0
Non-Hodgkin lymphoma,0,Eswatini,3.1,0.0
Ovarian cancer,0,Eswatini,3.0,0.0
Pancreatic cancer,0,Eswatini,1.4,0.0
Penile cancer,0,Eswatini,6.8,0.0
Prostate cancer,0,Eswatini,41.0,0.0
Rectal cancer,0,Eswatini,1.5,0.0
Salivary gland cancer,0,Eswatini,0.0,0.0
Skin cancer,0,Eswatini,4.5600000000000005,0.0
Stomach cancer,0,Eswatini,1.3,0.0
Testicular cancer,0,Eswatini,0.0,0.0
Throat cancer,0,Eswatini,0.35,0.0
Thyroid cancer,0,Eswatini,0.66,0.0
Uterine cancer,0,Eswatini,0.58,0.0
Vaginal cancer,0,Eswatini,0.73,0.0
Vulvar cancer,0,Eswatini,5.1,0.0
Anal cancer,3,Switzerland,1.4,0.33086493387554006
Bladder cancer,33,Switzerland,14.7,3.639514272630941
Brain cancer,55,Switzerland,5.6,6.065857121051568
Breast cancer,183,Switzerland,77.4,20.182760966407944
Cervical cancer,15,Switzerland,4.1,1.6543246693777005
Colon cancer,15,Switzerland,15.7,1.6543246693777005
Colorectal cancer,43,Switzerland,26.3,4.742397385549408
Esophageal cancer,11,Switzerland,3.1,1.2131714242103135
Gallbladder cancer,1,Switzerland,0.65,0.1102883112918467
Hodgkin lymphoma,8,Switzerland,2.9,0.8823064903347736
Kaposi sarcoma,0,Switzerland,0.19,0.0
Kidney cancer,5,Switzerland,5.8,0.5514415564592334
Laryngeal cancer,0,Switzerland,1.3,0.0
Leukemia,63,Switzerland,8.2,6.948163611386342
Liver cancer,14,Switzerland,5.4,1.5440363580858538
Lung cancer,14,Switzerland,24.1,1.5440363580858538
Mesothelioma,18,Switzerland,1.1,1.9851896032532406
Mouth cancer,0,Switzerland,3.8,0.0
Multiple myeloma,22,Switzerland,3.2,2.426342848420627
Non-Hodgkin lymphoma,31,Switzerland,9.8,3.4189376500472477
Ovarian cancer,20,Switzerland,6.8,2.2057662258369337
Pancreatic cancer,21,Switzerland,8.5,2.3160545371287804
Penile cancer,0,Switzerland,0.46,0.0
Prostate cancer,79,Switzerland,69.1,8.712776592055889
Rectal cancer,23,Switzerland,9.2,2.5366311597124738
Salivary gland cancer,0,Switzerland,0.49,0.0
Skin cancer,99,Switzerland,50.9,10.918542817892822
Stomach cancer,5,Switzerland,5.1,0.5514415564592334
Testicular cancer,1,Switzerland,10.3,0.1102883112918467
Throat cancer,0,Switzerland,3.31,0.0
Thyroid cancer,8,Switzerland,7.0,0.8823064903347736
Uterine cancer,4,Switzerland,11.8,0.4411532451673868
Vaginal cancer,0,Switzerland,0.24,0.0
Vulvar cancer,0,Switzerland,0.97,0.0
Anal cancer,0,Cambodia,0.29,0.0
Bladder cancer,0,Cambodia,2.0,0.0
Brain cancer,0,Cambodia,3.8,0.0
Breast cancer,0,Cambodia,25.1,0.0
Cervical cancer,0,Cambodia,15.2,0.0
Colon cancer,0,Cambodia,7.0,0.0
Colorectal cancer,0,Cambodia,12.6,0.0
Esophageal cancer,0,Cambodia,2.9,0.0
Gallbladder cancer,0,Cambodia,1.2,0.0
Hodgkin lymphoma,0,Cambodia,0.45,0.0
Kaposi sarcoma,0,Cambodia,0.01,0.0
Kidney cancer,0,Cambodia,1.3,0.0
Laryngeal cancer,0,Cambodia,1.3,0.0
Leukemia,0,Cambodia,4.7,0.0
Liver cancer,0,Cambodia,25.1,0.0
Lung cancer,0,Cambodia,15.7,0.0
Mesothelioma,0,Cambodia,0.01,0.0
Mouth cancer,0,Cambodia,3.9,0.0
Multiple myeloma,0,Cambodia,1.0,0.0
Non-Hodgkin lymphoma,0,Cambodia,4.3,0.0
Ovarian cancer,0,Cambodia,5.6,0.0
Pancreatic cancer,0,Cambodia,1.4,0.0
Penile cancer,0,Cambodia,1.5,0.0
Prostate cancer,0,Cambodia,5.2,0.0
Rectal cancer,0,Cambodia,5.3,0.0
Salivary gland cancer,0,Cambodia,0.56,0.0
Skin cancer,0,Cambodia,2.51,0.0
Stomach cancer,0,Cambodia,4.1,0.0
Testicular cancer,0,Cambodia,0.89,0.0
Throat cancer,0,Cambodia,3.56,0.0
Thyroid cancer,0,Cambodia,4.7,0.0
Uterine cancer,0,Cambodia,3.1,0.0
Vaginal cancer,0,Cambodia,0.12,0.0
Vulvar cancer,0,Cambodia,0.5,0.0
Anal cancer,4,Spain,0.6,0.08110966292061013
Bladder cancer,71,Spain,19.3,1.4396965168408298
Brain cancer,39,Spain,5.4,0.7908192134759487
Breast cancer,474,Spain,81.0,9.6114950560923
Cervical cancer,30,Spain,5.4,0.6083224719045759
Colon cancer,34,Spain,21.4,0.6894321348251861
Colorectal cancer,268,Spain,33.8,5.434347415680878
Esophageal cancer,8,Spain,2.1,0.16221932584122026
Gallbladder cancer,0,Spain,0.49,0.0
Hodgkin lymphoma,18,Spain,2.3,0.36499348314274555
Kaposi sarcoma,2,Spain,0.38,0.040554831460305064
Kidney cancer,23,Spain,8.8,0.46638056179350823
Laryngeal cancer,16,Spain,3.1,0.3244386516824405
Leukemia,189,Spain,6.6,3.8324315729988285
Liver cancer,53,Spain,6.0,1.074703033698084
Lung cancer,53,Spain,27.8,1.074703033698084
Mesothelioma,6,Spain,0.54,0.12166449438091519
Mouth cancer,0,Spain,3.6,0.0
Multiple myeloma,137,Spain,2.7,2.778005955030897
Non-Hodgkin lymphoma,71,Spain,9.6,1.4396965168408298
Ovarian cancer,61,Spain,7.6,1.2369223595393044
Pancreatic cancer,37,Spain,7.5,0.7502643820156437
Penile cancer,0,Spain,0.85,0.0
Prostate cancer,117,Spain,66.5,2.372457640427846
Rectal cancer,72,Spain,11.8,1.4599739325709822
Salivary gland cancer,1,Spain,0.49,0.020277415730152532
Skin cancer,59,Spain,16.0,1.1963675280789994
Stomach cancer,14,Spain,6.0,0.28388382022213543
Testicular cancer,1,Spain,7.0,0.020277415730152532
Throat cancer,0,Spain,2.44,0.0
Thyroid cancer,9,Spain,8.3,0.18249674157137277
Uterine cancer,18,Spain,12.9,0.36499348314274555
Vaginal cancer,0,Spain,0.26,0.0
Vulvar cancer,0,Spain,1.3,0.0
Anal cancer,0,Reunion,0.66,0.0
Bladder cancer,0,Reunion,4.8,0.0
Brain cancer,0,Reunion,3.4,0.0
Breast cancer,0,Reunion,55.9,0.0
Cervical cancer,0,Reunion,11.0,0.0
Colon cancer,0,Reunion,12.7,0.0
Colorectal cancer,0,Reunion,20.7,0.0
Esophageal cancer,0,Reunion,3.8,0.0
Gallbladder cancer,0,Reunion,1.4,0.0
Hodgkin lymphoma,0,Reunion,1.3,0.0
Kaposi sarcoma,0,Reunion,0.0,0.0
Kidney cancer,0,Reunion,3.8,0.0
Laryngeal cancer,0,Reunion,2.8,0.0
Leukemia,0,Reunion,6.8,0.0
Liver cancer,0,Reunion,6.6,0.0
Lung cancer,0,Reunion,21.8,0.0
Mesothelioma,0,Reunion,0.07,0.0
Mouth cancer,0,Reunion,5.0,0.0
Multiple myeloma,0,Reunion,2.7,0.0
Non-Hodgkin lymphoma,0,Reunion,5.6,0.0
Ovarian cancer,0,Reunion,5.5,0.0
Pancreatic cancer,0,Reunion,6.0,0.0
Penile cancer,0,Reunion,0.81,0.0
Prostate cancer,0,Reunion,59.6,0.0
Rectal cancer,0,Reunion,7.4,0.0
Salivary gland cancer,0,Reunion,0.0,0.0
Skin cancer,1,Reunion,3.14,1.1158534884369682
Stomach cancer,0,Reunion,9.8,0.0
Testicular cancer,0,Reunion,2.4,0.0
Throat cancer,0,Reunion,5.68,0.0
Thyroid cancer,0,Reunion,3.3,0.0
Uterine cancer,0,Reunion,5.6,0.0
Vaginal cancer,0,Reunion,0.0,0.0
Vulvar cancer,0,Reunion,0.99,0.0
Anal cancer,0,Thailand,0.27,0.0
Bladder cancer,1,Thailand,3.4,0.015183806045705685
Brain cancer,0,Thailand,2.8,0.0
Breast cancer,25,Thailand,37.4,0.37959515114264214
Cervical cancer,41,Thailand,14.9,0.6225360478739331
Colon cancer,2,Thailand,8.4,0.03036761209141137
Colorectal cancer,22,Thailand,15.9,0.3340437330055251
Esophageal cancer,8,Thailand,2.7,0.12147044836564548
Gallbladder cancer,0,Thailand,1.4,0.0
Hodgkin lymphoma,0,Thailand,0.4,0.0
Kaposi sarcoma,0,Thailand,0.08,0.0
Kidney cancer,1,Thailand,1.7,0.015183806045705685
Laryngeal cancer,1,Thailand,1.3,0.015183806045705685
Leukemia,17,Thailand,5.1,0.2581247027769967
Liver cancer,16,Thailand,22.7,0.24294089673129096
Lung cancer,16,Thailand,18.1,0.24294089673129096
Mesothelioma,0,Thailand,0.03,0.0
Mouth cancer,0,Thailand,3.6,0.0
Multiple myeloma,1,Thailand,1.1,0.015183806045705685
Non-Hodgkin lymphoma,0,Thailand,5.9,0.0
Ovarian cancer,7,Thailand,7.4,0.1062866423199398
Pancreatic cancer,1,Thailand,2.5,0.015183806045705685
Penile cancer,0,Thailand,1.2,0.0
Prostate cancer,2,Thailand,12.5,0.03036761209141137
Rectal cancer,5,Thailand,7.2,0.07591903022852843
Salivary gland cancer,0,Thailand,0.5,0.0
Skin cancer,1,Thailand,2.79,0.015183806045705685
Stomach cancer,1,Thailand,3.3,0.015183806045705685
Testicular cancer,0,Thailand,0.63,0.0
Throat cancer,0,Thailand,3.75,0.0
Thyroid cancer,2,Thailand,3.4,0.03036761209141137
Uterine cancer,4,Thailand,6.9,0.06073522418282274
Vaginal cancer,0,Thailand,0.26,0.0
Vulvar cancer,0,Thailand,0.37,0.0
Anal cancer,0,United Arab Emirates,0.21,0.0
Bladder cancer,0,United Arab Emirates,6.1,0.0
Brain cancer,0,United Arab Emirates,2.1,0.0
Breast cancer,2,United Arab Emirates,57.1,0.1872912405010565
Cervical cancer,0,United Arab Emirates,5.7,0.0
Colon cancer,1,United Arab Emirates,7.2,0.09364562025052825
Colorectal cancer,1,United Arab Emirates,11.5,0.09364562025052825
Esophageal cancer,0,United Arab Emirates,0.97,0.0
Gallbladder cancer,0,United Arab Emirates,0.39,0.0
Hodgkin lymphoma,0,United Arab Emirates,1.4,0.0
Kaposi sarcoma,0,United Arab Emirates,0.11,0.0
Kidney cancer,0,United Arab Emirates,2.7,0.0
Laryngeal cancer,0,United Arab Emirates,1.4,0.0
Leukemia,4,United Arab Emirates,5.6,0.374582481002113
Liver cancer,0,United Arab Emirates,2.7,0.0
Lung cancer,0,United Arab Emirates,6.2,0.0
Mesothelioma,0,United Arab Emirates,0.22,0.0
Mouth cancer,0,United Arab Emirates,1.8,0.0
Multiple myeloma,1,United Arab Emirates,1.5,0.09364562025052825
Non-Hodgkin lymphoma,0,United Arab Emirates,4.0,0.0
Ovarian cancer,1,United Arab Emirates,5.4,0.09364562025052825
Pancreatic cancer,0,United Arab Emirates,2.4,0.0
Penile cancer,0,United Arab Emirates,0.11,0.0
Prostate cancer,0,United Arab Emirates,13.8,0.0
Rectal cancer,0,United Arab Emirates,4.1,0.0
Salivary gland cancer,0,United Arab Emirates,0.15,0.0
Skin cancer,0,United Arab Emirates,2.15,0.0
Stomach cancer,0,United Arab Emirates,3.9,0.0
Testicular cancer,0,United Arab Emirates,0.57,0.0
Throat cancer,0,United Arab Emirates,0.7400000000000001,0.0
Thyroid cancer,0,United Arab Emirates,5.4,0.0
Uterine cancer,0,United Arab Emirates,10.3,0.0
Vaginal cancer,0,United Arab Emirates,0.11,0.0
Vulvar cancer,0,United Arab Emirates,0.1,0.0
Anal cancer,0,Kuwait,0.16,0.0
Bladder cancer,0,Kuwait,4.6,0.0
Brain cancer,0,Kuwait,1.8,0.0
Breast cancer,3,Kuwait,49.8,0.6145961672963546
Cervical cancer,0,Kuwait,3.1,0.0
Colon cancer,0,Kuwait,7.8,0.0
Colorectal cancer,0,Kuwait,11.2,0.0
Esophageal cancer,0,Kuwait,1.1,0.0
Gallbladder cancer,0,Kuwait,0.83,0.0
Hodgkin lymphoma,0,Kuwait,1.9,0.0
Kaposi sarcoma,0,Kuwait,0.13,0.0
Kidney cancer,0,Kuwait,2.5,0.0
Laryngeal cancer,0,Kuwait,1.4,0.0
Leukemia,0,Kuwait,6.0,0.0
Liver cancer,0,Kuwait,4.3,0.0
Lung cancer,0,Kuwait,6.4,0.0
Mesothelioma,0,Kuwait,0.48,0.0
Mouth cancer,0,Kuwait,1.5,0.0
Multiple myeloma,0,Kuwait,1.8,0.0
Non-Hodgkin lymphoma,0,Kuwait,6.2,0.0
Ovarian cancer,0,Kuwait,5.5,0.0
Pancreatic cancer,0,Kuwait,3.3,0.0
Penile cancer,0,Kuwait,0.0,0.0
Prostate cancer,0,Kuwait,16.6,0.0
Rectal cancer,0,Kuwait,3.3,0.0
Salivary gland cancer,0,Kuwait,0.34,0.0
Skin cancer,0,Kuwait,0.73,0.0
Stomach cancer,0,Kuwait,2.5,0.0
Testicular cancer,0,Kuwait,0.63,0.0
Throat cancer,0,Kuwait,1.28,0.0
Thyroid cancer,1,Kuwait,4.8,0.20486538909878485
Uterine cancer,2,Kuwait,8.5,0.4097307781975697
Vaginal cancer,0,Kuwait,0.0,0.0
Vulvar cancer,0,Kuwait,0.12,0.0
Anal cancer,0,Palestine,0.11,0.0
Bladder cancer,0,Palestine,6.6,0.0
Brain cancer,0,Palestine,3.6,0.0
Breast cancer,0,Palestine,46.3,0.0
Cervical cancer,0,Palestine,3.1,0.0
Colon cancer,0,Palestine,12.2,0.0
Colorectal cancer,0,Palestine,18.3,0.0
Esophageal cancer,0,Palestine,0.7,0.0
Gallbladder cancer,0,Palestine,1.6,0.0
Hodgkin lymphoma,0,Palestine,2.0,0.0
Kaposi sarcoma,0,Palestine,0.26,0.0
Kidney cancer,0,Palestine,3.3,0.0
Laryngeal cancer,0,Palestine,2.6,0.0
Leukemia,0,Palestine,6.1,0.0
Liver cancer,0,Palestine,5.1,0.0
Lung cancer,0,Palestine,20.4,0.0
Mesothelioma,0,Palestine,0.15,0.0
Mouth cancer,0,Palestine,1.2,0.0
Multiple myeloma,0,Palestine,3.4,0.0
Non-Hodgkin lymphoma,0,Palestine,6.7,0.0
Ovarian cancer,0,Palestine,4.2,0.0
Pancreatic cancer,0,Palestine,4.6,0.0
Penile cancer,0,Palestine,0.0,0.0
Prostate cancer,0,Palestine,17.5,0.0
Rectal cancer,0,Palestine,6.0,0.0
Salivary gland cancer,0,Palestine,0.42,0.0
Skin cancer,0,Palestine,2.14,0.0
Stomach cancer,0,Palestine,5.0,0.0
Testicular cancer,0,Palestine,1.6,0.0
Throat cancer,0,Palestine,0.76,0.0
Thyroid cancer,0,Palestine,4.9,0.0
Uterine cancer,0,Palestine,6.9,0.0
Vaginal cancer,0,Palestine,0.16,0.0
Vulvar cancer,0,Palestine,0.35,0.0
Anal cancer,0,Suriname,0.28,0.0
Bladder cancer,0,Suriname,2.0,0.0
Brain cancer,0,Suriname,2.8,0.0
Breast cancer,0,Suriname,46.4,0.0
Cervical cancer,0,Suriname,24.2,0.0
Colon cancer,0,Suriname,15.2,0.0
Colorectal cancer,0,Suriname,18.7,0.0
Esophageal cancer,0,Suriname,0.43,0.0
Gallbladder cancer,0,Suriname,0.78,0.0
Hodgkin lymphoma,0,Suriname,0.34,0.0
Kaposi sarcoma,0,Suriname,0.27,0.0
Kidney cancer,0,Suriname,1.3,0.0
Laryngeal cancer,0,Suriname,0.83,0.0
Leukemia,0,Suriname,7.4,0.0
Liver cancer,0,Suriname,6.9,0.0
Lung cancer,0,Suriname,16.6,0.0
Mesothelioma,0,Suriname,0.0,0.0
Mouth cancer,0,Suriname,1.7,0.0
Multiple myeloma,0,Suriname,1.2,0.0
Non-Hodgkin lymphoma,0,Suriname,5.6,0.0
Ovarian cancer,0,Suriname,5.5,0.0
Pancreatic cancer,0,Suriname,3.8,0.0
Penile cancer,0,Suriname,1.4,0.0
Prostate cancer,0,Suriname,75.2,0.0
Rectal cancer,0,Suriname,3.3,0.0
Salivary gland cancer,0,Suriname,0.0,0.0
Skin cancer,0,Suriname,3.06,0.0
Stomach cancer,0,Suriname,4.6,0.0
Testicular cancer,0,Suriname,1.5,0.0
Throat cancer,0,Suriname,1.16,0.0
Thyroid cancer,0,Suriname,3.4,0.0
Uterine cancer,0,Suriname,4.1,0.0
Vaginal cancer,0,Suriname,0.21,0.0
Vulvar cancer,0,Suriname,1.2,0.0
Anal cancer,0,Portugal,0.74,0.0
Bladder cancer,4,Portugal,11.0,0.37210565754093045
Brain cancer,2,Portugal,6.2,0.18605282877046522
Breast cancer,28,Portugal,88.8,2.604739602786513
Cervical cancer,9,Portugal,11.1,0.8372377294670935
Colon cancer,0,Portugal,23.7,0.0
Colorectal cancer,9,Portugal,37.8,0.8372377294670935
Esophageal cancer,0,Portugal,3.1,0.0
Gallbladder cancer,0,Portugal,0.57,0.0
Hodgkin lymphoma,0,Portugal,3.2,0.0
Kaposi sarcoma,0,Portugal,0.68,0.0
Kidney cancer,1,Portugal,7.2,0.09302641438523261
Laryngeal cancer,0,Portugal,3.5,0.0
Leukemia,7,Portugal,7.7,0.6511849006966283
Liver cancer,3,Portugal,6.7,0.2790792431556978
Lung cancer,3,Portugal,23.9,0.2790792431556978
Mesothelioma,0,Portugal,0.27,0.0
Mouth cancer,0,Portugal,6.3,0.0
Multiple myeloma,4,Portugal,3.4,0.37210565754093045
Non-Hodgkin lymphoma,0,Portugal,10.8,0.0
Ovarian cancer,2,Portugal,5.8,0.18605282877046522
Pancreatic cancer,0,Portugal,6.8,0.0
Penile cancer,0,Portugal,0.98,0.0
Prostate cancer,8,Portugal,62.6,0.7442113150818609
Rectal cancer,2,Portugal,13.3,0.18605282877046522
Salivary gland cancer,0,Portugal,0.63,0.0
Skin cancer,1,Portugal,14.1,0.09302641438523261
Stomach cancer,0,Portugal,12.8,0.0
Testicular cancer,0,Portugal,6.3,0.0
Throat cancer,0,Portugal,5.65,0.0
Thyroid cancer,0,Portugal,15.6,0.0
Uterine cancer,0,Portugal,10.0,0.0
Vaginal cancer,0,Portugal,0.27,0.0
Vulvar cancer,0,Portugal,0.78,0.0
Anal cancer,0,Afghanistan,0.47,0.0
Bladder cancer,0,Afghanistan,2.4,0.0
Brain cancer,0,Afghanistan,3.8,0.0
Breast cancer,0,Afghanistan,29.4,0.0
Cervical cancer,0,Afghanistan,10.3,0.0
Colon cancer,0,Afghanistan,2.7,0.0
Colorectal cancer,0,Afghanistan,5.6,0.0
Esophageal cancer,0,Afghanistan,4.8,0.0
Gallbladder cancer,0,Afghanistan,0.81,0.0
Hodgkin lymphoma,0,Afghanistan,0.73,0.0
Kaposi sarcoma,0,Afghanistan,0.1,0.0
Kidney cancer,0,Afghanistan,2.4,0.0
Laryngeal cancer,0,Afghanistan,1.2,0.0
Leukemia,0,Afghanistan,3.3,0.0
Liver cancer,0,Afghanistan,4.6,0.0
Lung cancer,0,Afghanistan,7.2,0.0
Mesothelioma,0,Afghanistan,0.07,0.0
Mouth cancer,0,Afghanistan,4.6,0.0
Multiple myeloma,0,Afghanistan,0.62,0.0
Non-Hodgkin lymphoma,0,Afghanistan,2.2,0.0
Ovarian cancer,0,Afghanistan,4.2,0.0
Pancreatic cancer,0,Afghanistan,1.9,0.0
Penile cancer,0,Afghanistan,0.1,0.0
Prostate cancer,0,Afghanistan,6.5,0.0
Rectal cancer,0,Afghanistan,2.4,0.0
Salivary gland cancer,0,Afghanistan,0.27,0.0
Skin cancer,0,Afghanistan,3.1900000000000004,0.0
Stomach cancer,0,Afghanistan,11.0,0.0
Testicular cancer,0,Afghanistan,0.93,0.0
Throat cancer,0,Afghanistan,1.75,0.0
Thyroid cancer,0,Afghanistan,1.0,0.0
Uterine cancer,0,Afghanistan,5.0,0.0
Vaginal cancer,0,Afghanistan,0.18,0.0
Vulvar cancer,0,Afghanistan,0.37,0.0
Anal cancer,0,Slovakia,1.0,0.0
Bladder cancer,1,Slovakia,11.7,0.1847126969476042
Brain cancer,0,Slovakia,5.7,0.0
Breast cancer,5,Slovakia,67.3,0.9235634847380211
Cervical cancer,2,Slovakia,12.9,0.3694253938952084
Colon cancer,2,Slovakia,19.9,0.3694253938952084
Colorectal cancer,2,Slovakia,35.7,0.3694253938952084
Esophageal cancer,1,Slovakia,3.2,0.1847126969476042
Gallbladder cancer,0,Slovakia,1.2,0.0
Hodgkin lymphoma,0,Slovakia,3.1,0.0
Kaposi sarcoma,0,Slovakia,0.04,0.0
Kidney cancer,0,Slovakia,11.1,0.0
Laryngeal cancer,1,Slovakia,3.0,0.1847126969476042
Leukemia,11,Slovakia,7.3,2.031839666423646
Liver cancer,0,Slovakia,4.4,0.0
Lung cancer,0,Slovakia,22.6,0.0
Mesothelioma,0,Slovakia,0.14,0.0
Mouth cancer,0,Slovakia,6.4,0.0
Multiple myeloma,2,Slovakia,2.8,0.3694253938952084
Non-Hodgkin lymphoma,0,Slovakia,6.3,0.0
Ovarian cancer,0,Slovakia,10.0,0.0
Pancreatic cancer,0,Slovakia,8.6,0.0
Penile cancer,0,Slovakia,0.98,0.0
Prostate cancer,2,Slovakia,69.2,0.3694253938952084
Rectal cancer,0,Slovakia,14.8,0.0
Salivary gland cancer,0,Slovakia,0.62,0.0
Skin cancer,1,Slovakia,22.0,0.1847126969476042
Stomach cancer,0,Slovakia,6.6,0.0
Testicular cancer,2,Slovakia,13.2,0.3694253938952084
Throat cancer,0,Slovakia,8.18,0.0
Thyroid cancer,0,Slovakia,3.4,0.0
Uterine cancer,0,Slovakia,21.5,0.0
Vaginal cancer,0,Slovakia,0.27,0.0
Vulvar cancer,0,Slovakia,1.9,0.0
Anal cancer,0,Congo Republic,0.84,0.0
Bladder cancer,0,Congo Republic,0.63,0.0
Brain cancer,0,Congo Republic,0.29,0.0
Breast cancer,0,Congo Republic,26.9,0.0
Cervical cancer,0,Congo Republic,22.3,0.0
Colon cancer,0,Congo Republic,2.0,0.0
Colorectal cancer,0,Congo Republic,4.8,0.0
Esophageal cancer,0,Congo Republic,0.43,0.0
Gallbladder cancer,0,Congo Republic,0.08,0.0
Hodgkin lymphoma,0,Congo Republic,0.07,0.0
Kaposi sarcoma,0,Congo Republic,0.35,0.0
Kidney cancer,0,Congo Republic,0.67,0.0
Laryngeal cancer,0,Congo Republic,0.52,0.0
Leukemia,0,Congo Republic,2.4,0.0
Liver cancer,0,Congo Republic,6.9,0.0
Lung cancer,0,Congo Republic,1.4,0.0
Mesothelioma,0,Congo Republic,0.0,0.0
Mouth cancer,0,Congo Republic,0.61,0.0
Multiple myeloma,0,Congo Republic,1.3,0.0
Non-Hodgkin lymphoma,0,Congo Republic,1.2,0.0
Ovarian cancer,0,Congo Republic,3.5,0.0
Pancreatic cancer,0,Congo Republic,1.1,0.0
Penile cancer,0,Congo Republic,0.05,0.0
Prostate cancer,0,Congo Republic,42.3,0.0
Rectal cancer,0,Congo Republic,2.0,0.0
Salivary gland cancer,0,Congo Republic,0.23,0.0
Skin cancer,0,Congo Republic,1.84,0.0
Stomach cancer,0,Congo Republic,3.4,0.0
Testicular cancer,0,Congo Republic,0.03,0.0
Throat cancer,0,Congo Republic,0.52,0.0
Thyroid cancer,0,Congo Republic,0.45,0.0
Uterine cancer,0,Congo Republic,1.2,0.0
Vaginal cancer,0,Congo Republic,0.29,0.0
Vulvar cancer,0,Congo Republic,1.6,0.0
Anal cancer,0,Brunei Darussalam,0.0,0.0
Bladder cancer,0,Brunei Darussalam,4.3,0.0
Brain cancer,0,Brunei Darussalam,1.1,0.0
Breast cancer,0,Brunei Darussalam,50.2,0.0
Cervical cancer,0,Brunei Darussalam,20.0,0.0
Colon cancer,0,Brunei Darussalam,15.5,0.0
Colorectal cancer,1,Brunei Darussalam,31.8,2.1953896816684964
Esophageal cancer,0,Brunei Darussalam,1.4,0.0
Gallbladder cancer,0,Brunei Darussalam,0.44,0.0
Hodgkin lymphoma,0,Brunei Darussalam,1.1,0.0
Kaposi sarcoma,0,Brunei Darussalam,0.0,0.0
Kidney cancer,0,Brunei Darussalam,4.0,0.0
Laryngeal cancer,0,Brunei Darussalam,0.17,0.0
Leukemia,0,Brunei Darussalam,5.9,0.0
Liver cancer,0,Brunei Darussalam,8.7,0.0
Lung cancer,0,Brunei Darussalam,24.0,0.0
Mesothelioma,0,Brunei Darussalam,0.0,0.0
Mouth cancer,0,Brunei Darussalam,0.41,0.0
Multiple myeloma,0,Brunei Darussalam,0.7,0.0
Non-Hodgkin lymphoma,0,Brunei Darussalam,9.2,0.0
Ovarian cancer,0,Brunei Darussalam,13.2,0.0
Pancreatic cancer,0,Brunei Darussalam,4.0,0.0
Penile cancer,0,Brunei Darussalam,0.0,0.0
Prostate cancer,0,Brunei Darussalam,21.4,0.0
Rectal cancer,0,Brunei Darussalam,16.3,0.0
Salivary gland cancer,0,Brunei Darussalam,0.6,0.0
Skin cancer,0,Brunei Darussalam,6.699999999999999,0.0
Stomach cancer,0,Brunei Darussalam,10.4,0.0
Testicular cancer,0,Brunei Darussalam,1.2,0.0
Throat cancer,0,Brunei Darussalam,6.4,0.0
Thyroid cancer,0,Brunei Darussalam,6.3,0.0
Uterine cancer,0,Brunei Darussalam,9.0,0.0
Vaginal cancer,0,Brunei Darussalam,0.0,0.0
Vulvar cancer,0,Brunei Darussalam,0.0,0.0
Anal cancer,1,Austria,1.1,0.10868465375949456
Bladder cancer,20,Austria,8.2,2.1736930751898913
Brain cancer,28,Austria,5.3,3.0431703052658476
Breast cancer,178,Austria,69.5,19.345868369190033
Cervical cancer,16,Austria,5.9,1.738954460151913
Colon cancer,10,Austria,13.5,1.0868465375949456
Colorectal cancer,73,Austria,21.8,7.933979724443103
Esophageal cancer,7,Austria,2.5,0.7607925763164619
Gallbladder cancer,0,Austria,0.58,0.0
Hodgkin lymphoma,1,Austria,1.6,0.10868465375949456
Kaposi sarcoma,0,Austria,0.05,0.0
Kidney cancer,20,Austria,7.8,2.1736930751898913
Laryngeal cancer,0,Austria,1.8,0.0
Leukemia,83,Austria,7.4,9.020826262038048
Liver cancer,18,Austria,4.9,1.956323767670902
Lung cancer,18,Austria,27.2,1.956323767670902
Mesothelioma,4,Austria,0.55,0.4347386150379782
Mouth cancer,0,Austria,3.4,0.0
Multiple myeloma,28,Austria,2.4,3.0431703052658476
Non-Hodgkin lymphoma,14,Austria,8.5,1.5215851526329238
Ovarian cancer,27,Austria,7.7,2.934485651506353
Pancreatic cancer,16,Austria,9.4,1.738954460151913
Penile cancer,0,Austria,0.79,0.0
Prostate cancer,59,Austria,61.0,6.412394571810179
Rectal cancer,14,Austria,7.3,1.5215851526329238
Salivary gland cancer,0,Austria,0.6,0.0
Skin cancer,45,Austria,30.0,4.890809419177255
Stomach cancer,2,Austria,5.4,0.2173693075189891
Testicular cancer,4,Austria,8.0,0.4347386150379782
Throat cancer,0,Austria,3.15,0.0
Thyroid cancer,16,Austria,7.0,1.738954460151913
Uterine cancer,3,Austria,9.7,0.3260539612784837
Vaginal cancer,0,Austria,0.33,0.0
Vulvar cancer,3,Austria,1.4,0.3260539612784837
Anal cancer,0,Lesotho,0.33,0.0
Bladder cancer,0,Lesotho,1.6,0.0
Brain cancer,0,Lesotho,0.47,0.0
Breast cancer,0,Lesotho,18.9,0.0
Cervical cancer,0,Lesotho,60.5,0.0
Colon cancer,0,Lesotho,3.4,0.0
Colorectal cancer,0,Lesotho,5.8,0.0
Esophageal cancer,0,Lesotho,7.4,0.0
Gallbladder cancer,0,Lesotho,0.0,0.0
Hodgkin lymphoma,0,Lesotho,0.35,0.0
Kaposi sarcoma,0,Lesotho,6.5,0.0
Kidney cancer,0,Lesotho,0.36,0.0
Laryngeal cancer,0,Lesotho,0.69,0.0
Leukemia,0,Lesotho,0.67,0.0
Liver cancer,0,Lesotho,3.0,0.0
Lung cancer,0,Lesotho,4.2,0.0
Mesothelioma,0,Lesotho,0.12,0.0
Mouth cancer,0,Lesotho,1.8,0.0
Multiple myeloma,0,Lesotho,0.51,0.0
Non-Hodgkin lymphoma,0,Lesotho,2.6,0.0
Ovarian cancer,0,Lesotho,2.6,0.0
Pancreatic cancer,0,Lesotho,1.2,0.0
Penile cancer,0,Lesotho,3.1,0.0
Prostate cancer,0,Lesotho,32.1,0.0
Rectal cancer,0,Lesotho,2.1,0.0
Salivary gland cancer,0,Lesotho,0.0,0.0
Skin cancer,0,Lesotho,4.07,0.0
Stomach cancer,0,Lesotho,1.7,0.0
Testicular cancer,0,Lesotho,0.23,0.0
Throat cancer,0,Lesotho,0.43,0.0
Thyroid cancer,0,Lesotho,0.33,0.0
Uterine cancer,0,Lesotho,2.3,0.0
Vaginal cancer,0,Lesotho,0.34,0.0
Vulvar cancer,0,Lesotho,2.8,0.0
Anal cancer,0,Mozambique,0.66,0.0
Bladder cancer,0,Mozambique,5.5,0.0
Brain cancer,0,Mozambique,0.39,0.0
Breast cancer,0,Mozambique,19.7,0.0
Cervical cancer,0,Mozambique,47.8,0.0
Colon cancer,0,Mozambique,1.7,0.0
Colorectal cancer,0,Mozambique,3.9,0.0
Esophageal cancer,0,Mozambique,9.2,0.0
Gallbladder cancer,0,Mozambique,0.06,0.0
Hodgkin lymphoma,0,Mozambique,0.61,0.0
Kaposi sarcoma,0,Mozambique,14.4,0.0
Kidney cancer,0,Mozambique,0.71,0.0
Laryngeal cancer,0,Mozambique,0.42,0.0
Leukemia,0,Mozambique,1.7,0.0
Liver cancer,0,Mozambique,8.0,0.0
Lung cancer,0,Mozambique,1.3,0.0
Mesothelioma,0,Mozambique,0.04,0.0
Mouth cancer,0,Mozambique,1.2,0.0
Multiple myeloma,0,Mozambique,0.26,0.0
Non-Hodgkin lymphoma,0,Mozambique,5.6,0.0
Ovarian cancer,0,Mozambique,1.9,0.0
Pancreatic cancer,0,Mozambique,0.87,0.0
Penile cancer,0,Mozambique,1.6,0.0
Prostate cancer,0,Mozambique,28.3,0.0
Rectal cancer,0,Mozambique,1.5,0.0
Salivary gland cancer,0,Mozambique,0.37,0.0
Skin cancer,0,Mozambique,4.390000000000001,0.0
Stomach cancer,0,Mozambique,0.81,0.0
Testicular cancer,0,Mozambique,0.22,0.0
Throat cancer,0,Mozambique,0.62,0.0
Thyroid cancer,0,Mozambique,0.84,0.0
Uterine cancer,0,Mozambique,1.8,0.0
Vaginal cancer,0,Mozambique,0.38,0.0
Vulvar cancer,0,Mozambique,2.2,0.0
Anal cancer,0,Hungary,0.24,0.0
Bladder cancer,3,Hungary,14.9,0.314481825151879
Brain cancer,9,Hungary,5.2,0.943445475455637
Breast cancer,43,Hungary,76.4,4.507572827176932
Cervical cancer,7,Hungary,12.6,0.7337909253543843
Colon cancer,0,Hungary,26.8,0.0
Colorectal cancer,6,Hungary,44.2,0.628963650303758
Esophageal cancer,2,Hungary,2.9,0.20965455010125267
Gallbladder cancer,0,Hungary,0.75,0.0
Hodgkin lymphoma,1,Hungary,2.5,0.10482727505062633
Kaposi sarcoma,0,Hungary,0.02,0.0
Kidney cancer,1,Hungary,11.1,0.10482727505062633
Laryngeal cancer,1,Hungary,4.5,0.10482727505062633
Leukemia,9,Hungary,8.0,0.943445475455637
Liver cancer,2,Hungary,4.3,0.20965455010125267
Lung cancer,2,Hungary,47.6,0.20965455010125267
Mesothelioma,0,Hungary,0.33,0.0
Mouth cancer,0,Hungary,6.3,0.0
Multiple myeloma,2,Hungary,2.0,0.20965455010125267
Non-Hodgkin lymphoma,3,Hungary,7.3,0.314481825151879
Ovarian cancer,6,Hungary,10.2,0.628963650303758
Pancreatic cancer,4,Hungary,10.4,0.41930910020250534
Penile cancer,0,Hungary,1.0,0.0
Prostate cancer,9,Hungary,68.5,0.943445475455637
Rectal cancer,1,Hungary,17.2,0.10482727505062633
Salivary gland cancer,0,Hungary,0.85,0.0
Skin cancer,4,Hungary,23.5,0.41930910020250534
Stomach cancer,1,Hungary,7.5,0.10482727505062633
Testicular cancer,4,Hungary,11.4,0.41930910020250534
Throat cancer,0,Hungary,7.76,0.0
Thyroid cancer,2,Hungary,16.3,0.20965455010125267
Uterine cancer,0,Hungary,16.0,0.0
Vaginal cancer,0,Hungary,0.52,0.0
Vulvar cancer,0,Hungary,1.6,0.0
Anal cancer,0,Indonesia,0.28,0.0
Bladder cancer,1,Indonesia,2.6,0.0035156949870499728
Brain cancer,0,Indonesia,2.0,0.0
Breast cancer,7,Indonesia,41.8,0.02460986490934981
Cervical cancer,5,Indonesia,23.3,0.017578474935249864
Colon cancer,0,Indonesia,6.3,0.0
Colorectal cancer,4,Indonesia,12.1,0.014062779948199891
Esophageal cancer,0,Indonesia,0.48,0.0
Gallbladder cancer,0,Indonesia,0.22,0.0
Hodgkin lymphoma,0,Indonesia,0.44,0.0
Kaposi sarcoma,0,Indonesia,0.04,0.0
Kidney cancer,0,Indonesia,0.9,0.0
Laryngeal cancer,0,Indonesia,1.4,0.0
Leukemia,4,Indonesia,5.2,0.014062779948199891
Liver cancer,0,Indonesia,8.0,0.0
Lung cancer,0,Indonesia,13.4,0.0
Mesothelioma,0,Indonesia,0.09,0.0
Mouth cancer,0,Indonesia,2.2,0.0
Multiple myeloma,0,Indonesia,1.2,0.0
Non-Hodgkin lymphoma,0,Indonesia,5.5,0.0
Ovarian cancer,0,Indonesia,9.8,0.0
Pancreatic cancer,0,Indonesia,2.0,0.0
Penile cancer,0,Indonesia,0.77,0.0
Prostate cancer,0,Indonesia,10.5,0.0
Rectal cancer,0,Indonesia,5.5,0.0
Salivary gland cancer,0,Indonesia,0.8,0.0
Skin cancer,0,Indonesia,3.3000000000000003,0.0
Stomach cancer,0,Indonesia,1.3,0.0
Testicular cancer,0,Indonesia,1.1,0.0
Throat cancer,0,Indonesia,6.709999999999999,0.0
Thyroid cancer,1,Indonesia,4.5,0.0035156949870499728
Uterine cancer,0,Indonesia,5.3,0.0
Vaginal cancer,0,Indonesia,0.3,0.0
Vulvar cancer,0,Indonesia,0.84,0.0
Anal cancer,0,Pakistan,0.35,0.0
Bladder cancer,2,Pakistan,3.4,0.008281593011289537
Brain cancer,0,Pakistan,2.7,0.0
Breast cancer,14,Pakistan,34.2,0.05797115107902676
Cervical cancer,0,Pakistan,5.4,0.0
Colon cancer,1,Pakistan,3.1,0.004140796505644769
Colorectal cancer,2,Pakistan,5.4,0.008281593011289537
Esophageal cancer,0,Pakistan,5.5,0.0
Gallbladder cancer,2,Pakistan,1.8,0.008281593011289537
Hodgkin lymphoma,0,Pakistan,0.86,0.0
Kaposi sarcoma,0,Pakistan,0.04,0.0
Kidney cancer,2,Pakistan,1.7,0.008281593011289537
Laryngeal cancer,0,Pakistan,2.4,0.0
Leukemia,7,Pakistan,3.5,0.02898557553951338
Liver cancer,6,Pakistan,3.8,0.024844779033868614
Lung cancer,6,Pakistan,6.0,0.024844779033868614
Mesothelioma,0,Pakistan,0.03,0.0
Mouth cancer,0,Pakistan,9.2,0.0
Multiple myeloma,1,Pakistan,1.1,0.004140796505644769
Non-Hodgkin lymphoma,0,Pakistan,4.1,0.0
Ovarian cancer,1,Pakistan,5.6,0.004140796505644769
Pancreatic cancer,0,Pakistan,0.69,0.0
Penile cancer,0,Pakistan,0.34,0.0
Prostate cancer,2,Pakistan,6.7,0.008281593011289537
Rectal cancer,2,Pakistan,2.0,0.008281593011289537
Salivary gland cancer,0,Pakistan,0.51,0.0
Skin cancer,0,Pakistan,3.21,0.0
Stomach cancer,0,Pakistan,3.5,0.0
Testicular cancer,0,Pakistan,0.7,0.0
Throat cancer,0,Pakistan,2.13,0.0
Thyroid cancer,1,Pakistan,1.6,0.004140796505644769
Uterine cancer,0,Pakistan,3.8,0.0
Vaginal cancer,0,Pakistan,0.29,0.0
Vulvar cancer,0,Pakistan,0.3,0.0
Anal cancer,1,Myanmar,0.31,0.019486812455565196
Bladder cancer,1,Myanmar,1.9,0.019486812455565196
Brain cancer,0,Myanmar,2.1,0.0
Breast cancer,0,Myanmar,23.4,0.0
Cervical cancer,1,Myanmar,21.4,0.019486812455565196
Colon cancer,0,Myanmar,4.9,0.0
Colorectal cancer,3,Myanmar,9.9,0.05846043736669559
Esophageal cancer,0,Myanmar,6.9,0.0
Gallbladder cancer,0,Myanmar,1.8,0.0
Hodgkin lymphoma,0,Myanmar,0.2,0.0
Kaposi sarcoma,0,Myanmar,0.02,0.0
Kidney cancer,1,Myanmar,1.0,0.019486812455565196
Laryngeal cancer,0,Myanmar,2.3,0.0
Leukemia,1,Myanmar,3.6,0.019486812455565196
Liver cancer,0,Myanmar,10.7,0.0
Lung cancer,0,Myanmar,16.1,0.0
Mesothelioma,0,Myanmar,0.02,0.0
Mouth cancer,0,Myanmar,4.4,0.0
Multiple myeloma,0,Myanmar,0.45,0.0
Non-Hodgkin lymphoma,0,Myanmar,3.4,0.0
Ovarian cancer,0,Myanmar,5.6,0.0
Pancreatic cancer,0,Myanmar,1.3,0.0
Penile cancer,0,Myanmar,1.5,0.0
Prostate cancer,1,Myanmar,4.2,0.019486812455565196
Rectal cancer,0,Myanmar,4.7,0.0
Salivary gland cancer,0,Myanmar,0.45,0.0
Skin cancer,0,Myanmar,3.08,0.0
Stomach cancer,0,Myanmar,11.8,0.0
Testicular cancer,1,Myanmar,0.52,0.019486812455565196
Throat cancer,0,Myanmar,7.0,0.0
Thyroid cancer,0,Myanmar,2.9,0.0
Uterine cancer,0,Myanmar,2.7,0.0
Vaginal cancer,0,Myanmar,0.21,0.0
Vulvar cancer,0,Myanmar,0.47,0.0
Anal cancer,0,DR Congo,0.98,0.0
Bladder cancer,0,DR Congo,1.6,0.0
Brain cancer,0,DR Congo,0.63,0.0
Breast cancer,1,DR Congo,26.5,0.00886273397617697
Cervical cancer,1,DR Congo,32.9,0.00886273397617697
Colon cancer,0,DR Congo,2.3,0.0
Colorectal cancer,0,DR Congo,6.0,0.0
Esophageal cancer,0,DR Congo,2.8,0.0
Gallbladder cancer,0,DR Congo,0.21,0.0
Hodgkin lymphoma,0,DR Congo,0.45,0.0
Kaposi sarcoma,0,DR Congo,0.22,0.0
Kidney cancer,0,DR Congo,1.1,0.0
Laryngeal cancer,0,DR Congo,0.59,0.0
Leukemia,0,DR Congo,2.2,0.0
Liver cancer,0,DR Congo,6.1,0.0
Lung cancer,0,DR Congo,2.2,0.0
Mesothelioma,0,DR Congo,0.05,0.0
Mouth cancer,0,DR Congo,1.1,0.0
Multiple myeloma,0,DR Congo,1.1,0.0
Non-Hodgkin lymphoma,0,DR Congo,3.1,0.0
Ovarian cancer,0,DR Congo,4.1,0.0
Pancreatic cancer,0,DR Congo,1.4,0.0
Penile cancer,0,DR Congo,0.63,0.0
Prostate cancer,0,DR Congo,40.1,0.0
Rectal cancer,0,DR Congo,2.7,0.0
Salivary gland cancer,0,DR Congo,0.47,0.0
Skin cancer,0,DR Congo,2.3,0.0
Stomach cancer,0,DR Congo,3.9,0.0
Testicular cancer,0,DR Congo,0.22,0.0
Throat cancer,0,DR Congo,1.41,0.0
Thyroid cancer,0,DR Congo,0.85,0.0
Uterine cancer,0,DR Congo,2.0,0.0
Vaginal cancer,0,DR Congo,0.45,0.0
Vulvar cancer,0,DR Congo,1.2,0.0
Anal cancer,0,Russia,0.56,0.0
Bladder cancer,2,Russia,6.9,0.01369597302441153
Brain cancer,6,Russia,5.3,0.04108791907323459
Breast cancer,45,Russia,57.7,0.30815939304925943
Cervical cancer,5,Russia,17.6,0.03423993256102883
Colon cancer,4,Russia,18.4,0.02739194604882306
Colorectal cancer,8,Russia,29.4,0.05478389209764612
Esophageal cancer,5,Russia,3.5,0.03423993256102883
Gallbladder cancer,0,Russia,0.68,0.0
Hodgkin lymphoma,5,Russia,2.0,0.03423993256102883
Kaposi sarcoma,0,Russia,0.18,0.0
Kidney cancer,10,Russia,11.8,0.06847986512205766
Laryngeal cancer,0,Russia,2.9,0.0
Leukemia,23,Russia,6.9,0.15750368978073262
Liver cancer,1,Russia,4.3,0.006847986512205765
Lung cancer,1,Russia,26.0,0.006847986512205765
Mesothelioma,2,Russia,0.66,0.01369597302441153
Mouth cancer,1,Russia,3.9,0.006847986512205765
Multiple myeloma,5,Russia,1.9,0.03423993256102883
Non-Hodgkin lymphoma,10,Russia,5.2,0.06847986512205766
Ovarian cancer,2,Russia,11.5,0.01369597302441153
Pancreatic cancer,0,Russia,7.8,0.0
Penile cancer,0,Russia,0.76,0.0
Prostate cancer,7,Russia,47.4,0.04793590558544036
Rectal cancer,8,Russia,10.4,0.05478389209764612
Salivary gland cancer,0,Russia,0.58,0.0
Skin cancer,14,Russia,12.4,0.09587181117088071
Stomach cancer,5,Russia,13.7,0.03423993256102883
Testicular cancer,1,Russia,2.1,0.006847986512205765
Throat cancer,0,Russia,3.37,0.0
Thyroid cancer,1,Russia,8.0,0.006847986512205765
Uterine cancer,3,Russia,20.6,0.020543959536617296
Vaginal cancer,0,Russia,0.35,0.0
Vulvar cancer,0,Russia,1.1,0.0
Anal cancer,0,Serbia,0.61,0.0
Bladder cancer,1,Serbia,12.5,0.15225838003478495
Brain cancer,13,Serbia,5.9,1.9793589404522043
Breast cancer,20,Serbia,60.5,3.045167600695699
Cervical cancer,5,Serbia,13.4,0.7612919001739248
Colon cancer,2,Serbia,14.9,0.3045167600695699
Colorectal cancer,11,Serbia,30.2,1.6748421803826345
Esophageal cancer,0,Serbia,1.5,0.0
Gallbladder cancer,0,Serbia,1.1,0.0
Hodgkin lymphoma,0,Serbia,1.8,0.0
Kaposi sarcoma,0,Serbia,0.13,0.0
Kidney cancer,2,Serbia,6.5,0.3045167600695699
Laryngeal cancer,0,Serbia,4.1,0.0
Leukemia,9,Serbia,7.2,1.3703254203130646
Liver cancer,1,Serbia,4.5,0.15225838003478495
Lung cancer,1,Serbia,40.4,0.15225838003478495
Mesothelioma,0,Serbia,0.25,0.0
Mouth cancer,0,Serbia,3.8,0.0
Multiple myeloma,0,Serbia,2.3,0.0
Non-Hodgkin lymphoma,1,Serbia,6.1,0.15225838003478495
Ovarian cancer,2,Serbia,9.3,0.3045167600695699
Pancreatic cancer,1,Serbia,7.6,0.15225838003478495
Penile cancer,0,Serbia,0.76,0.0
Prostate cancer,2,Serbia,37.0,0.3045167600695699
Rectal cancer,1,Serbia,14.7,0.15225838003478495
Salivary gland cancer,0,Serbia,0.45,0.0
Skin cancer,6,Serbia,12.0,0.9135502802087097
Stomach cancer,0,Serbia,7.1,0.0
Testicular cancer,0,Serbia,8.1,0.0
Throat cancer,0,Serbia,2.63,0.0
Thyroid cancer,2,Serbia,3.5,0.3045167600695699
Uterine cancer,0,Serbia,14.4,0.0
Vaginal cancer,0,Serbia,0.36,0.0
Vulvar cancer,0,Serbia,1.3,0.0
Anal cancer,0,Lebanon,0.21,0.0
Bladder cancer,0,Lebanon,8.9,0.0
Brain cancer,1,Lebanon,4.0,0.18214936247723132
Breast cancer,24,Lebanon,57.9,4.371584699453552
Cervical cancer,2,Lebanon,3.6,0.36429872495446264
Colon cancer,1,Lebanon,9.2,0.18214936247723132
Colorectal cancer,6,Lebanon,12.9,1.092896174863388
Esophageal cancer,0,Lebanon,0.61,0.0
Gallbladder cancer,0,Lebanon,0.78,0.0
Hodgkin lymphoma,0,Lebanon,3.0,0.0
Kaposi sarcoma,0,Lebanon,0.13,0.0
Kidney cancer,0,Lebanon,3.7,0.0
Laryngeal cancer,0,Lebanon,2.2,0.0
Leukemia,7,Lebanon,6.8,1.2750455373406193
Liver cancer,0,Lebanon,2.3,0.0
Lung cancer,0,Lebanon,19.9,0.0
Mesothelioma,0,Lebanon,0.37,0.0
Mouth cancer,0,Lebanon,1.1,0.0
Multiple myeloma,2,Lebanon,2.8,0.36429872495446264
Non-Hodgkin lymphoma,0,Lebanon,8.4,0.0
Ovarian cancer,0,Lebanon,6.7,0.0
Pancreatic cancer,4,Lebanon,3.9,0.7285974499089253
Penile cancer,0,Lebanon,0.23,0.0
Prostate cancer,2,Lebanon,27.9,0.36429872495446264
Rectal cancer,3,Lebanon,3.4,0.546448087431694
Salivary gland cancer,0,Lebanon,0.5,0.0
Skin cancer,3,Lebanon,5.300000000000001,0.546448087431694
Stomach cancer,0,Lebanon,3.1,0.0
Testicular cancer,1,Lebanon,2.8,0.18214936247723132
Throat cancer,0,Lebanon,0.62,0.0
Thyroid cancer,0,Lebanon,5.6,0.0
Uterine cancer,1,Lebanon,8.0,0.18214936247723132
Vaginal cancer,0,Lebanon,0.27,0.0
Vulvar cancer,0,Lebanon,1.1,0.0
Anal cancer,1,Cuba,0.83,0.10258507200497496
Bladder cancer,0,Cuba,5.6,0.0
Brain cancer,5,Cuba,5.2,0.5129253600248749
Breast cancer,4,Cuba,47.2,0.41034028801989986
Cervical cancer,3,Cuba,12.8,0.3077552160149249
Colon cancer,0,Cuba,15.2,0.0
Colorectal cancer,2,Cuba,19.9,0.20517014400994993
Esophageal cancer,1,Cuba,4.4,0.10258507200497496
Gallbladder cancer,0,Cuba,0.31,0.0
Hodgkin lymphoma,0,Cuba,2.1,0.0
Kaposi sarcoma,0,Cuba,0.11,0.0
Kidney cancer,0,Cuba,3.4,0.0
Laryngeal cancer,0,Cuba,8.3,0.0
Leukemia,4,Cuba,6.0,0.41034028801989986
Liver cancer,0,Cuba,4.1,0.0
Lung cancer,0,Cuba,29.8,0.0
Mesothelioma,0,Cuba,0.07,0.0
Mouth cancer,0,Cuba,5.0,0.0
Multiple myeloma,0,Cuba,1.9,0.0
Non-Hodgkin lymphoma,0,Cuba,6.4,0.0
Ovarian cancer,1,Cuba,5.3,0.10258507200497496
Pancreatic cancer,0,Cuba,4.4,0.0
Penile cancer,0,Cuba,1.3,0.0
Prostate cancer,1,Cuba,58.1,0.10258507200497496
Rectal cancer,0,Cuba,3.9,0.0
Salivary gland cancer,0,Cuba,0.73,0.0
Skin cancer,4,Cuba,17.01,0.41034028801989986
Stomach cancer,0,Cuba,5.6,0.0
Testicular cancer,0,Cuba,1.3,0.0
Throat cancer,0,Cuba,5.01,0.0
Thyroid cancer,0,Cuba,4.3,0.0
Uterine cancer,0,Cuba,17.0,0.0
Vaginal cancer,0,Cuba,0.55,0.0
Vulvar cancer,0,Cuba,0.98,0.0
Anal cancer,0,Peru,0.6,0.0
Bladder cancer,0,Peru,2.3,0.0
Brain cancer,0,Peru,2.9,0.0
Breast cancer,5,Peru,39.3,0.14555937361027188
Cervical cancer,2,Peru,23.9,0.058223749444108755
Colon cancer,0,Peru,8.6,0.0
Colorectal cancer,1,Peru,11.4,0.029111874722054377
Esophageal cancer,0,Peru,0.82,0.0
Gallbladder cancer,0,Peru,2.6,0.0
Hodgkin lymphoma,0,Peru,1.2,0.0
Kaposi sarcoma,0,Peru,0.79,0.0
Kidney cancer,0,Peru,5.0,0.0
Laryngeal cancer,0,Peru,0.58,0.0
Leukemia,0,Peru,8.1,0.0
Liver cancer,0,Peru,4.9,0.0
Lung cancer,0,Peru,6.8,0.0
Mesothelioma,0,Peru,0.16,0.0
Mouth cancer,0,Peru,1.7,0.0
Multiple myeloma,0,Peru,2.2,0.0
Non-Hodgkin lymphoma,0,Peru,9.6,0.0
Ovarian cancer,2,Peru,5.8,0.058223749444108755
Pancreatic cancer,0,Peru,4.1,0.0
Penile cancer,0,Peru,1.3,0.0
Prostate cancer,1,Peru,40.1,0.029111874722054377
Rectal cancer,0,Peru,2.2,0.0
Salivary gland cancer,0,Peru,0.58,0.0
Skin cancer,2,Peru,9.4,0.058223749444108755
Stomach cancer,0,Peru,14.3,0.0
Testicular cancer,0,Peru,3.9,0.0
Throat cancer,0,Peru,1.01,0.0
Thyroid cancer,0,Peru,6.3,0.0
Uterine cancer,0,Peru,6.5,0.0
Vaginal cancer,0,Peru,0.45,0.0
Vulvar cancer,0,Peru,1.2,0.0
Anal cancer,0,Central African Republic,0.57,0.0
Bladder cancer,0,Central African Republic,1.5,0.0
Brain cancer,0,Central African Republic,0.74,0.0
Breast cancer,0,Central African Republic,37.7,0.0
Cervical cancer,0,Central African Republic,21.8,0.0
Colon cancer,0,Central African Republic,2.6,0.0
Colorectal cancer,0,Central African Republic,5.7,0.0
Esophageal cancer,0,Central African Republic,1.3,0.0
Gallbladder cancer,0,Central African Republic,0.36,0.0
Hodgkin lymphoma,0,Central African Republic,0.39,0.0
Kaposi sarcoma,0,Central African Republic,2.3,0.0
Kidney cancer,0,Central African Republic,1.1,0.0
Laryngeal cancer,0,Central African Republic,0.55,0.0
Leukemia,0,Central African Republic,2.9,0.0
Liver cancer,0,Central African Republic,6.4,0.0
Lung cancer,0,Central African Republic,2.0,0.0
Mesothelioma,0,Central African Republic,0.0,0.0
Mouth cancer,0,Central African Republic,1.4,0.0
Multiple myeloma,0,Central African Republic,1.2,0.0
Non-Hodgkin lymphoma,0,Central African Republic,4.6,0.0
Ovarian cancer,0,Central African Republic,5.8,0.0
Pancreatic cancer,0,Central African Republic,1.2,0.0
Penile cancer,0,Central African Republic,0.12,0.0
Prostate cancer,0,Central African Republic,31.3,0.0
Rectal cancer,0,Central African Republic,2.5,0.0
Salivary gland cancer,0,Central African Republic,0.59,0.0
Skin cancer,0,Central African Republic,2.2,0.0
Stomach cancer,0,Central African Republic,3.5,0.0
Testicular cancer,0,Central African Republic,0.1,0.0
Throat cancer,0,Central African Republic,1.68,0.0
Thyroid cancer,0,Central African Republic,1.3,0.0
Uterine cancer,0,Central African Republic,2.0,0.0
Vaginal cancer,0,Central African Republic,0.21,0.0
Vulvar cancer,0,Central African Republic,1.3,0.0
Anal cancer,0,Cabo Verde,0.39,0.0
Bladder cancer,0,Cabo Verde,2.5,0.0
Brain cancer,0,Cabo Verde,0.25,0.0
Breast cancer,0,Cabo Verde,23.4,0.0
Cervical cancer,0,Cabo Verde,16.1,0.0
Colon cancer,0,Cabo Verde,3.5,0.0
Colorectal cancer,0,Cabo Verde,5.5,0.0
Esophageal cancer,0,Cabo Verde,3.8,0.0
Gallbladder cancer,0,Cabo Verde,0.25,0.0
Hodgkin lymphoma,0,Cabo Verde,0.15,0.0
Kaposi sarcoma,0,Cabo Verde,0.88,0.0
Kidney cancer,0,Cabo Verde,1.2,0.0
Laryngeal cancer,0,Cabo Verde,1.2,0.0
Leukemia,0,Cabo Verde,1.6,0.0
Liver cancer,0,Cabo Verde,1.1,0.0
Lung cancer,0,Cabo Verde,2.2,0.0
Mesothelioma,0,Cabo Verde,0.0,0.0
Mouth cancer,0,Cabo Verde,4.0,0.0
Multiple myeloma,0,Cabo Verde,1.3,0.0
Non-Hodgkin lymphoma,0,Cabo Verde,2.3,0.0
Ovarian cancer,0,Cabo Verde,3.9,0.0
Pancreatic cancer,0,Cabo Verde,1.2,0.0
Penile cancer,0,Cabo Verde,1.3,0.0
Prostate cancer,0,Cabo Verde,43.6,0.0
Rectal cancer,0,Cabo Verde,1.6,0.0
Salivary gland cancer,0,Cabo Verde,0.12,0.0
Skin cancer,0,Cabo Verde,3.22,0.0
Stomach cancer,0,Cabo Verde,5.1,0.0
Testicular cancer,0,Cabo Verde,0.72,0.0
Throat cancer,0,Cabo Verde,0.8300000000000001,0.0
Thyroid cancer,0,Cabo Verde,0.6,0.0
Uterine cancer,0,Cabo Verde,2.1,0.0
Vaginal cancer,0,Cabo Verde,0.0,0.0
Vulvar cancer,0,Cabo Verde,0.32,0.0
Anal cancer,0,Kenya,0.87,0.0
Bladder cancer,0,Kenya,2.3,0.0
Brain cancer,0,Kenya,2.1,0.0
Breast cancer,1,Kenya,40.8,0.018750828083445234
Cervical cancer,3,Kenya,32.8,0.0562524842503357
Colon cancer,0,Kenya,6.6,0.0
Colorectal cancer,0,Kenya,11.1,0.0
Esophageal cancer,1,Kenya,13.0,0.018750828083445234
Gallbladder cancer,0,Kenya,1.6,0.0
Hodgkin lymphoma,0,Kenya,0.85,0.0
Kaposi sarcoma,1,Kenya,1.5,0.018750828083445234
Kidney cancer,0,Kenya,1.3,0.0
Laryngeal cancer,0,Kenya,1.3,0.0
Leukemia,0,Kenya,4.7,0.0
Liver cancer,0,Kenya,2.9,0.0
Lung cancer,0,Kenya,3.4,0.0
Mesothelioma,0,Kenya,0.01,0.0
Mouth cancer,0,Kenya,2.7,0.0
Multiple myeloma,0,Kenya,2.9,0.0
Non-Hodgkin lymphoma,0,Kenya,4.8,0.0
Ovarian cancer,0,Kenya,7.9,0.0
Pancreatic cancer,0,Kenya,3.5,0.0
Penile cancer,0,Kenya,0.45,0.0
Prostate cancer,0,Kenya,39.7,0.0
Rectal cancer,0,Kenya,3.6,0.0
Salivary gland cancer,0,Kenya,0.46,0.0
Skin cancer,0,Kenya,3.2,0.0
Stomach cancer,0,Kenya,7.2,0.0
Testicular cancer,0,Kenya,0.14,0.0
Throat cancer,0,Kenya,3.42,0.0
Thyroid cancer,0,Kenya,1.5,0.0
Uterine cancer,0,Kenya,5.8,0.0
Vaginal cancer,0,Kenya,0.36,0.0
Vulvar cancer,0,Kenya,0.94,0.0
Anal cancer,0,Uganda,0.6,0.0
Bladder cancer,0,Uganda,1.9,0.0
Brain cancer,0,Uganda,1.9,0.0
Breast cancer,1,Uganda,23.3,0.021783921492315384
Cervical cancer,6,Uganda,53.8,0.1307035289538923
Colon cancer,0,Uganda,3.8,0.0
Colorectal cancer,0,Uganda,7.3,0.0
Esophageal cancer,0,Uganda,13.2,0.0
Gallbladder cancer,0,Uganda,0.13,0.0
Hodgkin lymphoma,0,Uganda,1.2,0.0
Kaposi sarcoma,0,Uganda,11.1,0.0
Kidney cancer,0,Uganda,1.3,0.0
Laryngeal cancer,0,Uganda,1.4,0.0
Leukemia,0,Uganda,2.4,0.0
Liver cancer,0,Uganda,8.9,0.0
Lung cancer,0,Uganda,3.0,0.0
Mesothelioma,0,Uganda,0.11,0.0
Mouth cancer,0,Uganda,2.3,0.0
Multiple myeloma,0,Uganda,1.0,0.0
Non-Hodgkin lymphoma,0,Uganda,7.4,0.0
Ovarian cancer,0,Uganda,5.6,0.0
Pancreatic cancer,0,Uganda,1.6,0.0
Penile cancer,0,Uganda,3.1,0.0
Prostate cancer,0,Uganda,43.1,0.0
Rectal cancer,0,Uganda,2.9,0.0
Salivary gland cancer,0,Uganda,0.41,0.0
Skin cancer,0,Uganda,2.54,0.0
Stomach cancer,0,Uganda,3.3,0.0
Testicular cancer,0,Uganda,0.45,0.0
Throat cancer,0,Uganda,3.16,0.0
Thyroid cancer,0,Uganda,1.8,0.0
Uterine cancer,0,Uganda,3.8,0.0
Vaginal cancer,0,Uganda,0.35,0.0
Vulvar cancer,0,Uganda,1.1,0.0
Anal cancer,0,South Africa,0.83,0.0
Bladder cancer,2,South Africa,4.1,0.031695246402411247
Brain cancer,0,South Africa,1.5,0.0
Breast cancer,37,South Africa,47.8,0.5863620584446081
Cervical cancer,18,South Africa,33.2,0.28525721762170125
Colon cancer,0,South Africa,6.8,0.0
Colorectal cancer,2,South Africa,13.5,0.031695246402411247
Esophageal cancer,5,South Africa,6.4,0.07923811600602812
Gallbladder cancer,0,South Africa,0.66,0.0
Hodgkin lymphoma,4,South Africa,1.1,0.06339049280482249
Kaposi sarcoma,2,South Africa,6.0,0.031695246402411247
Kidney cancer,2,South Africa,2.6,0.031695246402411247
Laryngeal cancer,0,South Africa,1.9,0.0
Leukemia,14,South Africa,3.6,0.22186672481687875
Liver cancer,7,South Africa,4.9,0.11093336240843937
Lung cancer,7,South Africa,18.1,0.11093336240843937
Mesothelioma,2,South Africa,0.6,0.031695246402411247
Mouth cancer,0,South Africa,3.1,0.0
Multiple myeloma,3,South Africa,2.3,0.04754286960361687
Non-Hodgkin lymphoma,3,South Africa,5.6,0.04754286960361687
Ovarian cancer,5,South Africa,5.1,0.07923811600602812
Pancreatic cancer,0,South Africa,5.3,0.0
Penile cancer,0,South Africa,1.4,0.0
Prostate cancer,10,South Africa,62.0,0.15847623201205624
Rectal cancer,0,South Africa,5.9,0.0
Salivary gland cancer,0,South Africa,0.54,0.0
Skin cancer,10,South Africa,23.9,0.15847623201205624
Stomach cancer,0,South Africa,3.6,0.0
Testicular cancer,0,South Africa,0.7,0.0
Throat cancer,0,South Africa,1.49,0.0
Thyroid cancer,0,South Africa,2.2,0.0
Uterine cancer,0,South Africa,6.2,0.0
Vaginal cancer,0,South Africa,0.74,0.0
Vulvar cancer,0,South Africa,2.0,0.0
Anal cancer,0,Norway,0.99,0.0
Bladder cancer,3,Norway,13.0,0.535050822694145
Brain cancer,13,Norway,7.2,2.3185535650079614
Breast cancer,133,Norway,95.6,23.72058647277376
Cervical cancer,19,Norway,10.9,3.3886552103962515
Colon cancer,14,Norway,30.7,2.496903839239343
Colorectal cancer,106,Norway,45.3,18.905129068526456
Esophageal cancer,2,Norway,3.0,0.35670054846276333
Gallbladder cancer,0,Norway,0.32,0.0
Hodgkin lymphoma,7,Norway,2.4,1.2484519196196715
Kaposi sarcoma,0,Norway,0.06,0.0
Kidney cancer,8,Norway,11.1,1.4268021938510533
Laryngeal cancer,1,Norway,0.98,0.17835027423138167
Leukemia,26,Norway,9.7,4.637107130015923
Liver cancer,0,Norway,4.1,0.0
Lung cancer,0,Norway,28.0,0.0
Mesothelioma,4,Norway,0.6,0.7134010969255267
Mouth cancer,0,Norway,4.2,0.0
Multiple myeloma,27,Norway,4.5,4.815457404247304
Non-Hodgkin lymphoma,13,Norway,10.9,2.3185535650079614
Ovarian cancer,26,Norway,9.2,4.637107130015923
Pancreatic cancer,19,Norway,8.1,3.3886552103962515
Penile cancer,0,Norway,1.2,0.0
Prostate cancer,55,Norway,109.9,9.809265082725991
Rectal cancer,24,Norway,13.6,4.28040658155316
Salivary gland cancer,0,Norway,0.75,0.0
Skin cancer,29,Norway,48.3,5.1721579527100685
Stomach cancer,4,Norway,4.2,0.7134010969255267
Testicular cancer,10,Norway,11.3,1.7835027423138166
Throat cancer,0,Norway,2.13,0.0
Thyroid cancer,2,Norway,8.0,0.35670054846276333
Uterine cancer,5,Norway,14.9,0.8917513711569083
Vaginal cancer,0,Norway,0.44,0.0
Vulvar cancer,1,Norway,1.7,0.17835027423138167
Anal cancer,0,Botswana,0.71,0.0
Bladder cancer,0,Botswana,0.82,0.0
Brain cancer,0,Botswana,0.58,0.0
Breast cancer,0,Botswana,23.0,0.0
Cervical cancer,1,Botswana,39.1,0.4237990277202706
Colon cancer,0,Botswana,2.2,0.0
Colorectal cancer,0,Botswana,4.5,0.0
Esophageal cancer,0,Botswana,7.8,0.0
Gallbladder cancer,0,Botswana,0.0,0.0
Hodgkin lymphoma,0,Botswana,1.2,0.0
Kaposi sarcoma,0,Botswana,9.3,0.0
Kidney cancer,0,Botswana,0.95,0.0
Laryngeal cancer,0,Botswana,2.1,0.0
Leukemia,0,Botswana,1.5,0.0
Liver cancer,0,Botswana,1.6,0.0
Lung cancer,0,Botswana,3.6,0.0
Mesothelioma,0,Botswana,0.0,0.0
Mouth cancer,0,Botswana,4.0,0.0
Multiple myeloma,0,Botswana,1.1,0.0
Non-Hodgkin lymphoma,0,Botswana,4.3,0.0
Ovarian cancer,0,Botswana,2.8,0.0
Pancreatic cancer,0,Botswana,0.75,0.0
Penile cancer,0,Botswana,3.9,0.0
Prostate cancer,0,Botswana,23.9,0.0
Rectal cancer,0,Botswana,1.6,0.0
Salivary gland cancer,0,Botswana,0.37,0.0
Skin cancer,0,Botswana,6.5,0.0
Stomach cancer,0,Botswana,1.3,0.0
Testicular cancer,0,Botswana,0.07,0.0
Throat cancer,0,Botswana,1.52,0.0
Thyroid cancer,0,Botswana,0.47,0.0
Uterine cancer,0,Botswana,4.1,0.0
Vaginal cancer,0,Botswana,0.6,0.0
Vulvar cancer,0,Botswana,2.6,0.0
Anal cancer,0,North Korea,0.09,0.0
Bladder cancer,0,North Korea,4.1,0.0
Brain cancer,0,North Korea,3.3,0.0
Breast cancer,0,North Korea,32.3,0.0
Cervical cancer,0,North Korea,11.8,0.0
Colon cancer,0,North Korea,8.8,0.0
Colorectal cancer,0,North Korea,19.0,0.0
Esophageal cancer,0,North Korea,4.2,0.0
Gallbladder cancer,0,North Korea,2.5,0.0
Hodgkin lymphoma,0,North Korea,0.44,0.0
Kaposi sarcoma,0,North Korea,0.02,0.0
Kidney cancer,0,North Korea,3.2,0.0
Laryngeal cancer,0,North Korea,1.5,0.0
Leukemia,0,North Korea,4.7,0.0
Liver cancer,0,North Korea,16.4,0.0
Lung cancer,0,North Korea,38.4,0.0
Mesothelioma,0,North Korea,0.18,0.0
Mouth cancer,0,North Korea,0.89,0.0
Multiple myeloma,0,North Korea,0.56,0.0
Non-Hodgkin lymphoma,0,North Korea,2.0,0.0
Ovarian cancer,0,North Korea,5.9,0.0
Pancreatic cancer,0,North Korea,4.7,0.0
Penile cancer,0,North Korea,0.38,0.0
Prostate cancer,0,North Korea,3.7,0.0
Rectal cancer,0,North Korea,10.1,0.0
Salivary gland cancer,0,North Korea,0.33,0.0
Skin cancer,0,North Korea,1.11,0.0
Stomach cancer,0,North Korea,13.9,0.0
Testicular cancer,0,North Korea,0.39,0.0
Throat cancer,0,North Korea,1.43,0.0
Thyroid cancer,0,North Korea,3.3,0.0
Uterine cancer,0,North Korea,4.5,0.0
Vaginal cancer,0,North Korea,0.14,0.0
Vulvar cancer,0,North Korea,0.26,0.0
Anal cancer,0,Martinique,0.49,0.0
Bladder cancer,0,Martinique,3.0,0.0
Brain cancer,0,Martinique,2.1,0.0
Breast cancer,0,Martinique,77.2,0.0
Cervical cancer,0,Martinique,7.5,0.0
Colon cancer,0,Martinique,15.3,0.0
Colorectal cancer,0,Martinique,21.7,0.0
Esophageal cancer,0,Martinique,1.7,0.0
Gallbladder cancer,0,Martinique,0.68,0.0
Hodgkin lymphoma,0,Martinique,0.0,0.0
Kaposi sarcoma,0,Martinique,0.0,0.0
Kidney cancer,0,Martinique,3.8,0.0
Laryngeal cancer,0,Martinique,0.89,0.0
Leukemia,0,Martinique,6.5,0.0
Liver cancer,0,Martinique,3.6,0.0
Lung cancer,0,Martinique,9.0,0.0
Mesothelioma,0,Martinique,0.0,0.0
Mouth cancer,0,Martinique,2.1,0.0
Multiple myeloma,0,Martinique,6.2,0.0
Non-Hodgkin lymphoma,0,Martinique,4.4,0.0
Ovarian cancer,0,Martinique,3.5,0.0
Pancreatic cancer,0,Martinique,6.3,0.0
Penile cancer,0,Martinique,0.88,0.0
Prostate cancer,0,Martinique,134.3,0.0
Rectal cancer,0,Martinique,6.0,0.0
Salivary gland cancer,0,Martinique,0.12,0.0
Skin cancer,0,Martinique,10.3,0.0
Stomach cancer,0,Martinique,10.8,0.0
Testicular cancer,0,Martinique,0.0,0.0
Throat cancer,0,Martinique,2.17,0.0
Thyroid cancer,0,Martinique,5.7,0.0
Uterine cancer,0,Martinique,9.1,0.0
Vaginal cancer,0,Martinique,0.27,0.0
Vulvar cancer,0,Martinique,0.0,0.0
Anal cancer,0,Saudi Arabia,0.28,0.0
Bladder cancer,2,Saudi Arabia,3.2,0.0566567743938575
Brain cancer,2,Saudi Arabia,1.9,0.0566567743938575
Breast cancer,18,Saudi Arabia,25.3,0.5099109695447175
Cervical cancer,1,Saudi Arabia,2.4,0.02832838719692875
Colon cancer,1,Saudi Arabia,6.3,0.02832838719692875
Colorectal cancer,8,Saudi Arabia,11.7,0.22662709757543
Esophageal cancer,1,Saudi Arabia,1.0,0.02832838719692875
Gallbladder cancer,0,Saudi Arabia,0.72,0.0
Hodgkin lymphoma,5,Saudi Arabia,2.0,0.14164193598464375
Kaposi sarcoma,0,Saudi Arabia,0.26,0.0
Kidney cancer,1,Saudi Arabia,2.5,0.02832838719692875
Laryngeal cancer,0,Saudi Arabia,0.76,0.0
Leukemia,9,Saudi Arabia,4.8,0.25495548477235874
Liver cancer,5,Saudi Arabia,4.7,0.14164193598464375
Lung cancer,5,Saudi Arabia,4.3,0.14164193598464375
Mesothelioma,1,Saudi Arabia,0.13,0.02832838719692875
Mouth cancer,0,Saudi Arabia,1.7,0.0
Multiple myeloma,0,Saudi Arabia,1.0,0.0
Non-Hodgkin lymphoma,2,Saudi Arabia,6.0,0.0566567743938575
Ovarian cancer,1,Saudi Arabia,3.3,0.02832838719692875
Pancreatic cancer,0,Saudi Arabia,2.0,0.0
Penile cancer,0,Saudi Arabia,0.03,0.0
Prostate cancer,2,Saudi Arabia,5.9,0.0566567743938575
Rectal cancer,5,Saudi Arabia,5.1,0.14164193598464375
Salivary gland cancer,0,Saudi Arabia,0.22,0.0
Skin cancer,0,Saudi Arabia,1.49,0.0
Stomach cancer,0,Saudi Arabia,2.7,0.0
Testicular cancer,0,Saudi Arabia,0.8,0.0
Throat cancer,0,Saudi Arabia,1.66,0.0
Thyroid cancer,4,Saudi Arabia,6.6,0.113313548787715
Uterine cancer,0,Saudi Arabia,8.4,0.0
Vaginal cancer,0,Saudi Arabia,0.04,0.0
Vulvar cancer,0,Saudi Arabia,0.14,0.0
Anal cancer,0,Bosnia and Herzegovina,0.16,0.0
Bladder cancer,0,Bosnia and Herzegovina,9.2,0.0
Brain cancer,0,Bosnia and Herzegovina,6.6,0.0
Breast cancer,4,Bosnia and Herzegovina,51.9,1.168907071887785
Cervical cancer,0,Bosnia and Herzegovina,12.3,0.0
Colon cancer,1,Bosnia and Herzegovina,13.5,0.29222676797194624
Colorectal cancer,2,Bosnia and Herzegovina,26.3,0.5844535359438925
Esophageal cancer,0,Bosnia and Herzegovina,1.4,0.0
Gallbladder cancer,0,Bosnia and Herzegovina,1.5,0.0
Hodgkin lymphoma,0,Bosnia and Herzegovina,2.7,0.0
Kaposi sarcoma,0,Bosnia and Herzegovina,0.0,0.0
Kidney cancer,0,Bosnia and Herzegovina,5.3,0.0
Laryngeal cancer,0,Bosnia and Herzegovina,4.2,0.0
Leukemia,0,Bosnia and Herzegovina,4.9,0.0
Liver cancer,0,Bosnia and Herzegovina,6.6,0.0
Lung cancer,0,Bosnia and Herzegovina,36.1,0.0
Mesothelioma,0,Bosnia and Herzegovina,0.18,0.0
Mouth cancer,0,Bosnia and Herzegovina,2.3,0.0
Multiple myeloma,0,Bosnia and Herzegovina,1.2,0.0
Non-Hodgkin lymphoma,0,Bosnia and Herzegovina,3.6,0.0
Ovarian cancer,0,Bosnia and Herzegovina,9.8,0.0
Pancreatic cancer,0,Bosnia and Herzegovina,7.1,0.0
Penile cancer,0,Bosnia and Herzegovina,0.18,0.0
Prostate cancer,0,Bosnia and Herzegovina,24.5,0.0
Rectal cancer,0,Bosnia and Herzegovina,12.6,0.0
Salivary gland cancer,0,Bosnia and Herzegovina,0.6,0.0
Skin cancer,0,Bosnia and Herzegovina,12.1,0.0
Stomach cancer,0,Bosnia and Herzegovina,9.6,0.0
Testicular cancer,0,Bosnia and Herzegovina,6.9,0.0
Throat cancer,0,Bosnia and Herzegovina,1.65,0.0
Thyroid cancer,0,Bosnia and Herzegovina,2.9,0.0
Uterine cancer,0,Bosnia and Herzegovina,11.2,0.0
Vaginal cancer,0,Bosnia and Herzegovina,0.35,0.0
Vulvar cancer,0,Bosnia and Herzegovina,0.8,0.0
Anal cancer,0,Liberia,0.4,0.0
Bladder cancer,0,Liberia,0.67,0.0
Brain cancer,0,Liberia,2.4,0.0
Breast cancer,0,Liberia,33.6,0.0
Cervical cancer,0,Liberia,39.6,0.0
Colon cancer,0,Liberia,2.7,0.0
Colorectal cancer,0,Liberia,4.5,0.0
Esophageal cancer,0,Liberia,0.59,0.0
Gallbladder cancer,0,Liberia,0.29,0.0
Hodgkin lymphoma,0,Liberia,0.49,0.0
Kaposi sarcoma,0,Liberia,0.73,0.0
Kidney cancer,0,Liberia,0.9,0.0
Laryngeal cancer,0,Liberia,0.87,0.0
Leukemia,0,Liberia,1.2,0.0
Liver cancer,0,Liberia,14.8,0.0
Lung cancer,0,Liberia,2.7,0.0
Mesothelioma,0,Liberia,0.04,0.0
Mouth cancer,0,Liberia,1.2,0.0
Multiple myeloma,0,Liberia,0.57,0.0
Non-Hodgkin lymphoma,0,Liberia,3.6,0.0
Ovarian cancer,0,Liberia,3.3,0.0
Pancreatic cancer,0,Liberia,1.4,0.0
Penile cancer,0,Liberia,0.03,0.0
Prostate cancer,0,Liberia,38.6,0.0
Rectal cancer,0,Liberia,1.4,0.0
Salivary gland cancer,0,Liberia,0.23,0.0
Skin cancer,0,Liberia,2.74,0.0
Stomach cancer,0,Liberia,4.5,0.0
Testicular cancer,0,Liberia,0.06,0.0
Throat cancer,0,Liberia,0.32,0.0
Thyroid cancer,0,Liberia,0.74,0.0
Uterine cancer,0,Liberia,3.2,0.0
Vaginal cancer,0,Liberia,0.55,0.0
Vulvar cancer,0,Liberia,0.23,0.0
Anal cancer,0,Ukraine,0.45,0.0
Bladder cancer,0,Ukraine,6.3,0.0
Brain cancer,0,Ukraine,4.1,0.0
Breast cancer,5,Ukraine,43.1,0.15215142109427301
Cervical cancer,1,Ukraine,15.2,0.030430284218854603
Colon cancer,0,Ukraine,12.9,0.0
Colorectal cancer,2,Ukraine,24.2,0.060860568437709206
Esophageal cancer,0,Ukraine,3.2,0.0
Gallbladder cancer,0,Ukraine,0.61,0.0
Hodgkin lymphoma,0,Ukraine,2.0,0.0
Kaposi sarcoma,0,Ukraine,0.05,0.0
Kidney cancer,1,Ukraine,8.0,0.030430284218854603
Laryngeal cancer,0,Ukraine,3.5,0.0
Leukemia,4,Ukraine,5.7,0.12172113687541841
Liver cancer,1,Ukraine,2.6,0.030430284218854603
Lung cancer,1,Ukraine,20.6,0.030430284218854603
Mesothelioma,0,Ukraine,0.24,0.0
Mouth cancer,0,Ukraine,4.3,0.0
Multiple myeloma,0,Ukraine,1.3,0.0
Non-Hodgkin lymphoma,0,Ukraine,3.9,0.0
Ovarian cancer,0,Ukraine,11.0,0.0
Pancreatic cancer,1,Ukraine,6.4,0.030430284218854603
Penile cancer,0,Ukraine,0.71,0.0
Prostate cancer,0,Ukraine,26.4,0.0
Rectal cancer,3,Ukraine,10.9,0.09129085265656381
Salivary gland cancer,0,Ukraine,0.63,0.0
Skin cancer,1,Ukraine,9.3,0.030430284218854603
Stomach cancer,0,Ukraine,9.5,0.0
Testicular cancer,0,Ukraine,1.9,0.0
Throat cancer,0,Ukraine,4.07,0.0
Thyroid cancer,2,Ukraine,6.0,0.060860568437709206
Uterine cancer,0,Ukraine,19.4,0.0
Vaginal cancer,0,Ukraine,0.3,0.0
Vulvar cancer,0,Ukraine,1.1,0.0
Anal cancer,0,Niger,0.87,0.0
Bladder cancer,0,Niger,2.5,0.0
Brain cancer,0,Niger,0.82,0.0
Breast cancer,0,Niger,29.5,0.0
Cervical cancer,0,Niger,9.3,0.0
Colon cancer,0,Niger,3.3,0.0
Colorectal cancer,0,Niger,5.9,0.0
Esophageal cancer,0,Niger,0.95,0.0
Gallbladder cancer,0,Niger,0.23,0.0
Hodgkin lymphoma,0,Niger,0.12,0.0
Kaposi sarcoma,0,Niger,0.13,0.0
Kidney cancer,0,Niger,1.5,0.0
Laryngeal cancer,0,Niger,0.59,0.0
Leukemia,0,Niger,2.2,0.0
Liver cancer,0,Niger,9.8,0.0
Lung cancer,0,Niger,0.95,0.0
Mesothelioma,0,Niger,0.01,0.0
Mouth cancer,0,Niger,1.5,0.0
Multiple myeloma,0,Niger,0.1,0.0
Non-Hodgkin lymphoma,0,Niger,1.8,0.0
Ovarian cancer,0,Niger,7.7,0.0
Pancreatic cancer,0,Niger,3.4,0.0
Penile cancer,0,Niger,0.08,0.0
Prostate cancer,0,Niger,5.5,0.0
Rectal cancer,0,Niger,1.8,0.0
Salivary gland cancer,0,Niger,0.49,0.0
Skin cancer,0,Niger,2.52,0.0
Stomach cancer,0,Niger,3.1,0.0
Testicular cancer,0,Niger,0.59,0.0
Throat cancer,0,Niger,0.69,0.0
Thyroid cancer,0,Niger,1.0,0.0
Uterine cancer,0,Niger,2.5,0.0
Vaginal cancer,0,Niger,0.42,0.0
Vulvar cancer,0,Niger,0.24,0.0
Anal cancer,0,Guyana,0.13,0.0
Bladder cancer,0,Guyana,1.1,0.0
Brain cancer,0,Guyana,0.24,0.0
Breast cancer,0,Guyana,52.6,0.0
Cervical cancer,0,Guyana,30.3,0.0
Colon cancer,0,Guyana,7.3,0.0
Colorectal cancer,0,Guyana,8.8,0.0
Esophageal cancer,0,Guyana,0.79,0.0
Gallbladder cancer,0,Guyana,0.48,0.0
Hodgkin lymphoma,0,Guyana,0.0,0.0
Kaposi sarcoma,0,Guyana,0.0,0.0
Kidney cancer,0,Guyana,1.9,0.0
Laryngeal cancer,0,Guyana,1.3,0.0
Leukemia,0,Guyana,4.0,0.0
Liver cancer,0,Guyana,3.5,0.0
Lung cancer,0,Guyana,4.3,0.0
Mesothelioma,0,Guyana,0.0,0.0
Mouth cancer,0,Guyana,1.1,0.0
Multiple myeloma,0,Guyana,0.34,0.0
Non-Hodgkin lymphoma,0,Guyana,5.9,0.0
Ovarian cancer,0,Guyana,4.5,0.0
Pancreatic cancer,0,Guyana,2.0,0.0
Penile cancer,0,Guyana,0.99,0.0
Prostate cancer,0,Guyana,61.9,0.0
Rectal cancer,0,Guyana,1.3,0.0
Salivary gland cancer,0,Guyana,0.08,0.0
Skin cancer,0,Guyana,0.21,0.0
Stomach cancer,0,Guyana,4.5,0.0
Testicular cancer,0,Guyana,0.28,0.0
Throat cancer,0,Guyana,0.6,0.0
Thyroid cancer,0,Guyana,0.85,0.0
Uterine cancer,0,Guyana,7.0,0.0
Vaginal cancer,0,Guyana,0.0,0.0
Vulvar cancer,0,Guyana,0.67,0.0
Anal cancer,0,Madagascar,1.4,0.0
Bladder cancer,0,Madagascar,5.0,0.0
Brain cancer,0,Madagascar,1.2,0.0
Breast cancer,0,Madagascar,30.3,0.0
Cervical cancer,0,Madagascar,41.8,0.0
Colon cancer,0,Madagascar,2.0,0.0
Colorectal cancer,0,Madagascar,5.7,0.0
Esophageal cancer,0,Madagascar,4.2,0.0
Gallbladder cancer,0,Madagascar,0.17,0.0
Hodgkin lymphoma,0,Madagascar,0.69,0.0
Kaposi sarcoma,0,Madagascar,0.03,0.0
Kidney cancer,0,Madagascar,0.97,0.0
Laryngeal cancer,0,Madagascar,0.68,0.0
Leukemia,0,Madagascar,2.9,0.0
Liver cancer,0,Madagascar,5.5,0.0
Lung cancer,0,Madagascar,2.1,0.0
Mesothelioma,0,Madagascar,0.08,0.0
Mouth cancer,0,Madagascar,2.3,0.0
Multiple myeloma,0,Madagascar,0.33,0.0
Non-Hodgkin lymphoma,0,Madagascar,4.1,0.0
Ovarian cancer,0,Madagascar,2.8,0.0
Pancreatic cancer,0,Madagascar,1.3,0.0
Penile cancer,0,Madagascar,0.11,0.0
Prostate cancer,0,Madagascar,33.4,0.0
Rectal cancer,0,Madagascar,2.3,0.0
Salivary gland cancer,0,Madagascar,0.55,0.0
Skin cancer,0,Madagascar,4.1,0.0
Stomach cancer,0,Madagascar,4.4,0.0
Testicular cancer,0,Madagascar,0.24,0.0
Throat cancer,0,Madagascar,2.36,0.0
Thyroid cancer,1,Madagascar,1.0,0.03151885385344149
Uterine cancer,0,Madagascar,1.9,0.0
Vaginal cancer,0,Madagascar,0.54,0.0
Vulvar cancer,0,Madagascar,1.9,0.0
Anal cancer,0,Türkiye,0.24,0.0
Bladder cancer,32,Türkiye,11.6,0.37354836769635896
Brain cancer,18,Türkiye,6.4,0.21012095682920193
Breast cancer,196,Türkiye,46.8,2.2879837521401987
Cervical cancer,16,Türkiye,4.8,0.18677418384817948
Colon cancer,13,Türkiye,12.4,0.15175402437664584
Colorectal cancer,40,Türkiye,19.8,0.4669354596204487
Esophageal cancer,0,Türkiye,1.2,0.0
Gallbladder cancer,0,Türkiye,0.7,0.0
Hodgkin lymphoma,13,Türkiye,1.9,0.15175402437664584
Kaposi sarcoma,1,Türkiye,0.5,0.011673386490511218
Kidney cancer,6,Türkiye,5.3,0.07004031894306731
Laryngeal cancer,4,Türkiye,3.8,0.04669354596204487
Leukemia,97,Türkiye,6.8,1.1323184895795881
Liver cancer,11,Türkiye,4.7,0.1284072513956234
Lung cancer,11,Türkiye,37.9,0.1284072513956234
Mesothelioma,13,Türkiye,0.82,0.15175402437664584
Mouth cancer,0,Türkiye,2.1,0.0
Multiple myeloma,24,Türkiye,2.6,0.28016127577226924
Non-Hodgkin lymphoma,12,Türkiye,6.6,0.14008063788613462
Ovarian cancer,21,Türkiye,6.9,0.24514111630073557
Pancreatic cancer,14,Türkiye,7.7,0.16342741086715704
Penile cancer,0,Türkiye,0.04,0.0
Prostate cancer,52,Türkiye,35.3,0.6070160975065834
Rectal cancer,18,Türkiye,7.2,0.21012095682920193
Salivary gland cancer,0,Türkiye,0.54,0.0
Skin cancer,23,Türkiye,9.0,0.268487889281758
Stomach cancer,9,Türkiye,11.7,0.10506047841460096
Testicular cancer,2,Türkiye,3.8,0.023346772981022435
Throat cancer,0,Türkiye,1.35,0.0
Thyroid cancer,22,Türkiye,15.6,0.2568145027912468
Uterine cancer,16,Türkiye,14.3,0.18677418384817948
Vaginal cancer,0,Türkiye,0.16,0.0
Vulvar cancer,0,Türkiye,0.5,0.0
Anal cancer,0,French Guiana,0.69,0.0
Bladder cancer,0,French Guiana,6.0,0.0
Brain cancer,0,French Guiana,2.0,0.0
Breast cancer,0,French Guiana,55.7,0.0
Cervical cancer,0,French Guiana,12.3,0.0
Colon cancer,0,French Guiana,11.8,0.0
Colorectal cancer,0,French Guiana,16.2,0.0
Esophageal cancer,0,French Guiana,1.8,0.0
Gallbladder cancer,0,French Guiana,0.36,0.0
Hodgkin lymphoma,0,French Guiana,0.36,0.0
Kaposi sarcoma,0,French Guiana,0.0,0.0
Kidney cancer,0,French Guiana,2.5,0.0
Laryngeal cancer,0,French Guiana,1.8,0.0
Leukemia,0,French Guiana,6.9,0.0
Liver cancer,0,French Guiana,3.8,0.0
Lung cancer,0,French Guiana,15.0,0.0
Mesothelioma,0,French Guiana,0.38,0.0
Mouth cancer,0,French Guiana,1.3,0.0
Multiple myeloma,0,French Guiana,3.5,0.0
Non-Hodgkin lymphoma,0,French Guiana,7.7,0.0
Ovarian cancer,0,French Guiana,8.1,0.0
Pancreatic cancer,0,French Guiana,7.6,0.0
Penile cancer,0,French Guiana,1.5,0.0
Prostate cancer,0,French Guiana,94.1,0.0
Rectal cancer,0,French Guiana,3.7,0.0
Salivary gland cancer,0,French Guiana,0.36,0.0
Skin cancer,0,French Guiana,11.3,0.0
Stomach cancer,0,French Guiana,8.6,0.0
Testicular cancer,0,French Guiana,0.66,0.0
Throat cancer,0,French Guiana,2.41,0.0
Thyroid cancer,0,French Guiana,4.2,0.0
Uterine cancer,0,French Guiana,7.6,0.0
Vaginal cancer,0,French Guiana,0.0,0.0
Vulvar cancer,0,French Guiana,0.0,0.0
Anal cancer,0,Tunisia,0.52,0.0
Bladder cancer,0,Tunisia,8.9,0.0
Brain cancer,0,Tunisia,3.3,0.0
Breast cancer,7,Tunisia,36.2,0.5846893741643641
Cervical cancer,0,Tunisia,5.3,0.0
Colon cancer,1,Tunisia,6.6,0.08352705345205201
Colorectal cancer,0,Tunisia,11.9,0.0
Esophageal cancer,0,Tunisia,0.7,0.0
Gallbladder cancer,0,Tunisia,1.1,0.0
Hodgkin lymphoma,0,Tunisia,2.0,0.0
Kaposi sarcoma,0,Tunisia,0.41,0.0
Kidney cancer,0,Tunisia,2.2,0.0
Laryngeal cancer,0,Tunisia,3.1,0.0
Leukemia,6,Tunisia,5.3,0.501162320712312
Liver cancer,0,Tunisia,4.1,0.0
Lung cancer,0,Tunisia,20.1,0.0
Mesothelioma,0,Tunisia,0.15,0.0
Mouth cancer,0,Tunisia,1.8,0.0
Multiple myeloma,2,Tunisia,1.4,0.16705410690410402
Non-Hodgkin lymphoma,0,Tunisia,5.8,0.0
Ovarian cancer,0,Tunisia,4.6,0.0
Pancreatic cancer,0,Tunisia,3.3,0.0
Penile cancer,0,Tunisia,0.12,0.0
Prostate cancer,1,Tunisia,16.8,0.08352705345205201
Rectal cancer,0,Tunisia,4.8,0.0
Salivary gland cancer,0,Tunisia,0.28,0.0
Skin cancer,0,Tunisia,3.49,0.0
Stomach cancer,0,Tunisia,3.5,0.0
Testicular cancer,0,Tunisia,0.68,0.0
Throat cancer,0,Tunisia,3.45,0.0
Thyroid cancer,0,Tunisia,2.5,0.0
Uterine cancer,0,Tunisia,4.0,0.0
Vaginal cancer,0,Tunisia,0.19,0.0
Vulvar cancer,0,Tunisia,0.54,0.0
Anal cancer,0,Samoa,0.0,0.0
Bladder cancer,0,Samoa,4.9,0.0
Brain cancer,0,Samoa,2.2,0.0
Breast cancer,0,Samoa,88.8,0.0
Cervical cancer,0,Samoa,13.3,0.0
Colon cancer,0,Samoa,15.2,0.0
Colorectal cancer,0,Samoa,25.3,0.0
Esophageal cancer,0,Samoa,2.5,0.0
Gallbladder cancer,0,Samoa,0.0,0.0
Hodgkin lymphoma,0,Samoa,0.0,0.0
Kaposi sarcoma,0,Samoa,0.0,0.0
Kidney cancer,0,Samoa,7.8,0.0
Laryngeal cancer,0,Samoa,1.8,0.0
Leukemia,0,Samoa,3.3,0.0
Liver cancer,0,Samoa,5.5,0.0
Lung cancer,0,Samoa,33.3,0.0
Mesothelioma,0,Samoa,0.0,0.0
Mouth cancer,0,Samoa,1.8,0.0
Multiple myeloma,0,Samoa,2.8,0.0
Non-Hodgkin lymphoma,0,Samoa,8.4,0.0
Ovarian cancer,0,Samoa,14.2,0.0
Pancreatic cancer,0,Samoa,6.1,0.0
Penile cancer,0,Samoa,0.0,0.0
Prostate cancer,0,Samoa,49.1,0.0
Rectal cancer,0,Samoa,10.1,0.0
Salivary gland cancer,0,Samoa,0.0,0.0
Skin cancer,0,Samoa,0.0,0.0
Stomach cancer,0,Samoa,11.7,0.0
Testicular cancer,0,Samoa,3.9,0.0
Throat cancer,0,Samoa,2.2,0.0
Thyroid cancer,0,Samoa,9.9,0.0
Uterine cancer,0,Samoa,26.2,0.0
Vaginal cancer,0,Samoa,0.0,0.0
Vulvar cancer,0,Samoa,0.0,0.0
Anal cancer,0,Moldova,0.18,0.0
Bladder cancer,0,Moldova,7.2,0.0
Brain cancer,0,Moldova,6.2,0.0
Breast cancer,0,Moldova,46.6,0.0
Cervical cancer,0,Moldova,14.2,0.0
Colon cancer,0,Moldova,16.3,0.0
Colorectal cancer,0,Moldova,27.5,0.0
Esophageal cancer,0,Moldova,2.1,0.0
Gallbladder cancer,0,Moldova,0.31,0.0
Hodgkin lymphoma,0,Moldova,1.5,0.0
Kaposi sarcoma,0,Moldova,0.06,0.0
Kidney cancer,0,Moldova,5.8,0.0
Laryngeal cancer,0,Moldova,5.5,0.0
Leukemia,0,Moldova,5.0,0.0
Liver cancer,0,Moldova,10.1,0.0
Lung cancer,0,Moldova,22.3,0.0
Mesothelioma,0,Moldova,0.04,0.0
Mouth cancer,0,Moldova,4.4,0.0
Multiple myeloma,0,Moldova,1.2,0.0
Non-Hodgkin lymphoma,0,Moldova,5.8,0.0
Ovarian cancer,1,Moldova,6.9,0.4199386889514131
Pancreatic cancer,0,Moldova,8.1,0.0
Penile cancer,0,Moldova,0.62,0.0
Prostate cancer,0,Moldova,34.6,0.0
Rectal cancer,0,Moldova,11.0,0.0
Salivary gland cancer,0,Moldova,0.21,0.0
Skin cancer,0,Moldova,24.1,0.0
Stomach cancer,0,Moldova,9.6,0.0
Testicular cancer,0,Moldova,1.9,0.0
Throat cancer,0,Moldova,6.029999999999999,0.0
Thyroid cancer,0,Moldova,7.4,0.0
Uterine cancer,0,Moldova,15.2,0.0
Vaginal cancer,0,Moldova,0.07,0.0
Vulvar cancer,0,Moldova,0.95,0.0
Anal cancer,0,Nepal,0.15,0.0
Bladder cancer,0,Nepal,1.7,0.0
Brain cancer,0,Nepal,1.1,0.0
Breast cancer,1,Nepal,14.4,0.03343157759602886
Cervical cancer,2,Nepal,14.2,0.06686315519205772
Colon cancer,0,Nepal,2.6,0.0
Colorectal cancer,0,Nepal,4.4,0.0
Esophageal cancer,0,Nepal,0.97,0.0
Gallbladder cancer,0,Nepal,4.4,0.0
Hodgkin lymphoma,0,Nepal,0.31,0.0
Kaposi sarcoma,0,Nepal,0.0,0.0
Kidney cancer,0,Nepal,0.53,0.0
Laryngeal cancer,0,Nepal,1.8,0.0
Leukemia,0,Nepal,2.4,0.0
Liver cancer,0,Nepal,2.1,0.0
Lung cancer,0,Nepal,9.3,0.0
Mesothelioma,0,Nepal,0.03,0.0
Mouth cancer,0,Nepal,3.6,0.0
Multiple myeloma,0,Nepal,0.47,0.0
Non-Hodgkin lymphoma,0,Nepal,2.1,0.0
Ovarian cancer,0,Nepal,4.1,0.0
Pancreatic cancer,0,Nepal,1.4,0.0
Penile cancer,0,Nepal,1.5,0.0
Prostate cancer,0,Nepal,3.0,0.0
Rectal cancer,0,Nepal,1.7,0.0
Salivary gland cancer,0,Nepal,0.48,0.0
Skin cancer,1,Nepal,1.05,0.03343157759602886
Stomach cancer,0,Nepal,6.5,0.0
Testicular cancer,0,Nepal,0.18,0.0
Throat cancer,0,Nepal,0.8300000000000001,0.0
Thyroid cancer,0,Nepal,2.5,0.0
Uterine cancer,0,Nepal,1.3,0.0
Vaginal cancer,0,Nepal,0.23,0.0
Vulvar cancer,0,Nepal,0.16,0.0
Anal cancer,0,Poland,0.6,0.0
Bladder cancer,6,Poland,12.9,0.16042351808775165
Brain cancer,9,Poland,6.7,0.2406352771316275
Breast cancer,56,Poland,66.0,1.4972861688190156
Cervical cancer,15,Poland,11.3,0.40105879521937915
Colon cancer,5,Poland,17.2,0.1336862650731264
Colorectal cancer,27,Poland,30.9,0.7219058313948825
Esophageal cancer,2,Poland,2.7,0.05347450602925055
Gallbladder cancer,0,Poland,1.2,0.0
Hodgkin lymphoma,5,Poland,2.1,0.1336862650731264
Kaposi sarcoma,0,Poland,0.07,0.0
Kidney cancer,12,Poland,7.6,0.3208470361755033
Laryngeal cancer,3,Poland,4.3,0.08021175904387583
Leukemia,99,Poland,6.9,2.6469880484479025
Liver cancer,3,Poland,3.3,0.08021175904387583
Lung cancer,3,Poland,36.5,0.08021175904387583
Mesothelioma,1,Poland,0.48,0.026737253014625276
Mouth cancer,0,Poland,5.6,0.0
Multiple myeloma,27,Poland,2.8,0.7219058313948825
Non-Hodgkin lymphoma,10,Poland,5.6,0.2673725301462528
Ovarian cancer,14,Poland,12.2,0.3743215422047539
Pancreatic cancer,4,Poland,6.7,0.1069490120585011
Penile cancer,1,Poland,1.4,0.026737253014625276
Prostate cancer,14,Poland,56.0,0.3743215422047539
Rectal cancer,32,Poland,13.0,0.8555920964680088
Salivary gland cancer,0,Poland,0.7,0.0
Skin cancer,17,Poland,10.7,0.45453330124862973
Stomach cancer,4,Poland,8.1,0.1069490120585011
Testicular cancer,0,Poland,8.4,0.0
Throat cancer,0,Poland,4.640000000000001,0.0
Thyroid cancer,9,Poland,5.4,0.2406352771316275
Uterine cancer,5,Poland,18.3,0.1336862650731264
Vaginal cancer,1,Poland,0.27,0.026737253014625276
Vulvar cancer,3,Poland,1.4,0.08021175904387583
Anal cancer,0,Malawi,0.85,0.0
Bladder cancer,0,Malawi,7.2,0.0
Brain cancer,0,Malawi,0.62,0.0
Breast cancer,0,Malawi,25.2,0.0
Cervical cancer,0,Malawi,70.9,0.0
Colon cancer,0,Malawi,2.0,0.0
Colorectal cancer,0,Malawi,4.9,0.0
Esophageal cancer,0,Malawi,17.9,0.0
Gallbladder cancer,0,Malawi,0.04,0.0
Hodgkin lymphoma,0,Malawi,0.61,0.0
Kaposi sarcoma,0,Malawi,12.0,0.0
Kidney cancer,0,Malawi,0.91,0.0
Laryngeal cancer,0,Malawi,0.69,0.0
Leukemia,0,Malawi,0.86,0.0
Liver cancer,0,Malawi,3.9,0.0
Lung cancer,0,Malawi,1.6,0.0
Mesothelioma,0,Malawi,0.0,0.0
Mouth cancer,0,Malawi,1.5,0.0
Multiple myeloma,0,Malawi,0.22,0.0
Non-Hodgkin lymphoma,0,Malawi,6.5,0.0
Ovarian cancer,0,Malawi,3.3,0.0
Pancreatic cancer,0,Malawi,0.5,0.0
Penile cancer,0,Malawi,2.5,0.0
Prostate cancer,0,Malawi,28.0,0.0
Rectal cancer,0,Malawi,2.1,0.0
Salivary gland cancer,0,Malawi,0.98,0.0
Skin cancer,0,Malawi,5.300000000000001,0.0
Stomach cancer,0,Malawi,3.2,0.0
Testicular cancer,0,Malawi,0.5,0.0
Throat cancer,0,Malawi,0.46,0.0
Thyroid cancer,0,Malawi,1.2,0.0
Uterine cancer,0,Malawi,0.99,0.0
Vaginal cancer,0,Malawi,1.5,0.0
Vulvar cancer,0,Malawi,1.1,0.0
Anal cancer,0,Guinea-Bissau,0.21,0.0
Bladder cancer,0,Guinea-Bissau,1.6,0.0
Brain cancer,0,Guinea-Bissau,2.4,0.0
Breast cancer,0,Guinea-Bissau,27.2,0.0
Cervical cancer,0,Guinea-Bissau,34.3,0.0
Colon cancer,0,Guinea-Bissau,2.2,0.0
Colorectal cancer,0,Guinea-Bissau,3.9,0.0
Esophageal cancer,0,Guinea-Bissau,0.95,0.0
Gallbladder cancer,0,Guinea-Bissau,0.0,0.0
Hodgkin lymphoma,0,Guinea-Bissau,0.15,0.0
Kaposi sarcoma,0,Guinea-Bissau,0.32,0.0
Kidney cancer,0,Guinea-Bissau,0.85,0.0
Laryngeal cancer,0,Guinea-Bissau,0.32,0.0
Leukemia,0,Guinea-Bissau,0.77,0.0
Liver cancer,0,Guinea-Bissau,13.3,0.0
Lung cancer,0,Guinea-Bissau,2.1,0.0
Mesothelioma,0,Guinea-Bissau,0.0,0.0
Mouth cancer,0,Guinea-Bissau,1.1,0.0
Multiple myeloma,0,Guinea-Bissau,0.34,0.0
Non-Hodgkin lymphoma,0,Guinea-Bissau,2.8,0.0
Ovarian cancer,0,Guinea-Bissau,4.0,0.0
Pancreatic cancer,0,Guinea-Bissau,0.94,0.0
Penile cancer,0,Guinea-Bissau,0.0,0.0
Prostate cancer,0,Guinea-Bissau,28.8,0.0
Rectal cancer,0,Guinea-Bissau,1.6,0.0
Salivary gland cancer,0,Guinea-Bissau,0.32,0.0
Skin cancer,0,Guinea-Bissau,2.64,0.0
Stomach cancer,0,Guinea-Bissau,5.4,0.0
Testicular cancer,0,Guinea-Bissau,0.0,0.0
Throat cancer,0,Guinea-Bissau,0.06,0.0
Thyroid cancer,0,Guinea-Bissau,0.38,0.0
Uterine cancer,0,Guinea-Bissau,2.4,0.0
Vaginal cancer,0,Guinea-Bissau,0.21,0.0
Vulvar cancer,0,Guinea-Bissau,0.18,0.0
Anal cancer,0,Malaysia,0.26,0.0
Bladder cancer,0,Malaysia,2.6,0.0
Brain cancer,0,Malaysia,2.5,0.0
Breast cancer,30,Malaysia,46.1,0.8763806647055215
Cervical cancer,12,Malaysia,10.3,0.3505522658822086
Colon cancer,0,Malaysia,11.0,0.0
Colorectal cancer,10,Malaysia,19.7,0.29212688823517385
Esophageal cancer,0,Malaysia,1.2,0.0
Gallbladder cancer,0,Malaysia,0.79,0.0
Hodgkin lymphoma,0,Malaysia,0.71,0.0
Kaposi sarcoma,0,Malaysia,0.07,0.0
Kidney cancer,1,Malaysia,3.1,0.029212688823517383
Laryngeal cancer,0,Malaysia,1.7,0.0
Leukemia,10,Malaysia,6.0,0.29212688823517385
Liver cancer,1,Malaysia,6.5,0.029212688823517383
Lung cancer,1,Malaysia,15.1,0.029212688823517383
Mesothelioma,0,Malaysia,0.07,0.0
Mouth cancer,0,Malaysia,2.3,0.0
Multiple myeloma,2,Malaysia,1.0,0.05842537764703477
Non-Hodgkin lymphoma,1,Malaysia,6.0,0.029212688823517383
Ovarian cancer,0,Malaysia,10.3,0.0
Pancreatic cancer,0,Malaysia,2.8,0.0
Penile cancer,0,Malaysia,0.38,0.0
Prostate cancer,4,Malaysia,12.9,0.11685075529406953
Rectal cancer,1,Malaysia,8.4,0.029212688823517383
Salivary gland cancer,0,Malaysia,0.63,0.0
Skin cancer,0,Malaysia,1.88,0.0
Stomach cancer,0,Malaysia,4.1,0.0
Testicular cancer,0,Malaysia,0.72,0.0
Throat cancer,0,Malaysia,6.710000000000001,0.0
Thyroid cancer,1,Malaysia,2.3,0.029212688823517383
Uterine cancer,0,Malaysia,8.4,0.0
Vaginal cancer,0,Malaysia,0.26,0.0
Vulvar cancer,0,Malaysia,0.29,0.0
Anal cancer,0,Qatar,0.22,0.0
Bladder cancer,0,Qatar,4.4,0.0
Brain cancer,0,Qatar,1.8,0.0
Breast cancer,0,Qatar,39.0,0.0
Cervical cancer,0,Qatar,4.7,0.0
Colon cancer,0,Qatar,5.8,0.0
Colorectal cancer,1,Qatar,9.3,0.315156771584457
Esophageal cancer,0,Qatar,1.3,0.0
Gallbladder cancer,0,Qatar,1.1,0.0
Hodgkin lymphoma,0,Qatar,1.4,0.0
Kaposi sarcoma,0,Qatar,0.19,0.0
Kidney cancer,0,Qatar,1.6,0.0
Laryngeal cancer,0,Qatar,0.76,0.0
Leukemia,2,Qatar,4.5,0.630313543168914
Liver cancer,0,Qatar,4.1,0.0
Lung cancer,0,Qatar,5.8,0.0
Mesothelioma,0,Qatar,0.15,0.0
Mouth cancer,0,Qatar,1.6,0.0
Multiple myeloma,0,Qatar,0.97,0.0
Non-Hodgkin lymphoma,0,Qatar,3.9,0.0
Ovarian cancer,0,Qatar,5.8,0.0
Pancreatic cancer,0,Qatar,2.1,0.0
Penile cancer,0,Qatar,0.27,0.0
Prostate cancer,0,Qatar,11.0,0.0
Rectal cancer,0,Qatar,3.3,0.0
Salivary gland cancer,0,Qatar,0.25,0.0
Skin cancer,0,Qatar,1.01,0.0
Stomach cancer,0,Qatar,3.5,0.0
Testicular cancer,0,Qatar,0.45,0.0
Throat cancer,0,Qatar,0.7799999999999999,0.0
Thyroid cancer,0,Qatar,2.6,0.0
Uterine cancer,0,Qatar,4.1,0.0
Vaginal cancer,0,Qatar,0.0,0.0
Vulvar cancer,0,Qatar,0.0,0.0
Anal cancer,0,Kyrgyz Republic,0.26,0.0
Bladder cancer,0,Kyrgyz Republic,2.2,0.0
Brain cancer,0,Kyrgyz Republic,3.9,0.0
Breast cancer,1,Kyrgyz Republic,25.3,0.1373286824686204
Cervical cancer,0,Kyrgyz Republic,14.1,0.0
Colon cancer,0,Kyrgyz Republic,3.7,0.0
Colorectal cancer,0,Kyrgyz Republic,7.9,0.0
Esophageal cancer,0,Kyrgyz Republic,3.3,0.0
Gallbladder cancer,0,Kyrgyz Republic,1.1,0.0
Hodgkin lymphoma,0,Kyrgyz Republic,0.8,0.0
Kaposi sarcoma,0,Kyrgyz Republic,0.16,0.0
Kidney cancer,0,Kyrgyz Republic,2.5,0.0
Laryngeal cancer,0,Kyrgyz Republic,1.4,0.0
Leukemia,0,Kyrgyz Republic,3.8,0.0
Liver cancer,0,Kyrgyz Republic,7.8,0.0
Lung cancer,0,Kyrgyz Republic,14.1,0.0
Mesothelioma,0,Kyrgyz Republic,0.07,0.0
Mouth cancer,0,Kyrgyz Republic,1.9,0.0
Multiple myeloma,0,Kyrgyz Republic,0.29,0.0
Non-Hodgkin lymphoma,0,Kyrgyz Republic,1.6,0.0
Ovarian cancer,0,Kyrgyz Republic,7.3,0.0
Pancreatic cancer,0,Kyrgyz Republic,4.7,0.0
Penile cancer,0,Kyrgyz Republic,0.1,0.0
Prostate cancer,0,Kyrgyz Republic,7.4,0.0
Rectal cancer,0,Kyrgyz Republic,3.9,0.0
Salivary gland cancer,0,Kyrgyz Republic,0.72,0.0
Skin cancer,0,Kyrgyz Republic,5.26,0.0
Stomach cancer,0,Kyrgyz Republic,16.5,0.0
Testicular cancer,0,Kyrgyz Republic,0.82,0.0
Throat cancer,0,Kyrgyz Republic,1.7999999999999998,0.0
Thyroid cancer,0,Kyrgyz Republic,1.7,0.0
Uterine cancer,0,Kyrgyz Republic,6.9,0.0
Vaginal cancer,0,Kyrgyz Republic,0.28,0.0
Vulvar cancer,0,Kyrgyz Republic,1.0,0.0
Anal cancer,0,Papua New Guinea,1.9,0.0
Bladder cancer,0,Papua New Guinea,2.4,0.0
Brain cancer,0,Papua New Guinea,1.1,0.0
Breast cancer,0,Papua New Guinea,46.0,0.0
Cervical cancer,0,Papua New Guinea,27.8,0.0
Colon cancer,0,Papua New Guinea,5.1,0.0
Colorectal cancer,0,Papua New Guinea,11.7,0.0
Esophageal cancer,0,Papua New Guinea,3.7,0.0
Gallbladder cancer,0,Papua New Guinea,1.4,0.0
Hodgkin lymphoma,0,Papua New Guinea,0.45,0.0
Kaposi sarcoma,0,Papua New Guinea,0.09,0.0
Kidney cancer,0,Papua New Guinea,1.1,0.0
Laryngeal cancer,0,Papua New Guinea,2.1,0.0
Leukemia,0,Papua New Guinea,4.4,0.0
Liver cancer,0,Papua New Guinea,12.0,0.0
Lung cancer,0,Papua New Guinea,10.7,0.0
Mesothelioma,0,Papua New Guinea,0.11,0.0
Mouth cancer,0,Papua New Guinea,17.5,0.0
Multiple myeloma,0,Papua New Guinea,0.79,0.0
Non-Hodgkin lymphoma,0,Papua New Guinea,6.6,0.0
Ovarian cancer,0,Papua New Guinea,7.3,0.0
Pancreatic cancer,0,Papua New Guinea,1.7,0.0
Penile cancer,0,Papua New Guinea,2.4,0.0
Prostate cancer,0,Papua New Guinea,28.3,0.0
Rectal cancer,0,Papua New Guinea,4.8,0.0
Salivary gland cancer,0,Papua New Guinea,0.64,0.0
Skin cancer,0,Papua New Guinea,16.9,0.0
Stomach cancer,0,Papua New Guinea,8.1,0.0
Testicular cancer,0,Papua New Guinea,1.1,0.0
Throat cancer,0,Papua New Guinea,1.93,0.0
Thyroid cancer,0,Papua New Guinea,6.9,0.0
Uterine cancer,0,Papua New Guinea,9.9,0.0
Vaginal cancer,0,Papua New Guinea,0.56,0.0
Vulvar cancer,0,Papua New Guinea,0.44,0.0
Anal cancer,0,Tajikistan,0.51,0.0
Bladder cancer,0,Tajikistan,1.0,0.0
Brain cancer,0,Tajikistan,4.5,0.0
Breast cancer,0,Tajikistan,19.5,0.0
Cervical cancer,0,Tajikistan,6.6,0.0
Colon cancer,0,Tajikistan,2.6,0.0
Colorectal cancer,0,Tajikistan,5.6,0.0
Esophageal cancer,0,Tajikistan,2.3,0.0
Gallbladder cancer,0,Tajikistan,0.36,0.0
Hodgkin lymphoma,0,Tajikistan,0.32,0.0
Kaposi sarcoma,0,Tajikistan,0.04,0.0
Kidney cancer,0,Tajikistan,2.0,0.0
Laryngeal cancer,0,Tajikistan,0.31,0.0
Leukemia,0,Tajikistan,2.1,0.0
Liver cancer,0,Tajikistan,4.6,0.0
Lung cancer,0,Tajikistan,5.4,0.0
Mesothelioma,0,Tajikistan,0.02,0.0
Mouth cancer,0,Tajikistan,1.3,0.0
Multiple myeloma,0,Tajikistan,0.22,0.0
Non-Hodgkin lymphoma,0,Tajikistan,2.3,0.0
Ovarian cancer,0,Tajikistan,1.8,0.0
Pancreatic cancer,0,Tajikistan,1.3,0.0
Penile cancer,0,Tajikistan,0.0,0.0
Prostate cancer,0,Tajikistan,3.9,0.0
Rectal cancer,0,Tajikistan,2.5,0.0
Salivary gland cancer,0,Tajikistan,0.11,0.0
Skin cancer,0,Tajikistan,2.12,0.0
Stomach cancer,0,Tajikistan,19.4,0.0
Testicular cancer,0,Tajikistan,0.43,0.0
Throat cancer,0,Tajikistan,0.87,0.0
Thyroid cancer,0,Tajikistan,0.34,0.0
Uterine cancer,0,Tajikistan,6.0,0.0
Vaginal cancer,0,Tajikistan,0.02,0.0
Vulvar cancer,0,Tajikistan,0.3,0.0
Anal cancer,0,Belarus,0.75,0.0
Bladder cancer,3,Belarus,7.9,0.3293344808810356
Brain cancer,1,Belarus,5.1,0.10977816029367854
Breast cancer,12,Belarus,56.6,1.3173379235241425
Cervical cancer,1,Belarus,9.3,0.10977816029367854
Colon cancer,0,Belarus,18.9,0.0
Colorectal cancer,0,Belarus,32.7,0.0
Esophageal cancer,0,Belarus,3.5,0.0
Gallbladder cancer,0,Belarus,0.75,0.0
Hodgkin lymphoma,0,Belarus,2.5,0.0
Kaposi sarcoma,0,Belarus,0.15,0.0
Kidney cancer,0,Belarus,14.1,0.0
Laryngeal cancer,0,Belarus,4.3,0.0
Leukemia,1,Belarus,8.2,0.10977816029367854
Liver cancer,0,Belarus,3.4,0.0
Lung cancer,0,Belarus,26.0,0.0
Mesothelioma,0,Belarus,0.25,0.0
Mouth cancer,0,Belarus,5.6,0.0
Multiple myeloma,0,Belarus,2.1,0.0
Non-Hodgkin lymphoma,0,Belarus,6.4,0.0
Ovarian cancer,0,Belarus,9.2,0.0
Pancreatic cancer,0,Belarus,7.2,0.0
Penile cancer,0,Belarus,0.86,0.0
Prostate cancer,1,Belarus,68.2,0.10977816029367854
Rectal cancer,0,Belarus,13.1,0.0
Salivary gland cancer,0,Belarus,0.78,0.0
Skin cancer,1,Belarus,13.2,0.10977816029367854
Stomach cancer,0,Belarus,15.3,0.0
Testicular cancer,0,Belarus,2.7,0.0
Throat cancer,0,Belarus,5.69,0.0
Thyroid cancer,0,Belarus,9.0,0.0
Uterine cancer,0,Belarus,24.3,0.0
Vaginal cancer,0,Belarus,0.24,0.0
Vulvar cancer,0,Belarus,1.3,0.0
Anal cancer,0,Zimbabwe,0.98,0.0
Bladder cancer,0,Zimbabwe,2.7,0.0
Brain cancer,0,Zimbabwe,2.2,0.0
Breast cancer,0,Zimbabwe,35.8,0.0
Cervical cancer,1,Zimbabwe,68.2,0.05857171582385775
Colon cancer,0,Zimbabwe,5.2,0.0
Colorectal cancer,0,Zimbabwe,9.7,0.0
Esophageal cancer,0,Zimbabwe,12.0,0.0
Gallbladder cancer,0,Zimbabwe,0.65,0.0
Hodgkin lymphoma,0,Zimbabwe,0.77,0.0
Kaposi sarcoma,1,Zimbabwe,9.5,0.05857171582385775
Kidney cancer,0,Zimbabwe,1.5,0.0
Laryngeal cancer,0,Zimbabwe,1.2,0.0
Leukemia,0,Zimbabwe,2.7,0.0
Liver cancer,1,Zimbabwe,7.7,0.05857171582385775
Lung cancer,1,Zimbabwe,5.9,0.05857171582385775
Mesothelioma,0,Zimbabwe,0.07,0.0
Mouth cancer,0,Zimbabwe,1.4,0.0
Multiple myeloma,0,Zimbabwe,3.5,0.0
Non-Hodgkin lymphoma,0,Zimbabwe,10.3,0.0
Ovarian cancer,0,Zimbabwe,6.5,0.0
Pancreatic cancer,0,Zimbabwe,2.7,0.0
Penile cancer,0,Zimbabwe,3.0,0.0
Prostate cancer,0,Zimbabwe,68.3,0.0
Rectal cancer,0,Zimbabwe,3.6,0.0
Salivary gland cancer,0,Zimbabwe,0.53,0.0
Skin cancer,0,Zimbabwe,7.0,0.0
Stomach cancer,0,Zimbabwe,10.3,0.0
Testicular cancer,0,Zimbabwe,0.2,0.0
Throat cancer,0,Zimbabwe,0.9,0.0
Thyroid cancer,0,Zimbabwe,2.1,0.0
Uterine cancer,0,Zimbabwe,7.7,0.0
Vaginal cancer,0,Zimbabwe,0.85,0.0
Vulvar cancer,0,Zimbabwe,2.5,0.0
Anal cancer,0,Iceland,0.52,0.0
Bladder cancer,0,Iceland,12.1,0.0
Brain cancer,0,Iceland,8.2,0.0
Breast cancer,2,Iceland,71.1,5.104514943467497
Cervical cancer,3,Iceland,9.4,7.656772415201245
Colon cancer,0,Iceland,21.9,0.0
Colorectal cancer,0,Iceland,31.0,0.0
Esophageal cancer,0,Iceland,3.5,0.0
Gallbladder cancer,0,Iceland,0.32,0.0
Hodgkin lymphoma,0,Iceland,2.6,0.0
Kaposi sarcoma,0,Iceland,0.0,0.0
Kidney cancer,0,Iceland,10.3,0.0
Laryngeal cancer,0,Iceland,1.1,0.0
Leukemia,0,Iceland,7.0,0.0
Liver cancer,0,Iceland,3.8,0.0
Lung cancer,0,Iceland,26.9,0.0
Mesothelioma,0,Iceland,0.39,0.0
Mouth cancer,0,Iceland,2.8,0.0
Multiple myeloma,1,Iceland,3.6,2.5522574717337485
Non-Hodgkin lymphoma,0,Iceland,10.2,0.0
Ovarian cancer,0,Iceland,6.9,0.0
Pancreatic cancer,0,Iceland,7.2,0.0
Penile cancer,0,Iceland,0.83,0.0
Prostate cancer,0,Iceland,65.6,0.0
Rectal cancer,0,Iceland,8.5,0.0
Salivary gland cancer,0,Iceland,0.13,0.0
Skin cancer,0,Iceland,22.9,0.0
Stomach cancer,0,Iceland,3.3,0.0
Testicular cancer,0,Iceland,6.9,0.0
Throat cancer,0,Iceland,0.57,0.0
Thyroid cancer,0,Iceland,6.9,0.0
Uterine cancer,0,Iceland,17.9,0.0
Vaginal cancer,0,Iceland,0.27,0.0
Vulvar cancer,0,Iceland,1.9,0.0
Anal cancer,0,Chile,0.38,0.0
Bladder cancer,0,Chile,4.7,0.0
Brain cancer,1,Chile,3.1,0.04948791636225412
Breast cancer,9,Chile,38.2,0.4453912472602871
Cervical cancer,0,Chile,11.3,0.0
Colon cancer,1,Chile,13.7,0.04948791636225412
Colorectal cancer,1,Chile,20.3,0.04948791636225412
Esophageal cancer,0,Chile,2.2,0.0
Gallbladder cancer,3,Chile,5.7,0.14846374908676235
Hodgkin lymphoma,0,Chile,1.3,0.0
Kaposi sarcoma,0,Chile,0.15,0.0
Kidney cancer,1,Chile,7.6,0.04948791636225412
Laryngeal cancer,0,Chile,0.71,0.0
Leukemia,6,Chile,6.0,0.2969274981735247
Liver cancer,0,Chile,4.7,0.0
Lung cancer,0,Chile,12.7,0.0
Mesothelioma,0,Chile,0.25,0.0
Mouth cancer,0,Chile,1.2,0.0
Multiple myeloma,0,Chile,2.7,0.0
Non-Hodgkin lymphoma,0,Chile,5.3,0.0
Ovarian cancer,1,Chile,6.3,0.04948791636225412
Pancreatic cancer,1,Chile,5.5,0.04948791636225412
Penile cancer,0,Chile,0.67,0.0
Prostate cancer,4,Chile,62.3,0.1979516654490165
Rectal cancer,2,Chile,6.2,0.09897583272450824
Salivary gland cancer,0,Chile,0.37,0.0
Skin cancer,6,Chile,10.5,0.2969274981735247
Stomach cancer,0,Chile,14.2,0.0
Testicular cancer,0,Chile,7.5,0.0
Throat cancer,0,Chile,0.69,0.0
Thyroid cancer,0,Chile,4.5,0.0
Uterine cancer,0,Chile,6.8,0.0
Vaginal cancer,0,Chile,0.32,0.0
Vulvar cancer,0,Chile,0.6,0.0
Anal cancer,0,Belize,0.0,0.0
Bladder cancer,0,Belize,0.0,0.0
Brain cancer,0,Belize,0.89,0.0
Breast cancer,0,Belize,46.8,0.0
Cervical cancer,0,Belize,17.3,0.0
Colon cancer,0,Belize,6.0,0.0
Colorectal cancer,0,Belize,6.0,0.0
Esophageal cancer,0,Belize,0.97,0.0
Gallbladder cancer,0,Belize,0.36,0.0
Hodgkin lymphoma,0,Belize,0.59,0.0
Kaposi sarcoma,0,Belize,0.0,0.0
Kidney cancer,0,Belize,1.6,0.0
Laryngeal cancer,0,Belize,1.8,0.0
Leukemia,0,Belize,3.2,0.0
Liver cancer,0,Belize,7.0,0.0
Lung cancer,0,Belize,8.8,0.0
Mesothelioma,0,Belize,0.0,0.0
Mouth cancer,0,Belize,0.0,0.0
Multiple myeloma,0,Belize,0.0,0.0
Non-Hodgkin lymphoma,0,Belize,2.2,0.0
Ovarian cancer,0,Belize,0.69,0.0
Pancreatic cancer,0,Belize,2.6,0.0
Penile cancer,0,Belize,0.0,0.0
Prostate cancer,0,Belize,39.5,0.0
Rectal cancer,0,Belize,0.0,0.0
Salivary gland cancer,0,Belize,0.0,0.0
Skin cancer,0,Belize,12.8,0.0
Stomach cancer,0,Belize,4.8,0.0
Testicular cancer,0,Belize,0.0,0.0
Throat cancer,0,Belize,0.0,0.0
Thyroid cancer,0,Belize,3.1,0.0
Uterine cancer,0,Belize,1.8,0.0
Vaginal cancer,0,Belize,0.0,0.0
Vulvar cancer,0,Belize,0.0,0.0
Anal cancer,0,Iraq,0.16,0.0
Bladder cancer,0,Iraq,6.6,0.0
Brain cancer,0,Iraq,5.5,0.0
Breast cancer,2,Iraq,56.9,0.04336626936442157
Cervical cancer,0,Iraq,2.2,0.0
Colon cancer,0,Iraq,5.6,0.0
Colorectal cancer,0,Iraq,8.9,0.0
Esophageal cancer,0,Iraq,1.2,0.0
Gallbladder cancer,0,Iraq,0.78,0.0
Hodgkin lymphoma,0,Iraq,2.5,0.0
Kaposi sarcoma,0,Iraq,0.22,0.0
Kidney cancer,0,Iraq,3.1,0.0
Laryngeal cancer,0,Iraq,2.4,0.0
Leukemia,3,Iraq,6.9,0.06504940404663236
Liver cancer,0,Iraq,3.4,0.0
Lung cancer,0,Iraq,12.5,0.0
Mesothelioma,0,Iraq,0.11,0.0
Mouth cancer,0,Iraq,1.2,0.0
Multiple myeloma,0,Iraq,2.0,0.0
Non-Hodgkin lymphoma,0,Iraq,6.6,0.0
Ovarian cancer,0,Iraq,6.7,0.0
Pancreatic cancer,0,Iraq,3.2,0.0
Penile cancer,0,Iraq,0.03,0.0
Prostate cancer,0,Iraq,12.7,0.0
Rectal cancer,0,Iraq,3.2,0.0
Salivary gland cancer,0,Iraq,0.49,0.0
Skin cancer,0,Iraq,2.02,0.0
Stomach cancer,0,Iraq,5.0,0.0
Testicular cancer,0,Iraq,1.3,0.0
Throat cancer,0,Iraq,0.7699999999999999,0.0
Thyroid cancer,0,Iraq,4.7,0.0
Uterine cancer,0,Iraq,5.2,0.0
Vaginal cancer,0,Iraq,0.14,0.0
Vulvar cancer,0,Iraq,0.22,0.0
Anal cancer,4,Germany,1.5,0.04785997702242503
Bladder cancer,97,Germany,12.4,1.160604442793807
Brain cancer,256,Germany,5.1,3.063038529435202
Breast cancer,858,Germany,77.0,10.26596507131017
Cervical cancer,75,Germany,7.1,0.8973745691704693
Colon cancer,67,Germany,14.2,0.8016546151256193
Colorectal cancer,393,Germany,25.7,4.702242742453259
Esophageal cancer,54,Germany,3.5,0.646109689802738
Gallbladder cancer,3,Germany,0.57,0.035894982766818774
Hodgkin lymphoma,136,Germany,2.1,1.6272392187624511
Kaposi sarcoma,2,Germany,0.09,0.023929988511212516
Kidney cancer,160,Germany,9.0,1.9143990808970013
Laryngeal cancer,9,Germany,1.8,0.10768494830045632
Leukemia,987,Germany,7.4,11.809449330283377
Liver cancer,108,Germany,4.5,1.292219379605476
Lung cancer,108,Germany,28.1,1.292219379605476
Mesothelioma,23,Germany,0.69,0.2751948678789439
Mouth cancer,0,Germany,2.8,0.0
Multiple myeloma,201,Germany,2.9,2.404963845376858
Non-Hodgkin lymphoma,145,Germany,9.0,1.7349241670629074
Ovarian cancer,221,Germany,7.0,2.644263730488983
Pancreatic cancer,187,Germany,8.7,2.2374539257983703
Penile cancer,4,Germany,0.87,0.04785997702242503
Prostate cancer,318,Germany,54.2,3.80486817328279
Rectal cancer,169,Germany,9.9,2.0220840291974578
Salivary gland cancer,0,Germany,0.52,0.0
Skin cancer,352,Germany,36.0,4.211677977973403
Stomach cancer,21,Germany,6.4,0.2512648793677314
Testicular cancer,36,Germany,9.5,0.43073979320182526
Throat cancer,0,Germany,3.91,0.0
Thyroid cancer,38,Germany,5.6,0.4546697817130378
Uterine cancer,26,Germany,10.8,0.3110898506457627
Vaginal cancer,2,Germany,0.44,0.023929988511212516
Vulvar cancer,2,Germany,3.7,0.023929988511212516
Anal cancer,0,Solomon Islands,0.35,0.0
Bladder cancer,0,Solomon Islands,1.4,0.0
Brain cancer,0,Solomon Islands,0.34,0.0
Breast cancer,0,Solomon Islands,49.2,0.0
Cervical cancer,0,Solomon Islands,26.2,0.0
Colon cancer,0,Solomon Islands,1.3,0.0
Colorectal cancer,0,Solomon Islands,4.6,0.0
Esophageal cancer,0,Solomon Islands,2.3,0.0
Gallbladder cancer,0,Solomon Islands,0.35,0.0
Hodgkin lymphoma,0,Solomon Islands,0.71,0.0
Kaposi sarcoma,0,Solomon Islands,0.0,0.0
Kidney cancer,0,Solomon Islands,0.45,0.0
Laryngeal cancer,0,Solomon Islands,1.3,0.0
Leukemia,0,Solomon Islands,3.4,0.0
Liver cancer,0,Solomon Islands,10.9,0.0
Lung cancer,0,Solomon Islands,6.2,0.0
Mesothelioma,0,Solomon Islands,0.0,0.0
Mouth cancer,0,Solomon Islands,2.4,0.0
Multiple myeloma,0,Solomon Islands,1.2,0.0
Non-Hodgkin lymphoma,0,Solomon Islands,1.7,0.0
Ovarian cancer,0,Solomon Islands,6.8,0.0
Pancreatic cancer,0,Solomon Islands,1.7,0.0
Penile cancer,0,Solomon Islands,1.5,0.0
Prostate cancer,0,Solomon Islands,37.9,0.0
Rectal cancer,0,Solomon Islands,2.9,0.0
Salivary gland cancer,0,Solomon Islands,1.2,0.0
Skin cancer,0,Solomon Islands,0.8999999999999999,0.0
Stomach cancer,0,Solomon Islands,2.4,0.0
Testicular cancer,0,Solomon Islands,1.6,0.0
Throat cancer,0,Solomon Islands,0.5900000000000001,0.0
Thyroid cancer,0,Solomon Islands,8.3,0.0
Uterine cancer,0,Solomon Islands,12.0,0.0
Vaginal cancer,0,Solomon Islands,0.35,0.0
Vulvar cancer,0,Solomon Islands,0.0,0.0
Anal cancer,3,Denmark,1.6,0.49979841463942876
Bladder cancer,39,Denmark,16.8,6.497379390312574
Brain cancer,17,Denmark,5.7,2.8321910162900963
Breast cancer,297,Denmark,95.4,49.48004304930345
Cervical cancer,28,Denmark,9.7,4.664785203301335
Colon cancer,18,Denmark,32.7,2.9987904878365725
Colorectal cancer,151,Denmark,48.1,25.156520203517914
Esophageal cancer,11,Denmark,4.3,1.8325941870112388
Gallbladder cancer,0,Denmark,0.48,0.0
Hodgkin lymphoma,11,Denmark,2.6,1.8325941870112388
Kaposi sarcoma,0,Denmark,0.05,0.0
Kidney cancer,21,Denmark,11.0,3.4985889024760013
Laryngeal cancer,1,Denmark,1.9,0.16659947154647625
Leukemia,96,Denmark,10.1,15.99354926846172
Liver cancer,5,Denmark,4.6,0.8329973577323813
Lung cancer,5,Denmark,34.2,0.8329973577323813
Mesothelioma,2,Denmark,1.0,0.3331989430929525
Mouth cancer,0,Denmark,3.8,0.0
Multiple myeloma,35,Denmark,4.7,5.830981504126669
Non-Hodgkin lymphoma,8,Denmark,14.0,1.33279577237181
Ovarian cancer,52,Denmark,7.2,8.663172520416765
Pancreatic cancer,17,Denmark,8.5,2.8321910162900963
Penile cancer,0,Denmark,1.1,0.0
Prostate cancer,80,Denmark,76.7,13.3279577237181
Rectal cancer,35,Denmark,13.7,5.830981504126669
Salivary gland cancer,0,Denmark,0.74,0.0
Skin cancer,75,Denmark,56.0,12.494960365985719
Stomach cancer,1,Denmark,5.3,0.16659947154647625
Testicular cancer,9,Denmark,10.2,1.4993952439182863
Throat cancer,0,Denmark,5.3,0.0
Thyroid cancer,3,Denmark,8.0,0.49979841463942876
Uterine cancer,15,Denmark,14.3,2.498992073197144
Vaginal cancer,0,Denmark,0.3,0.0
Vulvar cancer,0,Denmark,2.8,0.0
Anal cancer,0,Mauritius,0.26,0.0
Bladder cancer,0,Mauritius,3.1,0.0
Brain cancer,0,Mauritius,2.4,0.0
Breast cancer,0,Mauritius,52.7,0.0
Cervical cancer,0,Mauritius,12.9,0.0
Colon cancer,0,Mauritius,11.7,0.0
Colorectal cancer,0,Mauritius,16.9,0.0
Esophageal cancer,0,Mauritius,1.8,0.0
Gallbladder cancer,0,Mauritius,0.95,0.0
Hodgkin lymphoma,0,Mauritius,0.76,0.0
Kaposi sarcoma,0,Mauritius,0.0,0.0
Kidney cancer,0,Mauritius,1.7,0.0
Laryngeal cancer,0,Mauritius,1.7,0.0
Leukemia,0,Mauritius,4.1,0.0
Liver cancer,0,Mauritius,3.6,0.0
Lung cancer,0,Mauritius,8.4,0.0
Mesothelioma,0,Mauritius,0.0,0.0
Mouth cancer,0,Mauritius,3.1,0.0
Multiple myeloma,0,Mauritius,1.3,0.0
Non-Hodgkin lymphoma,0,Mauritius,2.5,0.0
Ovarian cancer,0,Mauritius,7.9,0.0
Pancreatic cancer,0,Mauritius,3.8,0.0
Penile cancer,0,Mauritius,0.39,0.0
Prostate cancer,0,Mauritius,24.8,0.0
Rectal cancer,0,Mauritius,5.0,0.0
Salivary gland cancer,0,Mauritius,0.33,0.0
Skin cancer,0,Mauritius,4.44,0.0
Stomach cancer,0,Mauritius,5.7,0.0
Testicular cancer,0,Mauritius,1.3,0.0
Throat cancer,0,Mauritius,1.55,0.0
Thyroid cancer,0,Mauritius,1.6,0.0
Uterine cancer,0,Mauritius,13.0,0.0
Vaginal cancer,0,Mauritius,0.44,0.0
Vulvar cancer,0,Mauritius,0.77,0.0
Anal cancer,0,Namibia,0.67,0.0
Bladder cancer,0,Namibia,3.1,0.0
Brain cancer,0,Namibia,1.5,0.0
Breast cancer,0,Namibia,53.9,0.0
Cervical cancer,0,Namibia,33.5,0.0
Colon cancer,0,Namibia,4.9,0.0
Colorectal cancer,1,Namibia,8.7,0.33086278094799465
Esophageal cancer,0,Namibia,2.8,0.0
Gallbladder cancer,0,Namibia,0.49,0.0
Hodgkin lymphoma,0,Namibia,0.52,0.0
Kaposi sarcoma,0,Namibia,13.6,0.0
Kidney cancer,0,Namibia,2.6,0.0
Laryngeal cancer,0,Namibia,2.4,0.0
Leukemia,0,Namibia,2.9,0.0
Liver cancer,0,Namibia,3.8,0.0
Lung cancer,0,Namibia,5.8,0.0
Mesothelioma,0,Namibia,0.08,0.0
Mouth cancer,0,Namibia,6.5,0.0
Multiple myeloma,0,Namibia,1.3,0.0
Non-Hodgkin lymphoma,0,Namibia,7.4,0.0
Ovarian cancer,0,Namibia,4.6,0.0
Pancreatic cancer,0,Namibia,1.2,0.0
Penile cancer,0,Namibia,2.2,0.0
Prostate cancer,0,Namibia,63.8,0.0
Rectal cancer,0,Namibia,3.0,0.0
Salivary gland cancer,0,Namibia,1.0,0.0
Skin cancer,0,Namibia,18.4,0.0
Stomach cancer,0,Namibia,2.5,0.0
Testicular cancer,0,Namibia,0.95,0.0
Throat cancer,0,Namibia,2.1100000000000003,0.0
Thyroid cancer,0,Namibia,1.2,0.0
Uterine cancer,0,Namibia,5.8,0.0
Vaginal cancer,0,Namibia,1.2,0.0
Vulvar cancer,0,Namibia,1.7,0.0
Anal cancer,0,Armenia,0.24,0.0
Bladder cancer,0,Armenia,7.0,0.0
Brain cancer,0,Armenia,6.8,0.0
Breast cancer,0,Armenia,39.6,0.0
Cervical cancer,0,Armenia,6.8,0.0
Colon cancer,0,Armenia,16.8,0.0
Colorectal cancer,0,Armenia,22.0,0.0
Esophageal cancer,0,Armenia,1.2,0.0
Gallbladder cancer,0,Armenia,1.0,0.0
Hodgkin lymphoma,0,Armenia,1.7,0.0
Kaposi sarcoma,0,Armenia,0.0,0.0
Kidney cancer,0,Armenia,4.4,0.0
Laryngeal cancer,0,Armenia,2.9,0.0
Leukemia,0,Armenia,4.4,0.0
Liver cancer,0,Armenia,10.7,0.0
Lung cancer,0,Armenia,29.0,0.0
Mesothelioma,0,Armenia,0.47,0.0
Mouth cancer,0,Armenia,1.6,0.0
Multiple myeloma,0,Armenia,0.78,0.0
Non-Hodgkin lymphoma,0,Armenia,3.0,0.0
Ovarian cancer,0,Armenia,5.0,0.0
Pancreatic cancer,0,Armenia,9.3,0.0
Penile cancer,0,Armenia,0.33,0.0
Prostate cancer,1,Armenia,37.2,0.32455941060011034
Rectal cancer,0,Armenia,5.0,0.0
Salivary gland cancer,0,Armenia,0.41,0.0
Skin cancer,0,Armenia,4.2,0.0
Stomach cancer,0,Armenia,12.1,0.0
Testicular cancer,0,Armenia,2.9,0.0
Throat cancer,0,Armenia,0.6699999999999999,0.0
Thyroid cancer,0,Armenia,3.8,0.0
Uterine cancer,1,Armenia,14.4,0.32455941060011034
Vaginal cancer,0,Armenia,0.28,0.0
Vulvar cancer,0,Armenia,0.48,0.0
Anal cancer,0,Bangladesh,0.24,0.0
Bladder cancer,0,Bangladesh,1.1,0.0
Brain cancer,0,Bangladesh,0.81,0.0
Breast cancer,1,Bangladesh,15.2,0.005888278939738359
Cervical cancer,2,Bangladesh,11.3,0.011776557879476717
Colon cancer,0,Bangladesh,1.7,0.0
Colorectal cancer,0,Bangladesh,3.6,0.0
Esophageal cancer,0,Bangladesh,16.0,0.0
Gallbladder cancer,0,Bangladesh,5.3,0.0
Hodgkin lymphoma,0,Bangladesh,0.31,0.0
Kaposi sarcoma,0,Bangladesh,0.0,0.0
Kidney cancer,0,Bangladesh,0.95,0.0
Laryngeal cancer,0,Bangladesh,3.9,0.0
Leukemia,8,Bangladesh,1.8,0.04710623151790687
Liver cancer,1,Bangladesh,2.1,0.005888278939738359
Lung cancer,1,Bangladesh,8.8,0.005888278939738359
Mesothelioma,0,Bangladesh,0.01,0.0
Mouth cancer,0,Bangladesh,10.3,0.0
Multiple myeloma,0,Bangladesh,0.5,0.0
Non-Hodgkin lymphoma,0,Bangladesh,2.0,0.0
Ovarian cancer,0,Bangladesh,3.3,0.0
Pancreatic cancer,0,Bangladesh,0.88,0.0
Penile cancer,0,Bangladesh,0.83,0.0
Prostate cancer,1,Bangladesh,3.2,0.005888278939738359
Rectal cancer,0,Bangladesh,1.6,0.0
Salivary gland cancer,0,Bangladesh,0.53,0.0
Skin cancer,0,Bangladesh,1.02,0.0
Stomach cancer,0,Bangladesh,5.5,0.0
Testicular cancer,0,Bangladesh,0.43,0.0
Throat cancer,0,Bangladesh,8.91,0.0
Thyroid cancer,0,Bangladesh,0.99,0.0
Uterine cancer,0,Bangladesh,1.2,0.0
Vaginal cancer,0,Bangladesh,0.31,0.0
Vulvar cancer,0,Bangladesh,0.37,0.0
Anal cancer,0,Djibouti,0.0,0.0
Bladder cancer,0,Djibouti,2.1,0.0
Brain cancer,0,Djibouti,0.6,0.0
Breast cancer,0,Djibouti,38.1,0.0
Cervical cancer,0,Djibouti,16.5,0.0
Colon cancer,0,Djibouti,3.5,0.0
Colorectal cancer,0,Djibouti,6.4,0.0
Esophageal cancer,0,Djibouti,2.5,0.0
Gallbladder cancer,0,Djibouti,0.54,0.0
Hodgkin lymphoma,0,Djibouti,0.29,0.0
Kaposi sarcoma,0,Djibouti,0.0,0.0
Kidney cancer,0,Djibouti,1.9,0.0
Laryngeal cancer,0,Djibouti,0.75,0.0
Leukemia,0,Djibouti,4.3,0.0
Liver cancer,0,Djibouti,3.5,0.0
Lung cancer,0,Djibouti,3.1,0.0
Mesothelioma,0,Djibouti,0.0,0.0
Mouth cancer,0,Djibouti,1.6,0.0
Multiple myeloma,0,Djibouti,0.3,0.0
Non-Hodgkin lymphoma,0,Djibouti,5.0,0.0
Ovarian cancer,0,Djibouti,6.5,0.0
Pancreatic cancer,0,Djibouti,1.4,0.0
Penile cancer,0,Djibouti,0.0,0.0
Prostate cancer,0,Djibouti,11.1,0.0
Rectal cancer,0,Djibouti,2.9,0.0
Salivary gland cancer,0,Djibouti,0.0,0.0
Skin cancer,0,Djibouti,2.0,0.0
Stomach cancer,0,Djibouti,2.9,0.0
Testicular cancer,0,Djibouti,0.0,0.0
Throat cancer,0,Djibouti,0.69,0.0
Thyroid cancer,0,Djibouti,3.0,0.0
Uterine cancer,0,Djibouti,2.5,0.0
Vaginal cancer,0,Djibouti,0.22,0.0
Vulvar cancer,0,Djibouti,0.86,0.0
Anal cancer,1,New Zealand,0.77,0.18780400773752512
Bladder cancer,0,New Zealand,5.8,0.0
Brain cancer,5,New Zealand,5.4,0.9390200386876256
Breast cancer,25,New Zealand,94.4,4.695100193438128
Cervical cancer,6,New Zealand,4.9,1.1268240464251507
Colon cancer,7,New Zealand,24.7,1.3146280541626758
Colorectal cancer,17,New Zealand,39.0,3.192668131537927
Esophageal cancer,0,New Zealand,3.6,0.0
Gallbladder cancer,0,New Zealand,0.66,0.0
Hodgkin lymphoma,1,New Zealand,1.7,0.18780400773752512
Kaposi sarcoma,0,New Zealand,0.08,0.0
Kidney cancer,1,New Zealand,7.7,0.18780400773752512
Laryngeal cancer,1,New Zealand,1.4,0.18780400773752512
Leukemia,7,New Zealand,9.6,1.3146280541626758
Liver cancer,2,New Zealand,4.0,0.37560801547505024
Lung cancer,2,New Zealand,27.3,0.37560801547505024
Mesothelioma,0,New Zealand,1.0,0.0
Mouth cancer,0,New Zealand,4.0,0.0
Multiple myeloma,1,New Zealand,3.9,0.18780400773752512
Non-Hodgkin lymphoma,2,New Zealand,10.3,0.37560801547505024
Ovarian cancer,1,New Zealand,8.5,0.18780400773752512
Pancreatic cancer,0,New Zealand,6.0,0.0
Penile cancer,0,New Zealand,0.35,0.0
Prostate cancer,14,New Zealand,82.9,2.6292561083253516
Rectal cancer,1,New Zealand,13.4,0.18780400773752512
Salivary gland cancer,0,New Zealand,0.42,0.0
Skin cancer,7,New Zealand,157.3,1.3146280541626758
Stomach cancer,1,New Zealand,5.0,0.18780400773752512
Testicular cancer,1,New Zealand,7.2,0.18780400773752512
Throat cancer,0,New Zealand,2.0,0.0
Thyroid cancer,0,New Zealand,6.7,0.0
Uterine cancer,0,New Zealand,12.0,0.0
Vaginal cancer,0,New Zealand,0.45,0.0
Vulvar cancer,0,New Zealand,1.4,0.0
Anal cancer,0,Argentina,0.5,0.0
Bladder cancer,1,Argentina,5.2,0.02124601910684243
Brain cancer,4,Argentina,3.7,0.08498407642736971
Breast cancer,19,Argentina,71.3,0.4036743630300061
Cervical cancer,5,Argentina,16.8,0.10623009553421213
Colon cancer,2,Argentina,19.0,0.04249203821368486
Colorectal cancer,12,Argentina,24.2,0.25495222928210914
Esophageal cancer,0,Argentina,3.1,0.0
Gallbladder cancer,0,Argentina,1.3,0.0
Hodgkin lymphoma,2,Argentina,1.7,0.04249203821368486
Kaposi sarcoma,0,Argentina,0.45,0.0
Kidney cancer,3,Argentina,8.1,0.06373805732052729
Laryngeal cancer,0,Argentina,2.1,0.0
Leukemia,26,Argentina,5.3,0.5523964967779031
Liver cancer,1,Argentina,3.7,0.02124601910684243
Lung cancer,1,Argentina,19.9,0.02124601910684243
Mesothelioma,0,Argentina,0.37,0.0
Mouth cancer,0,Argentina,2.0,0.0
Multiple myeloma,8,Argentina,1.7,0.16996815285473943
Non-Hodgkin lymphoma,2,Argentina,6.6,0.04249203821368486
Ovarian cancer,2,Argentina,6.8,0.04249203821368486
Pancreatic cancer,2,Argentina,7.9,0.04249203821368486
Penile cancer,0,Argentina,1.6,0.0
Prostate cancer,3,Argentina,44.7,0.06373805732052729
Rectal cancer,3,Argentina,4.7,0.06373805732052729
Salivary gland cancer,0,Argentina,0.48,0.0
Skin cancer,16,Argentina,7.699999999999999,0.33993630570947886
Stomach cancer,1,Argentina,6.7,0.02124601910684243
Testicular cancer,0,Argentina,8.5,0.0
Throat cancer,0,Argentina,1.16,0.0
Thyroid cancer,2,Argentina,8.0,0.04249203821368486
Uterine cancer,0,Argentina,8.6,0.0
Vaginal cancer,0,Argentina,0.32,0.0
Vulvar cancer,0,Argentina,0.83,0.0
Anal cancer,0,Dominican Republic,0.16,0.0
Bladder cancer,0,Dominican Republic,2.0,0.0
Brain cancer,0,Dominican Republic,3.4,0.0
Breast cancer,0,Dominican Republic,53.4,0.0
Cervical cancer,0,Dominican Republic,15.6,0.0
Colon cancer,0,Dominican Republic,12.7,0.0
Colorectal cancer,0,Dominican Republic,14.7,0.0
Esophageal cancer,0,Dominican Republic,1.7,0.0
Gallbladder cancer,0,Dominican Republic,0.44,0.0
Hodgkin lymphoma,0,Dominican Republic,2.0,0.0
Kaposi sarcoma,0,Dominican Republic,0.29,0.0
Kidney cancer,0,Dominican Republic,1.4,0.0
Laryngeal cancer,0,Dominican Republic,2.7,0.0
Leukemia,0,Dominican Republic,5.5,0.0
Liver cancer,0,Dominican Republic,6.8,0.0
Lung cancer,0,Dominican Republic,12.8,0.0
Mesothelioma,0,Dominican Republic,0.04,0.0
Mouth cancer,0,Dominican Republic,1.3,0.0
Multiple myeloma,0,Dominican Republic,1.5,0.0
Non-Hodgkin lymphoma,0,Dominican Republic,2.6,0.0
Ovarian cancer,0,Dominican Republic,2.7,0.0
Pancreatic cancer,0,Dominican Republic,5.0,0.0
Penile cancer,0,Dominican Republic,1.1,0.0
Prostate cancer,0,Dominican Republic,86.1,0.0
Rectal cancer,0,Dominican Republic,1.8,0.0
Salivary gland cancer,0,Dominican Republic,0.45,0.0
Skin cancer,0,Dominican Republic,2.6900000000000004,0.0
Stomach cancer,0,Dominican Republic,6.2,0.0
Testicular cancer,0,Dominican Republic,0.14,0.0
Throat cancer,0,Dominican Republic,2.35,0.0
Thyroid cancer,0,Dominican Republic,2.3,0.0
Uterine cancer,0,Dominican Republic,3.4,0.0
Vaginal cancer,0,Dominican Republic,0.92,0.0
Vulvar cancer,0,Dominican Republic,0.13,0.0
Anal cancer,0,Slovenia,0.25,0.0
Bladder cancer,3,Slovenia,12.2,1.4080289565848352
Brain cancer,2,Slovenia,5.8,0.9386859710565568
Breast cancer,13,Slovenia,82.3,6.101458811867619
Cervical cancer,1,Slovenia,7.2,0.4693429855282784
Colon cancer,0,Slovenia,17.7,0.0
Colorectal cancer,6,Slovenia,30.5,2.8160579131696704
Esophageal cancer,1,Slovenia,2.2,0.4693429855282784
Gallbladder cancer,0,Slovenia,1.2,0.0
Hodgkin lymphoma,0,Slovenia,2.5,0.0
Kaposi sarcoma,0,Slovenia,0.02,0.0
Kidney cancer,0,Slovenia,8.5,0.0
Laryngeal cancer,0,Slovenia,2.8,0.0
Leukemia,0,Slovenia,8.5,0.0
Liver cancer,1,Slovenia,6.4,0.4693429855282784
Lung cancer,1,Slovenia,34.2,0.4693429855282784
Mesothelioma,2,Slovenia,0.96,0.9386859710565568
Mouth cancer,0,Slovenia,3.7,0.0
Multiple myeloma,1,Slovenia,3.0,0.4693429855282784
Non-Hodgkin lymphoma,1,Slovenia,10.3,0.4693429855282784
Ovarian cancer,4,Slovenia,8.1,1.8773719421131136
Pancreatic cancer,0,Slovenia,8.3,0.0
Penile cancer,0,Slovenia,0.55,0.0
Prostate cancer,0,Slovenia,72.6,0.0
Rectal cancer,9,Slovenia,12.5,4.2240868697545055
Salivary gland cancer,0,Slovenia,0.46,0.0
Skin cancer,11,Slovenia,26.3,5.162772840811062
Stomach cancer,1,Slovenia,8.4,0.4693429855282784
Testicular cancer,0,Slovenia,13.0,0.0
Throat cancer,0,Slovenia,4.08,0.0
Thyroid cancer,1,Slovenia,8.5,0.4693429855282784
Uterine cancer,1,Slovenia,16.9,0.4693429855282784
Vaginal cancer,0,Slovenia,0.51,0.0
Vulvar cancer,0,Slovenia,1.8,0.0
Anal cancer,0,Jordan,0.27,0.0
Bladder cancer,2,Jordan,8.7,0.17044486108743823
Brain cancer,0,Jordan,4.8,0.0
Breast cancer,4,Jordan,60.0,0.34088972217487645
Cervical cancer,0,Jordan,3.2,0.0
Colon cancer,0,Jordan,12.0,0.0
Colorectal cancer,0,Jordan,16.5,0.0
Esophageal cancer,0,Jordan,1.1,0.0
Gallbladder cancer,0,Jordan,0.93,0.0
Hodgkin lymphoma,0,Jordan,2.1,0.0
Kaposi sarcoma,0,Jordan,0.17,0.0
Kidney cancer,0,Jordan,3.2,0.0
Laryngeal cancer,0,Jordan,3.1,0.0
Leukemia,0,Jordan,7.0,0.0
Liver cancer,0,Jordan,2.6,0.0
Lung cancer,0,Jordan,14.3,0.0
Mesothelioma,0,Jordan,0.17,0.0
Mouth cancer,0,Jordan,1.3,0.0
Multiple myeloma,1,Jordan,2.4,0.08522243054371911
Non-Hodgkin lymphoma,0,Jordan,6.5,0.0
Ovarian cancer,0,Jordan,5.7,0.0
Pancreatic cancer,0,Jordan,3.8,0.0
Penile cancer,0,Jordan,0.0,0.0
Prostate cancer,0,Jordan,15.1,0.0
Rectal cancer,0,Jordan,4.3,0.0
Salivary gland cancer,0,Jordan,0.46,0.0
Skin cancer,0,Jordan,2.5500000000000003,0.0
Stomach cancer,0,Jordan,5.3,0.0
Testicular cancer,0,Jordan,1.7,0.0
Throat cancer,0,Jordan,1.37,0.0
Thyroid cancer,0,Jordan,5.6,0.0
Uterine cancer,1,Jordan,7.3,0.08522243054371911
Vaginal cancer,0,Jordan,0.28,0.0
Vulvar cancer,0,Jordan,0.32,0.0
Anal cancer,0,Burkina Faso,0.84,0.0
Bladder cancer,0,Burkina Faso,9.7,0.0
Brain cancer,0,Burkina Faso,2.4,0.0
Breast cancer,0,Burkina Faso,21.4,0.0
Cervical cancer,0,Burkina Faso,15.9,0.0
Colon cancer,0,Burkina Faso,1.9,0.0
Colorectal cancer,0,Burkina Faso,3.4,0.0
Esophageal cancer,0,Burkina Faso,3.2,0.0
Gallbladder cancer,0,Burkina Faso,0.44,0.0
Hodgkin lymphoma,0,Burkina Faso,0.18,0.0
Kaposi sarcoma,0,Burkina Faso,0.64,0.0
Kidney cancer,0,Burkina Faso,1.9,0.0
Laryngeal cancer,0,Burkina Faso,0.87,0.0
Leukemia,0,Burkina Faso,3.5,0.0
Liver cancer,0,Burkina Faso,17.1,0.0
Lung cancer,0,Burkina Faso,3.8,0.0
Mesothelioma,0,Burkina Faso,0.06,0.0
Mouth cancer,0,Burkina Faso,1.9,0.0
Multiple myeloma,0,Burkina Faso,1.6,0.0
Non-Hodgkin lymphoma,0,Burkina Faso,2.3,0.0
Ovarian cancer,0,Burkina Faso,8.5,0.0
Pancreatic cancer,0,Burkina Faso,6.6,0.0
Penile cancer,0,Burkina Faso,0.0,0.0
Prostate cancer,0,Burkina Faso,35.3,0.0
Rectal cancer,0,Burkina Faso,0.61,0.0
Salivary gland cancer,0,Burkina Faso,0.87,0.0
Skin cancer,0,Burkina Faso,2.44,0.0
Stomach cancer,0,Burkina Faso,3.9,0.0
Testicular cancer,0,Burkina Faso,0.25,0.0
Throat cancer,0,Burkina Faso,0.42,0.0
Thyroid cancer,0,Burkina Faso,0.83,0.0
Uterine cancer,0,Burkina Faso,6.3,0.0
Vaginal cancer,0,Burkina Faso,0.47,0.0
Vulvar cancer,0,Burkina Faso,0.47,0.0
Anal cancer,0,Chad,0.13,0.0
Bladder cancer,0,Chad,3.2,0.0
Brain cancer,0,Chad,0.75,0.0
Breast cancer,0,Chad,14.2,0.0
Cervical cancer,0,Chad,23.5,0.0
Colon cancer,0,Chad,0.89,0.0
Colorectal cancer,0,Chad,2.3,0.0
Esophageal cancer,0,Chad,1.4,0.0
Gallbladder cancer,0,Chad,0.08,0.0
Hodgkin lymphoma,0,Chad,0.17,0.0
Kaposi sarcoma,0,Chad,0.33,0.0
Kidney cancer,0,Chad,1.6,0.0
Laryngeal cancer,0,Chad,0.39,0.0
Leukemia,0,Chad,0.69,0.0
Liver cancer,0,Chad,19.1,0.0
Lung cancer,0,Chad,2.0,0.0
Mesothelioma,0,Chad,0.26,0.0
Mouth cancer,0,Chad,1.7,0.0
Multiple myeloma,0,Chad,0.49,0.0
Non-Hodgkin lymphoma,0,Chad,2.5,0.0
Ovarian cancer,0,Chad,3.6,0.0
Pancreatic cancer,0,Chad,2.0,0.0
Penile cancer,0,Chad,0.0,0.0
Prostate cancer,0,Chad,82.2,0.0
Rectal cancer,0,Chad,1.2,0.0
Salivary gland cancer,0,Chad,0.41,0.0
Skin cancer,0,Chad,1.04,0.0
Stomach cancer,0,Chad,3.0,0.0
Testicular cancer,0,Chad,0.4,0.0
Throat cancer,0,Chad,0.95,0.0
Thyroid cancer,0,Chad,5.1,0.0
Uterine cancer,0,Chad,0.71,0.0
Vaginal cancer,0,Chad,0.43,0.0
Vulvar cancer,0,Chad,0.62,0.0
Anal cancer,1,China,0.22,0.0007100860624307666
Bladder cancer,109,China,3.4,0.07739938080495357
Brain cancer,109,China,4.2,0.07739938080495357
Breast cancer,1135,China,33.0,0.8059476808589201
Cervical cancer,314,China,13.8,0.2229670236032607
Colon cancer,129,China,10.4,0.09160110205356889
Colorectal cancer,690,China,20.1,0.48995938307722897
Esophageal cancer,320,China,8.3,0.2272275399778453
Gallbladder cancer,15,China,1.1,0.0106512909364615
Hodgkin lymphoma,65,China,0.23,0.04615559405799983
Kaposi sarcoma,0,China,0.03,0.0
Kidney cancer,129,China,3.1,0.09160110205356889
Laryngeal cancer,16,China,1.2,0.011361376998892265
Leukemia,648,China,4.5,0.46013576845513676
Liver cancer,1065,China,15.0,0.7562416564887664
Lung cancer,1065,China,40.8,0.7562416564887664
Mesothelioma,7,China,0.1,0.004970602437015366
Mouth cancer,0,China,1.5,0.0
Multiple myeloma,168,China,1.2,0.1192944584883688
Non-Hodgkin lymphoma,138,China,3.5,0.0979918766154458
Ovarian cancer,140,China,5.7,0.09941204874030733
Pancreatic cancer,162,China,4.4,0.11503394211378419
Penile cancer,6,China,0.49,0.004260516374584599
Prostate cancer,240,China,9.7,0.170420654983384
Rectal cancer,342,China,9.5,0.24284943335132217
Salivary gland cancer,0,China,0.48,0.0
Skin cancer,102,China,2.27,0.07242877836793819
Stomach cancer,79,China,13.7,0.05609679893203056
Testicular cancer,0,China,0.41,0.0
Throat cancer,0,China,3.12,0.0
Thyroid cancer,136,China,24.6,0.09657170449058426
Uterine cancer,48,China,6.8,0.034084130996676794
Vaginal cancer,0,China,0.23,0.0
Vulvar cancer,1,China,0.32,0.0007100860624307666
Anal cancer,0,Uzbekistan,0.76,0.0
Bladder cancer,0,Uzbekistan,2.6,0.0
Brain cancer,0,Uzbekistan,4.9,0.0
Breast cancer,1,Uzbekistan,27.8,0.02641331159059959
Cervical cancer,0,Uzbekistan,14.8,0.0
Colon cancer,0,Uzbekistan,4.1,0.0
Colorectal cancer,0,Uzbekistan,9.0,0.0
Esophageal cancer,0,Uzbekistan,5.0,0.0
Gallbladder cancer,0,Uzbekistan,0.28,0.0
Hodgkin lymphoma,0,Uzbekistan,1.4,0.0
Kaposi sarcoma,0,Uzbekistan,0.16,0.0
Kidney cancer,0,Uzbekistan,2.4,0.0
Laryngeal cancer,0,Uzbekistan,0.48,0.0
Leukemia,0,Uzbekistan,4.4,0.0
Liver cancer,0,Uzbekistan,5.4,0.0
Lung cancer,0,Uzbekistan,8.4,0.0
Mesothelioma,0,Uzbekistan,0.16,0.0
Mouth cancer,0,Uzbekistan,3.2,0.0
Multiple myeloma,0,Uzbekistan,0.12,0.0
Non-Hodgkin lymphoma,0,Uzbekistan,1.8,0.0
Ovarian cancer,0,Uzbekistan,4.8,0.0
Pancreatic cancer,0,Uzbekistan,3.7,0.0
Penile cancer,0,Uzbekistan,0.08,0.0
Prostate cancer,0,Uzbekistan,10.3,0.0
Rectal cancer,0,Uzbekistan,4.2,0.0
Salivary gland cancer,0,Uzbekistan,0.41,0.0
Skin cancer,0,Uzbekistan,1.98,0.0
Stomach cancer,0,Uzbekistan,10.2,0.0
Testicular cancer,0,Uzbekistan,1.7,0.0
Throat cancer,0,Uzbekistan,1.76,0.0
Thyroid cancer,0,Uzbekistan,1.2,0.0
Uterine cancer,0,Uzbekistan,5.3,0.0
Vaginal cancer,0,Uzbekistan,0.26,0.0
Vulvar cancer,0,Uzbekistan,0.47,0.0
Anal cancer,0,Albania,0.24,0.0
Bladder cancer,0,Albania,8.2,0.0
Brain cancer,0,Albania,7.0,0.0
Breast cancer,0,Albania,51.1,0.0
Cervical cancer,0,Albania,8.7,0.0
Colon cancer,0,Albania,4.9,0.0
Colorectal cancer,0,Albania,10.2,0.0
Esophageal cancer,0,Albania,1.3,0.0
Gallbladder cancer,0,Albania,0.79,0.0
Hodgkin lymphoma,0,Albania,1.9,0.0
Kaposi sarcoma,0,Albania,0.07,0.0
Kidney cancer,0,Albania,3.5,0.0
Laryngeal cancer,0,Albania,3.3,0.0
Leukemia,0,Albania,7.4,0.0
Liver cancer,0,Albania,3.2,0.0
Lung cancer,0,Albania,25.3,0.0
Mesothelioma,0,Albania,0.64,0.0
Mouth cancer,0,Albania,1.7,0.0
Multiple myeloma,0,Albania,1.5,0.0
Non-Hodgkin lymphoma,0,Albania,2.3,0.0
Ovarian cancer,0,Albania,8.8,0.0
Pancreatic cancer,0,Albania,5.3,0.0
Penile cancer,0,Albania,0.51,0.0
Prostate cancer,0,Albania,12.2,0.0
Rectal cancer,0,Albania,5.0,0.0
Salivary gland cancer,0,Albania,0.33,0.0
Skin cancer,0,Albania,7.4,0.0
Stomach cancer,0,Albania,12.6,0.0
Testicular cancer,0,Albania,3.3,0.0
Throat cancer,0,Albania,1.6,0.0
Thyroid cancer,0,Albania,1.1,0.0
Uterine cancer,0,Albania,9.7,0.0
Vaginal cancer,0,Albania,0.62,0.0
Vulvar cancer,0,Albania,1.0,0.0
Anal cancer,0,Guatemala,0.05,0.0
Bladder cancer,0,Guatemala,0.81,0.0
Brain cancer,0,Guatemala,1.8,0.0
Breast cancer,0,Guatemala,28.4,0.0
Cervical cancer,0,Guatemala,21.5,0.0
Colon cancer,0,Guatemala,5.6,0.0
Colorectal cancer,0,Guatemala,6.2,0.0
Esophageal cancer,0,Guatemala,1.0,0.0
Gallbladder cancer,0,Guatemala,0.35,0.0
Hodgkin lymphoma,1,Guatemala,0.88,0.05531031576106165
Kaposi sarcoma,0,Guatemala,0.0,0.0
Kidney cancer,0,Guatemala,2.0,0.0
Laryngeal cancer,0,Guatemala,0.61,0.0
Leukemia,0,Guatemala,6.1,0.0
Liver cancer,0,Guatemala,15.5,0.0
Lung cancer,0,Guatemala,3.8,0.0
Mesothelioma,0,Guatemala,0.0,0.0
Mouth cancer,0,Guatemala,0.87,0.0
Multiple myeloma,0,Guatemala,0.38,0.0
Non-Hodgkin lymphoma,0,Guatemala,2.5,0.0
Ovarian cancer,0,Guatemala,3.0,0.0
Pancreatic cancer,0,Guatemala,2.5,0.0
Penile cancer,0,Guatemala,0.3,0.0
Prostate cancer,0,Guatemala,43.6,0.0
Rectal cancer,0,Guatemala,0.56,0.0
Salivary gland cancer,0,Guatemala,0.15,0.0
Skin cancer,0,Guatemala,3.48,0.0
Stomach cancer,0,Guatemala,12.2,0.0
Testicular cancer,0,Guatemala,2.5,0.0
Throat cancer,0,Guatemala,0.46,0.0
Thyroid cancer,0,Guatemala,3.7,0.0
Uterine cancer,0,Guatemala,2.5,0.0
Vaginal cancer,0,Guatemala,0.19,0.0
Vulvar cancer,0,Guatemala,0.2,0.0
Anal cancer,1,Colombia,0.78,0.018976789716219567
Bladder cancer,0,Colombia,2.8,0.0
Brain cancer,1,Colombia,3.3,0.018976789716219567
Breast cancer,2,Colombia,50.7,0.037953579432439134
Cervical cancer,2,Colombia,13.7,0.037953579432439134
Colon cancer,0,Colombia,11.2,0.0
Colorectal cancer,0,Colombia,16.4,0.0
Esophageal cancer,0,Colombia,1.4,0.0
Gallbladder cancer,0,Colombia,0.96,0.0
Hodgkin lymphoma,0,Colombia,1.2,0.0
Kaposi sarcoma,0,Colombia,0.69,0.0
Kidney cancer,0,Colombia,3.8,0.0
Laryngeal cancer,0,Colombia,1.4,0.0
Leukemia,3,Colombia,6.1,0.056930369148658705
Liver cancer,2,Colombia,3.6,0.037953579432439134
Lung cancer,2,Colombia,10.1,0.037953579432439134
Mesothelioma,0,Colombia,0.21,0.0
Mouth cancer,0,Colombia,1.3,0.0
Multiple myeloma,1,Colombia,2.1,0.018976789716219567
Non-Hodgkin lymphoma,0,Colombia,6.0,0.0
Ovarian cancer,0,Colombia,6.7,0.0
Pancreatic cancer,0,Colombia,4.0,0.0
Penile cancer,0,Colombia,1.6,0.0
Prostate cancer,1,Colombia,52.6,0.018976789716219567
Rectal cancer,0,Colombia,4.5,0.0
Salivary gland cancer,0,Colombia,0.68,0.0
Skin cancer,2,Colombia,6.6,0.037953579432439134
Stomach cancer,0,Colombia,12.9,0.0
Testicular cancer,0,Colombia,4.5,0.0
Throat cancer,0,Colombia,1.34,0.0
Thyroid cancer,1,Colombia,8.1,0.018976789716219567
Uterine cancer,0,Colombia,8.8,0.0
Vaginal cancer,0,Colombia,0.51,0.0
Vulvar cancer,0,Colombia,1.1,0.0
Anal cancer,0,Morocco,0.62,0.0
Bladder cancer,0,Morocco,5.1,0.0
Brain cancer,0,Morocco,3.5,0.0
Breast cancer,2,Morocco,58.4,0.053033302023355704
Cervical cancer,0,Morocco,12.0,0.0
Colon cancer,0,Morocco,6.7,0.0
Colorectal cancer,0,Morocco,12.3,0.0
Esophageal cancer,0,Morocco,1.0,0.0
Gallbladder cancer,0,Morocco,1.2,0.0
Hodgkin lymphoma,1,Morocco,2.0,0.026516651011677852
Kaposi sarcoma,0,Morocco,0.25,0.0
Kidney cancer,0,Morocco,1.9,0.0
Laryngeal cancer,0,Morocco,2.8,0.0
Leukemia,2,Morocco,3.8,0.053033302023355704
Liver cancer,0,Morocco,2.6,0.0
Lung cancer,0,Morocco,20.4,0.0
Mesothelioma,0,Morocco,0.16,0.0
Mouth cancer,0,Morocco,1.7,0.0
Multiple myeloma,0,Morocco,1.3,0.0
Non-Hodgkin lymphoma,0,Morocco,5.7,0.0
Ovarian cancer,0,Morocco,6.3,0.0
Pancreatic cancer,0,Morocco,2.8,0.0
Penile cancer,0,Morocco,0.03,0.0
Prostate cancer,0,Morocco,23.6,0.0
Rectal cancer,1,Morocco,5.0,0.026516651011677852
Salivary gland cancer,0,Morocco,0.39,0.0
Skin cancer,0,Morocco,1.75,0.0
Stomach cancer,0,Morocco,5.5,0.0
Testicular cancer,0,Morocco,0.79,0.0
Throat cancer,0,Morocco,2.95,0.0
Thyroid cancer,0,Morocco,6.8,0.0
Uterine cancer,0,Morocco,4.2,0.0
Vaginal cancer,0,Morocco,0.31,0.0
Vulvar cancer,0,Morocco,0.88,0.0
Anal cancer,0,Rwanda,0.23,0.0
Bladder cancer,0,Rwanda,0.81,0.0
Brain cancer,0,Rwanda,1.6,0.0
Breast cancer,1,Rwanda,16.2,0.07089700090797789
Cervical cancer,0,Rwanda,18.9,0.0
Colon cancer,0,Rwanda,1.9,0.0
Colorectal cancer,0,Rwanda,4.2,0.0
Esophageal cancer,0,Rwanda,2.0,0.0
Gallbladder cancer,0,Rwanda,0.0,0.0
Hodgkin lymphoma,0,Rwanda,0.65,0.0
Kaposi sarcoma,0,Rwanda,1.2,0.0
Kidney cancer,0,Rwanda,0.8,0.0
Laryngeal cancer,0,Rwanda,0.93,0.0
Leukemia,0,Rwanda,2.5,0.0
Liver cancer,0,Rwanda,4.9,0.0
Lung cancer,0,Rwanda,2.8,0.0
Mesothelioma,0,Rwanda,0.0,0.0
Mouth cancer,0,Rwanda,1.1,0.0
Multiple myeloma,0,Rwanda,0.73,0.0
Non-Hodgkin lymphoma,0,Rwanda,3.0,0.0
Ovarian cancer,0,Rwanda,4.0,0.0
Pancreatic cancer,0,Rwanda,0.73,0.0
Penile cancer,0,Rwanda,2.6,0.0
Prostate cancer,0,Rwanda,36.4,0.0
Rectal cancer,0,Rwanda,2.2,0.0
Salivary gland cancer,0,Rwanda,0.33,0.0
Skin cancer,0,Rwanda,2.5700000000000003,0.0
Stomach cancer,0,Rwanda,8.2,0.0
Testicular cancer,0,Rwanda,0.44,0.0
Throat cancer,0,Rwanda,0.75,0.0
Thyroid cancer,0,Rwanda,0.9,0.0
Uterine cancer,0,Rwanda,1.2,0.0
Vaginal cancer,0,Rwanda,0.24,0.0
Vulvar cancer,0,Rwanda,1.4,0.0
Anal cancer,0,Barbados,1.4,0.0
Bladder cancer,0,Barbados,1.6,0.0
Brain cancer,0,Barbados,1.1,0.0
Breast cancer,0,Barbados,57.7,0.0
Cervical cancer,0,Barbados,13.8,0.0
Colon cancer,0,Barbados,15.8,0.0
Colorectal cancer,0,Barbados,24.7,0.0
Esophageal cancer,0,Barbados,0.92,0.0
Gallbladder cancer,0,Barbados,0.37,0.0
Hodgkin lymphoma,0,Barbados,0.0,0.0
Kaposi sarcoma,0,Barbados,2.0,0.0
Kidney cancer,0,Barbados,5.1,0.0
Laryngeal cancer,0,Barbados,1.3,0.0
Leukemia,0,Barbados,7.0,0.0
Liver cancer,0,Barbados,2.4,0.0
Lung cancer,0,Barbados,9.4,0.0
Mesothelioma,0,Barbados,0.0,0.0
Mouth cancer,0,Barbados,1.6,0.0
Multiple myeloma,0,Barbados,6.1,0.0
Non-Hodgkin lymphoma,0,Barbados,7.6,0.0
Ovarian cancer,0,Barbados,7.3,0.0
Pancreatic cancer,0,Barbados,6.1,0.0
Penile cancer,0,Barbados,0.41,0.0
Prostate cancer,0,Barbados,100.5,0.0
Rectal cancer,0,Barbados,7.5,0.0
Salivary gland cancer,0,Barbados,0.2,0.0
Skin cancer,0,Barbados,3.1,0.0
Stomach cancer,0,Barbados,5.0,0.0
Testicular cancer,0,Barbados,0.0,0.0
Throat cancer,0,Barbados,3.31,0.0
Thyroid cancer,0,Barbados,3.4,0.0
Uterine cancer,0,Barbados,24.9,0.0
Vaginal cancer,0,Barbados,0.0,0.0
Vulvar cancer,0,Barbados,1.5,0.0
Anal cancer,0,Sri Lanka,0.41,0.0
Bladder cancer,1,Sri Lanka,1.9,0.04594918846840786
Brain cancer,0,Sri Lanka,1.8,0.0
Breast cancer,1,Sri Lanka,27.7,0.04594918846840786
Cervical cancer,0,Sri Lanka,9.2,0.0
Colon cancer,0,Sri Lanka,3.3,0.0
Colorectal cancer,2,Sri Lanka,7.8,0.09189837693681573
Esophageal cancer,0,Sri Lanka,5.4,0.0
Gallbladder cancer,0,Sri Lanka,0.33,0.0
Hodgkin lymphoma,0,Sri Lanka,0.92,0.0
Kaposi sarcoma,0,Sri Lanka,0.0,0.0
Kidney cancer,0,Sri Lanka,1.2,0.0
Laryngeal cancer,0,Sri Lanka,2.5,0.0
Leukemia,0,Sri Lanka,3.9,0.0
Liver cancer,0,Sri Lanka,1.2,0.0
Lung cancer,0,Sri Lanka,6.7,0.0
Mesothelioma,0,Sri Lanka,0.02,0.0
Mouth cancer,0,Sri Lanka,8.1,0.0
Multiple myeloma,0,Sri Lanka,1.5,0.0
Non-Hodgkin lymphoma,0,Sri Lanka,3.3,0.0
Ovarian cancer,0,Sri Lanka,8.2,0.0
Pancreatic cancer,0,Sri Lanka,0.83,0.0
Penile cancer,0,Sri Lanka,0.69,0.0
Prostate cancer,0,Sri Lanka,6.5,0.0
Rectal cancer,0,Sri Lanka,4.0,0.0
Salivary gland cancer,0,Sri Lanka,0.67,0.0
Skin cancer,0,Sri Lanka,1.63,0.0
Stomach cancer,0,Sri Lanka,2.6,0.0
Testicular cancer,0,Sri Lanka,0.73,0.0
Throat cancer,0,Sri Lanka,3.12,0.0
Thyroid cancer,1,Sri Lanka,6.7,0.04594918846840786
Uterine cancer,0,Sri Lanka,4.3,0.0
Vaginal cancer,0,Sri Lanka,0.35,0.0
Vulvar cancer,0,Sri Lanka,0.25,0.0
Anal cancer,1,India,0.36,0.0007054713536302145
Bladder cancer,24,India,1.6,0.016931312487125146
Brain cancer,31,India,2.3,0.021869611962536648
Breast cancer,128,India,26.6,0.09030033326466745
Cervical cancer,73,India,17.7,0.05149940881500566
Colon cancer,1,India,2.4,0.0007054713536302145
Colorectal cancer,10,India,4.9,0.007054713536302145
Esophageal cancer,15,India,5.0,0.010582070304453217
Gallbladder cancer,16,India,1.5,0.011287541658083431
Hodgkin lymphoma,8,India,0.67,0.005643770829041716
Kaposi sarcoma,0,India,0.0,0.0
Kidney cancer,6,India,1.3,0.0042328281217812866
Laryngeal cancer,2,India,2.5,0.001410942707260429
Leukemia,99,India,3.6,0.06984166400939124
Liver cancer,10,India,2.7,0.007054713536302145
Lung cancer,10,India,5.8,0.007054713536302145
Mesothelioma,0,India,0.11,0.0
Mouth cancer,0,India,9.9,0.0
Multiple myeloma,15,India,1.2,0.010582070304453217
Non-Hodgkin lymphoma,13,India,2.8,0.009171127597192788
Ovarian cancer,16,India,6.6,0.011287541658083431
Pancreatic cancer,3,India,0.96,0.0021164140608906433
Penile cancer,2,India,1.5,0.001410942707260429
Prostate cancer,22,India,5.6,0.015520369779864719
Rectal cancer,11,India,2.2,0.007760184889932359
Salivary gland cancer,0,India,0.56,0.0
Skin cancer,4,India,1.07,0.002821885414520858
Stomach cancer,2,India,4.5,0.001410942707260429
Testicular cancer,0,India,0.57,0.0
Throat cancer,0,India,4.15,0.0
Thyroid cancer,7,India,1.5,0.004938299475411501
Uterine cancer,2,India,2.5,0.001410942707260429
Vaginal cancer,0,India,0.7,0.0
Vulvar cancer,0,India,0.43,0.0
Anal cancer,0,Laos,0.19,0.0
Bladder cancer,0,Laos,1.9,0.0
Brain cancer,0,Laos,3.0,0.0
Breast cancer,0,Laos,31.6,0.0
Cervical cancer,0,Laos,12.0,0.0
Colon cancer,0,Laos,7.8,0.0
Colorectal cancer,0,Laos,14.1,0.0
Esophageal cancer,0,Laos,4.4,0.0
Gallbladder cancer,0,Laos,1.4,0.0
Hodgkin lymphoma,0,Laos,0.29,0.0
Kaposi sarcoma,0,Laos,0.02,0.0
Kidney cancer,0,Laos,1.3,0.0
Laryngeal cancer,0,Laos,1.3,0.0
Leukemia,0,Laos,5.0,0.0
Liver cancer,0,Laos,24.9,0.0
Lung cancer,0,Laos,17.6,0.0
Mesothelioma,0,Laos,0.0,0.0
Mouth cancer,0,Laos,3.7,0.0
Multiple myeloma,0,Laos,1.1,0.0
Non-Hodgkin lymphoma,0,Laos,4.3,0.0
Ovarian cancer,0,Laos,5.5,0.0
Pancreatic cancer,0,Laos,1.4,0.0
Penile cancer,0,Laos,1.3,0.0
Prostate cancer,0,Laos,4.1,0.0
Rectal cancer,0,Laos,6.0,0.0
Salivary gland cancer,0,Laos,0.59,0.0
Skin cancer,0,Laos,2.41,0.0
Stomach cancer,0,Laos,11.3,0.0
Testicular cancer,0,Laos,0.52,0.0
Throat cancer,0,Laos,5.37,0.0
Thyroid cancer,0,Laos,4.9,0.0
Uterine cancer,0,Laos,3.3,0.0
Vaginal cancer,0,Laos,0.27,0.0
Vulvar cancer,0,Laos,0.61,0.0
Anal cancer,0,Sao Tome and Principe,0.0,0.0
Bladder cancer,0,Sao Tome and Principe,5.6,0.0
Brain cancer,0,Sao Tome and Principe,0.0,0.0
Breast cancer,0,Sao Tome and Principe,19.9,0.0
Cervical cancer,0,Sao Tome and Principe,18.8,0.0
Colon cancer,0,Sao Tome and Principe,5.4,0.0
Colorectal cancer,0,Sao Tome and Principe,6.3,0.0
Esophageal cancer,0,Sao Tome and Principe,1.6,0.0
Gallbladder cancer,0,Sao Tome and Principe,0.66,0.0
Hodgkin lymphoma,0,Sao Tome and Principe,0.0,0.0
Kaposi sarcoma,0,Sao Tome and Principe,0.0,0.0
Kidney cancer,0,Sao Tome and Principe,0.37,0.0
Laryngeal cancer,0,Sao Tome and Principe,1.6,0.0
Leukemia,0,Sao Tome and Principe,0.39,0.0
Liver cancer,0,Sao Tome and Principe,8.0,0.0
Lung cancer,0,Sao Tome and Principe,12.7,0.0
Mesothelioma,0,Sao Tome and Principe,0.0,0.0
Mouth cancer,0,Sao Tome and Principe,0.0,0.0
Multiple myeloma,0,Sao Tome and Principe,0.0,0.0
Non-Hodgkin lymphoma,0,Sao Tome and Principe,0.0,0.0
Ovarian cancer,0,Sao Tome and Principe,6.7,0.0
Pancreatic cancer,0,Sao Tome and Principe,2.3,0.0
Penile cancer,0,Sao Tome and Principe,0.0,0.0
Prostate cancer,0,Sao Tome and Principe,44.8,0.0
Rectal cancer,0,Sao Tome and Principe,0.88,0.0
Salivary gland cancer,0,Sao Tome and Principe,0.0,0.0
Skin cancer,0,Sao Tome and Principe,0.66,0.0
Stomach cancer,0,Sao Tome and Principe,11.1,0.0
Testicular cancer,0,Sao Tome and Principe,0.0,0.0
Throat cancer,0,Sao Tome and Principe,0.0,0.0
Thyroid cancer,0,Sao Tome and Principe,0.0,0.0
Uterine cancer,0,Sao Tome and Principe,2.9,0.0
Vaginal cancer,0,Sao Tome and Principe,0.0,0.0
Vulvar cancer,0,Sao Tome and Principe,0.0,0.0
Anal cancer,0,French Polynesia,0.21,0.0
Bladder cancer,0,French Polynesia,4.3,0.0
Brain cancer,0,French Polynesia,2.1,0.0
Breast cancer,0,French Polynesia,71.9,0.0
Cervical cancer,0,French Polynesia,8.3,0.0
Colon cancer,0,French Polynesia,6.8,0.0
Colorectal cancer,0,French Polynesia,11.9,0.0
Esophageal cancer,0,French Polynesia,3.0,0.0
Gallbladder cancer,0,French Polynesia,2.0,0.0
Hodgkin lymphoma,0,French Polynesia,0.0,0.0
Kaposi sarcoma,0,French Polynesia,0.0,0.0
Kidney cancer,0,French Polynesia,3.4,0.0
Laryngeal cancer,0,French Polynesia,2.4,0.0
Leukemia,0,French Polynesia,4.8,0.0
Liver cancer,0,French Polynesia,8.5,0.0
Lung cancer,0,French Polynesia,40.0,0.0
Mesothelioma,0,French Polynesia,0.0,0.0
Mouth cancer,0,French Polynesia,3.3,0.0
Multiple myeloma,0,French Polynesia,3.4,0.0
Non-Hodgkin lymphoma,0,French Polynesia,6.9,0.0
Ovarian cancer,0,French Polynesia,6.4,0.0
Pancreatic cancer,0,French Polynesia,4.6,0.0
Penile cancer,0,French Polynesia,0.0,0.0
Prostate cancer,0,French Polynesia,62.3,0.0
Rectal cancer,0,French Polynesia,4.9,0.0
Salivary gland cancer,0,French Polynesia,0.23,0.0
Skin cancer,0,French Polynesia,5.1,0.0
Stomach cancer,0,French Polynesia,6.8,0.0
Testicular cancer,0,French Polynesia,1.4,0.0
Throat cancer,0,French Polynesia,4.800000000000001,0.0
Thyroid cancer,0,French Polynesia,16.9,0.0
Uterine cancer,0,French Polynesia,10.4,0.0
Vaginal cancer,0,French Polynesia,0.0,0.0
Vulvar cancer,0,French Polynesia,0.0,0.0
Anal cancer,0,Gambia,0.0,0.0
Bladder cancer,0,Gambia,1.3,0.0
Brain cancer,1,Gambia,0.39,0.4127605757514719
Breast cancer,1,Gambia,12.1,0.4127605757514719
Cervical cancer,0,Gambia,39.4,0.0
Colon cancer,0,Gambia,0.9,0.0
Colorectal cancer,0,Gambia,2.6,0.0
Esophageal cancer,0,Gambia,2.0,0.0
Gallbladder cancer,0,Gambia,0.0,0.0
Hodgkin lymphoma,1,Gambia,0.16,0.4127605757514719
Kaposi sarcoma,0,Gambia,0.29,0.0
Kidney cancer,0,Gambia,0.24,0.0
Laryngeal cancer,0,Gambia,0.57,0.0
Leukemia,0,Gambia,0.89,0.0
Liver cancer,4,Gambia,17.9,1.6510423030058876
Lung cancer,4,Gambia,5.0,1.6510423030058876
Mesothelioma,0,Gambia,0.0,0.0
Mouth cancer,0,Gambia,0.34,0.0
Multiple myeloma,0,Gambia,0.0,0.0
Non-Hodgkin lymphoma,1,Gambia,1.7,0.4127605757514719
Ovarian cancer,0,Gambia,2.2,0.0
Pancreatic cancer,0,Gambia,1.6,0.0
Penile cancer,0,Gambia,0.82,0.0
Prostate cancer,0,Gambia,10.3,0.0
Rectal cancer,0,Gambia,1.7,0.0
Salivary gland cancer,0,Gambia,0.07,0.0
Skin cancer,0,Gambia,0.36,0.0
Stomach cancer,0,Gambia,2.8,0.0
Testicular cancer,0,Gambia,0.07,0.0
Throat cancer,0,Gambia,0.0,0.0
Thyroid cancer,0,Gambia,0.42,0.0
Uterine cancer,0,Gambia,1.5,0.0
Vaginal cancer,0,Gambia,0.0,0.0
Vulvar cancer,0,Gambia,0.11,0.0
Anal cancer,0,Haiti,0.7,0.0
Bladder cancer,0,Haiti,2.8,0.0
Brain cancer,0,Haiti,0.37,0.0
Breast cancer,0,Haiti,25.2,0.0
Cervical cancer,0,Haiti,16.6,0.0
Colon cancer,0,Haiti,8.7,0.0
Colorectal cancer,0,Haiti,11.3,0.0
Esophageal cancer,0,Haiti,2.2,0.0
Gallbladder cancer,0,Haiti,0.9,0.0
Hodgkin lymphoma,0,Haiti,0.82,0.0
Kaposi sarcoma,0,Haiti,0.53,0.0
Kidney cancer,0,Haiti,2.2,0.0
Laryngeal cancer,0,Haiti,0.98,0.0
Leukemia,0,Haiti,4.4,0.0
Liver cancer,0,Haiti,9.3,0.0
Lung cancer,0,Haiti,6.1,0.0
Mesothelioma,0,Haiti,0.04,0.0
Mouth cancer,0,Haiti,1.3,0.0
Multiple myeloma,0,Haiti,1.0,0.0
Non-Hodgkin lymphoma,0,Haiti,4.4,0.0
Ovarian cancer,0,Haiti,4.9,0.0
Pancreatic cancer,0,Haiti,3.2,0.0
Penile cancer,0,Haiti,1.3,0.0
Prostate cancer,0,Haiti,69.8,0.0
Rectal cancer,0,Haiti,1.9,0.0
Salivary gland cancer,0,Haiti,1.3,0.0
Skin cancer,0,Haiti,1.36,0.0
Stomach cancer,0,Haiti,9.9,0.0
Testicular cancer,0,Haiti,1.8,0.0
Throat cancer,0,Haiti,1.44,0.0
Thyroid cancer,0,Haiti,1.2,0.0
Uterine cancer,0,Haiti,3.0,0.0
Vaginal cancer,0,Haiti,0.49,0.0
Vulvar cancer,0,Haiti,0.06,0.0
Anal cancer,1,Iran,0.26,0.011633182489733716
Bladder cancer,5,Iran,7.1,0.05816591244866858
Brain cancer,5,Iran,6.3,0.05816591244866858
Breast cancer,188,Iran,30.5,2.1870383080699387
Cervical cancer,21,Iran,2.5,0.24429683228440804
Colon cancer,7,Iran,9.5,0.08143227742813601
Colorectal cancer,25,Iran,13.9,0.2908295622433429
Esophageal cancer,7,Iran,3.9,0.08143227742813601
Gallbladder cancer,0,Iran,0.6,0.0
Hodgkin lymphoma,1,Iran,1.9,0.011633182489733716
Kaposi sarcoma,0,Iran,0.19,0.0
Kidney cancer,1,Iran,2.3,0.011633182489733716
Laryngeal cancer,1,Iran,3.0,0.011633182489733716
Leukemia,55,Iran,7.4,0.6398250369353544
Liver cancer,2,Iran,6.4,0.023266364979467432
Lung cancer,2,Iran,12.1,0.023266364979467432
Mesothelioma,0,Iran,0.05,0.0
Mouth cancer,2,Iran,1.4,0.023266364979467432
Multiple myeloma,7,Iran,1.4,0.08143227742813601
Non-Hodgkin lymphoma,0,Iran,4.0,0.0
Ovarian cancer,2,Iran,4.2,0.023266364979467432
Pancreatic cancer,1,Iran,3.9,0.011633182489733716
Penile cancer,0,Iran,0.08,0.0
Prostate cancer,19,Iran,21.8,0.2210304673049406
Rectal cancer,17,Iran,4.1,0.19776410232547317
Salivary gland cancer,0,Iran,0.31,0.0
Skin cancer,11,Iran,5.28,0.1279650073870709
Stomach cancer,7,Iran,19.4,0.08143227742813601
Testicular cancer,0,Iran,1.4,0.0
Throat cancer,0,Iran,0.53,0.0
Thyroid cancer,9,Iran,4.0,0.10469864240760345
Uterine cancer,4,Iran,3.1,0.046532729958934864
Vaginal cancer,0,Iran,0.12,0.0
Vulvar cancer,0,Iran,0.1,0.0
Anal cancer,0,Senegal,0.66,0.0
Bladder cancer,0,Senegal,3.2,0.0
Brain cancer,0,Senegal,2.1,0.0
Breast cancer,0,Senegal,29.9,0.0
Cervical cancer,1,Senegal,34.3,0.05378293572863884
Colon cancer,0,Senegal,3.0,0.0
Colorectal cancer,0,Senegal,6.2,0.0
Esophageal cancer,0,Senegal,1.7,0.0
Gallbladder cancer,0,Senegal,0.28,0.0
Hodgkin lymphoma,0,Senegal,0.55,0.0
Kaposi sarcoma,0,Senegal,0.6,0.0
Kidney cancer,0,Senegal,1.2,0.0
Laryngeal cancer,0,Senegal,0.65,0.0
Leukemia,0,Senegal,1.2,0.0
Liver cancer,0,Senegal,11.1,0.0
Lung cancer,0,Senegal,2.7,0.0
Mesothelioma,0,Senegal,0.01,0.0
Mouth cancer,0,Senegal,1.7,0.0
Multiple myeloma,0,Senegal,0.6,0.0
Non-Hodgkin lymphoma,0,Senegal,2.4,0.0
Ovarian cancer,0,Senegal,4.4,0.0
Pancreatic cancer,0,Senegal,1.8,0.0
Penile cancer,0,Senegal,0.04,0.0
Prostate cancer,0,Senegal,27.1,0.0
Rectal cancer,0,Senegal,2.5,0.0
Salivary gland cancer,0,Senegal,0.57,0.0
Skin cancer,0,Senegal,3.39,0.0
Stomach cancer,0,Senegal,7.2,0.0
Testicular cancer,0,Senegal,0.22,0.0
Throat cancer,0,Senegal,0.51,0.0
Thyroid cancer,0,Senegal,1.1,0.0
Uterine cancer,0,Senegal,2.5,0.0
Vaginal cancer,0,Senegal,0.48,0.0
Vulvar cancer,0,Senegal,0.69,0.0
Anal cancer,3,Australia,1.4,0.10948899914755515
Bladder cancer,21,Australia,7.4,0.766422994032886
Brain cancer,44,Australia,5.6,1.6058386541641423
Breast cancer,365,Australia,101.5,13.321161562952543
Cervical cancer,29,Australia,5.3,1.0583936584263665
Colon cancer,27,Australia,22.3,0.9854009923279964
Colorectal cancer,193,Australia,34.6,7.043792278492715
Esophageal cancer,9,Australia,3.2,0.32846699744266544
Gallbladder cancer,0,Australia,0.62,0.0
Hodgkin lymphoma,27,Australia,2.4,0.9854009923279964
Kaposi sarcoma,0,Australia,0.1,0.0
Kidney cancer,27,Australia,9.5,0.9854009923279964
Laryngeal cancer,0,Australia,1.2,0.0
Leukemia,181,Australia,11.7,6.605836281902494
Liver cancer,15,Australia,7.2,0.5474449957377757
Lung cancer,15,Australia,24.1,0.5474449957377757
Mesothelioma,32,Australia,1.7,1.1678826575739216
Mouth cancer,0,Australia,6.0,0.0
Multiple myeloma,56,Australia,4.1,2.043794650754363
Non-Hodgkin lymphoma,50,Australia,12.4,1.8248166524592524
Ovarian cancer,72,Australia,7.8,2.6277359795413235
Pancreatic cancer,30,Australia,7.0,1.0948899914755514
Penile cancer,0,Australia,0.51,0.0
Prostate cancer,285,Australia,77.2,10.40145491901774
Rectal cancer,39,Australia,10.9,1.423356988918217
Salivary gland cancer,1,Australia,0.86,0.03649633304918505
Skin cancer,330,Australia,177.1,12.043789906231066
Stomach cancer,7,Australia,5.3,0.25547433134429537
Testicular cancer,2,Australia,7.3,0.0729926660983701
Throat cancer,0,Australia,3.46,0.0
Thyroid cancer,3,Australia,11.0,0.10948899914755515
Uterine cancer,30,Australia,14.6,1.0948899914755514
Vaginal cancer,0,Australia,0.43,0.0
Vulvar cancer,1,Australia,1.5,0.03649633304918505
Anal cancer,0,Costa Rica,0.23,0.0
Bladder cancer,0,Costa Rica,3.3,0.0
Brain cancer,0,Costa Rica,3.7,0.0
Breast cancer,0,Costa Rica,37.5,0.0
Cervical cancer,3,Costa Rica,10.6,0.5650116533653506
Colon cancer,1,Costa Rica,9.5,0.18833721778845022
Colorectal cancer,0,Costa Rica,14.3,0.0
Esophageal cancer,0,Costa Rica,0.81,0.0
Gallbladder cancer,0,Costa Rica,0.71,0.0
Hodgkin lymphoma,0,Costa Rica,1.7,0.0
Kaposi sarcoma,0,Costa Rica,0.24,0.0
Kidney cancer,0,Costa Rica,2.8,0.0
Laryngeal cancer,0,Costa Rica,1.1,0.0
Leukemia,0,Costa Rica,6.1,0.0
Liver cancer,0,Costa Rica,5.0,0.0
Lung cancer,0,Costa Rica,6.8,0.0
Mesothelioma,0,Costa Rica,0.05,0.0
Mouth cancer,0,Costa Rica,1.4,0.0
Multiple myeloma,0,Costa Rica,1.6,0.0
Non-Hodgkin lymphoma,0,Costa Rica,5.7,0.0
Ovarian cancer,0,Costa Rica,4.3,0.0
Pancreatic cancer,0,Costa Rica,4.2,0.0
Penile cancer,0,Costa Rica,1.1,0.0
Prostate cancer,0,Costa Rica,45.6,0.0
Rectal cancer,0,Costa Rica,4.6,0.0
Salivary gland cancer,0,Costa Rica,0.51,0.0
Skin cancer,0,Costa Rica,20.2,0.0
Stomach cancer,1,Costa Rica,14.0,0.18833721778845022
Testicular cancer,0,Costa Rica,4.0,0.0
Throat cancer,0,Costa Rica,0.96,0.0
Thyroid cancer,0,Costa Rica,13.8,0.0
Uterine cancer,0,Costa Rica,10.7,0.0
Vaginal cancer,0,Costa Rica,0.24,0.0
Vulvar cancer,0,Costa Rica,0.67,0.0
Anal cancer,0,Tanzania,1.7,0.0
Bladder cancer,0,Tanzania,4.1,0.0
Brain cancer,0,Tanzania,0.46,0.0
Breast cancer,1,Tanzania,25.1,0.014672867537871111
Cervical cancer,1,Tanzania,64.8,0.014672867537871111
Colon cancer,0,Tanzania,2.5,0.0
Colorectal cancer,0,Tanzania,6.8,0.0
Esophageal cancer,0,Tanzania,11.8,0.0
Gallbladder cancer,0,Tanzania,0.47,0.0
Hodgkin lymphoma,0,Tanzania,1.0,0.0
Kaposi sarcoma,1,Tanzania,3.4,0.014672867537871111
Kidney cancer,0,Tanzania,1.4,0.0
Laryngeal cancer,0,Tanzania,0.96,0.0
Leukemia,0,Tanzania,1.5,0.0
Liver cancer,0,Tanzania,3.4,0.0
Lung cancer,0,Tanzania,2.5,0.0
Mesothelioma,0,Tanzania,0.18,0.0
Mouth cancer,0,Tanzania,2.3,0.0
Multiple myeloma,0,Tanzania,0.44,0.0
Non-Hodgkin lymphoma,0,Tanzania,3.3,0.0
Ovarian cancer,0,Tanzania,3.8,0.0
Pancreatic cancer,0,Tanzania,1.8,0.0
Penile cancer,0,Tanzania,1.2,0.0
Prostate cancer,0,Tanzania,45.4,0.0
Rectal cancer,0,Tanzania,2.6,0.0
Salivary gland cancer,0,Tanzania,0.68,0.0
Skin cancer,0,Tanzania,3.8,0.0
Stomach cancer,0,Tanzania,4.2,0.0
Testicular cancer,1,Tanzania,0.29,0.014672867537871111
Throat cancer,0,Tanzania,2.08,0.0
Thyroid cancer,0,Tanzania,1.3,0.0
Uterine cancer,0,Tanzania,2.3,0.0
Vaginal cancer,0,Tanzania,0.66,0.0
Vulvar cancer,0,Tanzania,1.3,0.0
Anal cancer,0,Nicaragua,0.41,0.0
Bladder cancer,0,Nicaragua,1.2,0.0
Brain cancer,0,Nicaragua,2.6,0.0
Breast cancer,0,Nicaragua,35.3,0.0
Cervical cancer,0,Nicaragua,20.6,0.0
Colon cancer,0,Nicaragua,7.2,0.0
Colorectal cancer,0,Nicaragua,9.8,0.0
Esophageal cancer,0,Nicaragua,0.74,0.0
Gallbladder cancer,0,Nicaragua,1.4,0.0
Hodgkin lymphoma,0,Nicaragua,1.3,0.0
Kaposi sarcoma,0,Nicaragua,0.23,0.0
Kidney cancer,1,Nicaragua,2.7,0.1469748317358639
Laryngeal cancer,0,Nicaragua,1.3,0.0
Leukemia,0,Nicaragua,7.2,0.0
Liver cancer,0,Nicaragua,9.8,0.0
Lung cancer,0,Nicaragua,5.4,0.0
Mesothelioma,0,Nicaragua,0.04,0.0
Mouth cancer,0,Nicaragua,0.59,0.0
Multiple myeloma,0,Nicaragua,0.59,0.0
Non-Hodgkin lymphoma,0,Nicaragua,4.6,0.0
Ovarian cancer,0,Nicaragua,3.5,0.0
Pancreatic cancer,0,Nicaragua,3.8,0.0
Penile cancer,0,Nicaragua,1.5,0.0
Prostate cancer,0,Nicaragua,36.8,0.0
Rectal cancer,0,Nicaragua,2.2,0.0
Salivary gland cancer,0,Nicaragua,0.32,0.0
Skin cancer,0,Nicaragua,3.66,0.0
Stomach cancer,0,Nicaragua,9.1,0.0
Testicular cancer,0,Nicaragua,2.1,0.0
Throat cancer,0,Nicaragua,1.08,0.0
Thyroid cancer,0,Nicaragua,4.0,0.0
Uterine cancer,0,Nicaragua,6.4,0.0
Vaginal cancer,0,Nicaragua,0.41,0.0
Vulvar cancer,0,Nicaragua,0.49,0.0
Anal cancer,0,Luxembourg,0.49,0.0
Bladder cancer,0,Luxembourg,7.0,0.0
Brain cancer,0,Luxembourg,3.2,0.0
Breast cancer,2,Luxembourg,99.7,2.932667422317306
Cervical cancer,0,Luxembourg,4.4,0.0
Colon cancer,0,Luxembourg,16.1,0.0
Colorectal cancer,1,Luxembourg,23.6,1.466333711158653
Esophageal cancer,0,Luxembourg,2.2,0.0
Gallbladder cancer,0,Luxembourg,0.41,0.0
Hodgkin lymphoma,0,Luxembourg,2.3,0.0
Kaposi sarcoma,0,Luxembourg,0.0,0.0
Kidney cancer,0,Luxembourg,5.9,0.0
Laryngeal cancer,0,Luxembourg,2.1,0.0
Leukemia,0,Luxembourg,5.7,0.0
Liver cancer,0,Luxembourg,4.5,0.0
Lung cancer,0,Luxembourg,25.7,0.0
Mesothelioma,0,Luxembourg,2.0,0.0
Mouth cancer,0,Luxembourg,1.8,0.0
Multiple myeloma,0,Luxembourg,2.6,0.0
Non-Hodgkin lymphoma,0,Luxembourg,8.9,0.0
Ovarian cancer,0,Luxembourg,6.1,0.0
Pancreatic cancer,0,Luxembourg,6.5,0.0
Penile cancer,0,Luxembourg,0.31,0.0
Prostate cancer,1,Luxembourg,74.7,1.466333711158653
Rectal cancer,0,Luxembourg,7.1,0.0
Salivary gland cancer,0,Luxembourg,0.2,0.0
Skin cancer,0,Luxembourg,43.5,0.0
Stomach cancer,0,Luxembourg,4.6,0.0
Testicular cancer,0,Luxembourg,10.5,0.0
Throat cancer,0,Luxembourg,1.77,0.0
Thyroid cancer,0,Luxembourg,7.6,0.0
Uterine cancer,0,Luxembourg,7.6,0.0
Vaginal cancer,0,Luxembourg,0.28,0.0
Vulvar cancer,0,Luxembourg,2.0,0.0
Anal cancer,0,Singapore,0.6,0.0
Bladder cancer,6,Singapore,3.9,0.9938875913134224
Brain cancer,3,Singapore,2.8,0.4969437956567112
Breast cancer,53,Singapore,72.6,8.779340389935232
Cervical cancer,3,Singapore,7.4,0.4969437956567112
Colon cancer,6,Singapore,20.7,0.9938875913134224
Colorectal cancer,28,Singapore,34.0,4.638142092795971
Esophageal cancer,0,Singapore,1.9,0.0
Gallbladder cancer,1,Singapore,1.3,0.16564793188557042
Hodgkin lymphoma,1,Singapore,1.3,0.16564793188557042
Kaposi sarcoma,0,Singapore,0.06,0.0
Kidney cancer,4,Singapore,7.0,0.6625917275422817
Laryngeal cancer,0,Singapore,1.5,0.0
Leukemia,12,Singapore,8.8,1.9877751826268448
Liver cancer,27,Singapore,12.1,4.472494160910401
Lung cancer,27,Singapore,24.3,4.472494160910401
Mesothelioma,1,Singapore,0.36,0.16564793188557042
Mouth cancer,0,Singapore,2.3,0.0
Multiple myeloma,9,Singapore,2.2,1.4908313869701337
Non-Hodgkin lymphoma,4,Singapore,11.3,0.6625917275422817
Ovarian cancer,7,Singapore,10.3,1.1595355231989928
Pancreatic cancer,0,Singapore,7.7,0.0
Penile cancer,0,Singapore,0.45,0.0
Prostate cancer,15,Singapore,32.8,2.484718978283556
Rectal cancer,9,Singapore,12.7,1.4908313869701337
Salivary gland cancer,0,Singapore,0.68,0.0
Skin cancer,4,Singapore,4.24,0.6625917275422817
Stomach cancer,2,Singapore,8.0,0.33129586377114084
Testicular cancer,0,Singapore,2.2,0.0
Throat cancer,0,Singapore,6.4,0.0
Thyroid cancer,1,Singapore,7.1,0.16564793188557042
Uterine cancer,1,Singapore,17.6,0.16564793188557042
Vaginal cancer,0,Singapore,0.38,0.0
Vulvar cancer,0,Singapore,0.63,0.0
Anal cancer,0,North Macedonia,0.34,0.0
Bladder cancer,0,North Macedonia,7.4,0.0
Brain cancer,1,North Macedonia,7.3,0.5475710569271298
Breast cancer,9,North Macedonia,65.3,4.928139512344168
Cervical cancer,0,North Macedonia,6.7,0.0
Colon cancer,0,North Macedonia,11.9,0.0
Colorectal cancer,0,North Macedonia,23.5,0.0
Esophageal cancer,0,North Macedonia,1.0,0.0
Gallbladder cancer,0,North Macedonia,0.86,0.0
Hodgkin lymphoma,0,North Macedonia,2.1,0.0
Kaposi sarcoma,0,North Macedonia,0.0,0.0
Kidney cancer,0,North Macedonia,2.9,0.0
Laryngeal cancer,0,North Macedonia,3.4,0.0
Leukemia,0,North Macedonia,4.0,0.0
Liver cancer,1,North Macedonia,5.4,0.5475710569271298
Lung cancer,1,North Macedonia,31.1,0.5475710569271298
Mesothelioma,0,North Macedonia,0.05,0.0
Mouth cancer,0,North Macedonia,1.6,0.0
Multiple myeloma,0,North Macedonia,0.7,0.0
Non-Hodgkin lymphoma,0,North Macedonia,2.3,0.0
Ovarian cancer,0,North Macedonia,6.4,0.0
Pancreatic cancer,0,North Macedonia,6.5,0.0
Penile cancer,0,North Macedonia,0.57,0.0
Prostate cancer,0,North Macedonia,41.4,0.0
Rectal cancer,0,North Macedonia,11.3,0.0
Salivary gland cancer,0,North Macedonia,0.28,0.0
Skin cancer,0,North Macedonia,12.1,0.0
Stomach cancer,0,North Macedonia,9.5,0.0
Testicular cancer,0,North Macedonia,7.0,0.0
Throat cancer,0,North Macedonia,1.01,0.0
Thyroid cancer,0,North Macedonia,1.4,0.0
Uterine cancer,0,North Macedonia,17.5,0.0
Vaginal cancer,0,North Macedonia,0.22,0.0
Vulvar cancer,0,North Macedonia,0.33,0.0
Anal cancer,0,South Sudan,0.46,0.0
Bladder cancer,0,South Sudan,1.8,0.0
Brain cancer,0,South Sudan,1.3,0.0
Breast cancer,0,South Sudan,28.0,0.0
Cervical cancer,0,South Sudan,21.4,0.0
Colon cancer,0,South Sudan,2.9,0.0
Colorectal cancer,0,South Sudan,5.7,0.0
Esophageal cancer,0,South Sudan,5.7,0.0
Gallbladder cancer,0,South Sudan,0.7,0.0
Hodgkin lymphoma,0,South Sudan,0.55,0.0
Kaposi sarcoma,0,South Sudan,2.0,0.0
Kidney cancer,0,South Sudan,1.5,0.0
Laryngeal cancer,0,South Sudan,0.99,0.0
Leukemia,0,South Sudan,1.6,0.0
Liver cancer,0,South Sudan,5.2,0.0
Lung cancer,0,South Sudan,2.1,0.0
Mesothelioma,0,South Sudan,0.0,0.0
Mouth cancer,0,South Sudan,1.8,0.0
Multiple myeloma,0,South Sudan,1.1,0.0
Non-Hodgkin lymphoma,0,South Sudan,3.5,0.0
Ovarian cancer,0,South Sudan,4.4,0.0
Pancreatic cancer,0,South Sudan,1.8,0.0
Penile cancer,0,South Sudan,0.82,0.0
Prostate cancer,0,South Sudan,22.0,0.0
Rectal cancer,0,South Sudan,2.3,0.0
Salivary gland cancer,0,South Sudan,0.51,0.0
Skin cancer,0,South Sudan,2.95,0.0
Stomach cancer,0,South Sudan,4.0,0.0
Testicular cancer,0,South Sudan,0.39,0.0
Throat cancer,0,South Sudan,1.99,0.0
Thyroid cancer,0,South Sudan,1.7,0.0
Uterine cancer,0,South Sudan,2.5,0.0
Vaginal cancer,0,South Sudan,0.27,0.0
Vulvar cancer,0,South Sudan,0.87,0.0
Anal cancer,0,Montenegro,0.66,0.0
Bladder cancer,0,Montenegro,8.0,0.0
Brain cancer,0,Montenegro,7.9,0.0
Breast cancer,0,Montenegro,76.5,0.0
Cervical cancer,0,Montenegro,12.0,0.0
Colon cancer,0,Montenegro,12.9,0.0
Colorectal cancer,0,Montenegro,21.3,0.0
Esophageal cancer,0,Montenegro,1.9,0.0
Gallbladder cancer,0,Montenegro,0.79,0.0
Hodgkin lymphoma,0,Montenegro,2.5,0.0
Kaposi sarcoma,0,Montenegro,0.0,0.0
Kidney cancer,0,Montenegro,4.0,0.0
Laryngeal cancer,0,Montenegro,4.0,0.0
Leukemia,0,Montenegro,4.9,0.0
Liver cancer,0,Montenegro,4.7,0.0
Lung cancer,0,Montenegro,36.7,0.0
Mesothelioma,0,Montenegro,0.22,0.0
Mouth cancer,0,Montenegro,2.2,0.0
Multiple myeloma,0,Montenegro,1.3,0.0
Non-Hodgkin lymphoma,0,Montenegro,5.6,0.0
Ovarian cancer,0,Montenegro,4.8,0.0
Pancreatic cancer,0,Montenegro,5.8,0.0
Penile cancer,0,Montenegro,0.34,0.0
Prostate cancer,0,Montenegro,36.1,0.0
Rectal cancer,0,Montenegro,7.8,0.0
Salivary gland cancer,0,Montenegro,0.35,0.0
Skin cancer,0,Montenegro,24.3,0.0
Stomach cancer,0,Montenegro,3.9,0.0
Testicular cancer,0,Montenegro,6.8,0.0
Throat cancer,0,Montenegro,1.9,0.0
Thyroid cancer,0,Montenegro,4.1,0.0
Uterine cancer,0,Montenegro,17.5,0.0
Vaginal cancer,0,Montenegro,0.26,0.0
Vulvar cancer,0,Montenegro,0.3,0.0
Anal cancer,0,Jamaica,0.65,0.0
Bladder cancer,0,Jamaica,3.0,0.0
Brain cancer,0,Jamaica,2.1,0.0
Breast cancer,0,Jamaica,71.1,0.0
Cervical cancer,0,Jamaica,20.4,0.0
Colon cancer,0,Jamaica,14.8,0.0
Colorectal cancer,0,Jamaica,20.2,0.0
Esophageal cancer,0,Jamaica,1.9,0.0
Gallbladder cancer,0,Jamaica,1.1,0.0
Hodgkin lymphoma,0,Jamaica,0.55,0.0
Kaposi sarcoma,0,Jamaica,0.0,0.0
Kidney cancer,0,Jamaica,1.3,0.0
Laryngeal cancer,0,Jamaica,1.5,0.0
Leukemia,1,Jamaica,5.1,0.35391414892141126
Liver cancer,0,Jamaica,2.9,0.0
Lung cancer,0,Jamaica,14.0,0.0
Mesothelioma,0,Jamaica,0.06,0.0
Mouth cancer,0,Jamaica,0.81,0.0
Multiple myeloma,0,Jamaica,3.8,0.0
Non-Hodgkin lymphoma,0,Jamaica,6.9,0.0
Ovarian cancer,0,Jamaica,5.5,0.0
Pancreatic cancer,0,Jamaica,3.7,0.0
Penile cancer,0,Jamaica,0.96,0.0
Prostate cancer,0,Jamaica,85.7,0.0
Rectal cancer,0,Jamaica,4.7,0.0
Salivary gland cancer,0,Jamaica,0.4,0.0
Skin cancer,0,Jamaica,2.26,0.0
Stomach cancer,0,Jamaica,6.9,0.0
Testicular cancer,0,Jamaica,0.29,0.0
Throat cancer,0,Jamaica,1.4500000000000002,0.0
Thyroid cancer,0,Jamaica,3.1,0.0
Uterine cancer,0,Jamaica,25.4,0.0
Vaginal cancer,0,Jamaica,0.31,0.0
Vulvar cancer,0,Jamaica,0.37,0.0
Anal cancer,0,Yemen,0.12,0.0
Bladder cancer,0,Yemen,2.1,0.0
Brain cancer,0,Yemen,2.9,0.0
Breast cancer,0,Yemen,25.4,0.0
Cervical cancer,0,Yemen,2.1,0.0
Colon cancer,0,Yemen,5.5,0.0
Colorectal cancer,0,Yemen,9.1,0.0
Esophageal cancer,0,Yemen,5.4,0.0
Gallbladder cancer,0,Yemen,0.11,0.0
Hodgkin lymphoma,0,Yemen,1.7,0.0
Kaposi sarcoma,0,Yemen,0.06,0.0
Kidney cancer,0,Yemen,0.62,0.0
Laryngeal cancer,0,Yemen,2.0,0.0
Leukemia,0,Yemen,4.2,0.0
Liver cancer,0,Yemen,4.4,0.0
Lung cancer,0,Yemen,4.1,0.0
Mesothelioma,0,Yemen,0.01,0.0
Mouth cancer,0,Yemen,1.8,0.0
Multiple myeloma,0,Yemen,0.11,0.0
Non-Hodgkin lymphoma,0,Yemen,3.6,0.0
Ovarian cancer,0,Yemen,2.9,0.0
Pancreatic cancer,0,Yemen,2.0,0.0
Penile cancer,0,Yemen,0.0,0.0
Prostate cancer,0,Yemen,2.6,0.0
Rectal cancer,0,Yemen,3.5,0.0
Salivary gland cancer,0,Yemen,0.94,0.0
Skin cancer,0,Yemen,1.78,0.0
Stomach cancer,0,Yemen,5.9,0.0
Testicular cancer,0,Yemen,0.2,0.0
Throat cancer,0,Yemen,1.82,0.0
Thyroid cancer,0,Yemen,2.3,0.0
Uterine cancer,0,Yemen,0.15,0.0
Vaginal cancer,0,Yemen,0.41,0.0
Vulvar cancer,0,Yemen,0.24,0.0
Anal cancer,0,St. Lucia,0.0,0.0
Bladder cancer,0,St. Lucia,0.68,0.0
Brain cancer,0,St. Lucia,0.0,0.0
Breast cancer,1,St. Lucia,51.7,5.431830526887561
Cervical cancer,1,St. Lucia,15.7,5.431830526887561
Colon cancer,0,St. Lucia,9.4,0.0
Colorectal cancer,0,St. Lucia,12.3,0.0
Esophageal cancer,0,St. Lucia,1.7,0.0
Gallbladder cancer,0,St. Lucia,0.4,0.0
Hodgkin lymphoma,0,St. Lucia,2.3,0.0
Kaposi sarcoma,0,St. Lucia,0.0,0.0
Kidney cancer,0,St. Lucia,3.1,0.0
Laryngeal cancer,0,St. Lucia,1.1,0.0
Leukemia,0,St. Lucia,4.8,0.0
Liver cancer,1,St. Lucia,1.2,5.431830526887561
Lung cancer,1,St. Lucia,9.7,5.431830526887561
Mesothelioma,0,St. Lucia,0.0,0.0
Mouth cancer,0,St. Lucia,4.4,0.0
Multiple myeloma,0,St. Lucia,2.1,0.0
Non-Hodgkin lymphoma,0,St. Lucia,7.3,0.0
Ovarian cancer,0,St. Lucia,4.5,0.0
Pancreatic cancer,0,St. Lucia,3.6,0.0
Penile cancer,0,St. Lucia,3.7,0.0
Prostate cancer,1,St. Lucia,93.9,5.431830526887561
Rectal cancer,0,St. Lucia,2.9,0.0
Salivary gland cancer,0,St. Lucia,0.0,0.0
Skin cancer,0,St. Lucia,0.4,0.0
Stomach cancer,0,St. Lucia,8.6,0.0
Testicular cancer,0,St. Lucia,0.0,0.0
Throat cancer,0,St. Lucia,0.85,0.0
Thyroid cancer,0,St. Lucia,4.5,0.0
Uterine cancer,0,St. Lucia,6.5,0.0
Vaginal cancer,0,St. Lucia,0.87,0.0
Vulvar cancer,0,St. Lucia,0.92,0.0
Anal cancer,4,Brazil,1.1,0.018816113649326442
Bladder cancer,9,Brazil,5.4,0.0423362557109845
Brain cancer,8,Brazil,4.6,0.037632227298652884
Breast cancer,184,Brazil,63.1,0.8655412278690163
Cervical cancer,38,Brazil,12.7,0.1787530796686012
Colon cancer,6,Brazil,10.9,0.028224170473989663
Colorectal cancer,28,Brazil,19.8,0.1317127955452851
Esophageal cancer,2,Brazil,3.7,0.009408056824663221
Gallbladder cancer,0,Brazil,0.73,0.0
Hodgkin lymphoma,8,Brazil,1.1,0.037632227298652884
Kaposi sarcoma,1,Brazil,0.26,0.0047040284123316106
Kidney cancer,7,Brazil,3.9,0.03292819888632127
Laryngeal cancer,0,Brazil,3.1,0.0
Leukemia,50,Brazil,4.7,0.23520142061658053
Liver cancer,7,Brazil,4.5,0.03292819888632127
Lung cancer,7,Brazil,14.6,0.03292819888632127
Mesothelioma,0,Brazil,0.06,0.0
Mouth cancer,0,Brazil,3.8,0.0
Multiple myeloma,11,Brazil,1.9,0.051744312535647714
Non-Hodgkin lymphoma,6,Brazil,4.0,0.028224170473989663
Ovarian cancer,5,Brazil,5.1,0.02352014206165805
Pancreatic cancer,1,Brazil,4.7,0.0047040284123316106
Penile cancer,2,Brazil,1.3,0.009408056824663221
Prostate cancer,40,Brazil,76.3,0.1881611364932644
Rectal cancer,22,Brazil,7.9,0.10348862507129543
Salivary gland cancer,0,Brazil,0.6,0.0
Skin cancer,34,Brazil,14.1,0.15993696601927476
Stomach cancer,7,Brazil,7.6,0.03292819888632127
Testicular cancer,1,Brazil,2.7,0.0047040284123316106
Throat cancer,0,Brazil,2.8600000000000003,0.0
Thyroid cancer,15,Brazil,11.8,0.07056042618497416
Uterine cancer,4,Brazil,8.2,0.018816113649326442
Vaginal cancer,0,Brazil,0.28,0.0
Vulvar cancer,0,Brazil,0.84,0.0
Anal cancer,0,Comoros,0.0,0.0
Bladder cancer,0,Comoros,4.8,0.0
Brain cancer,0,Comoros,0.0,0.0
Breast cancer,0,Comoros,21.5,0.0
Cervical cancer,0,Comoros,52.0,0.0
Colon cancer,0,Comoros,1.9,0.0
Colorectal cancer,0,Comoros,3.7,0.0
Esophageal cancer,0,Comoros,10.4,0.0
Gallbladder cancer,0,Comoros,0.0,0.0
Hodgkin lymphoma,0,Comoros,0.08,0.0
Kaposi sarcoma,0,Comoros,0.0,0.0
Kidney cancer,0,Comoros,0.46,0.0
Laryngeal cancer,0,Comoros,0.44,0.0
Leukemia,0,Comoros,1.2,0.0
Liver cancer,0,Comoros,5.0,0.0
Lung cancer,0,Comoros,1.8,0.0
Mesothelioma,0,Comoros,0.0,0.0
Mouth cancer,0,Comoros,1.5,0.0
Multiple myeloma,0,Comoros,0.0,0.0
Non-Hodgkin lymphoma,0,Comoros,4.2,0.0
Ovarian cancer,0,Comoros,2.5,0.0
Pancreatic cancer,0,Comoros,0.76,0.0
Penile cancer,0,Comoros,0.68,0.0
Prostate cancer,0,Comoros,33.2,0.0
Rectal cancer,0,Comoros,1.8,0.0
Salivary gland cancer,0,Comoros,0.21,0.0
Skin cancer,0,Comoros,3.18,0.0
Stomach cancer,0,Comoros,2.1,0.0
Testicular cancer,0,Comoros,0.0,0.0
Throat cancer,0,Comoros,0.33,0.0
Thyroid cancer,0,Comoros,0.54,0.0
Uterine cancer,0,Comoros,1.2,0.0
Vaginal cancer,0,Comoros,0.0,0.0
Vulvar cancer,0,Comoros,1.6,0.0
Anal cancer,0,Bulgaria,0.49,0.0
Bladder cancer,0,Bulgaria,10.7,0.0
Brain cancer,1,Bulgaria,6.8,0.1553431841624517
Breast cancer,7,Bulgaria,52.8,1.0874022891371617
Cervical cancer,1,Bulgaria,15.4,0.1553431841624517
Colon cancer,0,Bulgaria,18.7,0.0
Colorectal cancer,0,Bulgaria,30.2,0.0
Esophageal cancer,0,Bulgaria,1.6,0.0
Gallbladder cancer,0,Bulgaria,0.41,0.0
Hodgkin lymphoma,1,Bulgaria,1.4,0.1553431841624517
Kaposi sarcoma,0,Bulgaria,0.05,0.0
Kidney cancer,0,Bulgaria,6.0,0.0
Laryngeal cancer,0,Bulgaria,3.1,0.0
Leukemia,3,Bulgaria,5.6,0.46602955248735506
Liver cancer,0,Bulgaria,4.4,0.0
Lung cancer,0,Bulgaria,27.1,0.0
Mesothelioma,0,Bulgaria,0.44,0.0
Mouth cancer,0,Bulgaria,3.0,0.0
Multiple myeloma,0,Bulgaria,1.4,0.0
Non-Hodgkin lymphoma,1,Bulgaria,4.0,0.1553431841624517
Ovarian cancer,0,Bulgaria,10.0,0.0
Pancreatic cancer,0,Bulgaria,7.5,0.0
Penile cancer,0,Bulgaria,0.9,0.0
Prostate cancer,3,Bulgaria,38.2,0.46602955248735506
Rectal cancer,6,Bulgaria,11.0,0.9320591049747101
Salivary gland cancer,0,Bulgaria,0.44,0.0
Skin cancer,2,Bulgaria,9.9,0.3106863683249034
Stomach cancer,0,Bulgaria,9.0,0.0
Testicular cancer,0,Bulgaria,4.5,0.0
Throat cancer,0,Bulgaria,2.43,0.0
Thyroid cancer,1,Bulgaria,4.4,0.1553431841624517
Uterine cancer,1,Bulgaria,16.0,0.1553431841624517
Vaginal cancer,0,Bulgaria,0.41,0.0
Vulvar cancer,0,Bulgaria,1.1,0.0
Anal cancer,0,Latvia,0.66,0.0
Bladder cancer,0,Latvia,11.1,0.0
Brain cancer,0,Latvia,6.5,0.0
Breast cancer,5,Latvia,66.0,2.7316433566433567
Cervical cancer,0,Latvia,16.9,0.0
Colon cancer,0,Latvia,12.4,0.0
Colorectal cancer,0,Latvia,23.5,0.0
Esophageal cancer,0,Latvia,3.7,0.0
Gallbladder cancer,0,Latvia,0.57,0.0
Hodgkin lymphoma,0,Latvia,2.6,0.0
Kaposi sarcoma,0,Latvia,0.0,0.0
Kidney cancer,0,Latvia,13.7,0.0
Laryngeal cancer,0,Latvia,2.9,0.0
Leukemia,1,Latvia,7.7,0.5463286713286714
Liver cancer,0,Latvia,4.3,0.0
Lung cancer,0,Latvia,23.5,0.0
Mesothelioma,0,Latvia,0.15,0.0
Mouth cancer,0,Latvia,4.4,0.0
Multiple myeloma,0,Latvia,2.7,0.0
Non-Hodgkin lymphoma,0,Latvia,7.7,0.0
Ovarian cancer,1,Latvia,15.3,0.5463286713286714
Pancreatic cancer,0,Latvia,9.3,0.0
Penile cancer,0,Latvia,1.2,0.0
Prostate cancer,1,Latvia,97.3,0.5463286713286714
Rectal cancer,0,Latvia,10.5,0.0
Salivary gland cancer,0,Latvia,0.71,0.0
Skin cancer,0,Latvia,14.4,0.0
Stomach cancer,0,Latvia,12.1,0.0
Testicular cancer,0,Latvia,3.0,0.0
Throat cancer,0,Latvia,4.21,0.0
Thyroid cancer,0,Latvia,8.2,0.0
Uterine cancer,0,Latvia,16.2,0.0
Vaginal cancer,0,Latvia,0.44,0.0
Vulvar cancer,0,Latvia,1.6,0.0
Anal cancer,0,Bahrain,0.24,0.0
Bladder cancer,0,Bahrain,7.3,0.0
Brain cancer,0,Bahrain,2.1,0.0
Breast cancer,2,Bahrain,58.5,1.2541905642227091
Cervical cancer,0,Bahrain,2.7,0.0
Colon cancer,0,Bahrain,9.4,0.0
Colorectal cancer,0,Bahrain,13.5,0.0
Esophageal cancer,0,Bahrain,1.2,0.0
Gallbladder cancer,0,Bahrain,0.48,0.0
Hodgkin lymphoma,0,Bahrain,0.75,0.0
Kaposi sarcoma,0,Bahrain,0.0,0.0
Kidney cancer,0,Bahrain,2.3,0.0
Laryngeal cancer,0,Bahrain,1.3,0.0
Leukemia,0,Bahrain,5.2,0.0
Liver cancer,0,Bahrain,2.7,0.0
Lung cancer,0,Bahrain,10.1,0.0
Mesothelioma,0,Bahrain,0.76,0.0
Mouth cancer,0,Bahrain,1.9,0.0
Multiple myeloma,0,Bahrain,1.2,0.0
Non-Hodgkin lymphoma,0,Bahrain,7.2,0.0
Ovarian cancer,0,Bahrain,5.1,0.0
Pancreatic cancer,0,Bahrain,2.8,0.0
Penile cancer,0,Bahrain,0.0,0.0
Prostate cancer,1,Bahrain,13.4,0.6270952821113546
Rectal cancer,0,Bahrain,3.9,0.0
Salivary gland cancer,0,Bahrain,0.04,0.0
Skin cancer,0,Bahrain,0.85,0.0
Stomach cancer,0,Bahrain,3.3,0.0
Testicular cancer,0,Bahrain,0.45,0.0
Throat cancer,0,Bahrain,0.5900000000000001,0.0
Thyroid cancer,0,Bahrain,2.7,0.0
Uterine cancer,0,Bahrain,8.2,0.0
Vaginal cancer,0,Bahrain,0.0,0.0
Vulvar cancer,0,Bahrain,0.15,0.0
Anal cancer,0,Philippines,0.24,0.0
Bladder cancer,0,Philippines,2.1,0.0
Brain cancer,0,Philippines,2.4,0.0
Breast cancer,5,Philippines,60.3,0.04381214753127311
Cervical cancer,3,Philippines,15.5,0.026287288518763868
Colon cancer,0,Philippines,13.5,0.0
Colorectal cancer,1,Philippines,20.8,0.008762429506254622
Esophageal cancer,0,Philippines,1.4,0.0
Gallbladder cancer,0,Philippines,0.35,0.0
Hodgkin lymphoma,0,Philippines,0.54,0.0
Kaposi sarcoma,0,Philippines,0.01,0.0
Kidney cancer,0,Philippines,2.9,0.0
Laryngeal cancer,0,Philippines,2.0,0.0
Leukemia,0,Philippines,6.6,0.0
Liver cancer,0,Philippines,12.4,0.0
Lung cancer,0,Philippines,24.0,0.0
Mesothelioma,0,Philippines,0.07,0.0
Mouth cancer,0,Philippines,1.9,0.0
Multiple myeloma,0,Philippines,0.93,0.0
Non-Hodgkin lymphoma,0,Philippines,4.9,0.0
Ovarian cancer,0,Philippines,11.7,0.0
Pancreatic cancer,0,Philippines,4.1,0.0
Penile cancer,0,Philippines,0.32,0.0
Prostate cancer,0,Philippines,24.1,0.0
Rectal cancer,0,Philippines,7.0,0.0
Salivary gland cancer,0,Philippines,0.67,0.0
Skin cancer,0,Philippines,1.7,0.0
Stomach cancer,0,Philippines,4.2,0.0
Testicular cancer,0,Philippines,0.77,0.0
Throat cancer,0,Philippines,4.29,0.0
Thyroid cancer,0,Philippines,7.3,0.0
Uterine cancer,0,Philippines,9.9,0.0
Vaginal cancer,0,Philippines,0.22,0.0
Vulvar cancer,0,Philippines,0.35,0.0
Anal cancer,13,United Kingdom,1.5,0.19043375374416563
Bladder cancer,136,United Kingdom,13.4,1.992230039169733
Brain cancer,78,United Kingdom,5.5,1.1426025224649938
Breast cancer,1129,United Kingdom,94.0,16.538439075166384
Cervical cancer,74,United Kingdom,7.5,1.084007521312943
Colon cancer,44,United Kingdom,18.6,0.6445450126725606
Colorectal cancer,553,United Kingdom,30.9,8.100758909271047
Esophageal cancer,21,United Kingdom,5.9,0.3076237560482676
Gallbladder cancer,5,United Kingdom,0.73,0.0732437514400637
Hodgkin lymphoma,52,United Kingdom,2.8,0.7617350149766625
Kaposi sarcoma,3,United Kingdom,0.16,0.04394625086403822
Kidney cancer,98,United Kingdom,10.0,1.4355775282252488
Laryngeal cancer,3,United Kingdom,1.7,0.04394625086403822
Leukemia,541,United Kingdom,8.4,7.924973905814893
Liver cancer,48,United Kingdom,4.8,0.7031400138246116
Lung cancer,48,United Kingdom,30.1,0.7031400138246116
Mesothelioma,74,United Kingdom,1.7,1.084007521312943
Mouth cancer,2,United Kingdom,4.9,0.029297500576025485
Multiple myeloma,177,United Kingdom,4.0,2.592828800978255
Non-Hodgkin lymphoma,103,United Kingdom,11.2,1.5088212796653124
Ovarian cancer,284,United Kingdom,9.2,4.160245081795619
Pancreatic cancer,106,United Kingdom,6.7,1.5527675305293507
Penile cancer,3,United Kingdom,1.2,0.04394625086403822
Prostate cancer,569,United Kingdom,74.0,8.33513891387925
Rectal cancer,108,United Kingdom,10.7,1.582065031105376
Salivary gland cancer,1,United Kingdom,0.63,0.014648750288012742
Skin cancer,278,United Kingdom,32.6,4.072352580067542
Stomach cancer,25,United Kingdom,3.6,0.36621875720031855
Testicular cancer,15,United Kingdom,6.7,0.2197312543201911
Throat cancer,0,United Kingdom,3.45,0.0
Thyroid cancer,23,United Kingdom,5.1,0.33692125662429306
Uterine cancer,44,United Kingdom,14.8,0.6445450126725606
Vaginal cancer,0,United Kingdom,0.34,0.0
Vulvar cancer,4,United Kingdom,1.9,0.05859500115205097
Anal cancer,0,Estonia,0.69,0.0
Bladder cancer,0,Estonia,9.4,0.0
Brain cancer,0,Estonia,6.2,0.0
Breast cancer,1,Estonia,63.1,0.7299296712761726
Cervical cancer,2,Estonia,11.8,1.4598593425523452
Colon cancer,1,Estonia,20.0,0.7299296712761726
Colorectal cancer,1,Estonia,31.8,0.7299296712761726
Esophageal cancer,0,Estonia,3.5,0.0
Gallbladder cancer,0,Estonia,0.72,0.0
Hodgkin lymphoma,0,Estonia,2.4,0.0
Kaposi sarcoma,0,Estonia,0.0,0.0
Kidney cancer,1,Estonia,10.5,0.7299296712761726
Laryngeal cancer,0,Estonia,2.3,0.0
Leukemia,0,Estonia,9.6,0.0
Liver cancer,0,Estonia,4.5,0.0
Lung cancer,0,Estonia,25.8,0.0
Mesothelioma,0,Estonia,0.15,0.0
Mouth cancer,0,Estonia,4.2,0.0
Multiple myeloma,0,Estonia,3.5,0.0
Non-Hodgkin lymphoma,0,Estonia,9.4,0.0
Ovarian cancer,0,Estonia,9.4,0.0
Pancreatic cancer,0,Estonia,8.6,0.0
Penile cancer,0,Estonia,1.1,0.0
Prostate cancer,0,Estonia,98.8,0.0
Rectal cancer,1,Estonia,11.1,0.7299296712761726
Salivary gland cancer,0,Estonia,0.62,0.0
Skin cancer,0,Estonia,16.7,0.0
Stomach cancer,0,Estonia,13.1,0.0
Testicular cancer,0,Estonia,4.5,0.0
Throat cancer,0,Estonia,3.64,0.0
Thyroid cancer,0,Estonia,4.1,0.0
Uterine cancer,0,Estonia,17.7,0.0
Vaginal cancer,0,Estonia,0.34,0.0
Vulvar cancer,0,Estonia,1.4,0.0
Anal cancer,0,Guam,0.0,0.0
Bladder cancer,0,Guam,1.8,0.0
Brain cancer,0,Guam,0.0,0.0
Breast cancer,0,Guam,44.2,0.0
Cervical cancer,0,Guam,19.0,0.0
Colon cancer,0,Guam,10.2,0.0
Colorectal cancer,0,Guam,16.0,0.0
Esophageal cancer,0,Guam,1.3,0.0
Gallbladder cancer,0,Guam,0.0,0.0
Hodgkin lymphoma,0,Guam,0.0,0.0
Kaposi sarcoma,0,Guam,0.0,0.0
Kidney cancer,0,Guam,2.0,0.0
Laryngeal cancer,0,Guam,0.82,0.0
Leukemia,0,Guam,2.3,0.0
Liver cancer,0,Guam,15.1,0.0
Lung cancer,0,Guam,31.5,0.0
Mesothelioma,0,Guam,0.0,0.0
Mouth cancer,0,Guam,2.0,0.0
Multiple myeloma,0,Guam,1.0,0.0
Non-Hodgkin lymphoma,0,Guam,4.7,0.0
Ovarian cancer,0,Guam,7.3,0.0
Pancreatic cancer,0,Guam,4.3,0.0
Penile cancer,0,Guam,0.0,0.0
Prostate cancer,0,Guam,43.7,0.0
Rectal cancer,0,Guam,5.8,0.0
Salivary gland cancer,0,Guam,0.0,0.0
Skin cancer,0,Guam,0.0,0.0
Stomach cancer,0,Guam,6.1,0.0
Testicular cancer,0,Guam,0.0,0.0
Throat cancer,0,Guam,3.44,0.0
Thyroid cancer,0,Guam,6.5,0.0
Uterine cancer,0,Guam,14.9,0.0
Vaginal cancer,0,Guam,0.0,0.0
Vulvar cancer,0,Guam,0.0,0.0
Anal cancer,0,Vanuatu,0.36,0.0
Bladder cancer,0,Vanuatu,2.0,0.0
Brain cancer,0,Vanuatu,0.0,0.0
Breast cancer,0,Vanuatu,29.6,0.0
Cervical cancer,0,Vanuatu,18.2,0.0
Colon cancer,0,Vanuatu,2.7,0.0
Colorectal cancer,0,Vanuatu,6.8,0.0
Esophageal cancer,0,Vanuatu,0.42,0.0
Gallbladder cancer,0,Vanuatu,0.0,0.0
Hodgkin lymphoma,0,Vanuatu,0.0,0.0
Kaposi sarcoma,0,Vanuatu,0.0,0.0
Kidney cancer,0,Vanuatu,0.0,0.0
Laryngeal cancer,0,Vanuatu,1.6,0.0
Leukemia,0,Vanuatu,2.2,0.0
Liver cancer,0,Vanuatu,12.1,0.0
Lung cancer,0,Vanuatu,7.7,0.0
Mesothelioma,0,Vanuatu,0.0,0.0
Mouth cancer,0,Vanuatu,2.1,0.0
Multiple myeloma,0,Vanuatu,0.42,0.0
Non-Hodgkin lymphoma,0,Vanuatu,3.6,0.0
Ovarian cancer,0,Vanuatu,2.2,0.0
Pancreatic cancer,0,Vanuatu,0.55,0.0
Penile cancer,0,Vanuatu,0.89,0.0
Prostate cancer,0,Vanuatu,19.4,0.0
Rectal cancer,0,Vanuatu,3.7,0.0
Salivary gland cancer,0,Vanuatu,0.36,0.0
Skin cancer,0,Vanuatu,0.0,0.0
Stomach cancer,0,Vanuatu,3.5,0.0
Testicular cancer,0,Vanuatu,1.5,0.0
Throat cancer,0,Vanuatu,0.0,0.0
Thyroid cancer,0,Vanuatu,9.0,0.0
Uterine cancer,0,Vanuatu,9.6,0.0
Vaginal cancer,0,Vanuatu,0.0,0.0
Vulvar cancer,0,Vanuatu,0.0,0.0
Anal cancer,0,Bahamas,1.3,0.0
Bladder cancer,0,Bahamas,1.2,0.0
Brain cancer,0,Bahamas,1.9,0.0
Breast cancer,0,Bahamas,64.6,0.0
Cervical cancer,0,Bahamas,15.2,0.0
Colon cancer,0,Bahamas,12.9,0.0
Colorectal cancer,0,Bahamas,19.3,0.0
Esophageal cancer,0,Bahamas,2.0,0.0
Gallbladder cancer,0,Bahamas,1.1,0.0
Hodgkin lymphoma,0,Bahamas,1.9,0.0
Kaposi sarcoma,0,Bahamas,1.0,0.0
Kidney cancer,0,Bahamas,1.3,0.0
Laryngeal cancer,0,Bahamas,1.8,0.0
Leukemia,0,Bahamas,5.8,0.0
Liver cancer,0,Bahamas,4.1,0.0
Lung cancer,0,Bahamas,8.8,0.0
Mesothelioma,0,Bahamas,0.0,0.0
Mouth cancer,0,Bahamas,1.2,0.0
Multiple myeloma,0,Bahamas,4.6,0.0
Non-Hodgkin lymphoma,0,Bahamas,6.2,0.0
Ovarian cancer,0,Bahamas,9.3,0.0
Pancreatic cancer,0,Bahamas,3.1,0.0
Penile cancer,0,Bahamas,0.7,0.0
Prostate cancer,0,Bahamas,89.1,0.0
Rectal cancer,0,Bahamas,5.1,0.0
Salivary gland cancer,0,Bahamas,0.19,0.0
Skin cancer,0,Bahamas,4.33,0.0
Stomach cancer,0,Bahamas,7.7,0.0
Testicular cancer,0,Bahamas,0.0,0.0
Throat cancer,0,Bahamas,0.45,0.0
Thyroid cancer,0,Bahamas,4.4,0.0
Uterine cancer,0,Bahamas,20.9,0.0
Vaginal cancer,0,Bahamas,0.81,0.0
Vulvar cancer,0,Bahamas,0.0,0.0
Anal cancer,0,Azerbaijan,0.87,0.0
Bladder cancer,0,Azerbaijan,5.4,0.0
Brain cancer,0,Azerbaijan,5.5,0.0
Breast cancer,1,Azerbaijan,32.9,0.09763983048944308
Cervical cancer,0,Azerbaijan,8.2,0.0
Colon cancer,0,Azerbaijan,8.4,0.0
Colorectal cancer,0,Azerbaijan,14.2,0.0
Esophageal cancer,0,Azerbaijan,8.0,0.0
Gallbladder cancer,0,Azerbaijan,0.56,0.0
Hodgkin lymphoma,0,Azerbaijan,2.0,0.0
Kaposi sarcoma,0,Azerbaijan,0.44,0.0
Kidney cancer,0,Azerbaijan,2.8,0.0
Laryngeal cancer,0,Azerbaijan,3.1,0.0
Leukemia,0,Azerbaijan,5.3,0.0
Liver cancer,0,Azerbaijan,5.4,0.0
Lung cancer,0,Azerbaijan,19.4,0.0
Mesothelioma,0,Azerbaijan,0.23,0.0
Mouth cancer,0,Azerbaijan,1.8,0.0
Multiple myeloma,0,Azerbaijan,1.2,0.0
Non-Hodgkin lymphoma,0,Azerbaijan,3.6,0.0
Ovarian cancer,0,Azerbaijan,5.9,0.0
Pancreatic cancer,0,Azerbaijan,3.0,0.0
Penile cancer,0,Azerbaijan,0.02,0.0
Prostate cancer,0,Azerbaijan,10.8,0.0
Rectal cancer,0,Azerbaijan,4.9,0.0
Salivary gland cancer,0,Azerbaijan,0.89,0.0
Skin cancer,0,Azerbaijan,3.56,0.0
Stomach cancer,1,Azerbaijan,16.6,0.09763983048944308
Testicular cancer,0,Azerbaijan,1.2,0.0
Throat cancer,0,Azerbaijan,1.07,0.0
Thyroid cancer,0,Azerbaijan,2.9,0.0
Uterine cancer,0,Azerbaijan,5.0,0.0
Vaginal cancer,0,Azerbaijan,0.03,0.0
Vulvar cancer,0,Azerbaijan,0.3,0.0
Anal cancer,0,New Caledonia,0.51,0.0
Bladder cancer,0,New Caledonia,8.4,0.0
Brain cancer,0,New Caledonia,3.3,0.0
Breast cancer,0,New Caledonia,90.2,0.0
Cervical cancer,0,New Caledonia,14.2,0.0
Colon cancer,0,New Caledonia,13.9,0.0
Colorectal cancer,0,New Caledonia,22.0,0.0
Esophageal cancer,0,New Caledonia,2.9,0.0
Gallbladder cancer,0,New Caledonia,0.52,0.0
Hodgkin lymphoma,0,New Caledonia,0.3,0.0
Kaposi sarcoma,0,New Caledonia,0.0,0.0
Kidney cancer,0,New Caledonia,5.2,0.0
Laryngeal cancer,0,New Caledonia,2.6,0.0
Leukemia,0,New Caledonia,7.8,0.0
Liver cancer,0,New Caledonia,9.0,0.0
Lung cancer,0,New Caledonia,41.8,0.0
Mesothelioma,0,New Caledonia,0.69,0.0
Mouth cancer,0,New Caledonia,4.5,0.0
Multiple myeloma,0,New Caledonia,3.3,0.0
Non-Hodgkin lymphoma,0,New Caledonia,8.0,0.0
Ovarian cancer,0,New Caledonia,6.7,0.0
Pancreatic cancer,0,New Caledonia,6.5,0.0
Penile cancer,0,New Caledonia,0.0,0.0
Prostate cancer,0,New Caledonia,84.3,0.0
Rectal cancer,0,New Caledonia,7.6,0.0
Salivary gland cancer,0,New Caledonia,0.43,0.0
Skin cancer,0,New Caledonia,12.5,0.0
Stomach cancer,0,New Caledonia,8.4,0.0
Testicular cancer,0,New Caledonia,3.1,0.0
Throat cancer,0,New Caledonia,3.24,0.0
Thyroid cancer,0,New Caledonia,14.4,0.0
Uterine cancer,0,New Caledonia,14.5,0.0
Vaginal cancer,0,New Caledonia,0.0,0.0
Vulvar cancer,0,New Caledonia,0.0,0.0
Anal cancer,0,Romania,0.65,0.0
Bladder cancer,7,Romania,11.8,0.3677237129945838
Brain cancer,0,Romania,6.5,0.0
Breast cancer,5,Romania,69.2,0.2626597949961313
Cervical cancer,2,Romania,21.7,0.10506391799845251
Colon cancer,4,Romania,17.9,0.21012783599690502
Colorectal cancer,8,Romania,32.2,0.42025567199381003
Esophageal cancer,0,Romania,2.1,0.0
Gallbladder cancer,0,Romania,0.49,0.0
Hodgkin lymphoma,0,Romania,1.6,0.0
Kaposi sarcoma,0,Romania,0.16,0.0
Kidney cancer,0,Romania,7.5,0.0
Laryngeal cancer,2,Romania,5.1,0.10506391799845251
Leukemia,2,Romania,6.1,0.10506391799845251
Liver cancer,3,Romania,8.9,0.15759587699767877
Lung cancer,3,Romania,30.3,0.15759587699767877
Mesothelioma,0,Romania,0.18,0.0
Mouth cancer,0,Romania,5.6,0.0
Multiple myeloma,0,Romania,1.9,0.0
Non-Hodgkin lymphoma,0,Romania,5.6,0.0
Ovarian cancer,3,Romania,9.6,0.15759587699767877
Pancreatic cancer,3,Romania,7.9,0.15759587699767877
Penile cancer,0,Romania,1.1,0.0
Prostate cancer,1,Romania,53.9,0.052531958999226254
Rectal cancer,1,Romania,13.6,0.052531958999226254
Salivary gland cancer,0,Romania,0.43,0.0
Skin cancer,4,Romania,15.2,0.21012783599690502
Stomach cancer,2,Romania,8.9,0.10506391799845251
Testicular cancer,0,Romania,3.8,0.0
Throat cancer,0,Romania,8.600000000000001,0.0
Thyroid cancer,0,Romania,6.2,0.0
Uterine cancer,0,Romania,11.8,0.0
Vaginal cancer,0,Romania,0.31,0.0
Vulvar cancer,0,Romania,1.8,0.0
Anal cancer,0,Malta,0.54,0.0
Bladder cancer,0,Malta,10.2,0.0
Brain cancer,0,Malta,5.2,0.0
Breast cancer,0,Malta,86.3,0.0
Cervical cancer,0,Malta,4.2,0.0
Colon cancer,0,Malta,17.9,0.0
Colorectal cancer,0,Malta,27.0,0.0
Esophageal cancer,0,Malta,1.6,0.0
Gallbladder cancer,0,Malta,0.27,0.0
Hodgkin lymphoma,0,Malta,3.3,0.0
Kaposi sarcoma,0,Malta,0.37,0.0
Kidney cancer,0,Malta,10.0,0.0
Laryngeal cancer,0,Malta,2.5,0.0
Leukemia,1,Malta,6.1,1.74140182847192
Liver cancer,0,Malta,4.3,0.0
Lung cancer,0,Malta,19.2,0.0
Mesothelioma,0,Malta,0.78,0.0
Mouth cancer,0,Malta,3.5,0.0
Multiple myeloma,0,Malta,2.4,0.0
Non-Hodgkin lymphoma,0,Malta,14.6,0.0
Ovarian cancer,0,Malta,10.7,0.0
Pancreatic cancer,0,Malta,9.0,0.0
Penile cancer,0,Malta,1.3,0.0
Prostate cancer,0,Malta,50.4,0.0
Rectal cancer,0,Malta,8.5,0.0
Salivary gland cancer,0,Malta,0.39,0.0
Skin cancer,0,Malta,16.9,0.0
Stomach cancer,0,Malta,5.4,0.0
Testicular cancer,0,Malta,9.1,0.0
Throat cancer,0,Malta,1.2,0.0
Thyroid cancer,0,Malta,12.3,0.0
Uterine cancer,0,Malta,20.4,0.0
Vaginal cancer,0,Malta,0.23,0.0
Vulvar cancer,0,Malta,1.4,0.0
Anal cancer,0,Maldives,0.0,0.0
Bladder cancer,0,Maldives,1.9,0.0
Brain cancer,0,Maldives,1.5,0.0
Breast cancer,0,Maldives,39.8,0.0
Cervical cancer,0,Maldives,22.6,0.0
Colon cancer,0,Maldives,6.2,0.0
Colorectal cancer,0,Maldives,11.8,0.0
Esophageal cancer,0,Maldives,0.0,0.0
Gallbladder cancer,0,Maldives,0.0,0.0
Hodgkin lymphoma,0,Maldives,0.11,0.0
Kaposi sarcoma,0,Maldives,0.0,0.0
Kidney cancer,0,Maldives,0.24,0.0
Laryngeal cancer,0,Maldives,1.3,0.0
Leukemia,0,Maldives,4.5,0.0
Liver cancer,0,Maldives,7.6,0.0
Lung cancer,0,Maldives,12.4,0.0
Mesothelioma,0,Maldives,0.0,0.0
Mouth cancer,0,Maldives,1.1,0.0
Multiple myeloma,0,Maldives,0.0,0.0
Non-Hodgkin lymphoma,0,Maldives,4.6,0.0
Ovarian cancer,0,Maldives,8.1,0.0
Pancreatic cancer,0,Maldives,1.9,0.0
Penile cancer,0,Maldives,0.0,0.0
Prostate cancer,0,Maldives,10.5,0.0
Rectal cancer,0,Maldives,5.6,0.0
Salivary gland cancer,0,Maldives,0.4,0.0
Skin cancer,0,Maldives,2.3,0.0
Stomach cancer,0,Maldives,0.67,0.0
Testicular cancer,0,Maldives,0.39,0.0
Throat cancer,0,Maldives,7.5,0.0
Thyroid cancer,0,Maldives,2.7,0.0
Uterine cancer,0,Maldives,4.7,0.0
Vaginal cancer,0,Maldives,0.0,0.0
Vulvar cancer,0,Maldives,0.0,0.0
Anal cancer,0,Cote d'Ivoire,0.53,0.0
Bladder cancer,0,Cote d'Ivoire,0.88,0.0
Brain cancer,0,Cote d'Ivoire,1.2,0.0
Breast cancer,0,Cote d'Ivoire,45.4,0.0
Cervical cancer,0,Cote d'Ivoire,32.0,0.0
Colon cancer,0,Cote d'Ivoire,4.7,0.0
Colorectal cancer,0,Cote d'Ivoire,7.2,0.0
Esophageal cancer,0,Cote d'Ivoire,0.66,0.0
Gallbladder cancer,0,Cote d'Ivoire,0.61,0.0
Hodgkin lymphoma,0,Cote d'Ivoire,0.56,0.0
Kaposi sarcoma,0,Cote d'Ivoire,1.1,0.0
Kidney cancer,0,Cote d'Ivoire,1.3,0.0
Laryngeal cancer,0,Cote d'Ivoire,1.0,0.0
Leukemia,0,Cote d'Ivoire,1.7,0.0
Liver cancer,1,Cote d'Ivoire,8.0,0.03402616271651273
Lung cancer,1,Cote d'Ivoire,2.5,0.03402616271651273
Mesothelioma,0,Cote d'Ivoire,0.15,0.0
Mouth cancer,0,Cote d'Ivoire,1.3,0.0
Multiple myeloma,0,Cote d'Ivoire,1.2,0.0
Non-Hodgkin lymphoma,0,Cote d'Ivoire,4.8,0.0
Ovarian cancer,0,Cote d'Ivoire,4.3,0.0
Pancreatic cancer,0,Cote d'Ivoire,2.3,0.0
Penile cancer,0,Cote d'Ivoire,0.05,0.0
Prostate cancer,0,Cote d'Ivoire,63.8,0.0
Rectal cancer,0,Cote d'Ivoire,1.9,0.0
Salivary gland cancer,0,Cote d'Ivoire,0.65,0.0
Skin cancer,0,Cote d'Ivoire,1.9,0.0
Stomach cancer,0,Cote d'Ivoire,4.8,0.0
Testicular cancer,0,Cote d'Ivoire,0.1,0.0
Throat cancer,0,Cote d'Ivoire,0.84,0.0
Thyroid cancer,0,Cote d'Ivoire,0.78,0.0
Uterine cancer,0,Cote d'Ivoire,4.5,0.0
Vaginal cancer,0,Cote d'Ivoire,0.79,0.0
Vulvar cancer,0,Cote d'Ivoire,0.41,0.0
Anal cancer,0,Paraguay,0.95,0.0
Bladder cancer,0,Paraguay,2.6,0.0
Brain cancer,0,Paraguay,2.6,0.0
Breast cancer,0,Paraguay,58.4,0.0
Cervical cancer,0,Paraguay,30.6,0.0
Colon cancer,0,Paraguay,16.3,0.0
Colorectal cancer,0,Paraguay,21.0,0.0
Esophageal cancer,0,Paraguay,3.0,0.0
Gallbladder cancer,0,Paraguay,0.72,0.0
Hodgkin lymphoma,0,Paraguay,2.1,0.0
Kaposi sarcoma,0,Paraguay,0.72,0.0
Kidney cancer,0,Paraguay,2.8,0.0
Laryngeal cancer,0,Paraguay,1.8,0.0
Leukemia,0,Paraguay,6.0,0.0
Liver cancer,0,Paraguay,3.0,0.0
Lung cancer,0,Paraguay,12.7,0.0
Mesothelioma,0,Paraguay,0.02,0.0
Mouth cancer,0,Paraguay,1.8,0.0
Multiple myeloma,0,Paraguay,1.2,0.0
Non-Hodgkin lymphoma,0,Paraguay,5.8,0.0
Ovarian cancer,0,Paraguay,4.8,0.0
Pancreatic cancer,0,Paraguay,4.8,0.0
Penile cancer,0,Paraguay,3.4,0.0
Prostate cancer,0,Paraguay,51.4,0.0
Rectal cancer,0,Paraguay,3.7,0.0
Salivary gland cancer,0,Paraguay,0.54,0.0
Skin cancer,0,Paraguay,9.3,0.0
Stomach cancer,0,Paraguay,6.4,0.0
Testicular cancer,0,Paraguay,6.4,0.0
Throat cancer,0,Paraguay,3.01,0.0
Thyroid cancer,0,Paraguay,6.7,0.0
Uterine cancer,0,Paraguay,8.8,0.0
Vaginal cancer,0,Paraguay,0.03,0.0
Vulvar cancer,0,Paraguay,0.96,0.0
Anal cancer,0,Timor-Leste,0.0,0.0
Bladder cancer,0,Timor-Leste,1.6,0.0
Brain cancer,0,Timor-Leste,1.0,0.0
Breast cancer,0,Timor-Leste,26.4,0.0
Cervical cancer,0,Timor-Leste,14.8,0.0
Colon cancer,0,Timor-Leste,5.2,0.0
Colorectal cancer,0,Timor-Leste,8.8,0.0
Esophageal cancer,0,Timor-Leste,0.38,0.0
Gallbladder cancer,0,Timor-Leste,0.0,0.0
Hodgkin lymphoma,0,Timor-Leste,0.13,0.0
Kaposi sarcoma,0,Timor-Leste,0.0,0.0
Kidney cancer,0,Timor-Leste,1.0,0.0
Laryngeal cancer,0,Timor-Leste,0.65,0.0
Leukemia,0,Timor-Leste,2.8,0.0
Liver cancer,0,Timor-Leste,5.4,0.0
Lung cancer,0,Timor-Leste,10.2,0.0
Mesothelioma,0,Timor-Leste,0.0,0.0
Mouth cancer,0,Timor-Leste,1.1,0.0
Multiple myeloma,0,Timor-Leste,0.75,0.0
Non-Hodgkin lymphoma,0,Timor-Leste,3.7,0.0
Ovarian cancer,0,Timor-Leste,6.6,0.0
Pancreatic cancer,0,Timor-Leste,1.8,0.0
Penile cancer,0,Timor-Leste,0.0,0.0
Prostate cancer,0,Timor-Leste,7.8,0.0
Rectal cancer,0,Timor-Leste,3.6,0.0
Salivary gland cancer,0,Timor-Leste,0.23,0.0
Skin cancer,0,Timor-Leste,0.93,0.0
Stomach cancer,0,Timor-Leste,3.2,0.0
Testicular cancer,0,Timor-Leste,0.49,0.0
Throat cancer,0,Timor-Leste,5.0,0.0
Thyroid cancer,0,Timor-Leste,1.4,0.0
Uterine cancer,0,Timor-Leste,2.3,0.0
Vaginal cancer,0,Timor-Leste,0.0,0.0
Vulvar cancer,0,Timor-Leste,0.0,0.0
Anal cancer,0,Cyprus,0.51,0.0
Bladder cancer,0,Cyprus,13.4,0.0
Brain cancer,0,Cyprus,6.9,0.0
Breast cancer,2,Cyprus,104.8,2.0695364238410594
Cervical cancer,0,Cyprus,7.0,0.0
Colon cancer,0,Cyprus,16.8,0.0
Colorectal cancer,2,Cyprus,24.1,2.0695364238410594
Esophageal cancer,0,Cyprus,0.73,0.0
Gallbladder cancer,0,Cyprus,0.5,0.0
Hodgkin lymphoma,0,Cyprus,2.6,0.0
Kaposi sarcoma,0,Cyprus,0.23,0.0
Kidney cancer,0,Cyprus,4.7,0.0
Laryngeal cancer,0,Cyprus,2.1,0.0
Leukemia,0,Cyprus,10.7,0.0
Liver cancer,0,Cyprus,5.6,0.0
Lung cancer,0,Cyprus,27.0,0.0
Mesothelioma,0,Cyprus,0.55,0.0
Mouth cancer,0,Cyprus,2.0,0.0
Multiple myeloma,0,Cyprus,4.1,0.0
Non-Hodgkin lymphoma,0,Cyprus,11.3,0.0
Ovarian cancer,0,Cyprus,10.6,0.0
Pancreatic cancer,0,Cyprus,8.6,0.0
Penile cancer,0,Cyprus,0.9,0.0
Prostate cancer,1,Cyprus,60.9,1.0347682119205297
Rectal cancer,0,Cyprus,6.8,0.0
Salivary gland cancer,0,Cyprus,0.54,0.0
Skin cancer,0,Cyprus,14.1,0.0
Stomach cancer,0,Cyprus,6.1,0.0
Testicular cancer,2,Cyprus,6.6,2.0695364238410594
Throat cancer,0,Cyprus,0.91,0.0
Thyroid cancer,1,Cyprus,31.8,1.0347682119205297
Uterine cancer,0,Cyprus,17.7,0.0
Vaginal cancer,0,Cyprus,0.0,0.0
Vulvar cancer,0,Cyprus,0.96,0.0
Anal cancer,0,Vietnam,0.44,0.0
Bladder cancer,0,Vietnam,1.6,0.0
Brain cancer,1,Vietnam,2.6,0.00986740185388746
Breast cancer,1,Vietnam,38.0,0.00986740185388746
Cervical cancer,1,Vietnam,7.1,0.00986740185388746
Colon cancer,0,Vietnam,5.9,0.0
Colorectal cancer,0,Vietnam,13.9,0.0
Esophageal cancer,0,Vietnam,3.1,0.0
Gallbladder cancer,0,Vietnam,0.23,0.0
Hodgkin lymphoma,0,Vietnam,0.57,0.0
Kaposi sarcoma,0,Vietnam,0.14,0.0
Kidney cancer,0,Vietnam,2.0,0.0
Laryngeal cancer,0,Vietnam,1.8,0.0
Leukemia,2,Vietnam,5.7,0.01973480370777492
Liver cancer,1,Vietnam,20.2,0.00986740185388746
Lung cancer,1,Vietnam,20.3,0.00986740185388746
Mesothelioma,0,Vietnam,0.29,0.0
Mouth cancer,0,Vietnam,2.0,0.0
Multiple myeloma,0,Vietnam,0.5,0.0
Non-Hodgkin lymphoma,1,Vietnam,3.0,0.00986740185388746
Ovarian cancer,0,Vietnam,2.5,0.0
Pancreatic cancer,0,Vietnam,1.0,0.0
Penile cancer,0,Vietnam,0.74,0.0
Prostate cancer,0,Vietnam,11.5,0.0
Rectal cancer,0,Vietnam,7.5,0.0
Salivary gland cancer,0,Vietnam,0.35,0.0
Skin cancer,0,Vietnam,1.26,0.0
Stomach cancer,0,Vietnam,13.4,0.0
Testicular cancer,0,Vietnam,0.51,0.0
Throat cancer,0,Vietnam,7.28,0.0
Thyroid cancer,0,Vietnam,5.2,0.0
Uterine cancer,0,Vietnam,7.8,0.0
Vaginal cancer,0,Vietnam,0.09,0.0
Vulvar cancer,0,Vietnam,0.28,0.0
Anal cancer,0,Czechia,1.1,0.0
Bladder cancer,2,Czechia,11.7,0.1838763431592254
Brain cancer,2,Czechia,4.9,0.1838763431592254
Breast cancer,18,Czechia,72.5,1.654887088433029
Cervical cancer,8,Czechia,8.0,0.7355053726369016
Colon cancer,2,Czechia,17.7,0.1838763431592254
Colorectal cancer,17,Czechia,30.5,1.562948916853416
Esophageal cancer,2,Czechia,3.1,0.1838763431592254
Gallbladder cancer,0,Czechia,1.2,0.0
Hodgkin lymphoma,5,Czechia,2.2,0.4596908578980636
Kaposi sarcoma,0,Czechia,0.06,0.0
Kidney cancer,6,Czechia,13.3,0.5516290294776762
Laryngeal cancer,0,Czechia,2.1,0.0
Leukemia,34,Czechia,7.4,3.125897833706832
Liver cancer,1,Czechia,3.9,0.0919381715796127
Lung cancer,1,Czechia,23.7,0.0919381715796127
Mesothelioma,0,Czechia,0.24,0.0
Mouth cancer,1,Czechia,4.4,0.0919381715796127
Multiple myeloma,31,Czechia,2.5,2.850083318967994
Non-Hodgkin lymphoma,12,Czechia,7.9,1.1032580589553524
Ovarian cancer,3,Czechia,8.0,0.2758145147388381
Pancreatic cancer,5,Czechia,9.3,0.4596908578980636
Penile cancer,0,Czechia,1.3,0.0
Prostate cancer,12,Czechia,70.0,1.1032580589553524
Rectal cancer,4,Czechia,11.7,0.3677526863184508
Salivary gland cancer,0,Czechia,0.67,0.0
Skin cancer,7,Czechia,28.1,0.6435672010572889
Stomach cancer,0,Czechia,4.8,0.0
Testicular cancer,1,Czechia,9.0,0.0919381715796127
Throat cancer,0,Czechia,3.92,0.0
Thyroid cancer,3,Czechia,9.0,0.2758145147388381
Uterine cancer,7,Czechia,14.5,0.6435672010572889
Vaginal cancer,0,Czechia,0.43,0.0
Vulvar cancer,1,Czechia,1.9,0.0919381715796127
Anal cancer,0,Bolivia,0.08,0.0
Bladder cancer,0,Bolivia,1.0,0.0
Brain cancer,0,Bolivia,2.3,0.0
Breast cancer,0,Bolivia,26.8,0.0
Cervical cancer,0,Bolivia,38.7,0.0
Colon cancer,0,Bolivia,4.8,0.0
Colorectal cancer,0,Bolivia,6.0,0.0
Esophageal cancer,0,Bolivia,1.4,0.0
Gallbladder cancer,0,Bolivia,7.6,0.0
Hodgkin lymphoma,0,Bolivia,1.2,0.0
Kaposi sarcoma,0,Bolivia,0.0,0.0
Kidney cancer,0,Bolivia,3.0,0.0
Laryngeal cancer,0,Bolivia,1.3,0.0
Leukemia,0,Bolivia,4.9,0.0
Liver cancer,0,Bolivia,6.7,0.0
Lung cancer,0,Bolivia,8.5,0.0
Mesothelioma,0,Bolivia,0.11,0.0
Mouth cancer,0,Bolivia,0.59,0.0
Multiple myeloma,0,Bolivia,0.42,0.0
Non-Hodgkin lymphoma,0,Bolivia,2.5,0.0
Ovarian cancer,0,Bolivia,3.1,0.0
Pancreatic cancer,0,Bolivia,3.0,0.0
Penile cancer,0,Bolivia,2.4,0.0
Prostate cancer,0,Bolivia,34.2,0.0
Rectal cancer,0,Bolivia,1.2,0.0
Salivary gland cancer,0,Bolivia,0.67,0.0
Skin cancer,0,Bolivia,7.6,0.0
Stomach cancer,0,Bolivia,8.7,0.0
Testicular cancer,0,Bolivia,1.4,0.0
Throat cancer,0,Bolivia,0.78,0.0
Thyroid cancer,0,Bolivia,2.1,0.0
Uterine cancer,0,Bolivia,9.7,0.0
Vaginal cancer,0,Bolivia,0.49,0.0
Vulvar cancer,0,Bolivia,0.51,0.0
Anal cancer,0,Ireland,0.78,0.0
Bladder cancer,0,Ireland,9.6,0.0
Brain cancer,2,Ireland,6.1,0.36639431356025354
Breast cancer,45,Ireland,91.5,8.243872055105705
Cervical cancer,3,Ireland,7.5,0.5495914703403804
Colon cancer,2,Ireland,19.4,0.36639431356025354
Colorectal cancer,4,Ireland,32.3,0.7327886271205071
Esophageal cancer,10,Ireland,5.3,1.8319715678012678
Gallbladder cancer,0,Ireland,0.77,0.0
Hodgkin lymphoma,0,Ireland,3.2,0.0
Kaposi sarcoma,0,Ireland,0.1,0.0
Kidney cancer,2,Ireland,10.4,0.36639431356025354
Laryngeal cancer,0,Ireland,2.3,0.0
Leukemia,8,Ireland,7.4,1.4655772542410141
Liver cancer,1,Ireland,5.7,0.18319715678012677
Lung cancer,1,Ireland,31.4,0.18319715678012677
Mesothelioma,0,Ireland,0.54,0.0
Mouth cancer,0,Ireland,4.1,0.0
Multiple myeloma,5,Ireland,4.5,0.9159857839006339
Non-Hodgkin lymphoma,0,Ireland,11.6,0.0
Ovarian cancer,4,Ireland,9.9,0.7327886271205071
Pancreatic cancer,2,Ireland,6.9,0.36639431356025354
Penile cancer,1,Ireland,1.2,0.18319715678012677
Prostate cancer,15,Ireland,99.8,2.747957351701902
Rectal cancer,3,Ireland,12.1,0.5495914703403804
Salivary gland cancer,0,Ireland,0.64,0.0
Skin cancer,12,Ireland,55.8,2.1983658813615214
Stomach cancer,0,Ireland,5.3,0.0
Testicular cancer,1,Ireland,6.6,0.18319715678012677
Throat cancer,0,Ireland,2.6,0.0
Thyroid cancer,0,Ireland,5.3,0.0
Uterine cancer,2,Ireland,15.8,0.36639431356025354
Vaginal cancer,0,Ireland,0.24,0.0
Vulvar cancer,0,Ireland,1.6,0.0
Anal cancer,0,Mauritania,0.84,0.0
Bladder cancer,0,Mauritania,2.3,0.0
Brain cancer,0,Mauritania,1.3,0.0
Breast cancer,0,Mauritania,34.5,0.0
Cervical cancer,0,Mauritania,28.3,0.0
Colon cancer,0,Mauritania,3.2,0.0
Colorectal cancer,0,Mauritania,6.2,0.0
Esophageal cancer,0,Mauritania,1.8,0.0
Gallbladder cancer,0,Mauritania,0.44,0.0
Hodgkin lymphoma,0,Mauritania,0.52,0.0
Kaposi sarcoma,0,Mauritania,0.55,0.0
Kidney cancer,0,Mauritania,1.2,0.0
Laryngeal cancer,0,Mauritania,0.65,0.0
Leukemia,0,Mauritania,1.5,0.0
Liver cancer,0,Mauritania,9.3,0.0
Lung cancer,0,Mauritania,1.9,0.0
Mesothelioma,0,Mauritania,0.0,0.0
Mouth cancer,0,Mauritania,1.7,0.0
Multiple myeloma,0,Mauritania,1.0,0.0
Non-Hodgkin lymphoma,0,Mauritania,2.6,0.0
Ovarian cancer,0,Mauritania,4.8,0.0
Pancreatic cancer,0,Mauritania,1.8,0.0
Penile cancer,0,Mauritania,0.0,0.0
Prostate cancer,0,Mauritania,26.5,0.0
Rectal cancer,0,Mauritania,2.2,0.0
Salivary gland cancer,0,Mauritania,0.82,0.0
Skin cancer,0,Mauritania,2.85,0.0
Stomach cancer,0,Mauritania,5.2,0.0
Testicular cancer,0,Mauritania,0.37,0.0
Throat cancer,0,Mauritania,0.6,0.0
Thyroid cancer,0,Mauritania,1.1,0.0
Uterine cancer,0,Mauritania,2.7,0.0
Vaginal cancer,0,Mauritania,0.46,0.0
Vulvar cancer,0,Mauritania,0.86,0.0
Anal cancer,0,Sudan,0.12,0.0
Bladder cancer,0,Sudan,2.2,0.0
Brain cancer,0,Sudan,1.4,0.0
Breast cancer,1,Sudan,39.9,0.01935658704657195
Cervical cancer,0,Sudan,8.6,0.0
Colon cancer,0,Sudan,2.7,0.0
Colorectal cancer,0,Sudan,5.5,0.0
Esophageal cancer,0,Sudan,2.9,0.0
Gallbladder cancer,0,Sudan,1.0,0.0
Hodgkin lymphoma,0,Sudan,0.86,0.0
Kaposi sarcoma,0,Sudan,0.28,0.0
Kidney cancer,0,Sudan,1.9,0.0
Laryngeal cancer,0,Sudan,1.1,0.0
Leukemia,0,Sudan,4.0,0.0
Liver cancer,0,Sudan,4.4,0.0
Lung cancer,0,Sudan,2.5,0.0
Mesothelioma,0,Sudan,0.0,0.0
Mouth cancer,0,Sudan,1.9,0.0
Multiple myeloma,0,Sudan,1.1,0.0
Non-Hodgkin lymphoma,0,Sudan,4.9,0.0
Ovarian cancer,0,Sudan,6.4,0.0
Pancreatic cancer,0,Sudan,1.1,0.0
Penile cancer,0,Sudan,0.18,0.0
Prostate cancer,0,Sudan,11.9,0.0
Rectal cancer,0,Sudan,2.7,0.0
Salivary gland cancer,0,Sudan,0.42,0.0
Skin cancer,0,Sudan,2.29,0.0
Stomach cancer,0,Sudan,2.4,0.0
Testicular cancer,0,Sudan,0.66,0.0
Throat cancer,0,Sudan,2.22,0.0
Thyroid cancer,0,Sudan,2.6,0.0
Uterine cancer,0,Sudan,2.6,0.0
Vaginal cancer,0,Sudan,0.31,0.0
Vulvar cancer,0,Sudan,1.2,0.0
Anal cancer,0,Bhutan,0.0,0.0
Bladder cancer,0,Bhutan,0.51,0.0
Brain cancer,0,Bhutan,1.9,0.0
Breast cancer,0,Bhutan,4.6,0.0
Cervical cancer,0,Bhutan,13.6,0.0
Colon cancer,0,Bhutan,1.8,0.0
Colorectal cancer,0,Bhutan,4.2,0.0
Esophageal cancer,0,Bhutan,6.5,0.0
Gallbladder cancer,0,Bhutan,1.9,0.0
Hodgkin lymphoma,0,Bhutan,0.0,0.0
Kaposi sarcoma,0,Bhutan,0.0,0.0
Kidney cancer,0,Bhutan,0.32,0.0
Laryngeal cancer,0,Bhutan,1.9,0.0
Leukemia,0,Bhutan,2.6,0.0
Liver cancer,0,Bhutan,4.5,0.0
Lung cancer,0,Bhutan,7.0,0.0
Mesothelioma,0,Bhutan,0.0,0.0
Mouth cancer,0,Bhutan,3.1,0.0
Multiple myeloma,0,Bhutan,0.32,0.0
Non-Hodgkin lymphoma,0,Bhutan,1.4,0.0
Ovarian cancer,0,Bhutan,5.6,0.0
Pancreatic cancer,0,Bhutan,2.0,0.0
Penile cancer,0,Bhutan,1.2,0.0
Prostate cancer,0,Bhutan,1.1,0.0
Rectal cancer,0,Bhutan,2.3,0.0
Salivary gland cancer,0,Bhutan,0.0,0.0
Skin cancer,0,Bhutan,1.2,0.0
Stomach cancer,0,Bhutan,15.9,0.0
Testicular cancer,0,Bhutan,0.0,0.0
Throat cancer,0,Bhutan,5.3,0.0
Thyroid cancer,0,Bhutan,0.84,0.0
Uterine cancer,0,Bhutan,1.3,0.0
Vaginal cancer,0,Bhutan,0.0,0.0
Vulvar cancer,0,Bhutan,0.0,0.0
Anal cancer,0,Guinea,0.41,0.0
Bladder cancer,0,Guinea,0.77,0.0
Brain cancer,0,Guinea,3.7,0.0
Breast cancer,0,Guinea,16.0,0.0
Cervical cancer,0,Guinea,55.0,0.0
Colon cancer,0,Guinea,1.1,0.0
Colorectal cancer,0,Guinea,2.8,0.0
Esophageal cancer,0,Guinea,0.55,0.0
Gallbladder cancer,0,Guinea,0.07,0.0
Hodgkin lymphoma,0,Guinea,0.58,0.0
Kaposi sarcoma,0,Guinea,0.43,0.0
Kidney cancer,0,Guinea,0.62,0.0
Laryngeal cancer,0,Guinea,0.93,0.0
Leukemia,0,Guinea,0.95,0.0
Liver cancer,0,Guinea,21.3,0.0
Lung cancer,0,Guinea,3.2,0.0
Mesothelioma,0,Guinea,0.01,0.0
Mouth cancer,0,Guinea,1.1,0.0
Multiple myeloma,0,Guinea,0.16,0.0
Non-Hodgkin lymphoma,0,Guinea,2.6,0.0
Ovarian cancer,0,Guinea,3.1,0.0
Pancreatic cancer,0,Guinea,0.81,0.0
Penile cancer,0,Guinea,0.09,0.0
Prostate cancer,0,Guinea,34.0,0.0
Rectal cancer,0,Guinea,1.2,0.0
Salivary gland cancer,0,Guinea,0.14,0.0
Skin cancer,0,Guinea,3.78,0.0
Stomach cancer,0,Guinea,4.7,0.0
Testicular cancer,0,Guinea,0.19,0.0
Throat cancer,0,Guinea,0.32,0.0
Thyroid cancer,0,Guinea,0.48,0.0
Uterine cancer,0,Guinea,1.8,0.0
Vaginal cancer,0,Guinea,0.46,0.0
Vulvar cancer,0,Guinea,0.4,0.0
Anal cancer,0,Fiji,0.53,0.0
Bladder cancer,0,Fiji,2.5,0.0
Brain cancer,0,Fiji,0.22,0.0
Breast cancer,0,Fiji,60.3,0.0
Cervical cancer,0,Fiji,35.0,0.0
Colon cancer,0,Fiji,5.8,0.0
Colorectal cancer,0,Fiji,11.5,0.0
Esophageal cancer,0,Fiji,2.0,0.0
Gallbladder cancer,0,Fiji,0.96,0.0
Hodgkin lymphoma,0,Fiji,1.6,0.0
Kaposi sarcoma,0,Fiji,0.0,0.0
Kidney cancer,0,Fiji,0.57,0.0
Laryngeal cancer,0,Fiji,1.7,0.0
Leukemia,0,Fiji,7.0,0.0
Liver cancer,0,Fiji,9.7,0.0
Lung cancer,0,Fiji,6.8,0.0
Mesothelioma,0,Fiji,0.0,0.0
Mouth cancer,0,Fiji,3.1,0.0
Multiple myeloma,0,Fiji,1.1,0.0
Non-Hodgkin lymphoma,0,Fiji,5.3,0.0
Ovarian cancer,0,Fiji,11.1,0.0
Pancreatic cancer,0,Fiji,2.8,0.0
Penile cancer,0,Fiji,1.3,0.0
Prostate cancer,0,Fiji,50.2,0.0
Rectal cancer,0,Fiji,5.1,0.0
Salivary gland cancer,0,Fiji,0.89,0.0
Skin cancer,0,Fiji,1.84,0.0
Stomach cancer,0,Fiji,4.1,0.0
Testicular cancer,0,Fiji,3.7,0.0
Throat cancer,0,Fiji,0.58,0.0
Thyroid cancer,0,Fiji,8.7,0.0
Uterine cancer,0,Fiji,14.0,0.0
Vaginal cancer,0,Fiji,0.46,0.0
Vulvar cancer,0,Fiji,0.0,0.0
Anal cancer,0,Uruguay,1.0,0.0
Bladder cancer,0,Uruguay,8.8,0.0
Brain cancer,0,Uruguay,4.9,0.0
Breast cancer,3,Uruguay,75.1,0.8572773272150404
Cervical cancer,0,Uruguay,15.9,0.0
Colon cancer,0,Uruguay,21.0,0.0
Colorectal cancer,0,Uruguay,31.0,0.0
Esophageal cancer,0,Uruguay,4.2,0.0
Gallbladder cancer,0,Uruguay,1.9,0.0
Hodgkin lymphoma,1,Uruguay,2.0,0.2857591090716801
Kaposi sarcoma,0,Uruguay,0.28,0.0
Kidney cancer,0,Uruguay,14.0,0.0
Laryngeal cancer,0,Uruguay,3.1,0.0
Leukemia,5,Uruguay,5.7,1.4287955453584005
Liver cancer,0,Uruguay,3.0,0.0
Lung cancer,0,Uruguay,29.7,0.0
Mesothelioma,0,Uruguay,0.19,0.0
Mouth cancer,0,Uruguay,3.0,0.0
Multiple myeloma,0,Uruguay,2.4,0.0
Non-Hodgkin lymphoma,1,Uruguay,8.7,0.2857591090716801
Ovarian cancer,0,Uruguay,8.0,0.0
Pancreatic cancer,0,Uruguay,11.4,0.0
Penile cancer,0,Uruguay,1.2,0.0
Prostate cancer,2,Uruguay,59.0,0.5715182181433602
Rectal cancer,0,Uruguay,9.0,0.0
Salivary gland cancer,0,Uruguay,0.53,0.0
Skin cancer,2,Uruguay,21.7,0.5715182181433602
Stomach cancer,0,Uruguay,9.2,0.0
Testicular cancer,0,Uruguay,6.5,0.0
Throat cancer,0,Uruguay,2.18,0.0
Thyroid cancer,1,Uruguay,8.5,0.2857591090716801
Uterine cancer,0,Uruguay,8.3,0.0
Vaginal cancer,0,Uruguay,0.44,0.0
Vulvar cancer,0,Uruguay,1.1,0.0
Anal cancer,0,Georgia,0.2,0.0
Bladder cancer,0,Georgia,7.1,0.0
Brain cancer,0,Georgia,7.0,0.0
Breast cancer,0,Georgia,49.0,0.0
Cervical cancer,0,Georgia,10.4,0.0
Colon cancer,0,Georgia,7.1,0.0
Colorectal cancer,0,Georgia,14.5,0.0
Esophageal cancer,0,Georgia,1.1,0.0
Gallbladder cancer,0,Georgia,1.1,0.0
Hodgkin lymphoma,0,Georgia,2.3,0.0
Kaposi sarcoma,0,Georgia,0.06,0.0
Kidney cancer,0,Georgia,4.6,0.0
Laryngeal cancer,0,Georgia,4.4,0.0
Leukemia,0,Georgia,5.1,0.0
Liver cancer,0,Georgia,6.7,0.0
Lung cancer,0,Georgia,22.0,0.0
Mesothelioma,0,Georgia,0.17,0.0
Mouth cancer,0,Georgia,3.0,0.0
Multiple myeloma,0,Georgia,1.0,0.0
Non-Hodgkin lymphoma,0,Georgia,5.0,0.0
Ovarian cancer,0,Georgia,10.6,0.0
Pancreatic cancer,0,Georgia,5.4,0.0
Penile cancer,0,Georgia,0.88,0.0
Prostate cancer,0,Georgia,34.6,0.0
Rectal cancer,0,Georgia,7.2,0.0
Salivary gland cancer,0,Georgia,0.42,0.0
Skin cancer,0,Georgia,9.8,0.0
Stomach cancer,0,Georgia,9.7,0.0
Testicular cancer,0,Georgia,6.0,0.0
Throat cancer,0,Georgia,2.2,0.0
Thyroid cancer,0,Georgia,4.6,0.0
Uterine cancer,0,Georgia,10.7,0.0
Vaginal cancer,0,Georgia,0.32,0.0
Vulvar cancer,0,Georgia,1.2,0.0
Anal cancer,0,Venezuela,0.95,0.0
Bladder cancer,0,Venezuela,3.6,0.0
Brain cancer,0,Venezuela,2.8,0.0
Breast cancer,4,Venezuela,47.1,0.14026720903320827
Cervical cancer,1,Venezuela,22.7,0.03506680225830207
Colon cancer,0,Venezuela,12.4,0.0
Colorectal cancer,2,Venezuela,18.7,0.07013360451660414
Esophageal cancer,0,Venezuela,1.2,0.0
Gallbladder cancer,0,Venezuela,0.57,0.0
Hodgkin lymphoma,0,Venezuela,2.2,0.0
Kaposi sarcoma,0,Venezuela,0.62,0.0
Kidney cancer,0,Venezuela,6.6,0.0
Laryngeal cancer,0,Venezuela,2.3,0.0
Leukemia,3,Venezuela,6.0,0.10520040677490619
Liver cancer,0,Venezuela,4.0,0.0
Lung cancer,0,Venezuela,15.9,0.0
Mesothelioma,0,Venezuela,0.05,0.0
Mouth cancer,0,Venezuela,1.9,0.0
Multiple myeloma,0,Venezuela,1.4,0.0
Non-Hodgkin lymphoma,0,Venezuela,6.2,0.0
Ovarian cancer,0,Venezuela,6.1,0.0
Pancreatic cancer,0,Venezuela,4.2,0.0
Penile cancer,0,Venezuela,1.7,0.0
Prostate cancer,3,Venezuela,52.3,0.10520040677490619
Rectal cancer,0,Venezuela,5.3,0.0
Salivary gland cancer,0,Venezuela,0.46,0.0
Skin cancer,0,Venezuela,12.9,0.0
Stomach cancer,0,Venezuela,7.5,0.0
Testicular cancer,0,Venezuela,2.5,0.0
Throat cancer,0,Venezuela,1.65,0.0
Thyroid cancer,0,Venezuela,3.4,0.0
Uterine cancer,0,Venezuela,8.4,0.0
Vaginal cancer,0,Venezuela,0.64,0.0
Vulvar cancer,0,Venezuela,0.49,0.0
Anal cancer,0,El Salvador,0.25,0.0
Bladder cancer,0,El Salvador,1.2,0.0
Brain cancer,0,El Salvador,3.9,0.0
Breast cancer,0,El Salvador,39.7,0.0
Cervical cancer,0,El Salvador,15.2,0.0
Colon cancer,0,El Salvador,6.4,0.0
Colorectal cancer,0,El Salvador,8.7,0.0
Esophageal cancer,0,El Salvador,1.0,0.0
Gallbladder cancer,0,El Salvador,1.0,0.0
Hodgkin lymphoma,0,El Salvador,0.88,0.0
Kaposi sarcoma,0,El Salvador,0.04,0.0
Kidney cancer,0,El Salvador,2.1,0.0
Laryngeal cancer,0,El Salvador,0.59,0.0
Leukemia,1,El Salvador,7.7,0.1658381393226109
Liver cancer,0,El Salvador,5.6,0.0
Lung cancer,0,El Salvador,4.7,0.0
Mesothelioma,0,El Salvador,0.0,0.0
Mouth cancer,0,El Salvador,1.2,0.0
Multiple myeloma,0,El Salvador,0.78,0.0
Non-Hodgkin lymphoma,0,El Salvador,2.5,0.0
Ovarian cancer,0,El Salvador,4.3,0.0
Pancreatic cancer,0,El Salvador,2.6,0.0
Penile cancer,0,El Salvador,0.83,0.0
Prostate cancer,0,El Salvador,41.9,0.0
Rectal cancer,1,El Salvador,2.0,0.1658381393226109
Salivary gland cancer,0,El Salvador,0.45,0.0
Skin cancer,0,El Salvador,2.64,0.0
Stomach cancer,0,El Salvador,8.2,0.0
Testicular cancer,0,El Salvador,1.2,0.0
Throat cancer,0,El Salvador,0.37,0.0
Thyroid cancer,0,El Salvador,2.4,0.0
Uterine cancer,0,El Salvador,2.9,0.0
Vaginal cancer,0,El Salvador,0.17,0.0
Vulvar cancer,0,El Salvador,0.48,0.0
Anal cancer,0,Kazakhstan,0.25,0.0
Bladder cancer,0,Kazakhstan,3.3,0.0
Brain cancer,0,Kazakhstan,3.7,0.0
Breast cancer,4,Kazakhstan,36.9,0.19619565827837035
Cervical cancer,0,Kazakhstan,15.5,0.0
Colon cancer,1,Kazakhstan,8.3,0.04904891456959259
Colorectal cancer,0,Kazakhstan,15.5,0.0
Esophageal cancer,0,Kazakhstan,4.1,0.0
Gallbladder cancer,0,Kazakhstan,0.49,0.0
Hodgkin lymphoma,0,Kazakhstan,0.85,0.0
Kaposi sarcoma,0,Kazakhstan,0.11,0.0
Kidney cancer,0,Kazakhstan,4.6,0.0
Laryngeal cancer,0,Kazakhstan,2.3,0.0
Leukemia,1,Kazakhstan,3.2,0.04904891456959259
Liver cancer,0,Kazakhstan,5.3,0.0
Lung cancer,0,Kazakhstan,19.7,0.0
Mesothelioma,0,Kazakhstan,0.24,0.0
Mouth cancer,0,Kazakhstan,2.7,0.0
Multiple myeloma,0,Kazakhstan,0.68,0.0
Non-Hodgkin lymphoma,0,Kazakhstan,2.2,0.0
Ovarian cancer,0,Kazakhstan,7.7,0.0
Pancreatic cancer,0,Kazakhstan,5.3,0.0
Penile cancer,0,Kazakhstan,0.42,0.0
Prostate cancer,0,Kazakhstan,15.5,0.0
Rectal cancer,0,Kazakhstan,7.0,0.0
Salivary gland cancer,0,Kazakhstan,0.72,0.0
Skin cancer,0,Kazakhstan,10.3,0.0
Stomach cancer,0,Kazakhstan,13.7,0.0
Testicular cancer,0,Kazakhstan,1.4,0.0
Throat cancer,0,Kazakhstan,1.49,0.0
Thyroid cancer,0,Kazakhstan,2.8,0.0
Uterine cancer,0,Kazakhstan,10.3,0.0
Vaginal cancer,0,Kazakhstan,0.4,0.0
Vulvar cancer,0,Kazakhstan,0.92,0.0
Anal cancer,0,Angola,0.24,0.0
Bladder cancer,0,Angola,2.9,0.0
Brain cancer,0,Angola,3.7,0.0
Breast cancer,0,Angola,29.4,0.0
Cervical cancer,0,Angola,30.4,0.0
Colon cancer,0,Angola,2.4,0.0
Colorectal cancer,0,Angola,4.6,0.0
Esophageal cancer,0,Angola,6.4,0.0
Gallbladder cancer,0,Angola,0.18,0.0
Hodgkin lymphoma,0,Angola,0.58,0.0
Kaposi sarcoma,0,Angola,2.8,0.0
Kidney cancer,0,Angola,1.9,0.0
Laryngeal cancer,0,Angola,2.2,0.0
Leukemia,0,Angola,2.0,0.0
Liver cancer,0,Angola,6.6,0.0
Lung cancer,0,Angola,2.4,0.0
Mesothelioma,0,Angola,0.0,0.0
Mouth cancer,0,Angola,3.4,0.0
Multiple myeloma,1,Angola,0.91,0.02764648691529097
Non-Hodgkin lymphoma,0,Angola,2.8,0.0
Ovarian cancer,0,Angola,2.9,0.0
Pancreatic cancer,0,Angola,1.6,0.0
Penile cancer,0,Angola,1.1,0.0
Prostate cancer,0,Angola,47.9,0.0
Rectal cancer,0,Angola,1.9,0.0
Salivary gland cancer,0,Angola,0.85,0.0
Skin cancer,0,Angola,3.6,0.0
Stomach cancer,0,Angola,4.5,0.0
Testicular cancer,0,Angola,0.68,0.0
Throat cancer,0,Angola,1.85,0.0
Thyroid cancer,0,Angola,0.73,0.0
Uterine cancer,0,Angola,4.4,0.0
Vaginal cancer,0,Angola,0.65,0.0
Vulvar cancer,0,Angola,0.91,0.0
Anal cancer,3,Italy,1.0,0.05091663780400479
Bladder cancer,173,Italy,18.1,2.9361927800309426
Brain cancer,178,Italy,5.6,3.0210538430376173
Breast cancer,1237,Italy,87.0,20.99462698785131
Cervical cancer,118,Italy,5.0,2.002721086957522
Colon cancer,95,Italy,20.8,1.6123601971268182
Colorectal cancer,563,Italy,30.6,9.555355694551565
Esophageal cancer,17,Italy,1.6,0.2885276142226938
Gallbladder cancer,1,Italy,0.59,0.01697221260133493
Hodgkin lymphoma,103,Italy,3.5,1.7481378979374977
Kaposi sarcoma,4,Italy,0.53,0.06788885040533972
Kidney cancer,112,Italy,9.7,1.900887811349512
Laryngeal cancer,7,Italy,2.9,0.1188054882093445
Leukemia,730,Italy,8.5,12.389715198974498
Liver cancer,183,Italy,6.8,3.105914906044292
Lung cancer,183,Italy,24.6,3.105914906044292
Mesothelioma,69,Italy,1.1,1.1710826694921102
Mouth cancer,0,Italy,3.3,0.0
Multiple myeloma,256,Italy,3.6,4.344886425941742
Non-Hodgkin lymphoma,173,Italy,11.6,2.9361927800309426
Ovarian cancer,278,Italy,9.0,4.71827510317111
Pancreatic cancer,149,Italy,8.0,2.5288596775989043
Penile cancer,7,Italy,0.84,0.1188054882093445
Prostate cancer,346,Italy,49.5,5.872385560061885
Rectal cancer,156,Italy,8.7,2.647665165808249
Salivary gland cancer,3,Italy,0.9,0.05091663780400479
Skin cancer,296,Italy,24.8,5.023774929995139
Stomach cancer,24,Italy,6.8,0.4073331024320383
Testicular cancer,6,Italy,9.0,0.10183327560800957
Throat cancer,0,Italy,2.2,0.0
Thyroid cancer,64,Italy,10.0,1.0862216064854355
Uterine cancer,97,Italy,14.4,1.6463046223294882
Vaginal cancer,1,Italy,0.29,0.01697221260133493
Vulvar cancer,6,Italy,1.6,0.10183327560800957
Anal cancer,0,Mexico,0.23,0.0
Bladder cancer,0,Mexico,2.5,0.0
Brain cancer,6,Mexico,2.6,0.04595032650234248
Breast cancer,33,Mexico,39.9,0.25272679576288365
Cervical cancer,33,Mexico,13.2,0.25272679576288365
Colon cancer,2,Mexico,8.1,0.015316775500780826
Colorectal cancer,10,Mexico,10.9,0.07658387750390414
Esophageal cancer,1,Mexico,0.95,0.007658387750390413
Gallbladder cancer,0,Mexico,0.87,0.0
Hodgkin lymphoma,0,Mexico,1.6,0.0
Kaposi sarcoma,3,Mexico,0.34,0.02297516325117124
Kidney cancer,2,Mexico,4.5,0.015316775500780826
Laryngeal cancer,0,Mexico,0.75,0.0
Leukemia,42,Mexico,5.7,0.32165228551639735
Liver cancer,1,Mexico,5.7,0.007658387750390413
Lung cancer,1,Mexico,5.4,0.007658387750390413
Mesothelioma,3,Mexico,0.26,0.02297516325117124
Mouth cancer,0,Mexico,1.0,0.0
Multiple myeloma,12,Mexico,1.6,0.09190065300468496
Non-Hodgkin lymphoma,10,Mexico,6.2,0.07658387750390414
Ovarian cancer,0,Mexico,6.7,0.0
Pancreatic cancer,1,Mexico,3.9,0.007658387750390413
Penile cancer,0,Mexico,1.1,0.0
Prostate cancer,7,Mexico,39.1,0.05360871425273289
Rectal cancer,2,Mexico,2.5,0.015316775500780826
Salivary gland cancer,0,Mexico,0.38,0.0
Skin cancer,3,Mexico,6.8,0.02297516325117124
Stomach cancer,4,Mexico,6.3,0.030633551001561652
Testicular cancer,0,Mexico,5.1,0.0
Throat cancer,0,Mexico,0.53,0.0
Thyroid cancer,2,Mexico,7.9,0.015316775500780826
Uterine cancer,2,Mexico,7.0,0.015316775500780826
Vaginal cancer,0,Mexico,0.31,0.0
Vulvar cancer,0,Mexico,0.56,0.0
Anal cancer,0,Oman,0.69,0.0
Bladder cancer,0,Oman,5.2,0.0
Brain cancer,0,Oman,2.7,0.0
Breast cancer,0,Oman,34.0,0.0
Cervical cancer,0,Oman,6.4,0.0
Colon cancer,0,Oman,6.4,0.0
Colorectal cancer,1,Oman,11.1,0.188431227124449
Esophageal cancer,0,Oman,1.2,0.0
Gallbladder cancer,0,Oman,1.1,0.0
Hodgkin lymphoma,0,Oman,2.4,0.0
Kaposi sarcoma,0,Oman,0.24,0.0
Kidney cancer,0,Oman,2.4,0.0
Laryngeal cancer,0,Oman,1.2,0.0
Leukemia,2,Oman,5.3,0.376862454248898
Liver cancer,0,Oman,4.6,0.0
Lung cancer,0,Oman,5.2,0.0
Mesothelioma,0,Oman,0.12,0.0
Mouth cancer,0,Oman,1.8,0.0
Multiple myeloma,0,Oman,1.9,0.0
Non-Hodgkin lymphoma,0,Oman,6.3,0.0
Ovarian cancer,0,Oman,3.5,0.0
Pancreatic cancer,0,Oman,2.8,0.0
Penile cancer,0,Oman,0.03,0.0
Prostate cancer,0,Oman,15.1,0.0
Rectal cancer,1,Oman,4.0,0.188431227124449
Salivary gland cancer,0,Oman,0.25,0.0
Skin cancer,0,Oman,2.13,0.0
Stomach cancer,0,Oman,8.2,0.0
Testicular cancer,0,Oman,0.67,0.0
Throat cancer,0,Oman,1.1,0.0
Thyroid cancer,0,Oman,3.8,0.0
Uterine cancer,0,Oman,3.5,0.0
Vaginal cancer,0,Oman,0.38,0.0
Vulvar cancer,0,Oman,0.05,0.0
Anal cancer,1,Japan,0.29,0.008110300081103
Bladder cancer,217,Japan,7.0,1.7599351175993512
Brain cancer,185,Japan,2.5,1.5004055150040552
Breast cancer,909,Japan,74.4,7.372262773722627
Cervical cancer,211,Japan,12.5,1.7112733171127332
Colon cancer,177,Japan,22.7,1.4355231143552312
Colorectal cancer,777,Japan,36.6,6.301703163017032
Esophageal cancer,361,Japan,4.8,2.927818329278183
Gallbladder cancer,24,Japan,1.9,0.19464720194647203
Hodgkin lymphoma,79,Japan,0.92,0.6407137064071371
Kaposi sarcoma,0,Japan,0.03,0.0
Kidney cancer,159,Japan,6.9,1.289537712895377
Laryngeal cancer,14,Japan,1.4,0.11354420113544202
Leukemia,709,Japan,5.9,5.750202757502027
Liver cancer,618,Japan,9.2,5.012165450121654
Lung cancer,618,Japan,30.5,5.012165450121654
Mesothelioma,36,Japan,0.57,0.291970802919708
Mouth cancer,0,Japan,3.1,0.0
Multiple myeloma,144,Japan,1.5,1.167883211678832
Non-Hodgkin lymphoma,189,Japan,9.4,1.532846715328467
Ovarian cancer,188,Japan,8.7,1.5247364152473641
Pancreatic cancer,372,Japan,9.8,3.017031630170316
Penile cancer,0,Japan,0.27,0.0
Prostate cancer,429,Japan,50.1,3.4793187347931873
Rectal cancer,172,Japan,13.6,1.3949716139497161
Salivary gland cancer,0,Japan,0.6,0.0
Skin cancer,105,Japan,2.8,0.851581508515815
Stomach cancer,87,Japan,27.6,0.7055961070559611
Testicular cancer,12,Japan,3.8,0.09732360097323602
Throat cancer,0,Japan,2.69,0.0
Thyroid cancer,37,Japan,6.7,0.30008110300081103
Uterine cancer,70,Japan,14.8,0.5677210056772101
Vaginal cancer,1,Japan,0.19,0.008110300081103
Vulvar cancer,0,Japan,0.49,0.0
Anal cancer,0,Trinidad and Tobago,0.79,0.0
Bladder cancer,0,Trinidad and Tobago,3.7,0.0
Brain cancer,0,Trinidad and Tobago,2.0,0.0
Breast cancer,0,Trinidad and Tobago,54.0,0.0
Cervical cancer,0,Trinidad and Tobago,18.3,0.0
Colon cancer,0,Trinidad and Tobago,11.4,0.0
Colorectal cancer,0,Trinidad and Tobago,18.5,0.0
Esophageal cancer,0,Trinidad and Tobago,1.3,0.0
Gallbladder cancer,0,Trinidad and Tobago,0.76,0.0
Hodgkin lymphoma,0,Trinidad and Tobago,1.0,0.0
Kaposi sarcoma,0,Trinidad and Tobago,0.35,0.0
Kidney cancer,0,Trinidad and Tobago,4.7,0.0
Laryngeal cancer,0,Trinidad and Tobago,1.3,0.0
Leukemia,0,Trinidad and Tobago,6.1,0.0
Liver cancer,0,Trinidad and Tobago,2.8,0.0
Lung cancer,0,Trinidad and Tobago,11.7,0.0
Mesothelioma,0,Trinidad and Tobago,0.08,0.0
Mouth cancer,0,Trinidad and Tobago,2.0,0.0
Multiple myeloma,0,Trinidad and Tobago,2.5,0.0
Non-Hodgkin lymphoma,0,Trinidad and Tobago,7.1,0.0
Ovarian cancer,0,Trinidad and Tobago,11.1,0.0
Pancreatic cancer,0,Trinidad and Tobago,4.7,0.0
Penile cancer,0,Trinidad and Tobago,0.9,0.0
Prostate cancer,0,Trinidad and Tobago,73.6,0.0
Rectal cancer,0,Trinidad and Tobago,6.4,0.0
Salivary gland cancer,0,Trinidad and Tobago,0.41,0.0
Skin cancer,0,Trinidad and Tobago,0.91,0.0
Stomach cancer,0,Trinidad and Tobago,4.0,0.0
Testicular cancer,0,Trinidad and Tobago,1.6,0.0
Throat cancer,0,Trinidad and Tobago,1.37,0.0
Thyroid cancer,0,Trinidad and Tobago,4.9,0.0
Uterine cancer,0,Trinidad and Tobago,18.8,0.0
Vaginal cancer,0,Trinidad and Tobago,0.52,0.0
Vulvar cancer,0,Trinidad and Tobago,0.61,0.0
Anal cancer,0,"Micronesia, Fed. Sts.",0.0,0.0
Bladder cancer,0,"Micronesia, Fed. Sts.",2.0,0.0
Brain cancer,0,"Micronesia, Fed. Sts.",0.0,0.0
Breast cancer,0,"Micronesia, Fed. Sts.",43.9,0.0
Cervical cancer,0,"Micronesia, Fed. Sts.",18.6,0.0
Colon cancer,0,"Micronesia, Fed. Sts.",10.3,0.0
Colorectal cancer,0,"Micronesia, Fed. Sts.",16.4,0.0
Esophageal cancer,0,"Micronesia, Fed. Sts.",1.5,0.0
Gallbladder cancer,0,"Micronesia, Fed. Sts.",0.0,0.0
Hodgkin lymphoma,0,"Micronesia, Fed. Sts.",0.0,0.0
Kaposi sarcoma,0,"Micronesia, Fed. Sts.",0.0,0.0
Kidney cancer,0,"Micronesia, Fed. Sts.",2.1,0.0
Laryngeal cancer,0,"Micronesia, Fed. Sts.",0.84,0.0
Leukemia,0,"Micronesia, Fed. Sts.",2.3,0.0
Liver cancer,0,"Micronesia, Fed. Sts.",15.1,0.0
Lung cancer,0,"Micronesia, Fed. Sts.",31.6,0.0
Mesothelioma,0,"Micronesia, Fed. Sts.",0.0,0.0
Mouth cancer,0,"Micronesia, Fed. Sts.",2.1,0.0
Multiple myeloma,0,"Micronesia, Fed. Sts.",1.0,0.0
Non-Hodgkin lymphoma,0,"Micronesia, Fed. Sts.",5.0,0.0
Ovarian cancer,0,"Micronesia, Fed. Sts.",7.3,0.0
Pancreatic cancer,0,"Micronesia, Fed. Sts.",4.3,0.0
Penile cancer,0,"Micronesia, Fed. Sts.",0.0,0.0
Prostate cancer,0,"Micronesia, Fed. Sts.",43.3,0.0
Rectal cancer,0,"Micronesia, Fed. Sts.",6.1,0.0
Salivary gland cancer,0,"Micronesia, Fed. Sts.",0.0,0.0
Skin cancer,0,"Micronesia, Fed. Sts.",0.0,0.0
Stomach cancer,0,"Micronesia, Fed. Sts.",6.5,0.0
Testicular cancer,0,"Micronesia, Fed. Sts.",0.0,0.0
Throat cancer,0,"Micronesia, Fed. Sts.",3.61,0.0
Thyroid cancer,0,"Micronesia, Fed. Sts.",6.5,0.0
Uterine cancer,0,"Micronesia, Fed. Sts.",14.4,0.0
Vaginal cancer,0,"Micronesia, Fed. Sts.",0.0,0.0
Vulvar cancer,0,"Micronesia, Fed. Sts.",0.0,0.0
Anal cancer,0,Gabon,1.1,0.0
Bladder cancer,0,Gabon,1.8,0.0
Brain cancer,0,Gabon,0.96,0.0
Breast cancer,0,Gabon,36.4,0.0
Cervical cancer,0,Gabon,32.5,0.0
Colon cancer,0,Gabon,4.1,0.0
Colorectal cancer,0,Gabon,6.8,0.0
Esophageal cancer,0,Gabon,1.7,0.0
Gallbladder cancer,0,Gabon,0.62,0.0
Hodgkin lymphoma,0,Gabon,0.31,0.0
Kaposi sarcoma,0,Gabon,2.9,0.0
Kidney cancer,0,Gabon,1.5,0.0
Laryngeal cancer,0,Gabon,2.3,0.0
Leukemia,0,Gabon,1.3,0.0
Liver cancer,0,Gabon,8.9,0.0
Lung cancer,0,Gabon,3.1,0.0
Mesothelioma,0,Gabon,0.05,0.0
Mouth cancer,0,Gabon,3.5,0.0
Multiple myeloma,0,Gabon,0.93,0.0
Non-Hodgkin lymphoma,0,Gabon,3.9,0.0
Ovarian cancer,0,Gabon,7.8,0.0
Pancreatic cancer,0,Gabon,3.4,0.0
Penile cancer,0,Gabon,0.13,0.0
Prostate cancer,0,Gabon,26.1,0.0
Rectal cancer,0,Gabon,1.7,0.0
Salivary gland cancer,0,Gabon,0.68,0.0
Skin cancer,0,Gabon,2.74,0.0
Stomach cancer,0,Gabon,2.4,0.0
Testicular cancer,0,Gabon,0.3,0.0
Throat cancer,0,Gabon,1.88,0.0
Thyroid cancer,0,Gabon,0.68,0.0
Uterine cancer,0,Gabon,4.0,0.0
Vaginal cancer,0,Gabon,0.46,0.0
Vulvar cancer,0,Gabon,0.24,0.0
Anal cancer,0,Ghana,0.93,0.0
Bladder cancer,0,Ghana,2.6,0.0
Brain cancer,0,Ghana,1.8,0.0
Breast cancer,5,Ghana,40.2,0.14818160426146584
Cervical cancer,2,Ghana,27.0,0.05927264170458634
Colon cancer,0,Ghana,1.6,0.0
Colorectal cancer,0,Ghana,4.7,0.0
Esophageal cancer,0,Ghana,2.6,0.0
Gallbladder cancer,0,Ghana,0.15,0.0
Hodgkin lymphoma,0,Ghana,0.61,0.0
Kaposi sarcoma,0,Ghana,0.48,0.0
Kidney cancer,0,Ghana,1.3,0.0
Laryngeal cancer,0,Ghana,1.1,0.0
Leukemia,3,Ghana,1.7,0.08890896255687951
Liver cancer,0,Ghana,16.1,0.0
Lung cancer,0,Ghana,2.5,0.0
Mesothelioma,0,Ghana,0.03,0.0
Mouth cancer,0,Ghana,1.0,0.0
Multiple myeloma,0,Ghana,0.66,0.0
Non-Hodgkin lymphoma,0,Ghana,5.0,0.0
Ovarian cancer,0,Ghana,10.1,0.0
Pancreatic cancer,0,Ghana,1.7,0.0
Penile cancer,0,Ghana,0.3,0.0
Prostate cancer,4,Ghana,30.4,0.11854528340917268
Rectal cancer,0,Ghana,2.2,0.0
Salivary gland cancer,0,Ghana,0.5,0.0
Skin cancer,0,Ghana,1.5299999999999998,0.0
Stomach cancer,0,Ghana,4.8,0.0
Testicular cancer,0,Ghana,0.42,0.0
Throat cancer,0,Ghana,1.27,0.0
Thyroid cancer,1,Ghana,0.57,0.02963632085229317
Uterine cancer,0,Ghana,4.8,0.0
Vaginal cancer,0,Ghana,0.15,0.0
Vulvar cancer,0,Ghana,0.65,0.0
Anal cancer,9,France,1.6,0.13106541620551057
Bladder cancer,49,France,10.1,0.7135783771188909
Brain cancer,145,France,6.4,2.1116094833110037
Breast cancer,807,France,105.4,11.752198986427448
Cervical cancer,71,France,6.6,1.03396050562125
Colon cancer,68,France,19.6,0.9902720335527465
Colorectal cancer,367,France,32.1,5.344556416380264
Esophageal cancer,42,France,3.6,0.6116386089590493
Gallbladder cancer,1,France,0.35,0.014562824022834509
Hodgkin lymphoma,81,France,2.8,1.179588745849595
Kaposi sarcoma,7,France,0.19,0.10193976815984156
Kidney cancer,139,France,11.4,2.0242325391739966
Laryngeal cancer,3,France,2.4,0.04368847206850352
Leukemia,590,France,10.1,8.59206617347236
Liver cancer,117,France,7.8,1.7038504106716374
Lung cancer,117,France,35.9,1.7038504106716374
Mesothelioma,41,France,0.75,0.5970757849362148
Mouth cancer,0,France,5.6,0.0
Multiple myeloma,187,France,3.4,2.723248092270053
Non-Hodgkin lymphoma,183,France,11.3,2.664996796178715
Ovarian cancer,161,France,7.1,2.344614667676356
Pancreatic cancer,85,France,9.4,1.2378400419409332
Penile cancer,3,France,0.65,0.04368847206850352
Prostate cancer,272,France,82.3,3.961088134210986
Rectal cancer,90,France,10.9,1.3106541620551058
Salivary gland cancer,0,France,0.59,0.0
Skin cancer,224,France,35.9,3.26207258111493
Stomach cancer,13,France,4.9,0.1893167122968486
Testicular cancer,4,France,7.5,0.058251296091338035
Throat cancer,2,France,5.67,0.029125648045669018
Thyroid cancer,45,France,11.0,0.6553270810275529
Uterine cancer,26,France,12.1,0.3786334245936972
Vaginal cancer,0,France,0.33,0.0
Vulvar cancer,2,France,1.1,0.029125648045669018
Anal cancer,0,Somalia,0.5,0.0
Bladder cancer,0,Somalia,2.3,0.0
Brain cancer,0,Somalia,1.4,0.0
Breast cancer,0,Somalia,38.6,0.0
Cervical cancer,0,Somalia,26.6,0.0
Colon cancer,0,Somalia,5.2,0.0
Colorectal cancer,0,Somalia,9.2,0.0
Esophageal cancer,0,Somalia,5.4,0.0
Gallbladder cancer,0,Somalia,0.91,0.0
Hodgkin lymphoma,0,Somalia,0.74,0.0
Kaposi sarcoma,0,Somalia,0.74,0.0
Kidney cancer,0,Somalia,2.0,0.0
Laryngeal cancer,0,Somalia,1.2,0.0
Leukemia,0,Somalia,4.5,0.0
Liver cancer,0,Somalia,3.7,0.0
Lung cancer,0,Somalia,3.5,0.0
Mesothelioma,0,Somalia,0.01,0.0
Mouth cancer,0,Somalia,2.3,0.0
Multiple myeloma,0,Somalia,1.3,0.0
Non-Hodgkin lymphoma,0,Somalia,4.3,0.0
Ovarian cancer,0,Somalia,7.0,0.0
Pancreatic cancer,0,Somalia,2.0,0.0
Penile cancer,0,Somalia,0.07,0.0
Prostate cancer,0,Somalia,18.5,0.0
Rectal cancer,0,Somalia,3.5,0.0
Salivary gland cancer,0,Somalia,0.58,0.0
Skin cancer,0,Somalia,3.58,0.0
Stomach cancer,0,Somalia,5.0,0.0
Testicular cancer,0,Somalia,0.37,0.0
Throat cancer,0,Somalia,2.0700000000000003,0.0
Thyroid cancer,0,Somalia,2.8,0.0
Uterine cancer,0,Somalia,3.6,0.0
Vaginal cancer,0,Somalia,0.57,0.0
Vulvar cancer,0,Somalia,1.1,0.0
Anal cancer,0,Finland,0.44,0.0
Bladder cancer,23,Finland,7.9,4.073932306478031
Brain cancer,8,Finland,4.8,1.4170199326880106
Breast cancer,181,Finland,92.3,32.06007597706624
Cervical cancer,20,Finland,4.6,3.542549831720027
Colon cancer,6,Finland,16.5,1.062764949516008
Colorectal cancer,32,Finland,26.8,5.6680797307520425
Esophageal cancer,0,Finland,2.6,0.0
Gallbladder cancer,2,Finland,0.53,0.35425498317200266
Hodgkin lymphoma,4,Finland,2.7,0.7085099663440053
Kaposi sarcoma,0,Finland,0.09,0.0
Kidney cancer,9,Finland,8.9,1.594147424274012
Laryngeal cancer,4,Finland,0.92,0.7085099663440053
Leukemia,37,Finland,7.7,6.553717188682049
Liver cancer,3,Finland,4.1,0.531382474758004
Lung cancer,3,Finland,19.2,0.531382474758004
Mesothelioma,9,Finland,0.67,1.594147424274012
Mouth cancer,0,Finland,4.0,0.0
Multiple myeloma,22,Finland,2.9,3.8968048148920293
Non-Hodgkin lymphoma,13,Finland,11.4,2.3026573906180174
Ovarian cancer,20,Finland,7.4,3.542549831720027
Pancreatic cancer,5,Finland,8.9,0.8856374579300067
Penile cancer,0,Finland,0.68,0.0
Prostate cancer,140,Finland,82.2,24.797848822040187
Rectal cancer,11,Finland,9.8,1.9484024074460147
Salivary gland cancer,0,Finland,0.67,0.0
Skin cancer,21,Finland,31.4,3.719677323306028
Stomach cancer,1,Finland,4.0,0.17712749158600133
Testicular cancer,1,Finland,6.8,0.17712749158600133
Throat cancer,0,Finland,1.71,0.0
Thyroid cancer,5,Finland,8.1,0.8856374579300067
Uterine cancer,10,Finland,12.4,1.7712749158600134
Vaginal cancer,1,Finland,0.33,0.17712749158600133
Vulvar cancer,1,Finland,1.7,0.17712749158600133
Anal cancer,2,Sweden,1.0,0.18880952385447847
Bladder cancer,40,Sweden,12.2,3.7761904770895693
Brain cancer,27,Sweden,6.1,2.548928572035459
Breast cancer,447,Sweden,81.4,42.19892858147593
Cervical cancer,37,Sweden,8.6,3.4929761913078514
Colon cancer,21,Sweden,20.0,1.982500000472024
Colorectal cancer,143,Sweden,31.2,13.49988095559521
Esophageal cancer,15,Sweden,2.3,1.4160714289085885
Gallbladder cancer,0,Sweden,0.96,0.0
Hodgkin lymphoma,11,Sweden,1.8,1.0384523811996316
Kaposi sarcoma,0,Sweden,0.08,0.0
Kidney cancer,24,Sweden,9.1,2.2657142862537416
Laryngeal cancer,10,Sweden,0.69,0.9440476192723923
Leukemia,177,Sweden,8.8,16.709642861121342
Liver cancer,18,Sweden,4.6,1.6992857146903062
Lung cancer,18,Sweden,17.4,1.6992857146903062
Mesothelioma,7,Sweden,0.75,0.6608333334906746
Mouth cancer,0,Sweden,3.6,0.0
Multiple myeloma,61,Sweden,3.7,5.758690477561593
Non-Hodgkin lymphoma,18,Sweden,10.7,1.6992857146903062
Ovarian cancer,38,Sweden,7.9,3.587380953235091
Pancreatic cancer,20,Sweden,9.3,1.8880952385447847
Penile cancer,2,Sweden,1.2,0.18880952385447847
Prostate cancer,207,Sweden,104.3,19.54178571893852
Rectal cancer,99,Sweden,10.2,9.346071430796684
Salivary gland cancer,0,Sweden,0.48,0.0
Skin cancer,82,Sweden,48.6,7.741190478033617
Stomach cancer,3,Sweden,3.6,0.2832142857817177
Testicular cancer,2,Sweden,7.5,0.18880952385447847
Throat cancer,0,Sweden,1.9,0.0
Thyroid cancer,3,Sweden,6.8,0.2832142857817177
Uterine cancer,24,Sweden,13.1,2.2657142862537416
Vaginal cancer,2,Sweden,0.33,0.18880952385447847
Vulvar cancer,2,Sweden,1.7,0.18880952385447847
Anal cancer,0,Burundi,0.99,0.0
Bladder cancer,0,Burundi,2.1,0.0
Brain cancer,0,Burundi,1.3,0.0
Breast cancer,0,Burundi,25.3,0.0
Cervical cancer,0,Burundi,43.6,0.0
Colon cancer,0,Burundi,2.6,0.0
Colorectal cancer,0,Burundi,6.4,0.0
Esophageal cancer,0,Burundi,8.8,0.0
Gallbladder cancer,0,Burundi,0.17,0.0
Hodgkin lymphoma,0,Burundi,0.92,0.0
Kaposi sarcoma,0,Burundi,4.9,0.0
Kidney cancer,0,Burundi,1.2,0.0
Laryngeal cancer,0,Burundi,1.2,0.0
Leukemia,0,Burundi,2.2,0.0
Liver cancer,0,Burundi,5.8,0.0
Lung cancer,0,Burundi,3.4,0.0
Mesothelioma,0,Burundi,0.07,0.0
Mouth cancer,0,Burundi,1.8,0.0
Multiple myeloma,0,Burundi,0.83,0.0
Non-Hodgkin lymphoma,0,Burundi,4.5,0.0
Ovarian cancer,0,Burundi,4.8,0.0
Pancreatic cancer,0,Burundi,1.5,0.0
Penile cancer,0,Burundi,2.5,0.0
Prostate cancer,0,Burundi,38.0,0.0
Rectal cancer,0,Burundi,2.8,0.0
Salivary gland cancer,0,Burundi,0.42,0.0
Skin cancer,0,Burundi,2.99,0.0
Stomach cancer,0,Burundi,5.3,0.0
Testicular cancer,0,Burundi,0.44,0.0
Throat cancer,0,Burundi,1.85,0.0
Thyroid cancer,0,Burundi,1.3,0.0
Uterine cancer,0,Burundi,2.4,0.0
Vaginal cancer,0,Burundi,0.43,0.0
Vulvar cancer,0,Burundi,1.3,0.0
Anal cancer,0,Libya,0.21,0.0
Bladder cancer,0,Libya,8.7,0.0
Brain cancer,0,Libya,4.5,0.0
Breast cancer,1,Libya,31.0,0.1340662287169862
Cervical cancer,0,Libya,8.0,0.0
Colon cancer,0,Libya,10.4,0.0
Colorectal cancer,0,Libya,15.9,0.0
Esophageal cancer,0,Libya,0.89,0.0
Gallbladder cancer,0,Libya,2.2,0.0
Hodgkin lymphoma,0,Libya,1.9,0.0
Kaposi sarcoma,0,Libya,0.28,0.0
Kidney cancer,0,Libya,3.4,0.0
Laryngeal cancer,0,Libya,3.0,0.0
Leukemia,0,Libya,5.4,0.0
Liver cancer,0,Libya,4.7,0.0
Lung cancer,0,Libya,16.4,0.0
Mesothelioma,0,Libya,0.13,0.0
Mouth cancer,0,Libya,1.2,0.0
Multiple myeloma,0,Libya,1.5,0.0
Non-Hodgkin lymphoma,0,Libya,5.3,0.0
Ovarian cancer,0,Libya,5.3,0.0
Pancreatic cancer,0,Libya,3.8,0.0
Penile cancer,0,Libya,0.0,0.0
Prostate cancer,0,Libya,16.2,0.0
Rectal cancer,0,Libya,5.3,0.0
Salivary gland cancer,0,Libya,0.27,0.0
Skin cancer,0,Libya,1.6,0.0
Stomach cancer,0,Libya,3.8,0.0
Testicular cancer,0,Libya,0.61,0.0
Throat cancer,0,Libya,2.26,0.0
Thyroid cancer,0,Libya,3.2,0.0
Uterine cancer,0,Libya,2.0,0.0
Vaginal cancer,0,Libya,0.28,0.0
Vulvar cancer,0,Libya,0.45,0.0
Anal cancer,0,Ecuador,0.66,0.0
Bladder cancer,0,Ecuador,3.2,0.0
Brain cancer,0,Ecuador,3.6,0.0
Breast cancer,1,Ecuador,39.5,0.0552374492229748
Cervical cancer,0,Ecuador,17.7,0.0
Colon cancer,0,Ecuador,8.6,0.0
Colorectal cancer,0,Ecuador,12.4,0.0
Esophageal cancer,0,Ecuador,0.87,0.0
Gallbladder cancer,0,Ecuador,1.1,0.0
Hodgkin lymphoma,0,Ecuador,1.2,0.0
Kaposi sarcoma,0,Ecuador,0.34,0.0
Kidney cancer,0,Ecuador,3.1,0.0
Laryngeal cancer,0,Ecuador,0.75,0.0
Leukemia,0,Ecuador,6.5,0.0
Liver cancer,0,Ecuador,5.2,0.0
Lung cancer,0,Ecuador,6.3,0.0
Mesothelioma,0,Ecuador,0.13,0.0
Mouth cancer,0,Ecuador,1.2,0.0
Multiple myeloma,0,Ecuador,1.4,0.0
Non-Hodgkin lymphoma,0,Ecuador,7.4,0.0
Ovarian cancer,0,Ecuador,5.1,0.0
Pancreatic cancer,0,Ecuador,3.7,0.0
Penile cancer,0,Ecuador,1.4,0.0
Prostate cancer,0,Ecuador,35.0,0.0
Rectal cancer,0,Ecuador,3.1,0.0
Salivary gland cancer,0,Ecuador,0.39,0.0
Skin cancer,0,Ecuador,8.1,0.0
Stomach cancer,0,Ecuador,12.8,0.0
Testicular cancer,0,Ecuador,3.8,0.0
Throat cancer,0,Ecuador,0.68,0.0
Thyroid cancer,0,Ecuador,6.7,0.0
Uterine cancer,1,Ecuador,8.0,0.0552374492229748
Vaginal cancer,0,Ecuador,0.28,0.0
Vulvar cancer,0,Ecuador,0.66,0.0
Anal cancer,1,Puerto Rico,0.75,0.3121785536455431
Bladder cancer,0,Puerto Rico,4.9,0.0
Brain cancer,1,Puerto Rico,3.0,0.3121785536455431
Breast cancer,3,Puerto Rico,62.3,0.9365356609366293
Cervical cancer,1,Puerto Rico,10.6,0.3121785536455431
Colon cancer,1,Puerto Rico,19.5,0.3121785536455431
Colorectal cancer,2,Puerto Rico,27.8,0.6243571072910862
Esophageal cancer,0,Puerto Rico,2.0,0.0
Gallbladder cancer,0,Puerto Rico,0.32,0.0
Hodgkin lymphoma,1,Puerto Rico,2.3,0.3121785536455431
Kaposi sarcoma,0,Puerto Rico,0.24,0.0
Kidney cancer,0,Puerto Rico,4.7,0.0
Laryngeal cancer,0,Puerto Rico,1.9,0.0
Leukemia,2,Puerto Rico,5.9,0.6243571072910862
Liver cancer,0,Puerto Rico,6.3,0.0
Lung cancer,0,Puerto Rico,10.2,0.0
Mesothelioma,0,Puerto Rico,0.06,0.0
Mouth cancer,0,Puerto Rico,3.0,0.0
Multiple myeloma,0,Puerto Rico,2.9,0.0
Non-Hodgkin lymphoma,1,Puerto Rico,9.4,0.3121785536455431
Ovarian cancer,0,Puerto Rico,5.4,0.0
Pancreatic cancer,0,Puerto Rico,5.3,0.0
Penile cancer,0,Puerto Rico,1.6,0.0
Prostate cancer,1,Puerto Rico,95.2,0.3121785536455431
Rectal cancer,0,Puerto Rico,7.6,0.0
Salivary gland cancer,0,Puerto Rico,0.29,0.0
Skin cancer,0,Puerto Rico,12.7,0.0
Stomach cancer,1,Puerto Rico,2.8,0.3121785536455431
Testicular cancer,0,Puerto Rico,3.1,0.0
Throat cancer,0,Puerto Rico,2.5,0.0
Thyroid cancer,1,Puerto Rico,12.4,0.3121785536455431
Uterine cancer,0,Puerto Rico,15.3,0.0
Vaginal cancer,0,Puerto Rico,0.6,0.0
Vulvar cancer,0,Puerto Rico,0.73,0.0
Anal cancer,0,Algeria,0.34,0.0
Bladder cancer,0,Algeria,7.2,0.0
Brain cancer,0,Algeria,4.5,0.0
Breast cancer,0,Algeria,61.9,0.0
Cervical cancer,1,Algeria,8.0,0.02109704641350211
Colon cancer,0,Algeria,9.9,0.0
Colorectal cancer,1,Algeria,17.1,0.02109704641350211
Esophageal cancer,0,Algeria,0.61,0.0
Gallbladder cancer,0,Algeria,2.7,0.0
Hodgkin lymphoma,0,Algeria,2.2,0.0
Kaposi sarcoma,0,Algeria,0.13,0.0
Kidney cancer,0,Algeria,1.6,0.0
Laryngeal cancer,0,Algeria,2.2,0.0
Leukemia,0,Algeria,3.8,0.0
Liver cancer,0,Algeria,1.7,0.0
Lung cancer,0,Algeria,11.3,0.0
Mesothelioma,0,Algeria,0.15,0.0
Mouth cancer,0,Algeria,0.75,0.0
Multiple myeloma,0,Algeria,1.7,0.0
Non-Hodgkin lymphoma,1,Algeria,4.9,0.02109704641350211
Ovarian cancer,0,Algeria,5.0,0.0
Pancreatic cancer,0,Algeria,2.6,0.0
Penile cancer,0,Algeria,0.03,0.0
Prostate cancer,1,Algeria,15.5,0.02109704641350211
Rectal cancer,0,Algeria,6.8,0.0
Salivary gland cancer,0,Algeria,0.33,0.0
Skin cancer,0,Algeria,3.66,0.0
Stomach cancer,0,Algeria,6.1,0.0
Testicular cancer,0,Algeria,0.68,0.0
Throat cancer,0,Algeria,3.86,0.0
Thyroid cancer,0,Algeria,5.4,0.0
Uterine cancer,0,Algeria,2.7,0.0
Vaginal cancer,0,Algeria,0.21,0.0
Vulvar cancer,0,Algeria,0.41,0.0
Anal cancer,0,Israel,0.32,0.0
Bladder cancer,9,Israel,13.7,0.8893807933276676
Brain cancer,22,Israel,5.1,2.17404193924541
Breast cancer,94,Israel,78.7,9.28908828586675
Cervical cancer,2,Israel,6.2,0.19764017629503725
Colon cancer,11,Israel,17.4,1.087020969622705
Colorectal cancer,38,Israel,24.8,3.755163349605708
Esophageal cancer,3,Israel,1.1,0.2964602644425559
Gallbladder cancer,1,Israel,0.52,0.09882008814751862
Hodgkin lymphoma,13,Israel,2.8,1.2846611459177422
Kaposi sarcoma,2,Israel,0.58,0.19764017629503725
Kidney cancer,10,Israel,7.9,0.9882008814751863
Laryngeal cancer,2,Israel,1.6,0.19764017629503725
Leukemia,71,Israel,7.6,7.016226258473822
Liver cancer,4,Israel,2.8,0.3952803525900745
Lung cancer,4,Israel,22.6,0.3952803525900745
Mesothelioma,1,Israel,0.36,0.09882008814751862
Mouth cancer,0,Israel,1.7,0.0
Multiple myeloma,16,Israel,3.6,1.581121410360298
Non-Hodgkin lymphoma,10,Israel,13.9,0.9882008814751863
Ovarian cancer,27,Israel,7.7,2.668142379983003
Pancreatic cancer,15,Israel,8.2,1.4823013222127794
Penile cancer,0,Israel,0.14,0.0
Prostate cancer,26,Israel,44.6,2.5693222918354843
Rectal cancer,8,Israel,7.1,0.790560705180149
Salivary gland cancer,0,Israel,0.77,0.0
Skin cancer,45,Israel,12.3,4.446903966638338
Stomach cancer,2,Israel,5.8,0.19764017629503725
Testicular cancer,0,Israel,3.1,0.0
Throat cancer,0,Israel,0.88,0.0
Thyroid cancer,4,Israel,12.3,0.3952803525900745
Uterine cancer,5,Israel,14.3,0.4941004407375931
Vaginal cancer,0,Israel,0.25,0.0
Vulvar cancer,0,Israel,0.85,0.0
Anal cancer,0,Sierra Leone,0.04,0.0
Bladder cancer,0,Sierra Leone,0.09,0.0
Brain cancer,0,Sierra Leone,0.01,0.0
Breast cancer,0,Sierra Leone,7.0,0.0
Cervical cancer,0,Sierra Leone,16.5,0.0
Colon cancer,0,Sierra Leone,0.07,0.0
Colorectal cancer,0,Sierra Leone,0.24,0.0
Esophageal cancer,0,Sierra Leone,0.01,0.0
Gallbladder cancer,0,Sierra Leone,0.01,0.0
Hodgkin lymphoma,0,Sierra Leone,0.0,0.0
Kaposi sarcoma,0,Sierra Leone,0.0,0.0
Kidney cancer,0,Sierra Leone,0.04,0.0
Laryngeal cancer,0,Sierra Leone,0.0,0.0
Leukemia,0,Sierra Leone,0.05,0.0
Liver cancer,0,Sierra Leone,5.9,0.0
Lung cancer,0,Sierra Leone,1.3,0.0
Mesothelioma,0,Sierra Leone,0.0,0.0
Mouth cancer,0,Sierra Leone,0.04,0.0
Multiple myeloma,0,Sierra Leone,0.0,0.0
Non-Hodgkin lymphoma,0,Sierra Leone,0.64,0.0
Ovarian cancer,0,Sierra Leone,2.7,0.0
Pancreatic cancer,0,Sierra Leone,0.65,0.0
Penile cancer,0,Sierra Leone,0.0,0.0
Prostate cancer,0,Sierra Leone,21.2,0.0
Rectal cancer,0,Sierra Leone,0.12,0.0
Salivary gland cancer,0,Sierra Leone,0.0,0.0
Skin cancer,0,Sierra Leone,0.07,0.0
Stomach cancer,0,Sierra Leone,2.6,0.0
Testicular cancer,0,Sierra Leone,0.0,0.0
Throat cancer,0,Sierra Leone,0.0,0.0
Thyroid cancer,0,Sierra Leone,0.04,0.0
Uterine cancer,0,Sierra Leone,0.06,0.0
Vaginal cancer,0,Sierra Leone,0.0,0.0
Vulvar cancer,0,Sierra Leone,0.0,0.0
Anal cancer,0,Ethiopia,0.44,0.0
Bladder cancer,0,Ethiopia,2.5,0.0
Brain cancer,0,Ethiopia,1.1,0.0
Breast cancer,4,Ethiopia,40.8,0.03582528075063421
Cervical cancer,6,Ethiopia,22.3,0.05373792112595131
Colon cancer,0,Ethiopia,4.9,0.0
Colorectal cancer,0,Ethiopia,9.0,0.0
Esophageal cancer,0,Ethiopia,2.3,0.0
Gallbladder cancer,0,Ethiopia,0.63,0.0
Hodgkin lymphoma,0,Ethiopia,0.65,0.0
Kaposi sarcoma,0,Ethiopia,0.18,0.0
Kidney cancer,0,Ethiopia,2.2,0.0
Laryngeal cancer,0,Ethiopia,0.71,0.0
Leukemia,1,Ethiopia,5.0,0.008956320187658552
Liver cancer,0,Ethiopia,4.1,0.0
Lung cancer,0,Ethiopia,3.7,0.0
Mesothelioma,0,Ethiopia,0.02,0.0
Mouth cancer,0,Ethiopia,1.4,0.0
Multiple myeloma,0,Ethiopia,0.48,0.0
Non-Hodgkin lymphoma,0,Ethiopia,4.1,0.0
Ovarian cancer,0,Ethiopia,6.8,0.0
Pancreatic cancer,0,Ethiopia,1.4,0.0
Penile cancer,0,Ethiopia,0.11,0.0
Prostate cancer,0,Ethiopia,8.0,0.0
Rectal cancer,0,Ethiopia,3.7,0.0
Salivary gland cancer,0,Ethiopia,0.63,0.0
Skin cancer,0,Ethiopia,3.75,0.0
Stomach cancer,0,Ethiopia,3.3,0.0
Testicular cancer,0,Ethiopia,0.56,0.0
Throat cancer,0,Ethiopia,1.25,0.0
Thyroid cancer,0,Ethiopia,3.8,0.0
Uterine cancer,0,Ethiopia,2.4,0.0
Vaginal cancer,0,Ethiopia,0.59,0.0
Vulvar cancer,0,Ethiopia,1.1,0.0
Anal cancer,0,Togo,0.77,0.0
Bladder cancer,0,Togo,1.3,0.0
Brain cancer,0,Togo,0.79,0.0
Breast cancer,0,Togo,32.9,0.0
Cervical cancer,0,Togo,19.1,0.0
Colon cancer,0,Togo,4.7,0.0
Colorectal cancer,0,Togo,7.5,0.0
Esophageal cancer,0,Togo,3.8,0.0
Gallbladder cancer,0,Togo,0.5,0.0
Hodgkin lymphoma,0,Togo,1.0,0.0
Kaposi sarcoma,0,Togo,1.4,0.0
Kidney cancer,0,Togo,1.3,0.0
Laryngeal cancer,0,Togo,1.2,0.0
Leukemia,0,Togo,2.1,0.0
Liver cancer,0,Togo,4.3,0.0
Lung cancer,0,Togo,1.9,0.0
Mesothelioma,0,Togo,0.03,0.0
Mouth cancer,0,Togo,1.3,0.0
Multiple myeloma,0,Togo,0.71,0.0
Non-Hodgkin lymphoma,0,Togo,3.8,0.0
Ovarian cancer,0,Togo,4.1,0.0
Pancreatic cancer,0,Togo,1.5,0.0
Penile cancer,0,Togo,0.29,0.0
Prostate cancer,0,Togo,31.3,0.0
Rectal cancer,0,Togo,2.0,0.0
Salivary gland cancer,0,Togo,1.5,0.0
Skin cancer,0,Togo,4.7,0.0
Stomach cancer,0,Togo,5.4,0.0
Testicular cancer,0,Togo,0.38,0.0
Throat cancer,0,Togo,1.54,0.0
Thyroid cancer,0,Togo,0.99,0.0
Uterine cancer,0,Togo,5.6,0.0
Vaginal cancer,0,Togo,0.68,0.0
Vulvar cancer,0,Togo,0.74,0.0
Anal cancer,1,South Korea,0.34,0.019546563128782394
Bladder cancer,27,South Korea,4.9,0.5277572044771246
Brain cancer,31,South Korea,2.9,0.6059434569922543
Breast cancer,314,South Korea,61.5,6.137620822437672
Cervical cancer,52,South Korea,8.6,1.0164212826966845
Colon cancer,54,South Korea,15.2,1.0555144089542492
Colorectal cancer,161,South Korea,26.5,3.1469966637339657
Esophageal cancer,24,South Korea,2.2,0.4691175150907775
Gallbladder cancer,11,South Korea,2.6,0.21501219441660635
Hodgkin lymphoma,12,South Korea,0.54,0.23455875754538874
Kaposi sarcoma,0,South Korea,0.05,0.0
Kidney cancer,27,South Korea,5.0,0.5277572044771246
Laryngeal cancer,0,South Korea,1.1,0.0
Leukemia,94,South Korea,5.5,1.837376934105545
Liver cancer,174,South Korea,13.7,3.4011019844081365
Lung cancer,174,South Korea,26.2,3.4011019844081365
Mesothelioma,1,South Korea,0.19,0.019546563128782394
Mouth cancer,0,South Korea,1.6,0.0
Multiple myeloma,43,South Korea,1.8,0.840502214537643
Non-Hodgkin lymphoma,49,South Korea,5.7,0.9577815933103373
Ovarian cancer,54,South Korea,6.5,1.0555144089542492
Pancreatic cancer,76,South Korea,7.5,1.485538797787462
Penile cancer,0,South Korea,0.2,0.0
Prostate cancer,62,South Korea,29.3,1.2118869139845085
Rectal cancer,102,South Korea,11.0,1.9937494391358042
Salivary gland cancer,3,South Korea,0.61,0.058639689386347185
Skin cancer,29,South Korea,4.43,0.5668503307346895
Stomach cancer,75,South Korea,27.0,1.4659922346586796
Testicular cancer,0,South Korea,1.2,0.0
Throat cancer,0,South Korea,1.78,0.0
Thyroid cancer,51,South Korea,23.2,0.9968747195679021
Uterine cancer,20,South Korea,7.6,0.39093126257564786
Vaginal cancer,0,South Korea,0.17,0.0
Vulvar cancer,0,South Korea,0.35,0.0
Anal cancer,0,Mali,0.61,0.0
Bladder cancer,0,Mali,7.8,0.0
Brain cancer,0,Mali,1.3,0.0
Breast cancer,0,Mali,37.7,0.0
Cervical cancer,0,Mali,43.1,0.0
Colon cancer,0,Mali,4.3,0.0
Colorectal cancer,0,Mali,8.9,0.0
Esophageal cancer,0,Mali,2.8,0.0
Gallbladder cancer,0,Mali,0.18,0.0
Hodgkin lymphoma,0,Mali,0.66,0.0
Kaposi sarcoma,0,Mali,0.85,0.0
Kidney cancer,1,Mali,1.8,0.0446518493076887
Laryngeal cancer,0,Mali,0.82,0.0
Leukemia,0,Mali,1.1,0.0
Liver cancer,0,Mali,8.6,0.0
Lung cancer,0,Mali,3.2,0.0
Mesothelioma,0,Mali,0.09,0.0
Mouth cancer,0,Mali,2.4,0.0
Multiple myeloma,0,Mali,0.23,0.0
Non-Hodgkin lymphoma,0,Mali,2.6,0.0
Ovarian cancer,0,Mali,5.4,0.0
Pancreatic cancer,0,Mali,2.9,0.0
Penile cancer,0,Mali,0.11,0.0
Prostate cancer,1,Mali,21.0,0.0446518493076887
Rectal cancer,0,Mali,4.1,0.0
Salivary gland cancer,0,Mali,0.76,0.0
Skin cancer,0,Mali,3.73,0.0
Stomach cancer,0,Mali,14.3,0.0
Testicular cancer,0,Mali,0.64,0.0
Throat cancer,0,Mali,0.6699999999999999,0.0
Thyroid cancer,0,Mali,2.1,0.0
Uterine cancer,0,Mali,3.0,0.0
Vaginal cancer,0,Mali,0.59,0.0
Vulvar cancer,0,Mali,0.83,0.0
Anal cancer,0,Benin,0.65,0.0
Bladder cancer,0,Benin,0.91,0.0
Brain cancer,0,Benin,0.9,0.0
Breast cancer,0,Benin,33.3,0.0
Cervical cancer,0,Benin,18.1,0.0
Colon cancer,0,Benin,4.1,0.0
Colorectal cancer,0,Benin,6.9,0.0
Esophageal cancer,0,Benin,3.3,0.0
Gallbladder cancer,0,Benin,0.47,0.0
Hodgkin lymphoma,0,Benin,0.39,0.0
Kaposi sarcoma,0,Benin,0.26,0.0
Kidney cancer,0,Benin,1.2,0.0
Laryngeal cancer,0,Benin,0.44,0.0
Leukemia,0,Benin,3.0,0.0
Liver cancer,0,Benin,8.2,0.0
Lung cancer,0,Benin,1.5,0.0
Mesothelioma,0,Benin,0.0,0.0
Mouth cancer,0,Benin,1.1,0.0
Multiple myeloma,0,Benin,0.89,0.0
Non-Hodgkin lymphoma,0,Benin,2.1,0.0
Ovarian cancer,0,Benin,2.8,0.0
Pancreatic cancer,0,Benin,3.2,0.0
Penile cancer,0,Benin,0.39,0.0
Prostate cancer,0,Benin,38.0,0.0
Rectal cancer,0,Benin,2.2,0.0
Salivary gland cancer,0,Benin,1.0,0.0
Skin cancer,0,Benin,2.0500000000000003,0.0
Stomach cancer,0,Benin,5.9,0.0
Testicular cancer,0,Benin,0.33,0.0
Throat cancer,0,Benin,1.51,0.0
Thyroid cancer,0,Benin,0.62,0.0
Uterine cancer,0,Benin,4.9,0.0
Vaginal cancer,0,Benin,0.39,0.0
Vulvar cancer,0,Benin,0.88,0.0
Anal cancer,0,Egypt,0.38,0.0
Bladder cancer,39,Egypt,15.2,0.3635642948539991
Brain cancer,9,Egypt,4.6,0.08389945265861518
Breast cancer,89,Egypt,55.4,0.8296723651796389
Cervical cancer,1,Egypt,2.8,0.009322161406512798
Colon cancer,3,Egypt,4.0,0.027966484219538394
Colorectal cancer,21,Egypt,6.4,0.19576538953676875
Esophageal cancer,1,Egypt,1.8,0.009322161406512798
Gallbladder cancer,0,Egypt,0.9,0.0
Hodgkin lymphoma,7,Egypt,1.6,0.06525512984558958
Kaposi sarcoma,0,Egypt,0.1,0.0
Kidney cancer,3,Egypt,2.4,0.027966484219538394
Laryngeal cancer,1,Egypt,2.1,0.009322161406512798
Leukemia,40,Egypt,6.4,0.3728864562605119
Liver cancer,39,Egypt,32.0,0.3635642948539991
Lung cancer,39,Egypt,8.8,0.3635642948539991
Mesothelioma,4,Egypt,0.42,0.03728864562605119
Mouth cancer,0,Egypt,1.8,0.0
Multiple myeloma,5,Egypt,1.0,0.04661080703256399
Non-Hodgkin lymphoma,7,Egypt,9.6,0.06525512984558958
Ovarian cancer,3,Egypt,6.4,0.027966484219538394
Pancreatic cancer,6,Egypt,3.8,0.05593296843907679
Penile cancer,0,Egypt,0.03,0.0
Prostate cancer,10,Egypt,13.5,0.09322161406512798
Rectal cancer,16,Egypt,2.0,0.14915458250420477
Salivary gland cancer,0,Egypt,0.5,0.0
Skin cancer,5,Egypt,2.4400000000000004,0.04661080703256399
Stomach cancer,2,Egypt,3.6,0.018644322813025596
Testicular cancer,0,Egypt,0.61,0.0
Throat cancer,0,Egypt,0.8200000000000001,0.0
Thyroid cancer,2,Egypt,2.8,0.018644322813025596
Uterine cancer,3,Egypt,4.5,0.027966484219538394
Vaginal cancer,0,Egypt,0.21,0.0
Vulvar cancer,0,Egypt,0.53,0.0
Anal cancer,53,United States,1.5,0.1558314840448495
Bladder cancer,398,United States,10.5,1.170206238676417
Brain cancer,1272,United States,5.5,3.739955617076388
Breast cancer,5911,United States,95.9,17.379620796020856
Cervical cancer,647,United States,6.3,1.9023201920192006
Colon cancer,576,United States,17.0,1.693564807732704
Colorectal cancer,1910,United States,27.0,5.615813858974765
Esophageal cancer,248,United States,2.8,0.729173736662692
Gallbladder cancer,26,United States,0.67,0.076445633682379
Hodgkin lymphoma,576,United States,2.2,1.693564807732704
Kaposi sarcoma,46,United States,0.24,0.135249967284209
Kidney cancer,996,United States,12.8,2.928455813371134
Laryngeal cancer,44,United States,2.0,0.129369533924026
Leukemia,4161,United States,11.2,12.234241605860731
Liver cancer,467,United States,6.8,1.3730811896027304
Lung cancer,467,United States,31.9,1.3730811896027304
Mesothelioma,232,United States,0.4,0.682130269781228
Mouth cancer,1,United States,4.6,0.0029402166800915
Multiple myeloma,1196,United States,4.8,3.516499149389434
Non-Hodgkin lymphoma,837,United States,12.5,2.4609613612365857
Ovarian cancer,1357,United States,7.3,3.9898740348841657
Pancreatic cancer,756,United States,8.6,2.222803810149174
Penile cancer,8,United States,0.53,0.023521733440732
Prostate cancer,3319,United States,75.2,9.758579161223688
Rectal cancer,235,United States,8.5,0.6909509198215025
Salivary gland cancer,11,United States,0.85,0.0323423834810065
Skin cancer,2422,United States,79.8,7.121204799181613
Stomach cancer,75,United States,4.1,0.2205162510068625
Testicular cancer,43,United States,5.5,0.1264293172439345
Throat cancer,2,United States,3.39,0.005880433360183
Thyroid cancer,201,United States,12.1,0.5909835526983915
Uterine cancer,345,United States,22.5,1.0143747546315676
Vaginal cancer,9,United States,0.42,0.0264619501208235
Vulvar cancer,26,United States,1.8,0.076445633682379
Anal cancer,0,Guadeloupe,0.33,0.0
Bladder cancer,0,Guadeloupe,3.4,0.0
Brain cancer,0,Guadeloupe,1.8,0.0
Breast cancer,0,Guadeloupe,66.4,0.0
Cervical cancer,0,Guadeloupe,9.9,0.0
Colon cancer,0,Guadeloupe,15.2,0.0
Colorectal cancer,0,Guadeloupe,22.8,0.0
Esophageal cancer,0,Guadeloupe,3.8,0.0
Gallbladder cancer,0,Guadeloupe,1.5,0.0
Hodgkin lymphoma,0,Guadeloupe,0.58,0.0
Kaposi sarcoma,0,Guadeloupe,0.0,0.0
Kidney cancer,0,Guadeloupe,2.3,0.0
Laryngeal cancer,0,Guadeloupe,2.4,0.0
Leukemia,0,Guadeloupe,5.8,0.0
Liver cancer,0,Guadeloupe,4.3,0.0
Lung cancer,0,Guadeloupe,12.3,0.0
Mesothelioma,0,Guadeloupe,0.0,0.0
Mouth cancer,0,Guadeloupe,3.5,0.0
Multiple myeloma,0,Guadeloupe,5.3,0.0
Non-Hodgkin lymphoma,0,Guadeloupe,5.7,0.0
Ovarian cancer,0,Guadeloupe,7.1,0.0
Pancreatic cancer,0,Guadeloupe,8.2,0.0
Penile cancer,0,Guadeloupe,0.65,0.0
Prostate cancer,1,Guadeloupe,157.5,2.6415822020757553
Rectal cancer,0,Guadeloupe,7.2,0.0
Salivary gland cancer,0,Guadeloupe,0.0,0.0
Skin cancer,0,Guadeloupe,10.5,0.0
Stomach cancer,0,Guadeloupe,12.3,0.0
Testicular cancer,0,Guadeloupe,2.0,0.0
Throat cancer,0,Guadeloupe,4.34,0.0
Thyroid cancer,0,Guadeloupe,4.3,0.0
Uterine cancer,0,Guadeloupe,8.7,0.0
Vaginal cancer,0,Guadeloupe,0.0,0.0
Vulvar cancer,0,Guadeloupe,0.66,0.0
Anal cancer,0,Honduras,0.58,0.0
Bladder cancer,0,Honduras,1.8,0.0
Brain cancer,0,Honduras,4.6,0.0
Breast cancer,0,Honduras,27.3,0.0
Cervical cancer,2,Honduras,19.5,0.2021706660067816
Colon cancer,0,Honduras,4.4,0.0
Colorectal cancer,0,Honduras,7.1,0.0
Esophageal cancer,0,Honduras,1.4,0.0
Gallbladder cancer,0,Honduras,1.6,0.0
Hodgkin lymphoma,0,Honduras,1.9,0.0
Kaposi sarcoma,0,Honduras,0.05,0.0
Kidney cancer,0,Honduras,2.2,0.0
Laryngeal cancer,0,Honduras,3.5,0.0
Leukemia,0,Honduras,7.1,0.0
Liver cancer,0,Honduras,5.4,0.0
Lung cancer,0,Honduras,6.7,0.0
Mesothelioma,0,Honduras,0.2,0.0
Mouth cancer,0,Honduras,1.1,0.0
Multiple myeloma,0,Honduras,1.4,0.0
Non-Hodgkin lymphoma,0,Honduras,6.1,0.0
Ovarian cancer,0,Honduras,4.0,0.0
Pancreatic cancer,0,Honduras,3.7,0.0
Penile cancer,0,Honduras,2.0,0.0
Prostate cancer,0,Honduras,28.5,0.0
Rectal cancer,0,Honduras,2.1,0.0
Salivary gland cancer,0,Honduras,0.52,0.0
Skin cancer,0,Honduras,2.66,0.0
Stomach cancer,0,Honduras,8.6,0.0
Testicular cancer,0,Honduras,2.1,0.0
Throat cancer,0,Honduras,0.39,0.0
Thyroid cancer,0,Honduras,4.8,0.0
Uterine cancer,0,Honduras,2.7,0.0
Vaginal cancer,0,Honduras,0.45,0.0
Vulvar cancer,0,Honduras,0.59,0.0
Anal cancer,0,Syria,0.16,0.0
Bladder cancer,0,Syria,4.9,0.0
Brain cancer,0,Syria,6.3,0.0
Breast cancer,0,Syria,46.2,0.0
Cervical cancer,0,Syria,2.5,0.0
Colon cancer,0,Syria,7.5,0.0
Colorectal cancer,0,Syria,10.9,0.0
Esophageal cancer,0,Syria,0.69,0.0
Gallbladder cancer,0,Syria,0.93,0.0
Hodgkin lymphoma,0,Syria,1.9,0.0
Kaposi sarcoma,0,Syria,0.15,0.0
Kidney cancer,0,Syria,2.9,0.0
Laryngeal cancer,0,Syria,2.9,0.0
Leukemia,1,Syria,8.4,0.039032006245121
Liver cancer,0,Syria,2.8,0.0
Lung cancer,0,Syria,17.8,0.0
Mesothelioma,0,Syria,0.19,0.0
Mouth cancer,0,Syria,1.3,0.0
Multiple myeloma,0,Syria,2.4,0.0
Non-Hodgkin lymphoma,0,Syria,5.5,0.0
Ovarian cancer,0,Syria,5.1,0.0
Pancreatic cancer,0,Syria,4.2,0.0
Penile cancer,0,Syria,0.08,0.0
Prostate cancer,0,Syria,17.6,0.0
Rectal cancer,0,Syria,3.2,0.0
Salivary gland cancer,0,Syria,0.53,0.0
Skin cancer,0,Syria,3.63,0.0
Stomach cancer,0,Syria,4.8,0.0
Testicular cancer,0,Syria,2.0,0.0
Throat cancer,0,Syria,0.86,0.0
Thyroid cancer,0,Syria,4.4,0.0
Uterine cancer,0,Syria,8.2,0.0
Vaginal cancer,0,Syria,0.17,0.0
Vulvar cancer,0,Syria,0.56,0.0
Anal cancer,0,Zambia,0.5,0.0
Bladder cancer,0,Zambia,3.4,0.0
Brain cancer,0,Zambia,2.0,0.0
Breast cancer,0,Zambia,22.3,0.0
Cervical cancer,2,Zambia,71.5,0.10155674815901736
Colon cancer,0,Zambia,1.8,0.0
Colorectal cancer,0,Zambia,5.1,0.0
Esophageal cancer,0,Zambia,6.6,0.0
Gallbladder cancer,0,Zambia,0.22,0.0
Hodgkin lymphoma,0,Zambia,0.89,0.0
Kaposi sarcoma,0,Zambia,15.7,0.0
Kidney cancer,0,Zambia,0.71,0.0
Laryngeal cancer,0,Zambia,1.1,0.0
Leukemia,0,Zambia,1.6,0.0
Liver cancer,0,Zambia,4.7,0.0
Lung cancer,0,Zambia,3.0,0.0
Mesothelioma,0,Zambia,0.03,0.0
Mouth cancer,0,Zambia,1.4,0.0
Multiple myeloma,0,Zambia,0.38,0.0
Non-Hodgkin lymphoma,0,Zambia,3.5,0.0
Ovarian cancer,0,Zambia,3.6,0.0
Pancreatic cancer,0,Zambia,1.4,0.0
Penile cancer,0,Zambia,3.0,0.0
Prostate cancer,0,Zambia,65.4,0.0
Rectal cancer,0,Zambia,2.7,0.0
Salivary gland cancer,0,Zambia,0.79,0.0
Skin cancer,0,Zambia,3.27,0.0
Stomach cancer,0,Zambia,3.9,0.0
Testicular cancer,0,Zambia,0.26,0.0
Throat cancer,0,Zambia,0.8400000000000001,0.0
Thyroid cancer,0,Zambia,0.84,0.0
Uterine cancer,0,Zambia,1.3,0.0
Vaginal cancer,0,Zambia,0.97,0.0
Vulvar cancer,0,Zambia,1.7,0.0
Anal cancer,0,Panama,0.31,0.0
Bladder cancer,0,Panama,1.8,0.0
Brain cancer,0,Panama,2.0,0.0
Breast cancer,0,Panama,41.4,0.0
Cervical cancer,0,Panama,14.5,0.0
Colon cancer,0,Panama,10.9,0.0
Colorectal cancer,1,Panama,15.1,0.24601577453146295
Esophageal cancer,0,Panama,0.94,0.0
Gallbladder cancer,0,Panama,0.9,0.0
Hodgkin lymphoma,0,Panama,1.5,0.0
Kaposi sarcoma,0,Panama,0.73,0.0
Kidney cancer,0,Panama,3.8,0.0
Laryngeal cancer,0,Panama,0.68,0.0
Leukemia,0,Panama,7.1,0.0
Liver cancer,0,Panama,4.3,0.0
Lung cancer,0,Panama,6.4,0.0
Mesothelioma,0,Panama,0.02,0.0
Mouth cancer,0,Panama,1.1,0.0
Multiple myeloma,0,Panama,1.6,0.0
Non-Hodgkin lymphoma,0,Panama,4.5,0.0
Ovarian cancer,0,Panama,4.0,0.0
Pancreatic cancer,0,Panama,3.1,0.0
Penile cancer,0,Panama,1.0,0.0
Prostate cancer,0,Panama,56.2,0.0
Rectal cancer,0,Panama,3.8,0.0
Salivary gland cancer,0,Panama,0.27,0.0
Skin cancer,0,Panama,4.800000000000001,0.0
Stomach cancer,0,Panama,8.8,0.0
Testicular cancer,0,Panama,1.5,0.0
Throat cancer,0,Panama,1.26,0.0
Thyroid cancer,0,Panama,5.7,0.0
Uterine cancer,0,Panama,13.7,0.0
Vaginal cancer,0,Panama,0.45,0.0
Vulvar cancer,0,Panama,0.4,0.0
Anal cancer,2,Belgium,1.0,0.16912531179308263
Bladder cancer,27,Belgium,12.9,2.283191709206615
Brain cancer,27,Belgium,5.0,2.283191709206615
Breast cancer,289,Belgium,104.4,24.43860755410044
Cervical cancer,26,Belgium,6.3,2.198629053310074
Colon cancer,12,Belgium,19.8,1.0147518707584957
Colorectal cancer,96,Belgium,29.2,8.118014966067966
Esophageal cancer,4,Belgium,4.5,0.33825062358616526
Gallbladder cancer,1,Belgium,0.28,0.08456265589654131
Hodgkin lymphoma,8,Belgium,3.0,0.6765012471723305
Kaposi sarcoma,0,Belgium,0.25,0.0
Kidney cancer,16,Belgium,8.2,1.353002494344661
Laryngeal cancer,0,Belgium,1.9,0.0
Leukemia,60,Belgium,10.5,5.073759353792479
Liver cancer,20,Belgium,4.8,1.6912531179308263
Lung cancer,20,Belgium,32.7,1.6912531179308263
Mesothelioma,15,Belgium,1.1,1.2684398384481197
Mouth cancer,0,Belgium,4.7,0.0
Multiple myeloma,19,Belgium,3.7,1.606690462034285
Non-Hodgkin lymphoma,11,Belgium,10.7,0.9301892148619544
Ovarian cancer,41,Belgium,6.9,3.4670688917581938
Pancreatic cancer,21,Belgium,7.5,1.7758157738273674
Penile cancer,0,Belgium,0.75,0.0
Prostate cancer,99,Belgium,81.7,8.37170293375759
Rectal cancer,29,Belgium,8.4,2.452317020999698
Salivary gland cancer,0,Belgium,0.65,0.0
Skin cancer,61,Belgium,44.1,5.15832200968902
Stomach cancer,4,Belgium,5.4,0.33825062358616526
Testicular cancer,1,Belgium,6.4,0.08456265589654131
Throat cancer,0,Belgium,3.93,0.0
Thyroid cancer,2,Belgium,6.9,0.16912531179308263
Uterine cancer,16,Belgium,10.0,1.353002494344661
Vaginal cancer,0,Belgium,0.44,0.0
Vulvar cancer,1,Belgium,1.9,0.08456265589654131
Anal cancer,7,Netherlands,1.0,0.38714794908650507
Bladder cancer,86,Netherlands,17.4,4.756389088777063
Brain cancer,74,Netherlands,5.1,4.092706890343053
Breast cancer,580,Netherlands,101.6,32.077972924310416
Cervical cancer,58,Netherlands,6.7,3.207797292431042
Colon cancer,65,Netherlands,28.0,3.594945241517547
Colorectal cancer,335,Netherlands,42.8,18.52779470628274
Esophageal cancer,67,Netherlands,6.7,3.7055589412565486
Gallbladder cancer,1,Netherlands,0.4,0.05530684986950072
Hodgkin lymphoma,28,Netherlands,2.6,1.5485917963460203
Kaposi sarcoma,1,Netherlands,0.13,0.05530684986950072
Kidney cancer,87,Netherlands,8.3,4.8116959386465625
Laryngeal cancer,10,Netherlands,1.7,0.5530684986950072
Leukemia,254,Netherlands,9.9,14.047939866853184
Liver cancer,19,Netherlands,3.4,1.0508301475205137
Lung cancer,19,Netherlands,34.9,1.0508301475205137
Mesothelioma,37,Netherlands,1.4,2.0463534451715266
Mouth cancer,0,Netherlands,4.1,0.0
Multiple myeloma,106,Netherlands,3.8,5.862526086167077
Non-Hodgkin lymphoma,31,Netherlands,12.0,1.7145123459545224
Ovarian cancer,161,Netherlands,8.1,8.904402828989616
Pancreatic cancer,80,Netherlands,8.1,4.4245479895600575
Penile cancer,2,Netherlands,0.86,0.11061369973900144
Prostate cancer,355,Netherlands,57.0,19.633931703672758
Rectal cancer,112,Netherlands,13.7,6.194367185384081
Salivary gland cancer,3,Netherlands,0.56,0.16592054960850217
Skin cancer,229,Netherlands,54.9,12.665268620115665
Stomach cancer,13,Netherlands,4.3,0.7189890483035094
Testicular cancer,20,Netherlands,9.7,1.1061369973900144
Throat cancer,0,Netherlands,2.1,0.0
Thyroid cancer,18,Netherlands,4.1,0.995523297651013
Uterine cancer,43,Netherlands,11.0,2.3781945443885313
Vaginal cancer,1,Netherlands,0.3,0.05530684986950072
Vulvar cancer,13,Netherlands,2.6,0.7189890483035094
Anal cancer,0,Turkmenistan,0.7,0.0
Bladder cancer,0,Turkmenistan,2.9,0.0
Brain cancer,0,Turkmenistan,4.3,0.0
Breast cancer,0,Turkmenistan,31.1,0.0
Cervical cancer,0,Turkmenistan,14.1,0.0
Colon cancer,0,Turkmenistan,2.1,0.0
Colorectal cancer,0,Turkmenistan,5.9,0.0
Esophageal cancer,0,Turkmenistan,7.7,0.0
Gallbladder cancer,0,Turkmenistan,0.53,0.0
Hodgkin lymphoma,0,Turkmenistan,0.75,0.0
Kaposi sarcoma,0,Turkmenistan,0.05,0.0
Kidney cancer,0,Turkmenistan,3.8,0.0
Laryngeal cancer,0,Turkmenistan,1.2,0.0
Leukemia,0,Turkmenistan,3.7,0.0
Liver cancer,0,Turkmenistan,6.2,0.0
Lung cancer,0,Turkmenistan,9.5,0.0
Mesothelioma,0,Turkmenistan,0.02,0.0
Mouth cancer,0,Turkmenistan,2.8,0.0
Multiple myeloma,0,Turkmenistan,1.1,0.0
Non-Hodgkin lymphoma,0,Turkmenistan,1.3,0.0
Ovarian cancer,0,Turkmenistan,4.5,0.0
Pancreatic cancer,0,Turkmenistan,2.6,0.0
Penile cancer,0,Turkmenistan,0.0,0.0
Prostate cancer,0,Turkmenistan,6.1,0.0
Rectal cancer,0,Turkmenistan,3.1,0.0
Salivary gland cancer,0,Turkmenistan,0.2,0.0
Skin cancer,0,Turkmenistan,5.57,0.0
Stomach cancer,0,Turkmenistan,12.1,0.0
Testicular cancer,0,Turkmenistan,2.0,0.0
Throat cancer,0,Turkmenistan,2.44,0.0
Thyroid cancer,0,Turkmenistan,1.3,0.0
Uterine cancer,0,Turkmenistan,5.4,0.0
Vaginal cancer,0,Turkmenistan,0.25,0.0
Vulvar cancer,0,Turkmenistan,0.54,0.0
Anal cancer,0,Mongolia,0.36,0.0
Bladder cancer,0,Mongolia,1.6,0.0
Brain cancer,0,Mongolia,3.0,0.0
Breast cancer,1,Mongolia,12.6,0.2821005773188315
Cervical cancer,0,Mongolia,20.2,0.0
Colon cancer,0,Mongolia,5.5,0.0
Colorectal cancer,0,Mongolia,7.6,0.0
Esophageal cancer,0,Mongolia,15.7,0.0
Gallbladder cancer,0,Mongolia,0.44,0.0
Hodgkin lymphoma,0,Mongolia,0.5,0.0
Kaposi sarcoma,0,Mongolia,0.0,0.0
Kidney cancer,0,Mongolia,4.3,0.0
Laryngeal cancer,0,Mongolia,1.2,0.0
Leukemia,0,Mongolia,1.8,0.0
Liver cancer,0,Mongolia,96.1,0.0
Lung cancer,0,Mongolia,19.0,0.0
Mesothelioma,0,Mongolia,0.26,0.0
Mouth cancer,0,Mongolia,1.5,0.0
Multiple myeloma,0,Mongolia,0.29,0.0
Non-Hodgkin lymphoma,0,Mongolia,1.5,0.0
Ovarian cancer,0,Mongolia,5.7,0.0
Pancreatic cancer,0,Mongolia,5.5,0.0
Penile cancer,0,Mongolia,0.67,0.0
Prostate cancer,0,Mongolia,3.3,0.0
Rectal cancer,0,Mongolia,1.7,0.0
Salivary gland cancer,0,Mongolia,0.59,0.0
Skin cancer,0,Mongolia,1.98,0.0
Stomach cancer,0,Mongolia,35.5,0.0
Testicular cancer,0,Mongolia,0.54,0.0
Throat cancer,0,Mongolia,1.4,0.0
Thyroid cancer,0,Mongolia,1.3,0.0
Uterine cancer,0,Mongolia,1.9,0.0
Vaginal cancer,0,Mongolia,0.63,0.0
Vulvar cancer,0,Mongolia,0.42,0.0
