Cancer,Articles,Country
Anal cancer,6,Canada
Bladder cancer,29,Canada
Brain cancer,96,Canada
Breast cancer,647,Canada
Cervical cancer,60,Canada
Colon cancer,31,Canada
Colorectal cancer,153,Canada
Esophageal cancer,19,Canada
Gallbladder cancer,1,Canada
Hodgkin lymphoma,34,Canada
Kaposi sarcoma,0,Canada
Kidney cancer,43,Canada
Laryngeal cancer,2,Canada
Leukemia,230,Canada
Liver cancer,34,Canada
Lung cancer,34,Canada
Mesothelioma,15,Canada
Mouth cancer,0,Canada
Multiple myeloma,67,Canada
Non-Hodgkin lymphoma,47,Canada
Other cancer,0,Canada
Ovarian cancer,74,Canada
Pancreatic cancer,40,Canada
Penile cancer,1,Canada
Prostate cancer,481,Canada
Rectal cancer,46,Canada
Salivary gland cancer,1,Canada
Skin cancer,71,Canada
Stomach cancer,3,Canada
Testicular cancer,8,Canada
Throat cancer,0,Canada
Thyroid cancer,12,Canada
Undetermined cancer,0,Canada
Uterine cancer,34,Canada
Vaginal cancer,0,Canada
Vulvar cancer,0,Canada
Anal cancer,0,Eritrea
Bladder cancer,0,Eritrea
Brain cancer,0,Eritrea
Breast cancer,0,Eritrea
Cervical cancer,0,Eritrea
Colon cancer,0,Eritrea
Colorectal cancer,0,Eritrea
Esophageal cancer,0,Eritrea
Gallbladder cancer,0,Eritrea
Hodgkin lymphoma,0,Eritrea
Kaposi sarcoma,0,Eritrea
Kidney cancer,0,Eritrea
Laryngeal cancer,0,Eritrea
Leukemia,0,Eritrea
Liver cancer,0,Eritrea
Lung cancer,0,Eritrea
Mesothelioma,0,Eritrea
Mouth cancer,0,Eritrea
Multiple myeloma,0,Eritrea
Non-Hodgkin lymphoma,0,Eritrea
Other cancer,0,Eritrea
Ovarian cancer,0,Eritrea
Pancreatic cancer,0,Eritrea
Penile cancer,0,Eritrea
Prostate cancer,0,Eritrea
Rectal cancer,0,Eritrea
Salivary gland cancer,0,Eritrea
Skin cancer,0,Eritrea
Stomach cancer,0,Eritrea
Testicular cancer,0,Eritrea
Throat cancer,0,Eritrea
Thyroid cancer,0,Eritrea
Undetermined cancer,0,Eritrea
Uterine cancer,0,Eritrea
Vaginal cancer,0,Eritrea
Vulvar cancer,0,Eritrea
Anal cancer,0,Lithuania
Bladder cancer,1,Lithuania
Brain cancer,0,Lithuania
Breast cancer,5,Lithuania
Cervical cancer,1,Lithuania
Colon cancer,2,Lithuania
Colorectal cancer,3,Lithuania
Esophageal cancer,0,Lithuania
Gallbladder cancer,0,Lithuania
Hodgkin lymphoma,0,Lithuania
Kaposi sarcoma,0,Lithuania
Kidney cancer,0,Lithuania
Laryngeal cancer,0,Lithuania
Leukemia,1,Lithuania
Liver cancer,0,Lithuania
Lung cancer,0,Lithuania
Mesothelioma,0,Lithuania
Mouth cancer,0,Lithuania
Multiple myeloma,2,Lithuania
Non-Hodgkin lymphoma,0,Lithuania
Other cancer,0,Lithuania
Ovarian cancer,0,Lithuania
Pancreatic cancer,5,Lithuania
Penile cancer,0,Lithuania
Prostate cancer,6,Lithuania
Rectal cancer,7,Lithuania
Salivary gland cancer,0,Lithuania
Skin cancer,1,Lithuania
Stomach cancer,1,Lithuania
Testicular cancer,0,Lithuania
Throat cancer,0,Lithuania
Thyroid cancer,1,Lithuania
Undetermined cancer,0,Lithuania
Uterine cancer,0,Lithuania
Vaginal cancer,0,Lithuania
Vulvar cancer,0,Lithuania
Anal cancer,1,Greece
Bladder cancer,30,Greece
Brain cancer,8,Greece
Breast cancer,207,Greece
Cervical cancer,13,Greece
Colon cancer,10,Greece
Colorectal cancer,82,Greece
Esophageal cancer,1,Greece
Gallbladder cancer,1,Greece
Hodgkin lymphoma,3,Greece
Kaposi sarcoma,1,Greece
Kidney cancer,10,Greece
Laryngeal cancer,3,Greece
Leukemia,40,Greece
Liver cancer,18,Greece
Lung cancer,18,Greece
Mesothelioma,7,Greece
Mouth cancer,0,Greece
Multiple myeloma,75,Greece
Non-Hodgkin lymphoma,5,Greece
Other cancer,0,Greece
Ovarian cancer,50,Greece
Pancreatic cancer,26,Greece
Penile cancer,0,Greece
Prostate cancer,41,Greece
Rectal cancer,12,Greece
Salivary gland cancer,0,Greece
Skin cancer,27,Greece
Stomach cancer,4,Greece
Testicular cancer,1,Greece
Throat cancer,0,Greece
Thyroid cancer,10,Greece
Undetermined cancer,0,Greece
Uterine cancer,2,Greece
Vaginal cancer,0,Greece
Vulvar cancer,0,Greece
Anal cancer,0,Cameroon
Bladder cancer,0,Cameroon
Brain cancer,0,Cameroon
Breast cancer,0,Cameroon
Cervical cancer,1,Cameroon
Colon cancer,0,Cameroon
Colorectal cancer,0,Cameroon
Esophageal cancer,0,Cameroon
Gallbladder cancer,0,Cameroon
Hodgkin lymphoma,0,Cameroon
Kaposi sarcoma,0,Cameroon
Kidney cancer,0,Cameroon
Laryngeal cancer,0,Cameroon
Leukemia,0,Cameroon
Liver cancer,0,Cameroon
Lung cancer,0,Cameroon
Mesothelioma,0,Cameroon
Mouth cancer,0,Cameroon
Multiple myeloma,0,Cameroon
Non-Hodgkin lymphoma,0,Cameroon
Other cancer,0,Cameroon
Ovarian cancer,0,Cameroon
Pancreatic cancer,0,Cameroon
Penile cancer,0,Cameroon
Prostate cancer,0,Cameroon
Rectal cancer,0,Cameroon
Salivary gland cancer,0,Cameroon
Skin cancer,0,Cameroon
Stomach cancer,0,Cameroon
Testicular cancer,0,Cameroon
Throat cancer,0,Cameroon
Thyroid cancer,0,Cameroon
Undetermined cancer,0,Cameroon
Uterine cancer,0,Cameroon
Vaginal cancer,0,Cameroon
Vulvar cancer,0,Cameroon
Anal cancer,0,Nigeria
Bladder cancer,1,Nigeria
Brain cancer,0,Nigeria
Breast cancer,8,Nigeria
Cervical cancer,7,Nigeria
Colon cancer,0,Nigeria
Colorectal cancer,0,Nigeria
Esophageal cancer,0,Nigeria
Gallbladder cancer,1,Nigeria
Hodgkin lymphoma,0,Nigeria
Kaposi sarcoma,0,Nigeria
Kidney cancer,0,Nigeria
Laryngeal cancer,0,Nigeria
Leukemia,3,Nigeria
Liver cancer,1,Nigeria
Lung cancer,1,Nigeria
Mesothelioma,0,Nigeria
Mouth cancer,0,Nigeria
Multiple myeloma,0,Nigeria
Non-Hodgkin lymphoma,0,Nigeria
Other cancer,0,Nigeria
Ovarian cancer,0,Nigeria
Pancreatic cancer,0,Nigeria
Penile cancer,0,Nigeria
Prostate cancer,2,Nigeria
Rectal cancer,0,Nigeria
Salivary gland cancer,0,Nigeria
Skin cancer,0,Nigeria
Stomach cancer,0,Nigeria
Testicular cancer,0,Nigeria
Throat cancer,0,Nigeria
Thyroid cancer,0,Nigeria
Undetermined cancer,0,Nigeria
Uterine cancer,0,Nigeria
Vaginal cancer,0,Nigeria
Vulvar cancer,0,Nigeria
Anal cancer,0,Croatia
Bladder cancer,3,Croatia
Brain cancer,1,Croatia
Breast cancer,13,Croatia
Cervical cancer,4,Croatia
Colon cancer,1,Croatia
Colorectal cancer,8,Croatia
Esophageal cancer,1,Croatia
Gallbladder cancer,0,Croatia
Hodgkin lymphoma,3,Croatia
Kaposi sarcoma,0,Croatia
Kidney cancer,1,Croatia
Laryngeal cancer,0,Croatia
Leukemia,9,Croatia
Liver cancer,2,Croatia
Lung cancer,2,Croatia
Mesothelioma,0,Croatia
Mouth cancer,0,Croatia
Multiple myeloma,1,Croatia
Non-Hodgkin lymphoma,3,Croatia
Other cancer,0,Croatia
Ovarian cancer,1,Croatia
Pancreatic cancer,1,Croatia
Penile cancer,0,Croatia
Prostate cancer,1,Croatia
Rectal cancer,0,Croatia
Salivary gland cancer,0,Croatia
Skin cancer,5,Croatia
Stomach cancer,0,Croatia
Testicular cancer,0,Croatia
Throat cancer,0,Croatia
Thyroid cancer,0,Croatia
Undetermined cancer,0,Croatia
Uterine cancer,1,Croatia
Vaginal cancer,0,Croatia
Vulvar cancer,1,Croatia
Anal cancer,0,Eswatini
Bladder cancer,0,Eswatini
Brain cancer,0,Eswatini
Breast cancer,1,Eswatini
Cervical cancer,0,Eswatini
Colon cancer,0,Eswatini
Colorectal cancer,0,Eswatini
Esophageal cancer,0,Eswatini
Gallbladder cancer,0,Eswatini
Hodgkin lymphoma,0,Eswatini
Kaposi sarcoma,0,Eswatini
Kidney cancer,0,Eswatini
Laryngeal cancer,0,Eswatini
Leukemia,0,Eswatini
Liver cancer,0,Eswatini
Lung cancer,0,Eswatini
Mesothelioma,0,Eswatini
Mouth cancer,0,Eswatini
Multiple myeloma,0,Eswatini
Non-Hodgkin lymphoma,0,Eswatini
Other cancer,0,Eswatini
Ovarian cancer,0,Eswatini
Pancreatic cancer,0,Eswatini
Penile cancer,0,Eswatini
Prostate cancer,0,Eswatini
Rectal cancer,0,Eswatini
Salivary gland cancer,0,Eswatini
Skin cancer,0,Eswatini
Stomach cancer,0,Eswatini
Testicular cancer,0,Eswatini
Throat cancer,0,Eswatini
Thyroid cancer,0,Eswatini
Undetermined cancer,0,Eswatini
Uterine cancer,0,Eswatini
Vaginal cancer,0,Eswatini
Vulvar cancer,0,Eswatini
Anal cancer,3,Switzerland
Bladder cancer,33,Switzerland
Brain cancer,55,Switzerland
Breast cancer,183,Switzerland
Cervical cancer,15,Switzerland
Colon cancer,15,Switzerland
Colorectal cancer,43,Switzerland
Esophageal cancer,11,Switzerland
Gallbladder cancer,1,Switzerland
Hodgkin lymphoma,8,Switzerland
Kaposi sarcoma,0,Switzerland
Kidney cancer,5,Switzerland
Laryngeal cancer,0,Switzerland
Leukemia,63,Switzerland
Liver cancer,14,Switzerland
Lung cancer,14,Switzerland
Mesothelioma,18,Switzerland
Mouth cancer,0,Switzerland
Multiple myeloma,22,Switzerland
Non-Hodgkin lymphoma,31,Switzerland
Other cancer,0,Switzerland
Ovarian cancer,20,Switzerland
Pancreatic cancer,21,Switzerland
Penile cancer,0,Switzerland
Prostate cancer,79,Switzerland
Rectal cancer,23,Switzerland
Salivary gland cancer,0,Switzerland
Skin cancer,99,Switzerland
Stomach cancer,5,Switzerland
Testicular cancer,1,Switzerland
Throat cancer,0,Switzerland
Thyroid cancer,8,Switzerland
Undetermined cancer,0,Switzerland
Uterine cancer,4,Switzerland
Vaginal cancer,0,Switzerland
Vulvar cancer,0,Switzerland
Anal cancer,0,Cambodia
Bladder cancer,0,Cambodia
Brain cancer,0,Cambodia
Breast cancer,0,Cambodia
Cervical cancer,0,Cambodia
Colon cancer,0,Cambodia
Colorectal cancer,0,Cambodia
Esophageal cancer,0,Cambodia
Gallbladder cancer,0,Cambodia
Hodgkin lymphoma,0,Cambodia
Kaposi sarcoma,0,Cambodia
Kidney cancer,0,Cambodia
Laryngeal cancer,0,Cambodia
Leukemia,0,Cambodia
Liver cancer,0,Cambodia
Lung cancer,0,Cambodia
Mesothelioma,0,Cambodia
Mouth cancer,0,Cambodia
Multiple myeloma,0,Cambodia
Non-Hodgkin lymphoma,0,Cambodia
Other cancer,0,Cambodia
Ovarian cancer,0,Cambodia
Pancreatic cancer,0,Cambodia
Penile cancer,0,Cambodia
Prostate cancer,0,Cambodia
Rectal cancer,0,Cambodia
Salivary gland cancer,0,Cambodia
Skin cancer,0,Cambodia
Stomach cancer,0,Cambodia
Testicular cancer,0,Cambodia
Throat cancer,0,Cambodia
Thyroid cancer,0,Cambodia
Undetermined cancer,0,Cambodia
Uterine cancer,0,Cambodia
Vaginal cancer,0,Cambodia
Vulvar cancer,0,Cambodia
Anal cancer,4,Spain
Bladder cancer,71,Spain
Brain cancer,39,Spain
Breast cancer,474,Spain
Cervical cancer,30,Spain
Colon cancer,34,Spain
Colorectal cancer,268,Spain
Esophageal cancer,8,Spain
Gallbladder cancer,0,Spain
Hodgkin lymphoma,18,Spain
Kaposi sarcoma,2,Spain
Kidney cancer,23,Spain
Laryngeal cancer,16,Spain
Leukemia,189,Spain
Liver cancer,53,Spain
Lung cancer,53,Spain
Mesothelioma,6,Spain
Mouth cancer,0,Spain
Multiple myeloma,137,Spain
Non-Hodgkin lymphoma,71,Spain
Other cancer,0,Spain
Ovarian cancer,61,Spain
Pancreatic cancer,37,Spain
Penile cancer,0,Spain
Prostate cancer,117,Spain
Rectal cancer,72,Spain
Salivary gland cancer,1,Spain
Skin cancer,59,Spain
Stomach cancer,14,Spain
Testicular cancer,1,Spain
Throat cancer,0,Spain
Thyroid cancer,9,Spain
Undetermined cancer,0,Spain
Uterine cancer,18,Spain
Vaginal cancer,0,Spain
Vulvar cancer,0,Spain
Anal cancer,0,Reunion
Bladder cancer,0,Reunion
Brain cancer,0,Reunion
Breast cancer,0,Reunion
Cervical cancer,0,Reunion
Colon cancer,0,Reunion
Colorectal cancer,0,Reunion
Esophageal cancer,0,Reunion
Gallbladder cancer,0,Reunion
Hodgkin lymphoma,0,Reunion
Kaposi sarcoma,0,Reunion
Kidney cancer,0,Reunion
Laryngeal cancer,0,Reunion
Leukemia,0,Reunion
Liver cancer,0,Reunion
Lung cancer,0,Reunion
Mesothelioma,0,Reunion
Mouth cancer,0,Reunion
Multiple myeloma,0,Reunion
Non-Hodgkin lymphoma,0,Reunion
Other cancer,0,Reunion
Ovarian cancer,0,Reunion
Pancreatic cancer,0,Reunion
Penile cancer,0,Reunion
Prostate cancer,0,Reunion
Rectal cancer,0,Reunion
Salivary gland cancer,0,Reunion
Skin cancer,1,Reunion
Stomach cancer,0,Reunion
Testicular cancer,0,Reunion
Throat cancer,0,Reunion
Thyroid cancer,0,Reunion
Undetermined cancer,0,Reunion
Uterine cancer,0,Reunion
Vaginal cancer,0,Reunion
Vulvar cancer,0,Reunion
Anal cancer,0,Thailand
Bladder cancer,1,Thailand
Brain cancer,0,Thailand
Breast cancer,25,Thailand
Cervical cancer,41,Thailand
Colon cancer,2,Thailand
Colorectal cancer,22,Thailand
Esophageal cancer,8,Thailand
Gallbladder cancer,0,Thailand
Hodgkin lymphoma,0,Thailand
Kaposi sarcoma,0,Thailand
Kidney cancer,1,Thailand
Laryngeal cancer,1,Thailand
Leukemia,17,Thailand
Liver cancer,16,Thailand
Lung cancer,16,Thailand
Mesothelioma,0,Thailand
Mouth cancer,0,Thailand
Multiple myeloma,1,Thailand
Non-Hodgkin lymphoma,0,Thailand
Other cancer,0,Thailand
Ovarian cancer,7,Thailand
Pancreatic cancer,1,Thailand
Penile cancer,0,Thailand
Prostate cancer,2,Thailand
Rectal cancer,5,Thailand
Salivary gland cancer,0,Thailand
Skin cancer,1,Thailand
Stomach cancer,1,Thailand
Testicular cancer,0,Thailand
Throat cancer,0,Thailand
Thyroid cancer,2,Thailand
Undetermined cancer,0,Thailand
Uterine cancer,4,Thailand
Vaginal cancer,0,Thailand
Vulvar cancer,0,Thailand
Anal cancer,0,United Arab Emirates
Bladder cancer,0,United Arab Emirates
Brain cancer,0,United Arab Emirates
Breast cancer,2,United Arab Emirates
Cervical cancer,0,United Arab Emirates
Colon cancer,1,United Arab Emirates
Colorectal cancer,1,United Arab Emirates
Esophageal cancer,0,United Arab Emirates
Gallbladder cancer,0,United Arab Emirates
Hodgkin lymphoma,0,United Arab Emirates
Kaposi sarcoma,0,United Arab Emirates
Kidney cancer,0,United Arab Emirates
Laryngeal cancer,0,United Arab Emirates
Leukemia,4,United Arab Emirates
Liver cancer,0,United Arab Emirates
Lung cancer,0,United Arab Emirates
Mesothelioma,0,United Arab Emirates
Mouth cancer,0,United Arab Emirates
Multiple myeloma,1,United Arab Emirates
Non-Hodgkin lymphoma,0,United Arab Emirates
Other cancer,0,United Arab Emirates
Ovarian cancer,1,United Arab Emirates
Pancreatic cancer,0,United Arab Emirates
Penile cancer,0,United Arab Emirates
Prostate cancer,0,United Arab Emirates
Rectal cancer,0,United Arab Emirates
Salivary gland cancer,0,United Arab Emirates
Skin cancer,0,United Arab Emirates
Stomach cancer,0,United Arab Emirates
Testicular cancer,0,United Arab Emirates
Throat cancer,0,United Arab Emirates
Thyroid cancer,0,United Arab Emirates
Undetermined cancer,0,United Arab Emirates
Uterine cancer,0,United Arab Emirates
Vaginal cancer,0,United Arab Emirates
Vulvar cancer,0,United Arab Emirates
Anal cancer,0,Kuwait
Bladder cancer,0,Kuwait
Brain cancer,0,Kuwait
Breast cancer,3,Kuwait
Cervical cancer,0,Kuwait
Colon cancer,0,Kuwait
Colorectal cancer,0,Kuwait
Esophageal cancer,0,Kuwait
Gallbladder cancer,0,Kuwait
Hodgkin lymphoma,0,Kuwait
Kaposi sarcoma,0,Kuwait
Kidney cancer,0,Kuwait
Laryngeal cancer,0,Kuwait
Leukemia,0,Kuwait
Liver cancer,0,Kuwait
Lung cancer,0,Kuwait
Mesothelioma,0,Kuwait
Mouth cancer,0,Kuwait
Multiple myeloma,0,Kuwait
Non-Hodgkin lymphoma,0,Kuwait
Other cancer,0,Kuwait
Ovarian cancer,0,Kuwait
Pancreatic cancer,0,Kuwait
Penile cancer,0,Kuwait
Prostate cancer,0,Kuwait
Rectal cancer,0,Kuwait
Salivary gland cancer,0,Kuwait
Skin cancer,0,Kuwait
Stomach cancer,0,Kuwait
Testicular cancer,0,Kuwait
Throat cancer,0,Kuwait
Thyroid cancer,1,Kuwait
Undetermined cancer,0,Kuwait
Uterine cancer,2,Kuwait
Vaginal cancer,0,Kuwait
Vulvar cancer,0,Kuwait
Anal cancer,0,Palestine
Bladder cancer,0,Palestine
Brain cancer,0,Palestine
Breast cancer,0,Palestine
Cervical cancer,0,Palestine
Colon cancer,0,Palestine
Colorectal cancer,0,Palestine
Esophageal cancer,0,Palestine
Gallbladder cancer,0,Palestine
Hodgkin lymphoma,0,Palestine
Kaposi sarcoma,0,Palestine
Kidney cancer,0,Palestine
Laryngeal cancer,0,Palestine
Leukemia,0,Palestine
Liver cancer,0,Palestine
Lung cancer,0,Palestine
Mesothelioma,0,Palestine
Mouth cancer,0,Palestine
Multiple myeloma,0,Palestine
Non-Hodgkin lymphoma,0,Palestine
Other cancer,0,Palestine
Ovarian cancer,0,Palestine
Pancreatic cancer,0,Palestine
Penile cancer,0,Palestine
Prostate cancer,0,Palestine
Rectal cancer,0,Palestine
Salivary gland cancer,0,Palestine
Skin cancer,0,Palestine
Stomach cancer,0,Palestine
Testicular cancer,0,Palestine
Throat cancer,0,Palestine
Thyroid cancer,0,Palestine
Undetermined cancer,0,Palestine
Uterine cancer,0,Palestine
Vaginal cancer,0,Palestine
Vulvar cancer,0,Palestine
Anal cancer,0,Suriname
Bladder cancer,0,Suriname
Brain cancer,0,Suriname
Breast cancer,0,Suriname
Cervical cancer,0,Suriname
Colon cancer,0,Suriname
Colorectal cancer,0,Suriname
Esophageal cancer,0,Suriname
Gallbladder cancer,0,Suriname
Hodgkin lymphoma,0,Suriname
Kaposi sarcoma,0,Suriname
Kidney cancer,0,Suriname
Laryngeal cancer,0,Suriname
Leukemia,0,Suriname
Liver cancer,0,Suriname
Lung cancer,0,Suriname
Mesothelioma,0,Suriname
Mouth cancer,0,Suriname
Multiple myeloma,0,Suriname
Non-Hodgkin lymphoma,0,Suriname
Other cancer,0,Suriname
Ovarian cancer,0,Suriname
Pancreatic cancer,0,Suriname
Penile cancer,0,Suriname
Prostate cancer,0,Suriname
Rectal cancer,0,Suriname
Salivary gland cancer,0,Suriname
Skin cancer,0,Suriname
Stomach cancer,0,Suriname
Testicular cancer,0,Suriname
Throat cancer,0,Suriname
Thyroid cancer,0,Suriname
Undetermined cancer,0,Suriname
Uterine cancer,0,Suriname
Vaginal cancer,0,Suriname
Vulvar cancer,0,Suriname
Anal cancer,0,Portugal
Bladder cancer,4,Portugal
Brain cancer,2,Portugal
Breast cancer,28,Portugal
Cervical cancer,9,Portugal
Colon cancer,0,Portugal
Colorectal cancer,9,Portugal
Esophageal cancer,0,Portugal
Gallbladder cancer,0,Portugal
Hodgkin lymphoma,0,Portugal
Kaposi sarcoma,0,Portugal
Kidney cancer,1,Portugal
Laryngeal cancer,0,Portugal
Leukemia,7,Portugal
Liver cancer,3,Portugal
Lung cancer,3,Portugal
Mesothelioma,0,Portugal
Mouth cancer,0,Portugal
Multiple myeloma,4,Portugal
Non-Hodgkin lymphoma,0,Portugal
Other cancer,0,Portugal
Ovarian cancer,2,Portugal
Pancreatic cancer,0,Portugal
Penile cancer,0,Portugal
Prostate cancer,8,Portugal
Rectal cancer,2,Portugal
Salivary gland cancer,0,Portugal
Skin cancer,1,Portugal
Stomach cancer,0,Portugal
Testicular cancer,0,Portugal
Throat cancer,0,Portugal
Thyroid cancer,0,Portugal
Undetermined cancer,0,Portugal
Uterine cancer,0,Portugal
Vaginal cancer,0,Portugal
Vulvar cancer,0,Portugal
Anal cancer,0,Afghanistan
Bladder cancer,0,Afghanistan
Brain cancer,0,Afghanistan
Breast cancer,0,Afghanistan
Cervical cancer,0,Afghanistan
Colon cancer,0,Afghanistan
Colorectal cancer,0,Afghanistan
Esophageal cancer,0,Afghanistan
Gallbladder cancer,0,Afghanistan
Hodgkin lymphoma,0,Afghanistan
Kaposi sarcoma,0,Afghanistan
Kidney cancer,0,Afghanistan
Laryngeal cancer,0,Afghanistan
Leukemia,0,Afghanistan
Liver cancer,0,Afghanistan
Lung cancer,0,Afghanistan
Mesothelioma,0,Afghanistan
Mouth cancer,0,Afghanistan
Multiple myeloma,0,Afghanistan
Non-Hodgkin lymphoma,0,Afghanistan
Other cancer,0,Afghanistan
Ovarian cancer,0,Afghanistan
Pancreatic cancer,0,Afghanistan
Penile cancer,0,Afghanistan
Prostate cancer,0,Afghanistan
Rectal cancer,0,Afghanistan
Salivary gland cancer,0,Afghanistan
Skin cancer,0,Afghanistan
Stomach cancer,0,Afghanistan
Testicular cancer,0,Afghanistan
Throat cancer,0,Afghanistan
Thyroid cancer,0,Afghanistan
Undetermined cancer,0,Afghanistan
Uterine cancer,0,Afghanistan
Vaginal cancer,0,Afghanistan
Vulvar cancer,0,Afghanistan
Anal cancer,0,Slovakia
Bladder cancer,1,Slovakia
Brain cancer,0,Slovakia
Breast cancer,5,Slovakia
Cervical cancer,2,Slovakia
Colon cancer,2,Slovakia
Colorectal cancer,2,Slovakia
Esophageal cancer,1,Slovakia
Gallbladder cancer,0,Slovakia
Hodgkin lymphoma,0,Slovakia
Kaposi sarcoma,0,Slovakia
Kidney cancer,0,Slovakia
Laryngeal cancer,1,Slovakia
Leukemia,11,Slovakia
Liver cancer,0,Slovakia
Lung cancer,0,Slovakia
Mesothelioma,0,Slovakia
Mouth cancer,0,Slovakia
Multiple myeloma,2,Slovakia
Non-Hodgkin lymphoma,0,Slovakia
Other cancer,0,Slovakia
Ovarian cancer,0,Slovakia
Pancreatic cancer,0,Slovakia
Penile cancer,0,Slovakia
Prostate cancer,2,Slovakia
Rectal cancer,0,Slovakia
Salivary gland cancer,0,Slovakia
Skin cancer,1,Slovakia
Stomach cancer,0,Slovakia
Testicular cancer,2,Slovakia
Throat cancer,0,Slovakia
Thyroid cancer,0,Slovakia
Undetermined cancer,0,Slovakia
Uterine cancer,0,Slovakia
Vaginal cancer,0,Slovakia
Vulvar cancer,0,Slovakia
Anal cancer,0,Congo Republic
Bladder cancer,0,Congo Republic
Brain cancer,0,Congo Republic
Breast cancer,0,Congo Republic
Cervical cancer,0,Congo Republic
Colon cancer,0,Congo Republic
Colorectal cancer,0,Congo Republic
Esophageal cancer,0,Congo Republic
Gallbladder cancer,0,Congo Republic
Hodgkin lymphoma,0,Congo Republic
Kaposi sarcoma,0,Congo Republic
Kidney cancer,0,Congo Republic
Laryngeal cancer,0,Congo Republic
Leukemia,0,Congo Republic
Liver cancer,0,Congo Republic
Lung cancer,0,Congo Republic
Mesothelioma,0,Congo Republic
Mouth cancer,0,Congo Republic
Multiple myeloma,0,Congo Republic
Non-Hodgkin lymphoma,0,Congo Republic
Other cancer,0,Congo Republic
Ovarian cancer,0,Congo Republic
Pancreatic cancer,0,Congo Republic
Penile cancer,0,Congo Republic
Prostate cancer,0,Congo Republic
Rectal cancer,0,Congo Republic
Salivary gland cancer,0,Congo Republic
Skin cancer,0,Congo Republic
Stomach cancer,0,Congo Republic
Testicular cancer,0,Congo Republic
Throat cancer,0,Congo Republic
Thyroid cancer,0,Congo Republic
Undetermined cancer,0,Congo Republic
Uterine cancer,0,Congo Republic
Vaginal cancer,0,Congo Republic
Vulvar cancer,0,Congo Republic
Anal cancer,0,Brunei Darussalam
Bladder cancer,0,Brunei Darussalam
Brain cancer,0,Brunei Darussalam
Breast cancer,0,Brunei Darussalam
Cervical cancer,0,Brunei Darussalam
Colon cancer,0,Brunei Darussalam
Colorectal cancer,1,Brunei Darussalam
Esophageal cancer,0,Brunei Darussalam
Gallbladder cancer,0,Brunei Darussalam
Hodgkin lymphoma,0,Brunei Darussalam
Kaposi sarcoma,0,Brunei Darussalam
Kidney cancer,0,Brunei Darussalam
Laryngeal cancer,0,Brunei Darussalam
Leukemia,0,Brunei Darussalam
Liver cancer,0,Brunei Darussalam
Lung cancer,0,Brunei Darussalam
Mesothelioma,0,Brunei Darussalam
Mouth cancer,0,Brunei Darussalam
Multiple myeloma,0,Brunei Darussalam
Non-Hodgkin lymphoma,0,Brunei Darussalam
Other cancer,0,Brunei Darussalam
Ovarian cancer,0,Brunei Darussalam
Pancreatic cancer,0,Brunei Darussalam
Penile cancer,0,Brunei Darussalam
Prostate cancer,0,Brunei Darussalam
Rectal cancer,0,Brunei Darussalam
Salivary gland cancer,0,Brunei Darussalam
Skin cancer,0,Brunei Darussalam
Stomach cancer,0,Brunei Darussalam
Testicular cancer,0,Brunei Darussalam
Throat cancer,0,Brunei Darussalam
Thyroid cancer,0,Brunei Darussalam
Undetermined cancer,0,Brunei Darussalam
Uterine cancer,0,Brunei Darussalam
Vaginal cancer,0,Brunei Darussalam
Vulvar cancer,0,Brunei Darussalam
Anal cancer,1,Austria
Bladder cancer,20,Austria
Brain cancer,28,Austria
Breast cancer,178,Austria
Cervical cancer,16,Austria
Colon cancer,10,Austria
Colorectal cancer,73,Austria
Esophageal cancer,7,Austria
Gallbladder cancer,0,Austria
Hodgkin lymphoma,1,Austria
Kaposi sarcoma,0,Austria
Kidney cancer,20,Austria
Laryngeal cancer,0,Austria
Leukemia,83,Austria
Liver cancer,18,Austria
Lung cancer,18,Austria
Mesothelioma,4,Austria
Mouth cancer,0,Austria
Multiple myeloma,28,Austria
Non-Hodgkin lymphoma,14,Austria
Other cancer,0,Austria
Ovarian cancer,27,Austria
Pancreatic cancer,16,Austria
Penile cancer,0,Austria
Prostate cancer,59,Austria
Rectal cancer,14,Austria
Salivary gland cancer,0,Austria
Skin cancer,45,Austria
Stomach cancer,2,Austria
Testicular cancer,4,Austria
Throat cancer,0,Austria
Thyroid cancer,16,Austria
Undetermined cancer,0,Austria
Uterine cancer,3,Austria
Vaginal cancer,0,Austria
Vulvar cancer,3,Austria
Anal cancer,0,Lesotho
Bladder cancer,0,Lesotho
Brain cancer,0,Lesotho
Breast cancer,0,Lesotho
Cervical cancer,0,Lesotho
Colon cancer,0,Lesotho
Colorectal cancer,0,Lesotho
Esophageal cancer,0,Lesotho
Gallbladder cancer,0,Lesotho
Hodgkin lymphoma,0,Lesotho
Kaposi sarcoma,0,Lesotho
Kidney cancer,0,Lesotho
Laryngeal cancer,0,Lesotho
Leukemia,0,Lesotho
Liver cancer,0,Lesotho
Lung cancer,0,Lesotho
Mesothelioma,0,Lesotho
Mouth cancer,0,Lesotho
Multiple myeloma,0,Lesotho
Non-Hodgkin lymphoma,0,Lesotho
Other cancer,0,Lesotho
Ovarian cancer,0,Lesotho
Pancreatic cancer,0,Lesotho
Penile cancer,0,Lesotho
Prostate cancer,0,Lesotho
Rectal cancer,0,Lesotho
Salivary gland cancer,0,Lesotho
Skin cancer,0,Lesotho
Stomach cancer,0,Lesotho
Testicular cancer,0,Lesotho
Throat cancer,0,Lesotho
Thyroid cancer,0,Lesotho
Undetermined cancer,0,Lesotho
Uterine cancer,0,Lesotho
Vaginal cancer,0,Lesotho
Vulvar cancer,0,Lesotho
Anal cancer,0,Mozambique
Bladder cancer,0,Mozambique
Brain cancer,0,Mozambique
Breast cancer,0,Mozambique
Cervical cancer,0,Mozambique
Colon cancer,0,Mozambique
Colorectal cancer,0,Mozambique
Esophageal cancer,0,Mozambique
Gallbladder cancer,0,Mozambique
Hodgkin lymphoma,0,Mozambique
Kaposi sarcoma,0,Mozambique
Kidney cancer,0,Mozambique
Laryngeal cancer,0,Mozambique
Leukemia,0,Mozambique
Liver cancer,0,Mozambique
Lung cancer,0,Mozambique
Mesothelioma,0,Mozambique
Mouth cancer,0,Mozambique
Multiple myeloma,0,Mozambique
Non-Hodgkin lymphoma,0,Mozambique
Other cancer,0,Mozambique
Ovarian cancer,0,Mozambique
Pancreatic cancer,0,Mozambique
Penile cancer,0,Mozambique
Prostate cancer,0,Mozambique
Rectal cancer,0,Mozambique
Salivary gland cancer,0,Mozambique
Skin cancer,0,Mozambique
Stomach cancer,0,Mozambique
Testicular cancer,0,Mozambique
Throat cancer,0,Mozambique
Thyroid cancer,0,Mozambique
Undetermined cancer,0,Mozambique
Uterine cancer,0,Mozambique
Vaginal cancer,0,Mozambique
Vulvar cancer,0,Mozambique
Anal cancer,0,Hungary
Bladder cancer,3,Hungary
Brain cancer,9,Hungary
Breast cancer,43,Hungary
Cervical cancer,7,Hungary
Colon cancer,0,Hungary
Colorectal cancer,6,Hungary
Esophageal cancer,2,Hungary
Gallbladder cancer,0,Hungary
Hodgkin lymphoma,1,Hungary
Kaposi sarcoma,0,Hungary
Kidney cancer,1,Hungary
Laryngeal cancer,1,Hungary
Leukemia,9,Hungary
Liver cancer,2,Hungary
Lung cancer,2,Hungary
Mesothelioma,0,Hungary
Mouth cancer,0,Hungary
Multiple myeloma,2,Hungary
Non-Hodgkin lymphoma,3,Hungary
Other cancer,0,Hungary
Ovarian cancer,6,Hungary
Pancreatic cancer,4,Hungary
Penile cancer,0,Hungary
Prostate cancer,9,Hungary
Rectal cancer,1,Hungary
Salivary gland cancer,0,Hungary
Skin cancer,4,Hungary
Stomach cancer,1,Hungary
Testicular cancer,4,Hungary
Throat cancer,0,Hungary
Thyroid cancer,2,Hungary
Undetermined cancer,0,Hungary
Uterine cancer,0,Hungary
Vaginal cancer,0,Hungary
Vulvar cancer,0,Hungary
Anal cancer,0,Indonesia
Bladder cancer,1,Indonesia
Brain cancer,0,Indonesia
Breast cancer,7,Indonesia
Cervical cancer,5,Indonesia
Colon cancer,0,Indonesia
Colorectal cancer,4,Indonesia
Esophageal cancer,0,Indonesia
Gallbladder cancer,0,Indonesia
Hodgkin lymphoma,0,Indonesia
Kaposi sarcoma,0,Indonesia
Kidney cancer,0,Indonesia
Laryngeal cancer,0,Indonesia
Leukemia,4,Indonesia
Liver cancer,0,Indonesia
Lung cancer,0,Indonesia
Mesothelioma,0,Indonesia
Mouth cancer,0,Indonesia
Multiple myeloma,0,Indonesia
Non-Hodgkin lymphoma,0,Indonesia
Other cancer,0,Indonesia
Ovarian cancer,0,Indonesia
Pancreatic cancer,0,Indonesia
Penile cancer,0,Indonesia
Prostate cancer,0,Indonesia
Rectal cancer,0,Indonesia
Salivary gland cancer,0,Indonesia
Skin cancer,0,Indonesia
Stomach cancer,0,Indonesia
Testicular cancer,0,Indonesia
Throat cancer,0,Indonesia
Thyroid cancer,1,Indonesia
Undetermined cancer,0,Indonesia
Uterine cancer,0,Indonesia
Vaginal cancer,0,Indonesia
Vulvar cancer,0,Indonesia
Anal cancer,0,Pakistan
Bladder cancer,2,Pakistan
Brain cancer,0,Pakistan
Breast cancer,14,Pakistan
Cervical cancer,0,Pakistan
Colon cancer,1,Pakistan
Colorectal cancer,2,Pakistan
Esophageal cancer,0,Pakistan
Gallbladder cancer,2,Pakistan
Hodgkin lymphoma,0,Pakistan
Kaposi sarcoma,0,Pakistan
Kidney cancer,2,Pakistan
Laryngeal cancer,0,Pakistan
Leukemia,7,Pakistan
Liver cancer,6,Pakistan
Lung cancer,6,Pakistan
Mesothelioma,0,Pakistan
Mouth cancer,0,Pakistan
Multiple myeloma,1,Pakistan
Non-Hodgkin lymphoma,0,Pakistan
Other cancer,0,Pakistan
Ovarian cancer,1,Pakistan
Pancreatic cancer,0,Pakistan
Penile cancer,0,Pakistan
Prostate cancer,2,Pakistan
Rectal cancer,2,Pakistan
Salivary gland cancer,0,Pakistan
Skin cancer,0,Pakistan
Stomach cancer,0,Pakistan
Testicular cancer,0,Pakistan
Throat cancer,0,Pakistan
Thyroid cancer,1,Pakistan
Undetermined cancer,0,Pakistan
Uterine cancer,0,Pakistan
Vaginal cancer,0,Pakistan
Vulvar cancer,0,Pakistan
Anal cancer,1,Myanmar
Bladder cancer,1,Myanmar
Brain cancer,0,Myanmar
Breast cancer,0,Myanmar
Cervical cancer,1,Myanmar
Colon cancer,0,Myanmar
Colorectal cancer,3,Myanmar
Esophageal cancer,0,Myanmar
Gallbladder cancer,0,Myanmar
Hodgkin lymphoma,0,Myanmar
Kaposi sarcoma,0,Myanmar
Kidney cancer,1,Myanmar
Laryngeal cancer,0,Myanmar
Leukemia,1,Myanmar
Liver cancer,0,Myanmar
Lung cancer,0,Myanmar
Mesothelioma,0,Myanmar
Mouth cancer,0,Myanmar
Multiple myeloma,0,Myanmar
Non-Hodgkin lymphoma,0,Myanmar
Other cancer,0,Myanmar
Ovarian cancer,0,Myanmar
Pancreatic cancer,0,Myanmar
Penile cancer,0,Myanmar
Prostate cancer,1,Myanmar
Rectal cancer,0,Myanmar
Salivary gland cancer,0,Myanmar
Skin cancer,0,Myanmar
Stomach cancer,0,Myanmar
Testicular cancer,1,Myanmar
Throat cancer,0,Myanmar
Thyroid cancer,0,Myanmar
Undetermined cancer,0,Myanmar
Uterine cancer,0,Myanmar
Vaginal cancer,0,Myanmar
Vulvar cancer,0,Myanmar
Anal cancer,0,DR Congo
Bladder cancer,0,DR Congo
Brain cancer,0,DR Congo
Breast cancer,1,DR Congo
Cervical cancer,1,DR Congo
Colon cancer,0,DR Congo
Colorectal cancer,0,DR Congo
Esophageal cancer,0,DR Congo
Gallbladder cancer,0,DR Congo
Hodgkin lymphoma,0,DR Congo
Kaposi sarcoma,0,DR Congo
Kidney cancer,0,DR Congo
Laryngeal cancer,0,DR Congo
Leukemia,0,DR Congo
Liver cancer,0,DR Congo
Lung cancer,0,DR Congo
Mesothelioma,0,DR Congo
Mouth cancer,0,DR Congo
Multiple myeloma,0,DR Congo
Non-Hodgkin lymphoma,0,DR Congo
Other cancer,0,DR Congo
Ovarian cancer,0,DR Congo
Pancreatic cancer,0,DR Congo
Penile cancer,0,DR Congo
Prostate cancer,0,DR Congo
Rectal cancer,0,DR Congo
Salivary gland cancer,0,DR Congo
Skin cancer,0,DR Congo
Stomach cancer,0,DR Congo
Testicular cancer,0,DR Congo
Throat cancer,0,DR Congo
Thyroid cancer,0,DR Congo
Undetermined cancer,0,DR Congo
Uterine cancer,0,DR Congo
Vaginal cancer,0,DR Congo
Vulvar cancer,0,DR Congo
Anal cancer,0,Russia
Bladder cancer,2,Russia
Brain cancer,6,Russia
Breast cancer,45,Russia
Cervical cancer,5,Russia
Colon cancer,4,Russia
Colorectal cancer,8,Russia
Esophageal cancer,5,Russia
Gallbladder cancer,0,Russia
Hodgkin lymphoma,5,Russia
Kaposi sarcoma,0,Russia
Kidney cancer,10,Russia
Laryngeal cancer,0,Russia
Leukemia,23,Russia
Liver cancer,1,Russia
Lung cancer,1,Russia
Mesothelioma,2,Russia
Mouth cancer,1,Russia
Multiple myeloma,5,Russia
Non-Hodgkin lymphoma,10,Russia
Other cancer,0,Russia
Ovarian cancer,2,Russia
Pancreatic cancer,0,Russia
Penile cancer,0,Russia
Prostate cancer,7,Russia
Rectal cancer,8,Russia
Salivary gland cancer,0,Russia
Skin cancer,14,Russia
Stomach cancer,5,Russia
Testicular cancer,1,Russia
Throat cancer,0,Russia
Thyroid cancer,1,Russia
Undetermined cancer,0,Russia
Uterine cancer,3,Russia
Vaginal cancer,0,Russia
Vulvar cancer,0,Russia
Anal cancer,0,Serbia
Bladder cancer,1,Serbia
Brain cancer,13,Serbia
Breast cancer,20,Serbia
Cervical cancer,5,Serbia
Colon cancer,2,Serbia
Colorectal cancer,11,Serbia
Esophageal cancer,0,Serbia
Gallbladder cancer,0,Serbia
Hodgkin lymphoma,0,Serbia
Kaposi sarcoma,0,Serbia
Kidney cancer,2,Serbia
Laryngeal cancer,0,Serbia
Leukemia,9,Serbia
Liver cancer,1,Serbia
Lung cancer,1,Serbia
Mesothelioma,0,Serbia
Mouth cancer,0,Serbia
Multiple myeloma,0,Serbia
Non-Hodgkin lymphoma,1,Serbia
Other cancer,0,Serbia
Ovarian cancer,2,Serbia
Pancreatic cancer,1,Serbia
Penile cancer,0,Serbia
Prostate cancer,2,Serbia
Rectal cancer,1,Serbia
Salivary gland cancer,0,Serbia
Skin cancer,6,Serbia
Stomach cancer,0,Serbia
Testicular cancer,0,Serbia
Throat cancer,0,Serbia
Thyroid cancer,2,Serbia
Undetermined cancer,0,Serbia
Uterine cancer,0,Serbia
Vaginal cancer,0,Serbia
Vulvar cancer,0,Serbia
Anal cancer,0,Lebanon
Bladder cancer,0,Lebanon
Brain cancer,1,Lebanon
Breast cancer,24,Lebanon
Cervical cancer,2,Lebanon
Colon cancer,1,Lebanon
Colorectal cancer,6,Lebanon
Esophageal cancer,0,Lebanon
Gallbladder cancer,0,Lebanon
Hodgkin lymphoma,0,Lebanon
Kaposi sarcoma,0,Lebanon
Kidney cancer,0,Lebanon
Laryngeal cancer,0,Lebanon
Leukemia,7,Lebanon
Liver cancer,0,Lebanon
Lung cancer,0,Lebanon
Mesothelioma,0,Lebanon
Mouth cancer,0,Lebanon
Multiple myeloma,2,Lebanon
Non-Hodgkin lymphoma,0,Lebanon
Other cancer,0,Lebanon
Ovarian cancer,0,Lebanon
Pancreatic cancer,4,Lebanon
Penile cancer,0,Lebanon
Prostate cancer,2,Lebanon
Rectal cancer,3,Lebanon
Salivary gland cancer,0,Lebanon
Skin cancer,3,Lebanon
Stomach cancer,0,Lebanon
Testicular cancer,1,Lebanon
Throat cancer,0,Lebanon
Thyroid cancer,0,Lebanon
Undetermined cancer,0,Lebanon
Uterine cancer,1,Lebanon
Vaginal cancer,0,Lebanon
Vulvar cancer,0,Lebanon
Anal cancer,1,Cuba
Bladder cancer,0,Cuba
Brain cancer,5,Cuba
Breast cancer,4,Cuba
Cervical cancer,3,Cuba
Colon cancer,0,Cuba
Colorectal cancer,2,Cuba
Esophageal cancer,1,Cuba
Gallbladder cancer,0,Cuba
Hodgkin lymphoma,0,Cuba
Kaposi sarcoma,0,Cuba
Kidney cancer,0,Cuba
Laryngeal cancer,0,Cuba
Leukemia,4,Cuba
Liver cancer,0,Cuba
Lung cancer,0,Cuba
Mesothelioma,0,Cuba
Mouth cancer,0,Cuba
Multiple myeloma,0,Cuba
Non-Hodgkin lymphoma,0,Cuba
Other cancer,0,Cuba
Ovarian cancer,1,Cuba
Pancreatic cancer,0,Cuba
Penile cancer,0,Cuba
Prostate cancer,1,Cuba
Rectal cancer,0,Cuba
Salivary gland cancer,0,Cuba
Skin cancer,4,Cuba
Stomach cancer,0,Cuba
Testicular cancer,0,Cuba
Throat cancer,0,Cuba
Thyroid cancer,0,Cuba
Undetermined cancer,0,Cuba
Uterine cancer,0,Cuba
Vaginal cancer,0,Cuba
Vulvar cancer,0,Cuba
Anal cancer,0,Peru
Bladder cancer,0,Peru
Brain cancer,0,Peru
Breast cancer,5,Peru
Cervical cancer,2,Peru
Colon cancer,0,Peru
Colorectal cancer,1,Peru
Esophageal cancer,0,Peru
Gallbladder cancer,0,Peru
Hodgkin lymphoma,0,Peru
Kaposi sarcoma,0,Peru
Kidney cancer,0,Peru
Laryngeal cancer,0,Peru
Leukemia,0,Peru
Liver cancer,0,Peru
Lung cancer,0,Peru
Mesothelioma,0,Peru
Mouth cancer,0,Peru
Multiple myeloma,0,Peru
Non-Hodgkin lymphoma,0,Peru
Other cancer,0,Peru
Ovarian cancer,2,Peru
Pancreatic cancer,0,Peru
Penile cancer,0,Peru
Prostate cancer,1,Peru
Rectal cancer,0,Peru
Salivary gland cancer,0,Peru
Skin cancer,2,Peru
Stomach cancer,0,Peru
Testicular cancer,0,Peru
Throat cancer,0,Peru
Thyroid cancer,0,Peru
Undetermined cancer,0,Peru
Uterine cancer,0,Peru
Vaginal cancer,0,Peru
Vulvar cancer,0,Peru
Anal cancer,0,Central African Republic
Bladder cancer,0,Central African Republic
Brain cancer,0,Central African Republic
Breast cancer,0,Central African Republic
Cervical cancer,0,Central African Republic
Colon cancer,0,Central African Republic
Colorectal cancer,0,Central African Republic
Esophageal cancer,0,Central African Republic
Gallbladder cancer,0,Central African Republic
Hodgkin lymphoma,0,Central African Republic
Kaposi sarcoma,0,Central African Republic
Kidney cancer,0,Central African Republic
Laryngeal cancer,0,Central African Republic
Leukemia,0,Central African Republic
Liver cancer,0,Central African Republic
Lung cancer,0,Central African Republic
Mesothelioma,0,Central African Republic
Mouth cancer,0,Central African Republic
Multiple myeloma,0,Central African Republic
Non-Hodgkin lymphoma,0,Central African Republic
Other cancer,0,Central African Republic
Ovarian cancer,0,Central African Republic
Pancreatic cancer,0,Central African Republic
Penile cancer,0,Central African Republic
Prostate cancer,0,Central African Republic
Rectal cancer,0,Central African Republic
Salivary gland cancer,0,Central African Republic
Skin cancer,0,Central African Republic
Stomach cancer,0,Central African Republic
Testicular cancer,0,Central African Republic
Throat cancer,0,Central African Republic
Thyroid cancer,0,Central African Republic
Undetermined cancer,0,Central African Republic
Uterine cancer,0,Central African Republic
Vaginal cancer,0,Central African Republic
Vulvar cancer,0,Central African Republic
Anal cancer,0,Cabo Verde
Bladder cancer,0,Cabo Verde
Brain cancer,0,Cabo Verde
Breast cancer,0,Cabo Verde
Cervical cancer,0,Cabo Verde
Colon cancer,0,Cabo Verde
Colorectal cancer,0,Cabo Verde
Esophageal cancer,0,Cabo Verde
Gallbladder cancer,0,Cabo Verde
Hodgkin lymphoma,0,Cabo Verde
Kaposi sarcoma,0,Cabo Verde
Kidney cancer,0,Cabo Verde
Laryngeal cancer,0,Cabo Verde
Leukemia,0,Cabo Verde
Liver cancer,0,Cabo Verde
Lung cancer,0,Cabo Verde
Mesothelioma,0,Cabo Verde
Mouth cancer,0,Cabo Verde
Multiple myeloma,0,Cabo Verde
Non-Hodgkin lymphoma,0,Cabo Verde
Other cancer,0,Cabo Verde
Ovarian cancer,0,Cabo Verde
Pancreatic cancer,0,Cabo Verde
Penile cancer,0,Cabo Verde
Prostate cancer,0,Cabo Verde
Rectal cancer,0,Cabo Verde
Salivary gland cancer,0,Cabo Verde
Skin cancer,0,Cabo Verde
Stomach cancer,0,Cabo Verde
Testicular cancer,0,Cabo Verde
Throat cancer,0,Cabo Verde
Thyroid cancer,0,Cabo Verde
Undetermined cancer,0,Cabo Verde
Uterine cancer,0,Cabo Verde
Vaginal cancer,0,Cabo Verde
Vulvar cancer,0,Cabo Verde
Anal cancer,0,Kenya
Bladder cancer,0,Kenya
Brain cancer,0,Kenya
Breast cancer,1,Kenya
Cervical cancer,3,Kenya
Colon cancer,0,Kenya
Colorectal cancer,0,Kenya
Esophageal cancer,1,Kenya
Gallbladder cancer,0,Kenya
Hodgkin lymphoma,0,Kenya
Kaposi sarcoma,1,Kenya
Kidney cancer,0,Kenya
Laryngeal cancer,0,Kenya
Leukemia,0,Kenya
Liver cancer,0,Kenya
Lung cancer,0,Kenya
Mesothelioma,0,Kenya
Mouth cancer,0,Kenya
Multiple myeloma,0,Kenya
Non-Hodgkin lymphoma,0,Kenya
Other cancer,0,Kenya
Ovarian cancer,0,Kenya
Pancreatic cancer,0,Kenya
Penile cancer,0,Kenya
Prostate cancer,0,Kenya
Rectal cancer,0,Kenya
Salivary gland cancer,0,Kenya
Skin cancer,0,Kenya
Stomach cancer,0,Kenya
Testicular cancer,0,Kenya
Throat cancer,0,Kenya
Thyroid cancer,0,Kenya
Undetermined cancer,0,Kenya
Uterine cancer,0,Kenya
Vaginal cancer,0,Kenya
Vulvar cancer,0,Kenya
Anal cancer,0,Uganda
Bladder cancer,0,Uganda
Brain cancer,0,Uganda
Breast cancer,1,Uganda
Cervical cancer,6,Uganda
Colon cancer,0,Uganda
Colorectal cancer,0,Uganda
Esophageal cancer,0,Uganda
Gallbladder cancer,0,Uganda
Hodgkin lymphoma,0,Uganda
Kaposi sarcoma,0,Uganda
Kidney cancer,0,Uganda
Laryngeal cancer,0,Uganda
Leukemia,0,Uganda
Liver cancer,0,Uganda
Lung cancer,0,Uganda
Mesothelioma,0,Uganda
Mouth cancer,0,Uganda
Multiple myeloma,0,Uganda
Non-Hodgkin lymphoma,0,Uganda
Other cancer,0,Uganda
Ovarian cancer,0,Uganda
Pancreatic cancer,0,Uganda
Penile cancer,0,Uganda
Prostate cancer,0,Uganda
Rectal cancer,0,Uganda
Salivary gland cancer,0,Uganda
Skin cancer,0,Uganda
Stomach cancer,0,Uganda
Testicular cancer,0,Uganda
Throat cancer,0,Uganda
Thyroid cancer,0,Uganda
Undetermined cancer,0,Uganda
Uterine cancer,0,Uganda
Vaginal cancer,0,Uganda
Vulvar cancer,0,Uganda
Anal cancer,0,South Africa
Bladder cancer,2,South Africa
Brain cancer,0,South Africa
Breast cancer,37,South Africa
Cervical cancer,18,South Africa
Colon cancer,0,South Africa
Colorectal cancer,2,South Africa
Esophageal cancer,5,South Africa
Gallbladder cancer,0,South Africa
Hodgkin lymphoma,4,South Africa
Kaposi sarcoma,2,South Africa
Kidney cancer,2,South Africa
Laryngeal cancer,0,South Africa
Leukemia,14,South Africa
Liver cancer,7,South Africa
Lung cancer,7,South Africa
Mesothelioma,2,South Africa
Mouth cancer,0,South Africa
Multiple myeloma,3,South Africa
Non-Hodgkin lymphoma,3,South Africa
Other cancer,0,South Africa
Ovarian cancer,5,South Africa
Pancreatic cancer,0,South Africa
Penile cancer,0,South Africa
Prostate cancer,10,South Africa
Rectal cancer,0,South Africa
Salivary gland cancer,0,South Africa
Skin cancer,10,South Africa
Stomach cancer,0,South Africa
Testicular cancer,0,South Africa
Throat cancer,0,South Africa
Thyroid cancer,0,South Africa
Undetermined cancer,0,South Africa
Uterine cancer,0,South Africa
Vaginal cancer,0,South Africa
Vulvar cancer,0,South Africa
Anal cancer,0,Norway
Bladder cancer,3,Norway
Brain cancer,13,Norway
Breast cancer,133,Norway
Cervical cancer,19,Norway
Colon cancer,14,Norway
Colorectal cancer,106,Norway
Esophageal cancer,2,Norway
Gallbladder cancer,0,Norway
Hodgkin lymphoma,7,Norway
Kaposi sarcoma,0,Norway
Kidney cancer,8,Norway
Laryngeal cancer,1,Norway
Leukemia,26,Norway
Liver cancer,0,Norway
Lung cancer,0,Norway
Mesothelioma,4,Norway
Mouth cancer,0,Norway
Multiple myeloma,27,Norway
Non-Hodgkin lymphoma,13,Norway
Other cancer,0,Norway
Ovarian cancer,26,Norway
Pancreatic cancer,19,Norway
Penile cancer,0,Norway
Prostate cancer,55,Norway
Rectal cancer,24,Norway
Salivary gland cancer,0,Norway
Skin cancer,29,Norway
Stomach cancer,4,Norway
Testicular cancer,10,Norway
Throat cancer,0,Norway
Thyroid cancer,2,Norway
Undetermined cancer,0,Norway
Uterine cancer,5,Norway
Vaginal cancer,0,Norway
Vulvar cancer,1,Norway
Anal cancer,0,Botswana
Bladder cancer,0,Botswana
Brain cancer,0,Botswana
Breast cancer,0,Botswana
Cervical cancer,1,Botswana
Colon cancer,0,Botswana
Colorectal cancer,0,Botswana
Esophageal cancer,0,Botswana
Gallbladder cancer,0,Botswana
Hodgkin lymphoma,0,Botswana
Kaposi sarcoma,0,Botswana
Kidney cancer,0,Botswana
Laryngeal cancer,0,Botswana
Leukemia,0,Botswana
Liver cancer,0,Botswana
Lung cancer,0,Botswana
Mesothelioma,0,Botswana
Mouth cancer,0,Botswana
Multiple myeloma,0,Botswana
Non-Hodgkin lymphoma,0,Botswana
Other cancer,0,Botswana
Ovarian cancer,0,Botswana
Pancreatic cancer,0,Botswana
Penile cancer,0,Botswana
Prostate cancer,0,Botswana
Rectal cancer,0,Botswana
Salivary gland cancer,0,Botswana
Skin cancer,0,Botswana
Stomach cancer,0,Botswana
Testicular cancer,0,Botswana
Throat cancer,0,Botswana
Thyroid cancer,0,Botswana
Undetermined cancer,0,Botswana
Uterine cancer,0,Botswana
Vaginal cancer,0,Botswana
Vulvar cancer,0,Botswana
Anal cancer,0,North Korea
Bladder cancer,0,North Korea
Brain cancer,0,North Korea
Breast cancer,0,North Korea
Cervical cancer,0,North Korea
Colon cancer,0,North Korea
Colorectal cancer,0,North Korea
Esophageal cancer,0,North Korea
Gallbladder cancer,0,North Korea
Hodgkin lymphoma,0,North Korea
Kaposi sarcoma,0,North Korea
Kidney cancer,0,North Korea
Laryngeal cancer,0,North Korea
Leukemia,0,North Korea
Liver cancer,0,North Korea
Lung cancer,0,North Korea
Mesothelioma,0,North Korea
Mouth cancer,0,North Korea
Multiple myeloma,0,North Korea
Non-Hodgkin lymphoma,0,North Korea
Other cancer,0,North Korea
Ovarian cancer,0,North Korea
Pancreatic cancer,0,North Korea
Penile cancer,0,North Korea
Prostate cancer,0,North Korea
Rectal cancer,0,North Korea
Salivary gland cancer,0,North Korea
Skin cancer,0,North Korea
Stomach cancer,0,North Korea
Testicular cancer,0,North Korea
Throat cancer,0,North Korea
Thyroid cancer,0,North Korea
Undetermined cancer,0,North Korea
Uterine cancer,0,North Korea
Vaginal cancer,0,North Korea
Vulvar cancer,0,North Korea
Anal cancer,0,Martinique
Bladder cancer,0,Martinique
Brain cancer,0,Martinique
Breast cancer,0,Martinique
Cervical cancer,0,Martinique
Colon cancer,0,Martinique
Colorectal cancer,0,Martinique
Esophageal cancer,0,Martinique
Gallbladder cancer,0,Martinique
Hodgkin lymphoma,0,Martinique
Kaposi sarcoma,0,Martinique
Kidney cancer,0,Martinique
Laryngeal cancer,0,Martinique
Leukemia,0,Martinique
Liver cancer,0,Martinique
Lung cancer,0,Martinique
Mesothelioma,0,Martinique
Mouth cancer,0,Martinique
Multiple myeloma,0,Martinique
Non-Hodgkin lymphoma,0,Martinique
Other cancer,0,Martinique
Ovarian cancer,0,Martinique
Pancreatic cancer,0,Martinique
Penile cancer,0,Martinique
Prostate cancer,0,Martinique
Rectal cancer,0,Martinique
Salivary gland cancer,0,Martinique
Skin cancer,0,Martinique
Stomach cancer,0,Martinique
Testicular cancer,0,Martinique
Throat cancer,0,Martinique
Thyroid cancer,0,Martinique
Undetermined cancer,0,Martinique
Uterine cancer,0,Martinique
Vaginal cancer,0,Martinique
Vulvar cancer,0,Martinique
Anal cancer,0,Saudi Arabia
Bladder cancer,2,Saudi Arabia
Brain cancer,2,Saudi Arabia
Breast cancer,18,Saudi Arabia
Cervical cancer,1,Saudi Arabia
Colon cancer,1,Saudi Arabia
Colorectal cancer,8,Saudi Arabia
Esophageal cancer,1,Saudi Arabia
Gallbladder cancer,0,Saudi Arabia
Hodgkin lymphoma,5,Saudi Arabia
Kaposi sarcoma,0,Saudi Arabia
Kidney cancer,1,Saudi Arabia
Laryngeal cancer,0,Saudi Arabia
Leukemia,9,Saudi Arabia
Liver cancer,5,Saudi Arabia
Lung cancer,5,Saudi Arabia
Mesothelioma,1,Saudi Arabia
Mouth cancer,0,Saudi Arabia
Multiple myeloma,0,Saudi Arabia
Non-Hodgkin lymphoma,2,Saudi Arabia
Other cancer,0,Saudi Arabia
Ovarian cancer,1,Saudi Arabia
Pancreatic cancer,0,Saudi Arabia
Penile cancer,0,Saudi Arabia
Prostate cancer,2,Saudi Arabia
Rectal cancer,5,Saudi Arabia
Salivary gland cancer,0,Saudi Arabia
Skin cancer,0,Saudi Arabia
Stomach cancer,0,Saudi Arabia
Testicular cancer,0,Saudi Arabia
Throat cancer,0,Saudi Arabia
Thyroid cancer,4,Saudi Arabia
Undetermined cancer,0,Saudi Arabia
Uterine cancer,0,Saudi Arabia
Vaginal cancer,0,Saudi Arabia
Vulvar cancer,0,Saudi Arabia
Anal cancer,0,Bosnia and Herzegovina
Bladder cancer,0,Bosnia and Herzegovina
Brain cancer,0,Bosnia and Herzegovina
Breast cancer,4,Bosnia and Herzegovina
Cervical cancer,0,Bosnia and Herzegovina
Colon cancer,1,Bosnia and Herzegovina
Colorectal cancer,2,Bosnia and Herzegovina
Esophageal cancer,0,Bosnia and Herzegovina
Gallbladder cancer,0,Bosnia and Herzegovina
Hodgkin lymphoma,0,Bosnia and Herzegovina
Kaposi sarcoma,0,Bosnia and Herzegovina
Kidney cancer,0,Bosnia and Herzegovina
Laryngeal cancer,0,Bosnia and Herzegovina
Leukemia,0,Bosnia and Herzegovina
Liver cancer,0,Bosnia and Herzegovina
Lung cancer,0,Bosnia and Herzegovina
Mesothelioma,0,Bosnia and Herzegovina
Mouth cancer,0,Bosnia and Herzegovina
Multiple myeloma,0,Bosnia and Herzegovina
Non-Hodgkin lymphoma,0,Bosnia and Herzegovina
Other cancer,0,Bosnia and Herzegovina
Ovarian cancer,0,Bosnia and Herzegovina
Pancreatic cancer,0,Bosnia and Herzegovina
Penile cancer,0,Bosnia and Herzegovina
Prostate cancer,0,Bosnia and Herzegovina
Rectal cancer,0,Bosnia and Herzegovina
Salivary gland cancer,0,Bosnia and Herzegovina
Skin cancer,0,Bosnia and Herzegovina
Stomach cancer,0,Bosnia and Herzegovina
Testicular cancer,0,Bosnia and Herzegovina
Throat cancer,0,Bosnia and Herzegovina
Thyroid cancer,0,Bosnia and Herzegovina
Undetermined cancer,0,Bosnia and Herzegovina
Uterine cancer,0,Bosnia and Herzegovina
Vaginal cancer,0,Bosnia and Herzegovina
Vulvar cancer,0,Bosnia and Herzegovina
Anal cancer,0,Liberia
Bladder cancer,0,Liberia
Brain cancer,0,Liberia
Breast cancer,0,Liberia
Cervical cancer,0,Liberia
Colon cancer,0,Liberia
Colorectal cancer,0,Liberia
Esophageal cancer,0,Liberia
Gallbladder cancer,0,Liberia
Hodgkin lymphoma,0,Liberia
Kaposi sarcoma,0,Liberia
Kidney cancer,0,Liberia
Laryngeal cancer,0,Liberia
Leukemia,0,Liberia
Liver cancer,0,Liberia
Lung cancer,0,Liberia
Mesothelioma,0,Liberia
Mouth cancer,0,Liberia
Multiple myeloma,0,Liberia
Non-Hodgkin lymphoma,0,Liberia
Other cancer,0,Liberia
Ovarian cancer,0,Liberia
Pancreatic cancer,0,Liberia
Penile cancer,0,Liberia
Prostate cancer,0,Liberia
Rectal cancer,0,Liberia
Salivary gland cancer,0,Liberia
Skin cancer,0,Liberia
Stomach cancer,0,Liberia
Testicular cancer,0,Liberia
Throat cancer,0,Liberia
Thyroid cancer,0,Liberia
Undetermined cancer,0,Liberia
Uterine cancer,0,Liberia
Vaginal cancer,0,Liberia
Vulvar cancer,0,Liberia
Anal cancer,0,Ukraine
Bladder cancer,0,Ukraine
Brain cancer,0,Ukraine
Breast cancer,5,Ukraine
Cervical cancer,1,Ukraine
Colon cancer,0,Ukraine
Colorectal cancer,2,Ukraine
Esophageal cancer,0,Ukraine
Gallbladder cancer,0,Ukraine
Hodgkin lymphoma,0,Ukraine
Kaposi sarcoma,0,Ukraine
Kidney cancer,1,Ukraine
Laryngeal cancer,0,Ukraine
Leukemia,4,Ukraine
Liver cancer,1,Ukraine
Lung cancer,1,Ukraine
Mesothelioma,0,Ukraine
Mouth cancer,0,Ukraine
Multiple myeloma,0,Ukraine
Non-Hodgkin lymphoma,0,Ukraine
Other cancer,0,Ukraine
Ovarian cancer,0,Ukraine
Pancreatic cancer,1,Ukraine
Penile cancer,0,Ukraine
Prostate cancer,0,Ukraine
Rectal cancer,3,Ukraine
Salivary gland cancer,0,Ukraine
Skin cancer,1,Ukraine
Stomach cancer,0,Ukraine
Testicular cancer,0,Ukraine
Throat cancer,0,Ukraine
Thyroid cancer,2,Ukraine
Undetermined cancer,0,Ukraine
Uterine cancer,0,Ukraine
Vaginal cancer,0,Ukraine
Vulvar cancer,0,Ukraine
Anal cancer,0,Niger
Bladder cancer,0,Niger
Brain cancer,0,Niger
Breast cancer,0,Niger
Cervical cancer,0,Niger
Colon cancer,0,Niger
Colorectal cancer,0,Niger
Esophageal cancer,0,Niger
Gallbladder cancer,0,Niger
Hodgkin lymphoma,0,Niger
Kaposi sarcoma,0,Niger
Kidney cancer,0,Niger
Laryngeal cancer,0,Niger
Leukemia,0,Niger
Liver cancer,0,Niger
Lung cancer,0,Niger
Mesothelioma,0,Niger
Mouth cancer,0,Niger
Multiple myeloma,0,Niger
Non-Hodgkin lymphoma,0,Niger
Other cancer,0,Niger
Ovarian cancer,0,Niger
Pancreatic cancer,0,Niger
Penile cancer,0,Niger
Prostate cancer,0,Niger
Rectal cancer,0,Niger
Salivary gland cancer,0,Niger
Skin cancer,0,Niger
Stomach cancer,0,Niger
Testicular cancer,0,Niger
Throat cancer,0,Niger
Thyroid cancer,0,Niger
Undetermined cancer,0,Niger
Uterine cancer,0,Niger
Vaginal cancer,0,Niger
Vulvar cancer,0,Niger
Anal cancer,0,Guyana
Bladder cancer,0,Guyana
Brain cancer,0,Guyana
Breast cancer,0,Guyana
Cervical cancer,0,Guyana
Colon cancer,0,Guyana
Colorectal cancer,0,Guyana
Esophageal cancer,0,Guyana
Gallbladder cancer,0,Guyana
Hodgkin lymphoma,0,Guyana
Kaposi sarcoma,0,Guyana
Kidney cancer,0,Guyana
Laryngeal cancer,0,Guyana
Leukemia,0,Guyana
Liver cancer,0,Guyana
Lung cancer,0,Guyana
Mesothelioma,0,Guyana
Mouth cancer,0,Guyana
Multiple myeloma,0,Guyana
Non-Hodgkin lymphoma,0,Guyana
Other cancer,0,Guyana
Ovarian cancer,0,Guyana
Pancreatic cancer,0,Guyana
Penile cancer,0,Guyana
Prostate cancer,0,Guyana
Rectal cancer,0,Guyana
Salivary gland cancer,0,Guyana
Skin cancer,0,Guyana
Stomach cancer,0,Guyana
Testicular cancer,0,Guyana
Throat cancer,0,Guyana
Thyroid cancer,0,Guyana
Undetermined cancer,0,Guyana
Uterine cancer,0,Guyana
Vaginal cancer,0,Guyana
Vulvar cancer,0,Guyana
Anal cancer,0,Madagascar
Bladder cancer,0,Madagascar
Brain cancer,0,Madagascar
Breast cancer,0,Madagascar
Cervical cancer,0,Madagascar
Colon cancer,0,Madagascar
Colorectal cancer,0,Madagascar
Esophageal cancer,0,Madagascar
Gallbladder cancer,0,Madagascar
Hodgkin lymphoma,0,Madagascar
Kaposi sarcoma,0,Madagascar
Kidney cancer,0,Madagascar
Laryngeal cancer,0,Madagascar
Leukemia,0,Madagascar
Liver cancer,0,Madagascar
Lung cancer,0,Madagascar
Mesothelioma,0,Madagascar
Mouth cancer,0,Madagascar
Multiple myeloma,0,Madagascar
Non-Hodgkin lymphoma,0,Madagascar
Other cancer,0,Madagascar
Ovarian cancer,0,Madagascar
Pancreatic cancer,0,Madagascar
Penile cancer,0,Madagascar
Prostate cancer,0,Madagascar
Rectal cancer,0,Madagascar
Salivary gland cancer,0,Madagascar
Skin cancer,0,Madagascar
Stomach cancer,0,Madagascar
Testicular cancer,0,Madagascar
Throat cancer,0,Madagascar
Thyroid cancer,1,Madagascar
Undetermined cancer,0,Madagascar
Uterine cancer,0,Madagascar
Vaginal cancer,0,Madagascar
Vulvar cancer,0,Madagascar
Anal cancer,0,Türkiye
Bladder cancer,32,Türkiye
Brain cancer,18,Türkiye
Breast cancer,196,Türkiye
Cervical cancer,16,Türkiye
Colon cancer,13,Türkiye
Colorectal cancer,40,Türkiye
Esophageal cancer,0,Türkiye
Gallbladder cancer,0,Türkiye
Hodgkin lymphoma,13,Türkiye
Kaposi sarcoma,1,Türkiye
Kidney cancer,6,Türkiye
Laryngeal cancer,4,Türkiye
Leukemia,97,Türkiye
Liver cancer,11,Türkiye
Lung cancer,11,Türkiye
Mesothelioma,13,Türkiye
Mouth cancer,0,Türkiye
Multiple myeloma,24,Türkiye
Non-Hodgkin lymphoma,12,Türkiye
Other cancer,0,Türkiye
Ovarian cancer,21,Türkiye
Pancreatic cancer,14,Türkiye
Penile cancer,0,Türkiye
Prostate cancer,52,Türkiye
Rectal cancer,18,Türkiye
Salivary gland cancer,0,Türkiye
Skin cancer,23,Türkiye
Stomach cancer,9,Türkiye
Testicular cancer,2,Türkiye
Throat cancer,0,Türkiye
Thyroid cancer,22,Türkiye
Undetermined cancer,0,Türkiye
Uterine cancer,16,Türkiye
Vaginal cancer,0,Türkiye
Vulvar cancer,0,Türkiye
Anal cancer,0,French Guiana
Bladder cancer,0,French Guiana
Brain cancer,0,French Guiana
Breast cancer,0,French Guiana
Cervical cancer,0,French Guiana
Colon cancer,0,French Guiana
Colorectal cancer,0,French Guiana
Esophageal cancer,0,French Guiana
Gallbladder cancer,0,French Guiana
Hodgkin lymphoma,0,French Guiana
Kaposi sarcoma,0,French Guiana
Kidney cancer,0,French Guiana
Laryngeal cancer,0,French Guiana
Leukemia,0,French Guiana
Liver cancer,0,French Guiana
Lung cancer,0,French Guiana
Mesothelioma,0,French Guiana
Mouth cancer,0,French Guiana
Multiple myeloma,0,French Guiana
Non-Hodgkin lymphoma,0,French Guiana
Other cancer,0,French Guiana
Ovarian cancer,0,French Guiana
Pancreatic cancer,0,French Guiana
Penile cancer,0,French Guiana
Prostate cancer,0,French Guiana
Rectal cancer,0,French Guiana
Salivary gland cancer,0,French Guiana
Skin cancer,0,French Guiana
Stomach cancer,0,French Guiana
Testicular cancer,0,French Guiana
Throat cancer,0,French Guiana
Thyroid cancer,0,French Guiana
Undetermined cancer,0,French Guiana
Uterine cancer,0,French Guiana
Vaginal cancer,0,French Guiana
Vulvar cancer,0,French Guiana
Anal cancer,0,Tunisia
Bladder cancer,0,Tunisia
Brain cancer,0,Tunisia
Breast cancer,7,Tunisia
Cervical cancer,0,Tunisia
Colon cancer,1,Tunisia
Colorectal cancer,0,Tunisia
Esophageal cancer,0,Tunisia
Gallbladder cancer,0,Tunisia
Hodgkin lymphoma,0,Tunisia
Kaposi sarcoma,0,Tunisia
Kidney cancer,0,Tunisia
Laryngeal cancer,0,Tunisia
Leukemia,6,Tunisia
Liver cancer,0,Tunisia
Lung cancer,0,Tunisia
Mesothelioma,0,Tunisia
Mouth cancer,0,Tunisia
Multiple myeloma,2,Tunisia
Non-Hodgkin lymphoma,0,Tunisia
Other cancer,0,Tunisia
Ovarian cancer,0,Tunisia
Pancreatic cancer,0,Tunisia
Penile cancer,0,Tunisia
Prostate cancer,1,Tunisia
Rectal cancer,0,Tunisia
Salivary gland cancer,0,Tunisia
Skin cancer,0,Tunisia
Stomach cancer,0,Tunisia
Testicular cancer,0,Tunisia
Throat cancer,0,Tunisia
Thyroid cancer,0,Tunisia
Undetermined cancer,0,Tunisia
Uterine cancer,0,Tunisia
Vaginal cancer,0,Tunisia
Vulvar cancer,0,Tunisia
Anal cancer,0,Samoa
Bladder cancer,0,Samoa
Brain cancer,0,Samoa
Breast cancer,0,Samoa
Cervical cancer,0,Samoa
Colon cancer,0,Samoa
Colorectal cancer,0,Samoa
Esophageal cancer,0,Samoa
Gallbladder cancer,0,Samoa
Hodgkin lymphoma,0,Samoa
Kaposi sarcoma,0,Samoa
Kidney cancer,0,Samoa
Laryngeal cancer,0,Samoa
Leukemia,0,Samoa
Liver cancer,0,Samoa
Lung cancer,0,Samoa
Mesothelioma,0,Samoa
Mouth cancer,0,Samoa
Multiple myeloma,0,Samoa
Non-Hodgkin lymphoma,0,Samoa
Other cancer,0,Samoa
Ovarian cancer,0,Samoa
Pancreatic cancer,0,Samoa
Penile cancer,0,Samoa
Prostate cancer,0,Samoa
Rectal cancer,0,Samoa
Salivary gland cancer,0,Samoa
Skin cancer,0,Samoa
Stomach cancer,0,Samoa
Testicular cancer,0,Samoa
Throat cancer,0,Samoa
Thyroid cancer,0,Samoa
Undetermined cancer,0,Samoa
Uterine cancer,0,Samoa
Vaginal cancer,0,Samoa
Vulvar cancer,0,Samoa
Anal cancer,0,Moldova
Bladder cancer,0,Moldova
Brain cancer,0,Moldova
Breast cancer,0,Moldova
Cervical cancer,0,Moldova
Colon cancer,0,Moldova
Colorectal cancer,0,Moldova
Esophageal cancer,0,Moldova
Gallbladder cancer,0,Moldova
Hodgkin lymphoma,0,Moldova
Kaposi sarcoma,0,Moldova
Kidney cancer,0,Moldova
Laryngeal cancer,0,Moldova
Leukemia,0,Moldova
Liver cancer,0,Moldova
Lung cancer,0,Moldova
Mesothelioma,0,Moldova
Mouth cancer,0,Moldova
Multiple myeloma,0,Moldova
Non-Hodgkin lymphoma,0,Moldova
Other cancer,0,Moldova
Ovarian cancer,1,Moldova
Pancreatic cancer,0,Moldova
Penile cancer,0,Moldova
Prostate cancer,0,Moldova
Rectal cancer,0,Moldova
Salivary gland cancer,0,Moldova
Skin cancer,0,Moldova
Stomach cancer,0,Moldova
Testicular cancer,0,Moldova
Throat cancer,0,Moldova
Thyroid cancer,0,Moldova
Undetermined cancer,0,Moldova
Uterine cancer,0,Moldova
Vaginal cancer,0,Moldova
Vulvar cancer,0,Moldova
Anal cancer,0,Nepal
Bladder cancer,0,Nepal
Brain cancer,0,Nepal
Breast cancer,1,Nepal
Cervical cancer,2,Nepal
Colon cancer,0,Nepal
Colorectal cancer,0,Nepal
Esophageal cancer,0,Nepal
Gallbladder cancer,0,Nepal
Hodgkin lymphoma,0,Nepal
Kaposi sarcoma,0,Nepal
Kidney cancer,0,Nepal
Laryngeal cancer,0,Nepal
Leukemia,0,Nepal
Liver cancer,0,Nepal
Lung cancer,0,Nepal
Mesothelioma,0,Nepal
Mouth cancer,0,Nepal
Multiple myeloma,0,Nepal
Non-Hodgkin lymphoma,0,Nepal
Other cancer,0,Nepal
Ovarian cancer,0,Nepal
Pancreatic cancer,0,Nepal
Penile cancer,0,Nepal
Prostate cancer,0,Nepal
Rectal cancer,0,Nepal
Salivary gland cancer,0,Nepal
Skin cancer,1,Nepal
Stomach cancer,0,Nepal
Testicular cancer,0,Nepal
Throat cancer,0,Nepal
Thyroid cancer,0,Nepal
Undetermined cancer,0,Nepal
Uterine cancer,0,Nepal
Vaginal cancer,0,Nepal
Vulvar cancer,0,Nepal
Anal cancer,0,Poland
Bladder cancer,6,Poland
Brain cancer,9,Poland
Breast cancer,56,Poland
Cervical cancer,15,Poland
Colon cancer,5,Poland
Colorectal cancer,27,Poland
Esophageal cancer,2,Poland
Gallbladder cancer,0,Poland
Hodgkin lymphoma,5,Poland
Kaposi sarcoma,0,Poland
Kidney cancer,12,Poland
Laryngeal cancer,3,Poland
Leukemia,99,Poland
Liver cancer,3,Poland
Lung cancer,3,Poland
Mesothelioma,1,Poland
Mouth cancer,0,Poland
Multiple myeloma,27,Poland
Non-Hodgkin lymphoma,10,Poland
Other cancer,0,Poland
Ovarian cancer,14,Poland
Pancreatic cancer,4,Poland
Penile cancer,1,Poland
Prostate cancer,14,Poland
Rectal cancer,32,Poland
Salivary gland cancer,0,Poland
Skin cancer,17,Poland
Stomach cancer,4,Poland
Testicular cancer,0,Poland
Throat cancer,0,Poland
Thyroid cancer,9,Poland
Undetermined cancer,0,Poland
Uterine cancer,5,Poland
Vaginal cancer,1,Poland
Vulvar cancer,3,Poland
Anal cancer,0,Malawi
Bladder cancer,0,Malawi
Brain cancer,0,Malawi
Breast cancer,0,Malawi
Cervical cancer,0,Malawi
Colon cancer,0,Malawi
Colorectal cancer,0,Malawi
Esophageal cancer,0,Malawi
Gallbladder cancer,0,Malawi
Hodgkin lymphoma,0,Malawi
Kaposi sarcoma,0,Malawi
Kidney cancer,0,Malawi
Laryngeal cancer,0,Malawi
Leukemia,0,Malawi
Liver cancer,0,Malawi
Lung cancer,0,Malawi
Mesothelioma,0,Malawi
Mouth cancer,0,Malawi
Multiple myeloma,0,Malawi
Non-Hodgkin lymphoma,0,Malawi
Other cancer,0,Malawi
Ovarian cancer,0,Malawi
Pancreatic cancer,0,Malawi
Penile cancer,0,Malawi
Prostate cancer,0,Malawi
Rectal cancer,0,Malawi
Salivary gland cancer,0,Malawi
Skin cancer,0,Malawi
Stomach cancer,0,Malawi
Testicular cancer,0,Malawi
Throat cancer,0,Malawi
Thyroid cancer,0,Malawi
Undetermined cancer,0,Malawi
Uterine cancer,0,Malawi
Vaginal cancer,0,Malawi
Vulvar cancer,0,Malawi
Anal cancer,0,Guinea-Bissau
Bladder cancer,0,Guinea-Bissau
Brain cancer,0,Guinea-Bissau
Breast cancer,0,Guinea-Bissau
Cervical cancer,0,Guinea-Bissau
Colon cancer,0,Guinea-Bissau
Colorectal cancer,0,Guinea-Bissau
Esophageal cancer,0,Guinea-Bissau
Gallbladder cancer,0,Guinea-Bissau
Hodgkin lymphoma,0,Guinea-Bissau
Kaposi sarcoma,0,Guinea-Bissau
Kidney cancer,0,Guinea-Bissau
Laryngeal cancer,0,Guinea-Bissau
Leukemia,0,Guinea-Bissau
Liver cancer,0,Guinea-Bissau
Lung cancer,0,Guinea-Bissau
Mesothelioma,0,Guinea-Bissau
Mouth cancer,0,Guinea-Bissau
Multiple myeloma,0,Guinea-Bissau
Non-Hodgkin lymphoma,0,Guinea-Bissau
Other cancer,0,Guinea-Bissau
Ovarian cancer,0,Guinea-Bissau
Pancreatic cancer,0,Guinea-Bissau
Penile cancer,0,Guinea-Bissau
Prostate cancer,0,Guinea-Bissau
Rectal cancer,0,Guinea-Bissau
Salivary gland cancer,0,Guinea-Bissau
Skin cancer,0,Guinea-Bissau
Stomach cancer,0,Guinea-Bissau
Testicular cancer,0,Guinea-Bissau
Throat cancer,0,Guinea-Bissau
Thyroid cancer,0,Guinea-Bissau
Undetermined cancer,0,Guinea-Bissau
Uterine cancer,0,Guinea-Bissau
Vaginal cancer,0,Guinea-Bissau
Vulvar cancer,0,Guinea-Bissau
Anal cancer,0,Malaysia
Bladder cancer,0,Malaysia
Brain cancer,0,Malaysia
Breast cancer,30,Malaysia
Cervical cancer,12,Malaysia
Colon cancer,0,Malaysia
Colorectal cancer,10,Malaysia
Esophageal cancer,0,Malaysia
Gallbladder cancer,0,Malaysia
Hodgkin lymphoma,0,Malaysia
Kaposi sarcoma,0,Malaysia
Kidney cancer,1,Malaysia
Laryngeal cancer,0,Malaysia
Leukemia,10,Malaysia
Liver cancer,1,Malaysia
Lung cancer,1,Malaysia
Mesothelioma,0,Malaysia
Mouth cancer,0,Malaysia
Multiple myeloma,2,Malaysia
Non-Hodgkin lymphoma,1,Malaysia
Other cancer,0,Malaysia
Ovarian cancer,0,Malaysia
Pancreatic cancer,0,Malaysia
Penile cancer,0,Malaysia
Prostate cancer,4,Malaysia
Rectal cancer,1,Malaysia
Salivary gland cancer,0,Malaysia
Skin cancer,0,Malaysia
Stomach cancer,0,Malaysia
Testicular cancer,0,Malaysia
Throat cancer,0,Malaysia
Thyroid cancer,1,Malaysia
Undetermined cancer,0,Malaysia
Uterine cancer,0,Malaysia
Vaginal cancer,0,Malaysia
Vulvar cancer,0,Malaysia
Anal cancer,0,Qatar
Bladder cancer,0,Qatar
Brain cancer,0,Qatar
Breast cancer,0,Qatar
Cervical cancer,0,Qatar
Colon cancer,0,Qatar
Colorectal cancer,1,Qatar
Esophageal cancer,0,Qatar
Gallbladder cancer,0,Qatar
Hodgkin lymphoma,0,Qatar
Kaposi sarcoma,0,Qatar
Kidney cancer,0,Qatar
Laryngeal cancer,0,Qatar
Leukemia,2,Qatar
Liver cancer,0,Qatar
Lung cancer,0,Qatar
Mesothelioma,0,Qatar
Mouth cancer,0,Qatar
Multiple myeloma,0,Qatar
Non-Hodgkin lymphoma,0,Qatar
Other cancer,0,Qatar
Ovarian cancer,0,Qatar
Pancreatic cancer,0,Qatar
Penile cancer,0,Qatar
Prostate cancer,0,Qatar
Rectal cancer,0,Qatar
Salivary gland cancer,0,Qatar
Skin cancer,0,Qatar
Stomach cancer,0,Qatar
Testicular cancer,0,Qatar
Throat cancer,0,Qatar
Thyroid cancer,0,Qatar
Undetermined cancer,0,Qatar
Uterine cancer,0,Qatar
Vaginal cancer,0,Qatar
Vulvar cancer,0,Qatar
Anal cancer,0,Kyrgyz Republic
Bladder cancer,0,Kyrgyz Republic
Brain cancer,0,Kyrgyz Republic
Breast cancer,1,Kyrgyz Republic
Cervical cancer,0,Kyrgyz Republic
Colon cancer,0,Kyrgyz Republic
Colorectal cancer,0,Kyrgyz Republic
Esophageal cancer,0,Kyrgyz Republic
Gallbladder cancer,0,Kyrgyz Republic
Hodgkin lymphoma,0,Kyrgyz Republic
Kaposi sarcoma,0,Kyrgyz Republic
Kidney cancer,0,Kyrgyz Republic
Laryngeal cancer,0,Kyrgyz Republic
Leukemia,0,Kyrgyz Republic
Liver cancer,0,Kyrgyz Republic
Lung cancer,0,Kyrgyz Republic
Mesothelioma,0,Kyrgyz Republic
Mouth cancer,0,Kyrgyz Republic
Multiple myeloma,0,Kyrgyz Republic
Non-Hodgkin lymphoma,0,Kyrgyz Republic
Other cancer,0,Kyrgyz Republic
Ovarian cancer,0,Kyrgyz Republic
Pancreatic cancer,0,Kyrgyz Republic
Penile cancer,0,Kyrgyz Republic
Prostate cancer,0,Kyrgyz Republic
Rectal cancer,0,Kyrgyz Republic
Salivary gland cancer,0,Kyrgyz Republic
Skin cancer,0,Kyrgyz Republic
Stomach cancer,0,Kyrgyz Republic
Testicular cancer,0,Kyrgyz Republic
Throat cancer,0,Kyrgyz Republic
Thyroid cancer,0,Kyrgyz Republic
Undetermined cancer,0,Kyrgyz Republic
Uterine cancer,0,Kyrgyz Republic
Vaginal cancer,0,Kyrgyz Republic
Vulvar cancer,0,Kyrgyz Republic
Anal cancer,0,Papua New Guinea
Bladder cancer,0,Papua New Guinea
Brain cancer,0,Papua New Guinea
Breast cancer,0,Papua New Guinea
Cervical cancer,0,Papua New Guinea
Colon cancer,0,Papua New Guinea
Colorectal cancer,0,Papua New Guinea
Esophageal cancer,0,Papua New Guinea
Gallbladder cancer,0,Papua New Guinea
Hodgkin lymphoma,0,Papua New Guinea
Kaposi sarcoma,0,Papua New Guinea
Kidney cancer,0,Papua New Guinea
Laryngeal cancer,0,Papua New Guinea
Leukemia,0,Papua New Guinea
Liver cancer,0,Papua New Guinea
Lung cancer,0,Papua New Guinea
Mesothelioma,0,Papua New Guinea
Mouth cancer,0,Papua New Guinea
Multiple myeloma,0,Papua New Guinea
Non-Hodgkin lymphoma,0,Papua New Guinea
Other cancer,0,Papua New Guinea
Ovarian cancer,0,Papua New Guinea
Pancreatic cancer,0,Papua New Guinea
Penile cancer,0,Papua New Guinea
Prostate cancer,0,Papua New Guinea
Rectal cancer,0,Papua New Guinea
Salivary gland cancer,0,Papua New Guinea
Skin cancer,0,Papua New Guinea
Stomach cancer,0,Papua New Guinea
Testicular cancer,0,Papua New Guinea
Throat cancer,0,Papua New Guinea
Thyroid cancer,0,Papua New Guinea
Undetermined cancer,0,Papua New Guinea
Uterine cancer,0,Papua New Guinea
Vaginal cancer,0,Papua New Guinea
Vulvar cancer,0,Papua New Guinea
Anal cancer,0,Tajikistan
Bladder cancer,0,Tajikistan
Brain cancer,0,Tajikistan
Breast cancer,0,Tajikistan
Cervical cancer,0,Tajikistan
Colon cancer,0,Tajikistan
Colorectal cancer,0,Tajikistan
Esophageal cancer,0,Tajikistan
Gallbladder cancer,0,Tajikistan
Hodgkin lymphoma,0,Tajikistan
Kaposi sarcoma,0,Tajikistan
Kidney cancer,0,Tajikistan
Laryngeal cancer,0,Tajikistan
Leukemia,0,Tajikistan
Liver cancer,0,Tajikistan
Lung cancer,0,Tajikistan
Mesothelioma,0,Tajikistan
Mouth cancer,0,Tajikistan
Multiple myeloma,0,Tajikistan
Non-Hodgkin lymphoma,0,Tajikistan
Other cancer,0,Tajikistan
Ovarian cancer,0,Tajikistan
Pancreatic cancer,0,Tajikistan
Penile cancer,0,Tajikistan
Prostate cancer,0,Tajikistan
Rectal cancer,0,Tajikistan
Salivary gland cancer,0,Tajikistan
Skin cancer,0,Tajikistan
Stomach cancer,0,Tajikistan
Testicular cancer,0,Tajikistan
Throat cancer,0,Tajikistan
Thyroid cancer,0,Tajikistan
Undetermined cancer,0,Tajikistan
Uterine cancer,0,Tajikistan
Vaginal cancer,0,Tajikistan
Vulvar cancer,0,Tajikistan
Anal cancer,0,Belarus
Bladder cancer,3,Belarus
Brain cancer,1,Belarus
Breast cancer,12,Belarus
Cervical cancer,1,Belarus
Colon cancer,0,Belarus
Colorectal cancer,0,Belarus
Esophageal cancer,0,Belarus
Gallbladder cancer,0,Belarus
Hodgkin lymphoma,0,Belarus
Kaposi sarcoma,0,Belarus
Kidney cancer,0,Belarus
Laryngeal cancer,0,Belarus
Leukemia,1,Belarus
Liver cancer,0,Belarus
Lung cancer,0,Belarus
Mesothelioma,0,Belarus
Mouth cancer,0,Belarus
Multiple myeloma,0,Belarus
Non-Hodgkin lymphoma,0,Belarus
Other cancer,0,Belarus
Ovarian cancer,0,Belarus
Pancreatic cancer,0,Belarus
Penile cancer,0,Belarus
Prostate cancer,1,Belarus
Rectal cancer,0,Belarus
Salivary gland cancer,0,Belarus
Skin cancer,1,Belarus
Stomach cancer,0,Belarus
Testicular cancer,0,Belarus
Throat cancer,0,Belarus
Thyroid cancer,0,Belarus
Undetermined cancer,0,Belarus
Uterine cancer,0,Belarus
Vaginal cancer,0,Belarus
Vulvar cancer,0,Belarus
Anal cancer,0,Zimbabwe
Bladder cancer,0,Zimbabwe
Brain cancer,0,Zimbabwe
Breast cancer,0,Zimbabwe
Cervical cancer,1,Zimbabwe
Colon cancer,0,Zimbabwe
Colorectal cancer,0,Zimbabwe
Esophageal cancer,0,Zimbabwe
Gallbladder cancer,0,Zimbabwe
Hodgkin lymphoma,0,Zimbabwe
Kaposi sarcoma,1,Zimbabwe
Kidney cancer,0,Zimbabwe
Laryngeal cancer,0,Zimbabwe
Leukemia,0,Zimbabwe
Liver cancer,1,Zimbabwe
Lung cancer,1,Zimbabwe
Mesothelioma,0,Zimbabwe
Mouth cancer,0,Zimbabwe
Multiple myeloma,0,Zimbabwe
Non-Hodgkin lymphoma,0,Zimbabwe
Other cancer,0,Zimbabwe
Ovarian cancer,0,Zimbabwe
Pancreatic cancer,0,Zimbabwe
Penile cancer,0,Zimbabwe
Prostate cancer,0,Zimbabwe
Rectal cancer,0,Zimbabwe
Salivary gland cancer,0,Zimbabwe
Skin cancer,0,Zimbabwe
Stomach cancer,0,Zimbabwe
Testicular cancer,0,Zimbabwe
Throat cancer,0,Zimbabwe
Thyroid cancer,0,Zimbabwe
Undetermined cancer,0,Zimbabwe
Uterine cancer,0,Zimbabwe
Vaginal cancer,0,Zimbabwe
Vulvar cancer,0,Zimbabwe
Anal cancer,0,Iceland
Bladder cancer,0,Iceland
Brain cancer,0,Iceland
Breast cancer,2,Iceland
Cervical cancer,3,Iceland
Colon cancer,0,Iceland
Colorectal cancer,0,Iceland
Esophageal cancer,0,Iceland
Gallbladder cancer,0,Iceland
Hodgkin lymphoma,0,Iceland
Kaposi sarcoma,0,Iceland
Kidney cancer,0,Iceland
Laryngeal cancer,0,Iceland
Leukemia,0,Iceland
Liver cancer,0,Iceland
Lung cancer,0,Iceland
Mesothelioma,0,Iceland
Mouth cancer,0,Iceland
Multiple myeloma,1,Iceland
Non-Hodgkin lymphoma,0,Iceland
Other cancer,0,Iceland
Ovarian cancer,0,Iceland
Pancreatic cancer,0,Iceland
Penile cancer,0,Iceland
Prostate cancer,0,Iceland
Rectal cancer,0,Iceland
Salivary gland cancer,0,Iceland
Skin cancer,0,Iceland
Stomach cancer,0,Iceland
Testicular cancer,0,Iceland
Throat cancer,0,Iceland
Thyroid cancer,0,Iceland
Undetermined cancer,0,Iceland
Uterine cancer,0,Iceland
Vaginal cancer,0,Iceland
Vulvar cancer,0,Iceland
Anal cancer,0,Chile
Bladder cancer,0,Chile
Brain cancer,1,Chile
Breast cancer,9,Chile
Cervical cancer,0,Chile
Colon cancer,1,Chile
Colorectal cancer,1,Chile
Esophageal cancer,0,Chile
Gallbladder cancer,3,Chile
Hodgkin lymphoma,0,Chile
Kaposi sarcoma,0,Chile
Kidney cancer,1,Chile
Laryngeal cancer,0,Chile
Leukemia,6,Chile
Liver cancer,0,Chile
Lung cancer,0,Chile
Mesothelioma,0,Chile
Mouth cancer,0,Chile
Multiple myeloma,0,Chile
Non-Hodgkin lymphoma,0,Chile
Other cancer,0,Chile
Ovarian cancer,1,Chile
Pancreatic cancer,1,Chile
Penile cancer,0,Chile
Prostate cancer,4,Chile
Rectal cancer,2,Chile
Salivary gland cancer,0,Chile
Skin cancer,6,Chile
Stomach cancer,0,Chile
Testicular cancer,0,Chile
Throat cancer,0,Chile
Thyroid cancer,0,Chile
Undetermined cancer,0,Chile
Uterine cancer,0,Chile
Vaginal cancer,0,Chile
Vulvar cancer,0,Chile
Anal cancer,0,Belize
Bladder cancer,0,Belize
Brain cancer,0,Belize
Breast cancer,0,Belize
Cervical cancer,0,Belize
Colon cancer,0,Belize
Colorectal cancer,0,Belize
Esophageal cancer,0,Belize
Gallbladder cancer,0,Belize
Hodgkin lymphoma,0,Belize
Kaposi sarcoma,0,Belize
Kidney cancer,0,Belize
Laryngeal cancer,0,Belize
Leukemia,0,Belize
Liver cancer,0,Belize
Lung cancer,0,Belize
Mesothelioma,0,Belize
Mouth cancer,0,Belize
Multiple myeloma,0,Belize
Non-Hodgkin lymphoma,0,Belize
Other cancer,0,Belize
Ovarian cancer,0,Belize
Pancreatic cancer,0,Belize
Penile cancer,0,Belize
Prostate cancer,0,Belize
Rectal cancer,0,Belize
Salivary gland cancer,0,Belize
Skin cancer,0,Belize
Stomach cancer,0,Belize
Testicular cancer,0,Belize
Throat cancer,0,Belize
Thyroid cancer,0,Belize
Undetermined cancer,0,Belize
Uterine cancer,0,Belize
Vaginal cancer,0,Belize
Vulvar cancer,0,Belize
Anal cancer,0,Iraq
Bladder cancer,0,Iraq
Brain cancer,0,Iraq
Breast cancer,2,Iraq
Cervical cancer,0,Iraq
Colon cancer,0,Iraq
Colorectal cancer,0,Iraq
Esophageal cancer,0,Iraq
Gallbladder cancer,0,Iraq
Hodgkin lymphoma,0,Iraq
Kaposi sarcoma,0,Iraq
Kidney cancer,0,Iraq
Laryngeal cancer,0,Iraq
Leukemia,3,Iraq
Liver cancer,0,Iraq
Lung cancer,0,Iraq
Mesothelioma,0,Iraq
Mouth cancer,0,Iraq
Multiple myeloma,0,Iraq
Non-Hodgkin lymphoma,0,Iraq
Other cancer,0,Iraq
Ovarian cancer,0,Iraq
Pancreatic cancer,0,Iraq
Penile cancer,0,Iraq
Prostate cancer,0,Iraq
Rectal cancer,0,Iraq
Salivary gland cancer,0,Iraq
Skin cancer,0,Iraq
Stomach cancer,0,Iraq
Testicular cancer,0,Iraq
Throat cancer,0,Iraq
Thyroid cancer,0,Iraq
Undetermined cancer,0,Iraq
Uterine cancer,0,Iraq
Vaginal cancer,0,Iraq
Vulvar cancer,0,Iraq
Anal cancer,4,Germany
Bladder cancer,97,Germany
Brain cancer,256,Germany
Breast cancer,858,Germany
Cervical cancer,75,Germany
Colon cancer,67,Germany
Colorectal cancer,393,Germany
Esophageal cancer,54,Germany
Gallbladder cancer,3,Germany
Hodgkin lymphoma,136,Germany
Kaposi sarcoma,2,Germany
Kidney cancer,160,Germany
Laryngeal cancer,9,Germany
Leukemia,987,Germany
Liver cancer,108,Germany
Lung cancer,108,Germany
Mesothelioma,23,Germany
Mouth cancer,0,Germany
Multiple myeloma,201,Germany
Non-Hodgkin lymphoma,145,Germany
Other cancer,0,Germany
Ovarian cancer,221,Germany
Pancreatic cancer,187,Germany
Penile cancer,4,Germany
Prostate cancer,318,Germany
Rectal cancer,169,Germany
Salivary gland cancer,0,Germany
Skin cancer,352,Germany
Stomach cancer,21,Germany
Testicular cancer,36,Germany
Throat cancer,0,Germany
Thyroid cancer,38,Germany
Undetermined cancer,0,Germany
Uterine cancer,26,Germany
Vaginal cancer,2,Germany
Vulvar cancer,2,Germany
Anal cancer,0,Solomon Islands
Bladder cancer,0,Solomon Islands
Brain cancer,0,Solomon Islands
Breast cancer,0,Solomon Islands
Cervical cancer,0,Solomon Islands
Colon cancer,0,Solomon Islands
Colorectal cancer,0,Solomon Islands
Esophageal cancer,0,Solomon Islands
Gallbladder cancer,0,Solomon Islands
Hodgkin lymphoma,0,Solomon Islands
Kaposi sarcoma,0,Solomon Islands
Kidney cancer,0,Solomon Islands
Laryngeal cancer,0,Solomon Islands
Leukemia,0,Solomon Islands
Liver cancer,0,Solomon Islands
Lung cancer,0,Solomon Islands
Mesothelioma,0,Solomon Islands
Mouth cancer,0,Solomon Islands
Multiple myeloma,0,Solomon Islands
Non-Hodgkin lymphoma,0,Solomon Islands
Other cancer,0,Solomon Islands
Ovarian cancer,0,Solomon Islands
Pancreatic cancer,0,Solomon Islands
Penile cancer,0,Solomon Islands
Prostate cancer,0,Solomon Islands
Rectal cancer,0,Solomon Islands
Salivary gland cancer,0,Solomon Islands
Skin cancer,0,Solomon Islands
Stomach cancer,0,Solomon Islands
Testicular cancer,0,Solomon Islands
Throat cancer,0,Solomon Islands
Thyroid cancer,0,Solomon Islands
Undetermined cancer,0,Solomon Islands
Uterine cancer,0,Solomon Islands
Vaginal cancer,0,Solomon Islands
Vulvar cancer,0,Solomon Islands
Anal cancer,3,Denmark
Bladder cancer,39,Denmark
Brain cancer,17,Denmark
Breast cancer,297,Denmark
Cervical cancer,28,Denmark
Colon cancer,18,Denmark
Colorectal cancer,151,Denmark
Esophageal cancer,11,Denmark
Gallbladder cancer,0,Denmark
Hodgkin lymphoma,11,Denmark
Kaposi sarcoma,0,Denmark
Kidney cancer,21,Denmark
Laryngeal cancer,1,Denmark
Leukemia,96,Denmark
Liver cancer,5,Denmark
Lung cancer,5,Denmark
Mesothelioma,2,Denmark
Mouth cancer,0,Denmark
Multiple myeloma,35,Denmark
Non-Hodgkin lymphoma,8,Denmark
Other cancer,0,Denmark
Ovarian cancer,52,Denmark
Pancreatic cancer,17,Denmark
Penile cancer,0,Denmark
Prostate cancer,80,Denmark
Rectal cancer,35,Denmark
Salivary gland cancer,0,Denmark
Skin cancer,75,Denmark
Stomach cancer,1,Denmark
Testicular cancer,9,Denmark
Throat cancer,0,Denmark
Thyroid cancer,3,Denmark
Undetermined cancer,0,Denmark
Uterine cancer,15,Denmark
Vaginal cancer,0,Denmark
Vulvar cancer,0,Denmark
Anal cancer,0,Mauritius
Bladder cancer,0,Mauritius
Brain cancer,0,Mauritius
Breast cancer,0,Mauritius
Cervical cancer,0,Mauritius
Colon cancer,0,Mauritius
Colorectal cancer,0,Mauritius
Esophageal cancer,0,Mauritius
Gallbladder cancer,0,Mauritius
Hodgkin lymphoma,0,Mauritius
Kaposi sarcoma,0,Mauritius
Kidney cancer,0,Mauritius
Laryngeal cancer,0,Mauritius
Leukemia,0,Mauritius
Liver cancer,0,Mauritius
Lung cancer,0,Mauritius
Mesothelioma,0,Mauritius
Mouth cancer,0,Mauritius
Multiple myeloma,0,Mauritius
Non-Hodgkin lymphoma,0,Mauritius
Other cancer,0,Mauritius
Ovarian cancer,0,Mauritius
Pancreatic cancer,0,Mauritius
Penile cancer,0,Mauritius
Prostate cancer,0,Mauritius
Rectal cancer,0,Mauritius
Salivary gland cancer,0,Mauritius
Skin cancer,0,Mauritius
Stomach cancer,0,Mauritius
Testicular cancer,0,Mauritius
Throat cancer,0,Mauritius
Thyroid cancer,0,Mauritius
Undetermined cancer,0,Mauritius
Uterine cancer,0,Mauritius
Vaginal cancer,0,Mauritius
Vulvar cancer,0,Mauritius
Anal cancer,0,Namibia
Bladder cancer,0,Namibia
Brain cancer,0,Namibia
Breast cancer,0,Namibia
Cervical cancer,0,Namibia
Colon cancer,0,Namibia
Colorectal cancer,1,Namibia
Esophageal cancer,0,Namibia
Gallbladder cancer,0,Namibia
Hodgkin lymphoma,0,Namibia
Kaposi sarcoma,0,Namibia
Kidney cancer,0,Namibia
Laryngeal cancer,0,Namibia
Leukemia,0,Namibia
Liver cancer,0,Namibia
Lung cancer,0,Namibia
Mesothelioma,0,Namibia
Mouth cancer,0,Namibia
Multiple myeloma,0,Namibia
Non-Hodgkin lymphoma,0,Namibia
Other cancer,0,Namibia
Ovarian cancer,0,Namibia
Pancreatic cancer,0,Namibia
Penile cancer,0,Namibia
Prostate cancer,0,Namibia
Rectal cancer,0,Namibia
Salivary gland cancer,0,Namibia
Skin cancer,0,Namibia
Stomach cancer,0,Namibia
Testicular cancer,0,Namibia
Throat cancer,0,Namibia
Thyroid cancer,0,Namibia
Undetermined cancer,0,Namibia
Uterine cancer,0,Namibia
Vaginal cancer,0,Namibia
Vulvar cancer,0,Namibia
Anal cancer,0,Armenia
Bladder cancer,0,Armenia
Brain cancer,0,Armenia
Breast cancer,0,Armenia
Cervical cancer,0,Armenia
Colon cancer,0,Armenia
Colorectal cancer,0,Armenia
Esophageal cancer,0,Armenia
Gallbladder cancer,0,Armenia
Hodgkin lymphoma,0,Armenia
Kaposi sarcoma,0,Armenia
Kidney cancer,0,Armenia
Laryngeal cancer,0,Armenia
Leukemia,0,Armenia
Liver cancer,0,Armenia
Lung cancer,0,Armenia
Mesothelioma,0,Armenia
Mouth cancer,0,Armenia
Multiple myeloma,0,Armenia
Non-Hodgkin lymphoma,0,Armenia
Other cancer,0,Armenia
Ovarian cancer,0,Armenia
Pancreatic cancer,0,Armenia
Penile cancer,0,Armenia
Prostate cancer,1,Armenia
Rectal cancer,0,Armenia
Salivary gland cancer,0,Armenia
Skin cancer,0,Armenia
Stomach cancer,0,Armenia
Testicular cancer,0,Armenia
Throat cancer,0,Armenia
Thyroid cancer,0,Armenia
Undetermined cancer,0,Armenia
Uterine cancer,1,Armenia
Vaginal cancer,0,Armenia
Vulvar cancer,0,Armenia
Anal cancer,0,Bangladesh
Bladder cancer,0,Bangladesh
Brain cancer,0,Bangladesh
Breast cancer,1,Bangladesh
Cervical cancer,2,Bangladesh
Colon cancer,0,Bangladesh
Colorectal cancer,0,Bangladesh
Esophageal cancer,0,Bangladesh
Gallbladder cancer,0,Bangladesh
Hodgkin lymphoma,0,Bangladesh
Kaposi sarcoma,0,Bangladesh
Kidney cancer,0,Bangladesh
Laryngeal cancer,0,Bangladesh
Leukemia,8,Bangladesh
Liver cancer,1,Bangladesh
Lung cancer,1,Bangladesh
Mesothelioma,0,Bangladesh
Mouth cancer,0,Bangladesh
Multiple myeloma,0,Bangladesh
Non-Hodgkin lymphoma,0,Bangladesh
Other cancer,0,Bangladesh
Ovarian cancer,0,Bangladesh
Pancreatic cancer,0,Bangladesh
Penile cancer,0,Bangladesh
Prostate cancer,1,Bangladesh
Rectal cancer,0,Bangladesh
Salivary gland cancer,0,Bangladesh
Skin cancer,0,Bangladesh
Stomach cancer,0,Bangladesh
Testicular cancer,0,Bangladesh
Throat cancer,0,Bangladesh
Thyroid cancer,0,Bangladesh
Undetermined cancer,0,Bangladesh
Uterine cancer,0,Bangladesh
Vaginal cancer,0,Bangladesh
Vulvar cancer,0,Bangladesh
Anal cancer,0,Djibouti
Bladder cancer,0,Djibouti
Brain cancer,0,Djibouti
Breast cancer,0,Djibouti
Cervical cancer,0,Djibouti
Colon cancer,0,Djibouti
Colorectal cancer,0,Djibouti
Esophageal cancer,0,Djibouti
Gallbladder cancer,0,Djibouti
Hodgkin lymphoma,0,Djibouti
Kaposi sarcoma,0,Djibouti
Kidney cancer,0,Djibouti
Laryngeal cancer,0,Djibouti
Leukemia,0,Djibouti
Liver cancer,0,Djibouti
Lung cancer,0,Djibouti
Mesothelioma,0,Djibouti
Mouth cancer,0,Djibouti
Multiple myeloma,0,Djibouti
Non-Hodgkin lymphoma,0,Djibouti
Other cancer,0,Djibouti
Ovarian cancer,0,Djibouti
Pancreatic cancer,0,Djibouti
Penile cancer,0,Djibouti
Prostate cancer,0,Djibouti
Rectal cancer,0,Djibouti
Salivary gland cancer,0,Djibouti
Skin cancer,0,Djibouti
Stomach cancer,0,Djibouti
Testicular cancer,0,Djibouti
Throat cancer,0,Djibouti
Thyroid cancer,0,Djibouti
Undetermined cancer,0,Djibouti
Uterine cancer,0,Djibouti
Vaginal cancer,0,Djibouti
Vulvar cancer,0,Djibouti
Anal cancer,1,New Zealand
Bladder cancer,0,New Zealand
Brain cancer,5,New Zealand
Breast cancer,25,New Zealand
Cervical cancer,6,New Zealand
Colon cancer,7,New Zealand
Colorectal cancer,17,New Zealand
Esophageal cancer,0,New Zealand
Gallbladder cancer,0,New Zealand
Hodgkin lymphoma,1,New Zealand
Kaposi sarcoma,0,New Zealand
Kidney cancer,1,New Zealand
Laryngeal cancer,1,New Zealand
Leukemia,7,New Zealand
Liver cancer,2,New Zealand
Lung cancer,2,New Zealand
Mesothelioma,0,New Zealand
Mouth cancer,0,New Zealand
Multiple myeloma,1,New Zealand
Non-Hodgkin lymphoma,2,New Zealand
Other cancer,0,New Zealand
Ovarian cancer,1,New Zealand
Pancreatic cancer,0,New Zealand
Penile cancer,0,New Zealand
Prostate cancer,14,New Zealand
Rectal cancer,1,New Zealand
Salivary gland cancer,0,New Zealand
Skin cancer,7,New Zealand
Stomach cancer,1,New Zealand
Testicular cancer,1,New Zealand
Throat cancer,0,New Zealand
Thyroid cancer,0,New Zealand
Undetermined cancer,0,New Zealand
Uterine cancer,0,New Zealand
Vaginal cancer,0,New Zealand
Vulvar cancer,0,New Zealand
Anal cancer,0,Argentina
Bladder cancer,1,Argentina
Brain cancer,4,Argentina
Breast cancer,19,Argentina
Cervical cancer,5,Argentina
Colon cancer,2,Argentina
Colorectal cancer,12,Argentina
Esophageal cancer,0,Argentina
Gallbladder cancer,0,Argentina
Hodgkin lymphoma,2,Argentina
Kaposi sarcoma,0,Argentina
Kidney cancer,3,Argentina
Laryngeal cancer,0,Argentina
Leukemia,26,Argentina
Liver cancer,1,Argentina
Lung cancer,1,Argentina
Mesothelioma,0,Argentina
Mouth cancer,0,Argentina
Multiple myeloma,8,Argentina
Non-Hodgkin lymphoma,2,Argentina
Other cancer,0,Argentina
Ovarian cancer,2,Argentina
Pancreatic cancer,2,Argentina
Penile cancer,0,Argentina
Prostate cancer,3,Argentina
Rectal cancer,3,Argentina
Salivary gland cancer,0,Argentina
Skin cancer,16,Argentina
Stomach cancer,1,Argentina
Testicular cancer,0,Argentina
Throat cancer,0,Argentina
Thyroid cancer,2,Argentina
Undetermined cancer,0,Argentina
Uterine cancer,0,Argentina
Vaginal cancer,0,Argentina
Vulvar cancer,0,Argentina
Anal cancer,0,Dominican Republic
Bladder cancer,0,Dominican Republic
Brain cancer,0,Dominican Republic
Breast cancer,0,Dominican Republic
Cervical cancer,0,Dominican Republic
Colon cancer,0,Dominican Republic
Colorectal cancer,0,Dominican Republic
Esophageal cancer,0,Dominican Republic
Gallbladder cancer,0,Dominican Republic
Hodgkin lymphoma,0,Dominican Republic
Kaposi sarcoma,0,Dominican Republic
Kidney cancer,0,Dominican Republic
Laryngeal cancer,0,Dominican Republic
Leukemia,0,Dominican Republic
Liver cancer,0,Dominican Republic
Lung cancer,0,Dominican Republic
Mesothelioma,0,Dominican Republic
Mouth cancer,0,Dominican Republic
Multiple myeloma,0,Dominican Republic
Non-Hodgkin lymphoma,0,Dominican Republic
Other cancer,0,Dominican Republic
Ovarian cancer,0,Dominican Republic
Pancreatic cancer,0,Dominican Republic
Penile cancer,0,Dominican Republic
Prostate cancer,0,Dominican Republic
Rectal cancer,0,Dominican Republic
Salivary gland cancer,0,Dominican Republic
Skin cancer,0,Dominican Republic
Stomach cancer,0,Dominican Republic
Testicular cancer,0,Dominican Republic
Throat cancer,0,Dominican Republic
Thyroid cancer,0,Dominican Republic
Undetermined cancer,0,Dominican Republic
Uterine cancer,0,Dominican Republic
Vaginal cancer,0,Dominican Republic
Vulvar cancer,0,Dominican Republic
Anal cancer,0,Slovenia
Bladder cancer,3,Slovenia
Brain cancer,2,Slovenia
Breast cancer,13,Slovenia
Cervical cancer,1,Slovenia
Colon cancer,0,Slovenia
Colorectal cancer,6,Slovenia
Esophageal cancer,1,Slovenia
Gallbladder cancer,0,Slovenia
Hodgkin lymphoma,0,Slovenia
Kaposi sarcoma,0,Slovenia
Kidney cancer,0,Slovenia
Laryngeal cancer,0,Slovenia
Leukemia,0,Slovenia
Liver cancer,1,Slovenia
Lung cancer,1,Slovenia
Mesothelioma,2,Slovenia
Mouth cancer,0,Slovenia
Multiple myeloma,1,Slovenia
Non-Hodgkin lymphoma,1,Slovenia
Other cancer,0,Slovenia
Ovarian cancer,4,Slovenia
Pancreatic cancer,0,Slovenia
Penile cancer,0,Slovenia
Prostate cancer,0,Slovenia
Rectal cancer,9,Slovenia
Salivary gland cancer,0,Slovenia
Skin cancer,11,Slovenia
Stomach cancer,1,Slovenia
Testicular cancer,0,Slovenia
Throat cancer,0,Slovenia
Thyroid cancer,1,Slovenia
Undetermined cancer,0,Slovenia
Uterine cancer,1,Slovenia
Vaginal cancer,0,Slovenia
Vulvar cancer,0,Slovenia
Anal cancer,0,Jordan
Bladder cancer,2,Jordan
Brain cancer,0,Jordan
Breast cancer,4,Jordan
Cervical cancer,0,Jordan
Colon cancer,0,Jordan
Colorectal cancer,0,Jordan
Esophageal cancer,0,Jordan
Gallbladder cancer,0,Jordan
Hodgkin lymphoma,0,Jordan
Kaposi sarcoma,0,Jordan
Kidney cancer,0,Jordan
Laryngeal cancer,0,Jordan
Leukemia,0,Jordan
Liver cancer,0,Jordan
Lung cancer,0,Jordan
Mesothelioma,0,Jordan
Mouth cancer,0,Jordan
Multiple myeloma,1,Jordan
Non-Hodgkin lymphoma,0,Jordan
Other cancer,0,Jordan
Ovarian cancer,0,Jordan
Pancreatic cancer,0,Jordan
Penile cancer,0,Jordan
Prostate cancer,0,Jordan
Rectal cancer,0,Jordan
Salivary gland cancer,0,Jordan
Skin cancer,0,Jordan
Stomach cancer,0,Jordan
Testicular cancer,0,Jordan
Throat cancer,0,Jordan
Thyroid cancer,0,Jordan
Undetermined cancer,0,Jordan
Uterine cancer,1,Jordan
Vaginal cancer,0,Jordan
Vulvar cancer,0,Jordan
Anal cancer,0,Burkina Faso
Bladder cancer,0,Burkina Faso
Brain cancer,0,Burkina Faso
Breast cancer,0,Burkina Faso
Cervical cancer,0,Burkina Faso
Colon cancer,0,Burkina Faso
Colorectal cancer,0,Burkina Faso
Esophageal cancer,0,Burkina Faso
Gallbladder cancer,0,Burkina Faso
Hodgkin lymphoma,0,Burkina Faso
Kaposi sarcoma,0,Burkina Faso
Kidney cancer,0,Burkina Faso
Laryngeal cancer,0,Burkina Faso
Leukemia,0,Burkina Faso
Liver cancer,0,Burkina Faso
Lung cancer,0,Burkina Faso
Mesothelioma,0,Burkina Faso
Mouth cancer,0,Burkina Faso
Multiple myeloma,0,Burkina Faso
Non-Hodgkin lymphoma,0,Burkina Faso
Other cancer,0,Burkina Faso
Ovarian cancer,0,Burkina Faso
Pancreatic cancer,0,Burkina Faso
Penile cancer,0,Burkina Faso
Prostate cancer,0,Burkina Faso
Rectal cancer,0,Burkina Faso
Salivary gland cancer,0,Burkina Faso
Skin cancer,0,Burkina Faso
Stomach cancer,0,Burkina Faso
Testicular cancer,0,Burkina Faso
Throat cancer,0,Burkina Faso
Thyroid cancer,0,Burkina Faso
Undetermined cancer,0,Burkina Faso
Uterine cancer,0,Burkina Faso
Vaginal cancer,0,Burkina Faso
Vulvar cancer,0,Burkina Faso
Anal cancer,0,Chad
Bladder cancer,0,Chad
Brain cancer,0,Chad
Breast cancer,0,Chad
Cervical cancer,0,Chad
Colon cancer,0,Chad
Colorectal cancer,0,Chad
Esophageal cancer,0,Chad
Gallbladder cancer,0,Chad
Hodgkin lymphoma,0,Chad
Kaposi sarcoma,0,Chad
Kidney cancer,0,Chad
Laryngeal cancer,0,Chad
Leukemia,0,Chad
Liver cancer,0,Chad
Lung cancer,0,Chad
Mesothelioma,0,Chad
Mouth cancer,0,Chad
Multiple myeloma,0,Chad
Non-Hodgkin lymphoma,0,Chad
Other cancer,0,Chad
Ovarian cancer,0,Chad
Pancreatic cancer,0,Chad
Penile cancer,0,Chad
Prostate cancer,0,Chad
Rectal cancer,0,Chad
Salivary gland cancer,0,Chad
Skin cancer,0,Chad
Stomach cancer,0,Chad
Testicular cancer,0,Chad
Throat cancer,0,Chad
Thyroid cancer,0,Chad
Undetermined cancer,0,Chad
Uterine cancer,0,Chad
Vaginal cancer,0,Chad
Vulvar cancer,0,Chad
Anal cancer,1,China
Bladder cancer,109,China
Brain cancer,109,China
Breast cancer,1135,China
Cervical cancer,314,China
Colon cancer,129,China
Colorectal cancer,690,China
Esophageal cancer,320,China
Gallbladder cancer,15,China
Hodgkin lymphoma,65,China
Kaposi sarcoma,0,China
Kidney cancer,129,China
Laryngeal cancer,16,China
Leukemia,648,China
Liver cancer,1065,China
Lung cancer,1065,China
Mesothelioma,7,China
Mouth cancer,0,China
Multiple myeloma,168,China
Non-Hodgkin lymphoma,138,China
Other cancer,0,China
Ovarian cancer,140,China
Pancreatic cancer,162,China
Penile cancer,6,China
Prostate cancer,240,China
Rectal cancer,342,China
Salivary gland cancer,0,China
Skin cancer,102,China
Stomach cancer,79,China
Testicular cancer,0,China
Throat cancer,0,China
Thyroid cancer,136,China
Undetermined cancer,0,China
Uterine cancer,48,China
Vaginal cancer,0,China
Vulvar cancer,1,China
Anal cancer,0,Uzbekistan
Bladder cancer,0,Uzbekistan
Brain cancer,0,Uzbekistan
Breast cancer,1,Uzbekistan
Cervical cancer,0,Uzbekistan
Colon cancer,0,Uzbekistan
Colorectal cancer,0,Uzbekistan
Esophageal cancer,0,Uzbekistan
Gallbladder cancer,0,Uzbekistan
Hodgkin lymphoma,0,Uzbekistan
Kaposi sarcoma,0,Uzbekistan
Kidney cancer,0,Uzbekistan
Laryngeal cancer,0,Uzbekistan
Leukemia,0,Uzbekistan
Liver cancer,0,Uzbekistan
Lung cancer,0,Uzbekistan
Mesothelioma,0,Uzbekistan
Mouth cancer,0,Uzbekistan
Multiple myeloma,0,Uzbekistan
Non-Hodgkin lymphoma,0,Uzbekistan
Other cancer,0,Uzbekistan
Ovarian cancer,0,Uzbekistan
Pancreatic cancer,0,Uzbekistan
Penile cancer,0,Uzbekistan
Prostate cancer,0,Uzbekistan
Rectal cancer,0,Uzbekistan
Salivary gland cancer,0,Uzbekistan
Skin cancer,0,Uzbekistan
Stomach cancer,0,Uzbekistan
Testicular cancer,0,Uzbekistan
Throat cancer,0,Uzbekistan
Thyroid cancer,0,Uzbekistan
Undetermined cancer,0,Uzbekistan
Uterine cancer,0,Uzbekistan
Vaginal cancer,0,Uzbekistan
Vulvar cancer,0,Uzbekistan
Anal cancer,0,Albania
Bladder cancer,0,Albania
Brain cancer,0,Albania
Breast cancer,0,Albania
Cervical cancer,0,Albania
Colon cancer,0,Albania
Colorectal cancer,0,Albania
Esophageal cancer,0,Albania
Gallbladder cancer,0,Albania
Hodgkin lymphoma,0,Albania
Kaposi sarcoma,0,Albania
Kidney cancer,0,Albania
Laryngeal cancer,0,Albania
Leukemia,0,Albania
Liver cancer,0,Albania
Lung cancer,0,Albania
Mesothelioma,0,Albania
Mouth cancer,0,Albania
Multiple myeloma,0,Albania
Non-Hodgkin lymphoma,0,Albania
Other cancer,0,Albania
Ovarian cancer,0,Albania
Pancreatic cancer,0,Albania
Penile cancer,0,Albania
Prostate cancer,0,Albania
Rectal cancer,0,Albania
Salivary gland cancer,0,Albania
Skin cancer,0,Albania
Stomach cancer,0,Albania
Testicular cancer,0,Albania
Throat cancer,0,Albania
Thyroid cancer,0,Albania
Undetermined cancer,0,Albania
Uterine cancer,0,Albania
Vaginal cancer,0,Albania
Vulvar cancer,0,Albania
Anal cancer,0,Guatemala
Bladder cancer,0,Guatemala
Brain cancer,0,Guatemala
Breast cancer,0,Guatemala
Cervical cancer,0,Guatemala
Colon cancer,0,Guatemala
Colorectal cancer,0,Guatemala
Esophageal cancer,0,Guatemala
Gallbladder cancer,0,Guatemala
Hodgkin lymphoma,1,Guatemala
Kaposi sarcoma,0,Guatemala
Kidney cancer,0,Guatemala
Laryngeal cancer,0,Guatemala
Leukemia,0,Guatemala
Liver cancer,0,Guatemala
Lung cancer,0,Guatemala
Mesothelioma,0,Guatemala
Mouth cancer,0,Guatemala
Multiple myeloma,0,Guatemala
Non-Hodgkin lymphoma,0,Guatemala
Other cancer,0,Guatemala
Ovarian cancer,0,Guatemala
Pancreatic cancer,0,Guatemala
Penile cancer,0,Guatemala
Prostate cancer,0,Guatemala
Rectal cancer,0,Guatemala
Salivary gland cancer,0,Guatemala
Skin cancer,0,Guatemala
Stomach cancer,0,Guatemala
Testicular cancer,0,Guatemala
Throat cancer,0,Guatemala
Thyroid cancer,0,Guatemala
Undetermined cancer,0,Guatemala
Uterine cancer,0,Guatemala
Vaginal cancer,0,Guatemala
Vulvar cancer,0,Guatemala
Anal cancer,1,Colombia
Bladder cancer,0,Colombia
Brain cancer,1,Colombia
Breast cancer,2,Colombia
Cervical cancer,2,Colombia
Colon cancer,0,Colombia
Colorectal cancer,0,Colombia
Esophageal cancer,0,Colombia
Gallbladder cancer,0,Colombia
Hodgkin lymphoma,0,Colombia
Kaposi sarcoma,0,Colombia
Kidney cancer,0,Colombia
Laryngeal cancer,0,Colombia
Leukemia,3,Colombia
Liver cancer,2,Colombia
Lung cancer,2,Colombia
Mesothelioma,0,Colombia
Mouth cancer,0,Colombia
Multiple myeloma,1,Colombia
Non-Hodgkin lymphoma,0,Colombia
Other cancer,0,Colombia
Ovarian cancer,0,Colombia
Pancreatic cancer,0,Colombia
Penile cancer,0,Colombia
Prostate cancer,1,Colombia
Rectal cancer,0,Colombia
Salivary gland cancer,0,Colombia
Skin cancer,2,Colombia
Stomach cancer,0,Colombia
Testicular cancer,0,Colombia
Throat cancer,0,Colombia
Thyroid cancer,1,Colombia
Undetermined cancer,0,Colombia
Uterine cancer,0,Colombia
Vaginal cancer,0,Colombia
Vulvar cancer,0,Colombia
Anal cancer,0,Morocco
Bladder cancer,0,Morocco
Brain cancer,0,Morocco
Breast cancer,2,Morocco
Cervical cancer,0,Morocco
Colon cancer,0,Morocco
Colorectal cancer,0,Morocco
Esophageal cancer,0,Morocco
Gallbladder cancer,0,Morocco
Hodgkin lymphoma,1,Morocco
Kaposi sarcoma,0,Morocco
Kidney cancer,0,Morocco
Laryngeal cancer,0,Morocco
Leukemia,2,Morocco
Liver cancer,0,Morocco
Lung cancer,0,Morocco
Mesothelioma,0,Morocco
Mouth cancer,0,Morocco
Multiple myeloma,0,Morocco
Non-Hodgkin lymphoma,0,Morocco
Other cancer,0,Morocco
Ovarian cancer,0,Morocco
Pancreatic cancer,0,Morocco
Penile cancer,0,Morocco
Prostate cancer,0,Morocco
Rectal cancer,1,Morocco
Salivary gland cancer,0,Morocco
Skin cancer,0,Morocco
Stomach cancer,0,Morocco
Testicular cancer,0,Morocco
Throat cancer,0,Morocco
Thyroid cancer,0,Morocco
Undetermined cancer,0,Morocco
Uterine cancer,0,Morocco
Vaginal cancer,0,Morocco
Vulvar cancer,0,Morocco
Anal cancer,0,Rwanda
Bladder cancer,0,Rwanda
Brain cancer,0,Rwanda
Breast cancer,1,Rwanda
Cervical cancer,0,Rwanda
Colon cancer,0,Rwanda
Colorectal cancer,0,Rwanda
Esophageal cancer,0,Rwanda
Gallbladder cancer,0,Rwanda
Hodgkin lymphoma,0,Rwanda
Kaposi sarcoma,0,Rwanda
Kidney cancer,0,Rwanda
Laryngeal cancer,0,Rwanda
Leukemia,0,Rwanda
Liver cancer,0,Rwanda
Lung cancer,0,Rwanda
Mesothelioma,0,Rwanda
Mouth cancer,0,Rwanda
Multiple myeloma,0,Rwanda
Non-Hodgkin lymphoma,0,Rwanda
Other cancer,0,Rwanda
Ovarian cancer,0,Rwanda
Pancreatic cancer,0,Rwanda
Penile cancer,0,Rwanda
Prostate cancer,0,Rwanda
Rectal cancer,0,Rwanda
Salivary gland cancer,0,Rwanda
Skin cancer,0,Rwanda
Stomach cancer,0,Rwanda
Testicular cancer,0,Rwanda
Throat cancer,0,Rwanda
Thyroid cancer,0,Rwanda
Undetermined cancer,0,Rwanda
Uterine cancer,0,Rwanda
Vaginal cancer,0,Rwanda
Vulvar cancer,0,Rwanda
Anal cancer,0,Barbados
Bladder cancer,0,Barbados
Brain cancer,0,Barbados
Breast cancer,0,Barbados
Cervical cancer,0,Barbados
Colon cancer,0,Barbados
Colorectal cancer,0,Barbados
Esophageal cancer,0,Barbados
Gallbladder cancer,0,Barbados
Hodgkin lymphoma,0,Barbados
Kaposi sarcoma,0,Barbados
Kidney cancer,0,Barbados
Laryngeal cancer,0,Barbados
Leukemia,0,Barbados
Liver cancer,0,Barbados
Lung cancer,0,Barbados
Mesothelioma,0,Barbados
Mouth cancer,0,Barbados
Multiple myeloma,0,Barbados
Non-Hodgkin lymphoma,0,Barbados
Other cancer,0,Barbados
Ovarian cancer,0,Barbados
Pancreatic cancer,0,Barbados
Penile cancer,0,Barbados
Prostate cancer,0,Barbados
Rectal cancer,0,Barbados
Salivary gland cancer,0,Barbados
Skin cancer,0,Barbados
Stomach cancer,0,Barbados
Testicular cancer,0,Barbados
Throat cancer,0,Barbados
Thyroid cancer,0,Barbados
Undetermined cancer,0,Barbados
Uterine cancer,0,Barbados
Vaginal cancer,0,Barbados
Vulvar cancer,0,Barbados
Anal cancer,0,Sri Lanka
Bladder cancer,1,Sri Lanka
Brain cancer,0,Sri Lanka
Breast cancer,1,Sri Lanka
Cervical cancer,0,Sri Lanka
Colon cancer,0,Sri Lanka
Colorectal cancer,2,Sri Lanka
Esophageal cancer,0,Sri Lanka
Gallbladder cancer,0,Sri Lanka
Hodgkin lymphoma,0,Sri Lanka
Kaposi sarcoma,0,Sri Lanka
Kidney cancer,0,Sri Lanka
Laryngeal cancer,0,Sri Lanka
Leukemia,0,Sri Lanka
Liver cancer,0,Sri Lanka
Lung cancer,0,Sri Lanka
Mesothelioma,0,Sri Lanka
Mouth cancer,0,Sri Lanka
Multiple myeloma,0,Sri Lanka
Non-Hodgkin lymphoma,0,Sri Lanka
Other cancer,0,Sri Lanka
Ovarian cancer,0,Sri Lanka
Pancreatic cancer,0,Sri Lanka
Penile cancer,0,Sri Lanka
Prostate cancer,0,Sri Lanka
Rectal cancer,0,Sri Lanka
Salivary gland cancer,0,Sri Lanka
Skin cancer,0,Sri Lanka
Stomach cancer,0,Sri Lanka
Testicular cancer,0,Sri Lanka
Throat cancer,0,Sri Lanka
Thyroid cancer,1,Sri Lanka
Undetermined cancer,0,Sri Lanka
Uterine cancer,0,Sri Lanka
Vaginal cancer,0,Sri Lanka
Vulvar cancer,0,Sri Lanka
Anal cancer,1,India
Bladder cancer,24,India
Brain cancer,31,India
Breast cancer,128,India
Cervical cancer,73,India
Colon cancer,1,India
Colorectal cancer,10,India
Esophageal cancer,15,India
Gallbladder cancer,16,India
Hodgkin lymphoma,8,India
Kaposi sarcoma,0,India
Kidney cancer,6,India
Laryngeal cancer,2,India
Leukemia,99,India
Liver cancer,10,India
Lung cancer,10,India
Mesothelioma,0,India
Mouth cancer,0,India
Multiple myeloma,15,India
Non-Hodgkin lymphoma,13,India
Other cancer,0,India
Ovarian cancer,16,India
Pancreatic cancer,3,India
Penile cancer,2,India
Prostate cancer,22,India
Rectal cancer,11,India
Salivary gland cancer,0,India
Skin cancer,4,India
Stomach cancer,2,India
Testicular cancer,0,India
Throat cancer,0,India
Thyroid cancer,7,India
Undetermined cancer,0,India
Uterine cancer,2,India
Vaginal cancer,0,India
Vulvar cancer,0,India
Anal cancer,0,Laos
Bladder cancer,0,Laos
Brain cancer,0,Laos
Breast cancer,0,Laos
Cervical cancer,0,Laos
Colon cancer,0,Laos
Colorectal cancer,0,Laos
Esophageal cancer,0,Laos
Gallbladder cancer,0,Laos
Hodgkin lymphoma,0,Laos
Kaposi sarcoma,0,Laos
Kidney cancer,0,Laos
Laryngeal cancer,0,Laos
Leukemia,0,Laos
Liver cancer,0,Laos
Lung cancer,0,Laos
Mesothelioma,0,Laos
Mouth cancer,0,Laos
Multiple myeloma,0,Laos
Non-Hodgkin lymphoma,0,Laos
Other cancer,0,Laos
Ovarian cancer,0,Laos
Pancreatic cancer,0,Laos
Penile cancer,0,Laos
Prostate cancer,0,Laos
Rectal cancer,0,Laos
Salivary gland cancer,0,Laos
Skin cancer,0,Laos
Stomach cancer,0,Laos
Testicular cancer,0,Laos
Throat cancer,0,Laos
Thyroid cancer,0,Laos
Undetermined cancer,0,Laos
Uterine cancer,0,Laos
Vaginal cancer,0,Laos
Vulvar cancer,0,Laos
Anal cancer,0,Sao Tome and Principe
Bladder cancer,0,Sao Tome and Principe
Brain cancer,0,Sao Tome and Principe
Breast cancer,0,Sao Tome and Principe
Cervical cancer,0,Sao Tome and Principe
Colon cancer,0,Sao Tome and Principe
Colorectal cancer,0,Sao Tome and Principe
Esophageal cancer,0,Sao Tome and Principe
Gallbladder cancer,0,Sao Tome and Principe
Hodgkin lymphoma,0,Sao Tome and Principe
Kaposi sarcoma,0,Sao Tome and Principe
Kidney cancer,0,Sao Tome and Principe
Laryngeal cancer,0,Sao Tome and Principe
Leukemia,0,Sao Tome and Principe
Liver cancer,0,Sao Tome and Principe
Lung cancer,0,Sao Tome and Principe
Mesothelioma,0,Sao Tome and Principe
Mouth cancer,0,Sao Tome and Principe
Multiple myeloma,0,Sao Tome and Principe
Non-Hodgkin lymphoma,0,Sao Tome and Principe
Other cancer,0,Sao Tome and Principe
Ovarian cancer,0,Sao Tome and Principe
Pancreatic cancer,0,Sao Tome and Principe
Penile cancer,0,Sao Tome and Principe
Prostate cancer,0,Sao Tome and Principe
Rectal cancer,0,Sao Tome and Principe
Salivary gland cancer,0,Sao Tome and Principe
Skin cancer,0,Sao Tome and Principe
Stomach cancer,0,Sao Tome and Principe
Testicular cancer,0,Sao Tome and Principe
Throat cancer,0,Sao Tome and Principe
Thyroid cancer,0,Sao Tome and Principe
Undetermined cancer,0,Sao Tome and Principe
Uterine cancer,0,Sao Tome and Principe
Vaginal cancer,0,Sao Tome and Principe
Vulvar cancer,0,Sao Tome and Principe
Anal cancer,0,French Polynesia
Bladder cancer,0,French Polynesia
Brain cancer,0,French Polynesia
Breast cancer,0,French Polynesia
Cervical cancer,0,French Polynesia
Colon cancer,0,French Polynesia
Colorectal cancer,0,French Polynesia
Esophageal cancer,0,French Polynesia
Gallbladder cancer,0,French Polynesia
Hodgkin lymphoma,0,French Polynesia
Kaposi sarcoma,0,French Polynesia
Kidney cancer,0,French Polynesia
Laryngeal cancer,0,French Polynesia
Leukemia,0,French Polynesia
Liver cancer,0,French Polynesia
Lung cancer,0,French Polynesia
Mesothelioma,0,French Polynesia
Mouth cancer,0,French Polynesia
Multiple myeloma,0,French Polynesia
Non-Hodgkin lymphoma,0,French Polynesia
Other cancer,0,French Polynesia
Ovarian cancer,0,French Polynesia
Pancreatic cancer,0,French Polynesia
Penile cancer,0,French Polynesia
Prostate cancer,0,French Polynesia
Rectal cancer,0,French Polynesia
Salivary gland cancer,0,French Polynesia
Skin cancer,0,French Polynesia
Stomach cancer,0,French Polynesia
Testicular cancer,0,French Polynesia
Throat cancer,0,French Polynesia
Thyroid cancer,0,French Polynesia
Undetermined cancer,0,French Polynesia
Uterine cancer,0,French Polynesia
Vaginal cancer,0,French Polynesia
Vulvar cancer,0,French Polynesia
Anal cancer,0,Gambia
Bladder cancer,0,Gambia
Brain cancer,1,Gambia
Breast cancer,1,Gambia
Cervical cancer,0,Gambia
Colon cancer,0,Gambia
Colorectal cancer,0,Gambia
Esophageal cancer,0,Gambia
Gallbladder cancer,0,Gambia
Hodgkin lymphoma,1,Gambia
Kaposi sarcoma,0,Gambia
Kidney cancer,0,Gambia
Laryngeal cancer,0,Gambia
Leukemia,0,Gambia
Liver cancer,4,Gambia
Lung cancer,4,Gambia
Mesothelioma,0,Gambia
Mouth cancer,0,Gambia
Multiple myeloma,0,Gambia
Non-Hodgkin lymphoma,1,Gambia
Other cancer,0,Gambia
Ovarian cancer,0,Gambia
Pancreatic cancer,0,Gambia
Penile cancer,0,Gambia
Prostate cancer,0,Gambia
Rectal cancer,0,Gambia
Salivary gland cancer,0,Gambia
Skin cancer,0,Gambia
Stomach cancer,0,Gambia
Testicular cancer,0,Gambia
Throat cancer,0,Gambia
Thyroid cancer,0,Gambia
Undetermined cancer,0,Gambia
Uterine cancer,0,Gambia
Vaginal cancer,0,Gambia
Vulvar cancer,0,Gambia
Anal cancer,0,Haiti
Bladder cancer,0,Haiti
Brain cancer,0,Haiti
Breast cancer,0,Haiti
Cervical cancer,0,Haiti
Colon cancer,0,Haiti
Colorectal cancer,0,Haiti
Esophageal cancer,0,Haiti
Gallbladder cancer,0,Haiti
Hodgkin lymphoma,0,Haiti
Kaposi sarcoma,0,Haiti
Kidney cancer,0,Haiti
Laryngeal cancer,0,Haiti
Leukemia,0,Haiti
Liver cancer,0,Haiti
Lung cancer,0,Haiti
Mesothelioma,0,Haiti
Mouth cancer,0,Haiti
Multiple myeloma,0,Haiti
Non-Hodgkin lymphoma,0,Haiti
Other cancer,0,Haiti
Ovarian cancer,0,Haiti
Pancreatic cancer,0,Haiti
Penile cancer,0,Haiti
Prostate cancer,0,Haiti
Rectal cancer,0,Haiti
Salivary gland cancer,0,Haiti
Skin cancer,0,Haiti
Stomach cancer,0,Haiti
Testicular cancer,0,Haiti
Throat cancer,0,Haiti
Thyroid cancer,0,Haiti
Undetermined cancer,0,Haiti
Uterine cancer,0,Haiti
Vaginal cancer,0,Haiti
Vulvar cancer,0,Haiti
Anal cancer,1,Iran
Bladder cancer,5,Iran
Brain cancer,5,Iran
Breast cancer,188,Iran
Cervical cancer,21,Iran
Colon cancer,7,Iran
Colorectal cancer,25,Iran
Esophageal cancer,7,Iran
Gallbladder cancer,0,Iran
Hodgkin lymphoma,1,Iran
Kaposi sarcoma,0,Iran
Kidney cancer,1,Iran
Laryngeal cancer,1,Iran
Leukemia,55,Iran
Liver cancer,2,Iran
Lung cancer,2,Iran
Mesothelioma,0,Iran
Mouth cancer,2,Iran
Multiple myeloma,7,Iran
Non-Hodgkin lymphoma,0,Iran
Other cancer,0,Iran
Ovarian cancer,2,Iran
Pancreatic cancer,1,Iran
Penile cancer,0,Iran
Prostate cancer,19,Iran
Rectal cancer,17,Iran
Salivary gland cancer,0,Iran
Skin cancer,11,Iran
Stomach cancer,7,Iran
Testicular cancer,0,Iran
Throat cancer,0,Iran
Thyroid cancer,9,Iran
Undetermined cancer,0,Iran
Uterine cancer,4,Iran
Vaginal cancer,0,Iran
Vulvar cancer,0,Iran
Anal cancer,0,Senegal
Bladder cancer,0,Senegal
Brain cancer,0,Senegal
Breast cancer,0,Senegal
Cervical cancer,1,Senegal
Colon cancer,0,Senegal
Colorectal cancer,0,Senegal
Esophageal cancer,0,Senegal
Gallbladder cancer,0,Senegal
Hodgkin lymphoma,0,Senegal
Kaposi sarcoma,0,Senegal
Kidney cancer,0,Senegal
Laryngeal cancer,0,Senegal
Leukemia,0,Senegal
Liver cancer,0,Senegal
Lung cancer,0,Senegal
Mesothelioma,0,Senegal
Mouth cancer,0,Senegal
Multiple myeloma,0,Senegal
Non-Hodgkin lymphoma,0,Senegal
Other cancer,0,Senegal
Ovarian cancer,0,Senegal
Pancreatic cancer,0,Senegal
Penile cancer,0,Senegal
Prostate cancer,0,Senegal
Rectal cancer,0,Senegal
Salivary gland cancer,0,Senegal
Skin cancer,0,Senegal
Stomach cancer,0,Senegal
Testicular cancer,0,Senegal
Throat cancer,0,Senegal
Thyroid cancer,0,Senegal
Undetermined cancer,0,Senegal
Uterine cancer,0,Senegal
Vaginal cancer,0,Senegal
Vulvar cancer,0,Senegal
Anal cancer,3,Australia
Bladder cancer,21,Australia
Brain cancer,44,Australia
Breast cancer,365,Australia
Cervical cancer,29,Australia
Colon cancer,27,Australia
Colorectal cancer,193,Australia
Esophageal cancer,9,Australia
Gallbladder cancer,0,Australia
Hodgkin lymphoma,27,Australia
Kaposi sarcoma,0,Australia
Kidney cancer,27,Australia
Laryngeal cancer,0,Australia
Leukemia,181,Australia
Liver cancer,15,Australia
Lung cancer,15,Australia
Mesothelioma,32,Australia
Mouth cancer,0,Australia
Multiple myeloma,56,Australia
Non-Hodgkin lymphoma,50,Australia
Other cancer,0,Australia
Ovarian cancer,72,Australia
Pancreatic cancer,30,Australia
Penile cancer,0,Australia
Prostate cancer,285,Australia
Rectal cancer,39,Australia
Salivary gland cancer,1,Australia
Skin cancer,330,Australia
Stomach cancer,7,Australia
Testicular cancer,2,Australia
Throat cancer,0,Australia
Thyroid cancer,3,Australia
Undetermined cancer,0,Australia
Uterine cancer,30,Australia
Vaginal cancer,0,Australia
Vulvar cancer,1,Australia
Anal cancer,0,Costa Rica
Bladder cancer,0,Costa Rica
Brain cancer,0,Costa Rica
Breast cancer,0,Costa Rica
Cervical cancer,3,Costa Rica
Colon cancer,1,Costa Rica
Colorectal cancer,0,Costa Rica
Esophageal cancer,0,Costa Rica
Gallbladder cancer,0,Costa Rica
Hodgkin lymphoma,0,Costa Rica
Kaposi sarcoma,0,Costa Rica
Kidney cancer,0,Costa Rica
Laryngeal cancer,0,Costa Rica
Leukemia,0,Costa Rica
Liver cancer,0,Costa Rica
Lung cancer,0,Costa Rica
Mesothelioma,0,Costa Rica
Mouth cancer,0,Costa Rica
Multiple myeloma,0,Costa Rica
Non-Hodgkin lymphoma,0,Costa Rica
Other cancer,0,Costa Rica
Ovarian cancer,0,Costa Rica
Pancreatic cancer,0,Costa Rica
Penile cancer,0,Costa Rica
Prostate cancer,0,Costa Rica
Rectal cancer,0,Costa Rica
Salivary gland cancer,0,Costa Rica
Skin cancer,0,Costa Rica
Stomach cancer,1,Costa Rica
Testicular cancer,0,Costa Rica
Throat cancer,0,Costa Rica
Thyroid cancer,0,Costa Rica
Undetermined cancer,0,Costa Rica
Uterine cancer,0,Costa Rica
Vaginal cancer,0,Costa Rica
Vulvar cancer,0,Costa Rica
Anal cancer,0,Tanzania
Bladder cancer,0,Tanzania
Brain cancer,0,Tanzania
Breast cancer,1,Tanzania
Cervical cancer,1,Tanzania
Colon cancer,0,Tanzania
Colorectal cancer,0,Tanzania
Esophageal cancer,0,Tanzania
Gallbladder cancer,0,Tanzania
Hodgkin lymphoma,0,Tanzania
Kaposi sarcoma,1,Tanzania
Kidney cancer,0,Tanzania
Laryngeal cancer,0,Tanzania
Leukemia,0,Tanzania
Liver cancer,0,Tanzania
Lung cancer,0,Tanzania
Mesothelioma,0,Tanzania
Mouth cancer,0,Tanzania
Multiple myeloma,0,Tanzania
Non-Hodgkin lymphoma,0,Tanzania
Other cancer,0,Tanzania
Ovarian cancer,0,Tanzania
Pancreatic cancer,0,Tanzania
Penile cancer,0,Tanzania
Prostate cancer,0,Tanzania
Rectal cancer,0,Tanzania
Salivary gland cancer,0,Tanzania
Skin cancer,0,Tanzania
Stomach cancer,0,Tanzania
Testicular cancer,1,Tanzania
Throat cancer,0,Tanzania
Thyroid cancer,0,Tanzania
Undetermined cancer,0,Tanzania
Uterine cancer,0,Tanzania
Vaginal cancer,0,Tanzania
Vulvar cancer,0,Tanzania
Anal cancer,0,Nicaragua
Bladder cancer,0,Nicaragua
Brain cancer,0,Nicaragua
Breast cancer,0,Nicaragua
Cervical cancer,0,Nicaragua
Colon cancer,0,Nicaragua
Colorectal cancer,0,Nicaragua
Esophageal cancer,0,Nicaragua
Gallbladder cancer,0,Nicaragua
Hodgkin lymphoma,0,Nicaragua
Kaposi sarcoma,0,Nicaragua
Kidney cancer,1,Nicaragua
Laryngeal cancer,0,Nicaragua
Leukemia,0,Nicaragua
Liver cancer,0,Nicaragua
Lung cancer,0,Nicaragua
Mesothelioma,0,Nicaragua
Mouth cancer,0,Nicaragua
Multiple myeloma,0,Nicaragua
Non-Hodgkin lymphoma,0,Nicaragua
Other cancer,0,Nicaragua
Ovarian cancer,0,Nicaragua
Pancreatic cancer,0,Nicaragua
Penile cancer,0,Nicaragua
Prostate cancer,0,Nicaragua
Rectal cancer,0,Nicaragua
Salivary gland cancer,0,Nicaragua
Skin cancer,0,Nicaragua
Stomach cancer,0,Nicaragua
Testicular cancer,0,Nicaragua
Throat cancer,0,Nicaragua
Thyroid cancer,0,Nicaragua
Undetermined cancer,0,Nicaragua
Uterine cancer,0,Nicaragua
Vaginal cancer,0,Nicaragua
Vulvar cancer,0,Nicaragua
Anal cancer,0,Luxembourg
Bladder cancer,0,Luxembourg
Brain cancer,0,Luxembourg
Breast cancer,2,Luxembourg
Cervical cancer,0,Luxembourg
Colon cancer,0,Luxembourg
Colorectal cancer,1,Luxembourg
Esophageal cancer,0,Luxembourg
Gallbladder cancer,0,Luxembourg
Hodgkin lymphoma,0,Luxembourg
Kaposi sarcoma,0,Luxembourg
Kidney cancer,0,Luxembourg
Laryngeal cancer,0,Luxembourg
Leukemia,0,Luxembourg
Liver cancer,0,Luxembourg
Lung cancer,0,Luxembourg
Mesothelioma,0,Luxembourg
Mouth cancer,0,Luxembourg
Multiple myeloma,0,Luxembourg
Non-Hodgkin lymphoma,0,Luxembourg
Other cancer,0,Luxembourg
Ovarian cancer,0,Luxembourg
Pancreatic cancer,0,Luxembourg
Penile cancer,0,Luxembourg
Prostate cancer,1,Luxembourg
Rectal cancer,0,Luxembourg
Salivary gland cancer,0,Luxembourg
Skin cancer,0,Luxembourg
Stomach cancer,0,Luxembourg
Testicular cancer,0,Luxembourg
Throat cancer,0,Luxembourg
Thyroid cancer,0,Luxembourg
Undetermined cancer,0,Luxembourg
Uterine cancer,0,Luxembourg
Vaginal cancer,0,Luxembourg
Vulvar cancer,0,Luxembourg
Anal cancer,0,Singapore
Bladder cancer,6,Singapore
Brain cancer,3,Singapore
Breast cancer,53,Singapore
Cervical cancer,3,Singapore
Colon cancer,6,Singapore
Colorectal cancer,28,Singapore
Esophageal cancer,0,Singapore
Gallbladder cancer,1,Singapore
Hodgkin lymphoma,1,Singapore
Kaposi sarcoma,0,Singapore
Kidney cancer,4,Singapore
Laryngeal cancer,0,Singapore
Leukemia,12,Singapore
Liver cancer,27,Singapore
Lung cancer,27,Singapore
Mesothelioma,1,Singapore
Mouth cancer,0,Singapore
Multiple myeloma,9,Singapore
Non-Hodgkin lymphoma,4,Singapore
Other cancer,0,Singapore
Ovarian cancer,7,Singapore
Pancreatic cancer,0,Singapore
Penile cancer,0,Singapore
Prostate cancer,15,Singapore
Rectal cancer,9,Singapore
Salivary gland cancer,0,Singapore
Skin cancer,4,Singapore
Stomach cancer,2,Singapore
Testicular cancer,0,Singapore
Throat cancer,0,Singapore
Thyroid cancer,1,Singapore
Undetermined cancer,0,Singapore
Uterine cancer,1,Singapore
Vaginal cancer,0,Singapore
Vulvar cancer,0,Singapore
Anal cancer,0,North Macedonia
Bladder cancer,0,North Macedonia
Brain cancer,1,North Macedonia
Breast cancer,9,North Macedonia
Cervical cancer,0,North Macedonia
Colon cancer,0,North Macedonia
Colorectal cancer,0,North Macedonia
Esophageal cancer,0,North Macedonia
Gallbladder cancer,0,North Macedonia
Hodgkin lymphoma,0,North Macedonia
Kaposi sarcoma,0,North Macedonia
Kidney cancer,0,North Macedonia
Laryngeal cancer,0,North Macedonia
Leukemia,0,North Macedonia
Liver cancer,1,North Macedonia
Lung cancer,1,North Macedonia
Mesothelioma,0,North Macedonia
Mouth cancer,0,North Macedonia
Multiple myeloma,0,North Macedonia
Non-Hodgkin lymphoma,0,North Macedonia
Other cancer,0,North Macedonia
Ovarian cancer,0,North Macedonia
Pancreatic cancer,0,North Macedonia
Penile cancer,0,North Macedonia
Prostate cancer,0,North Macedonia
Rectal cancer,0,North Macedonia
Salivary gland cancer,0,North Macedonia
Skin cancer,0,North Macedonia
Stomach cancer,0,North Macedonia
Testicular cancer,0,North Macedonia
Throat cancer,0,North Macedonia
Thyroid cancer,0,North Macedonia
Undetermined cancer,0,North Macedonia
Uterine cancer,0,North Macedonia
Vaginal cancer,0,North Macedonia
Vulvar cancer,0,North Macedonia
Anal cancer,0,South Sudan
Bladder cancer,0,South Sudan
Brain cancer,0,South Sudan
Breast cancer,0,South Sudan
Cervical cancer,0,South Sudan
Colon cancer,0,South Sudan
Colorectal cancer,0,South Sudan
Esophageal cancer,0,South Sudan
Gallbladder cancer,0,South Sudan
Hodgkin lymphoma,0,South Sudan
Kaposi sarcoma,0,South Sudan
Kidney cancer,0,South Sudan
Laryngeal cancer,0,South Sudan
Leukemia,0,South Sudan
Liver cancer,0,South Sudan
Lung cancer,0,South Sudan
Mesothelioma,0,South Sudan
Mouth cancer,0,South Sudan
Multiple myeloma,0,South Sudan
Non-Hodgkin lymphoma,0,South Sudan
Other cancer,0,South Sudan
Ovarian cancer,0,South Sudan
Pancreatic cancer,0,South Sudan
Penile cancer,0,South Sudan
Prostate cancer,0,South Sudan
Rectal cancer,0,South Sudan
Salivary gland cancer,0,South Sudan
Skin cancer,0,South Sudan
Stomach cancer,0,South Sudan
Testicular cancer,0,South Sudan
Throat cancer,0,South Sudan
Thyroid cancer,0,South Sudan
Undetermined cancer,0,South Sudan
Uterine cancer,0,South Sudan
Vaginal cancer,0,South Sudan
Vulvar cancer,0,South Sudan
Anal cancer,0,Montenegro
Bladder cancer,0,Montenegro
Brain cancer,0,Montenegro
Breast cancer,0,Montenegro
Cervical cancer,0,Montenegro
Colon cancer,0,Montenegro
Colorectal cancer,0,Montenegro
Esophageal cancer,0,Montenegro
Gallbladder cancer,0,Montenegro
Hodgkin lymphoma,0,Montenegro
Kaposi sarcoma,0,Montenegro
Kidney cancer,0,Montenegro
Laryngeal cancer,0,Montenegro
Leukemia,0,Montenegro
Liver cancer,0,Montenegro
Lung cancer,0,Montenegro
Mesothelioma,0,Montenegro
Mouth cancer,0,Montenegro
Multiple myeloma,0,Montenegro
Non-Hodgkin lymphoma,0,Montenegro
Other cancer,0,Montenegro
Ovarian cancer,0,Montenegro
Pancreatic cancer,0,Montenegro
Penile cancer,0,Montenegro
Prostate cancer,0,Montenegro
Rectal cancer,0,Montenegro
Salivary gland cancer,0,Montenegro
Skin cancer,0,Montenegro
Stomach cancer,0,Montenegro
Testicular cancer,0,Montenegro
Throat cancer,0,Montenegro
Thyroid cancer,0,Montenegro
Undetermined cancer,0,Montenegro
Uterine cancer,0,Montenegro
Vaginal cancer,0,Montenegro
Vulvar cancer,0,Montenegro
Anal cancer,0,Jamaica
Bladder cancer,0,Jamaica
Brain cancer,0,Jamaica
Breast cancer,0,Jamaica
Cervical cancer,0,Jamaica
Colon cancer,0,Jamaica
Colorectal cancer,0,Jamaica
Esophageal cancer,0,Jamaica
Gallbladder cancer,0,Jamaica
Hodgkin lymphoma,0,Jamaica
Kaposi sarcoma,0,Jamaica
Kidney cancer,0,Jamaica
Laryngeal cancer,0,Jamaica
Leukemia,1,Jamaica
Liver cancer,0,Jamaica
Lung cancer,0,Jamaica
Mesothelioma,0,Jamaica
Mouth cancer,0,Jamaica
Multiple myeloma,0,Jamaica
Non-Hodgkin lymphoma,0,Jamaica
Other cancer,0,Jamaica
Ovarian cancer,0,Jamaica
Pancreatic cancer,0,Jamaica
Penile cancer,0,Jamaica
Prostate cancer,0,Jamaica
Rectal cancer,0,Jamaica
Salivary gland cancer,0,Jamaica
Skin cancer,0,Jamaica
Stomach cancer,0,Jamaica
Testicular cancer,0,Jamaica
Throat cancer,0,Jamaica
Thyroid cancer,0,Jamaica
Undetermined cancer,0,Jamaica
Uterine cancer,0,Jamaica
Vaginal cancer,0,Jamaica
Vulvar cancer,0,Jamaica
Anal cancer,0,Yemen
Bladder cancer,0,Yemen
Brain cancer,0,Yemen
Breast cancer,0,Yemen
Cervical cancer,0,Yemen
Colon cancer,0,Yemen
Colorectal cancer,0,Yemen
Esophageal cancer,0,Yemen
Gallbladder cancer,0,Yemen
Hodgkin lymphoma,0,Yemen
Kaposi sarcoma,0,Yemen
Kidney cancer,0,Yemen
Laryngeal cancer,0,Yemen
Leukemia,0,Yemen
Liver cancer,0,Yemen
Lung cancer,0,Yemen
Mesothelioma,0,Yemen
Mouth cancer,0,Yemen
Multiple myeloma,0,Yemen
Non-Hodgkin lymphoma,0,Yemen
Other cancer,0,Yemen
Ovarian cancer,0,Yemen
Pancreatic cancer,0,Yemen
Penile cancer,0,Yemen
Prostate cancer,0,Yemen
Rectal cancer,0,Yemen
Salivary gland cancer,0,Yemen
Skin cancer,0,Yemen
Stomach cancer,0,Yemen
Testicular cancer,0,Yemen
Throat cancer,0,Yemen
Thyroid cancer,0,Yemen
Undetermined cancer,0,Yemen
Uterine cancer,0,Yemen
Vaginal cancer,0,Yemen
Vulvar cancer,0,Yemen
Anal cancer,0,St. Lucia
Bladder cancer,0,St. Lucia
Brain cancer,0,St. Lucia
Breast cancer,1,St. Lucia
Cervical cancer,1,St. Lucia
Colon cancer,0,St. Lucia
Colorectal cancer,0,St. Lucia
Esophageal cancer,0,St. Lucia
Gallbladder cancer,0,St. Lucia
Hodgkin lymphoma,0,St. Lucia
Kaposi sarcoma,0,St. Lucia
Kidney cancer,0,St. Lucia
Laryngeal cancer,0,St. Lucia
Leukemia,0,St. Lucia
Liver cancer,1,St. Lucia
Lung cancer,1,St. Lucia
Mesothelioma,0,St. Lucia
Mouth cancer,0,St. Lucia
Multiple myeloma,0,St. Lucia
Non-Hodgkin lymphoma,0,St. Lucia
Other cancer,0,St. Lucia
Ovarian cancer,0,St. Lucia
Pancreatic cancer,0,St. Lucia
Penile cancer,0,St. Lucia
Prostate cancer,1,St. Lucia
Rectal cancer,0,St. Lucia
Salivary gland cancer,0,St. Lucia
Skin cancer,0,St. Lucia
Stomach cancer,0,St. Lucia
Testicular cancer,0,St. Lucia
Throat cancer,0,St. Lucia
Thyroid cancer,0,St. Lucia
Undetermined cancer,0,St. Lucia
Uterine cancer,0,St. Lucia
Vaginal cancer,0,St. Lucia
Vulvar cancer,0,St. Lucia
Anal cancer,4,Brazil
Bladder cancer,9,Brazil
Brain cancer,8,Brazil
Breast cancer,184,Brazil
Cervical cancer,38,Brazil
Colon cancer,6,Brazil
Colorectal cancer,28,Brazil
Esophageal cancer,2,Brazil
Gallbladder cancer,0,Brazil
Hodgkin lymphoma,8,Brazil
Kaposi sarcoma,1,Brazil
Kidney cancer,7,Brazil
Laryngeal cancer,0,Brazil
Leukemia,50,Brazil
Liver cancer,7,Brazil
Lung cancer,7,Brazil
Mesothelioma,0,Brazil
Mouth cancer,0,Brazil
Multiple myeloma,11,Brazil
Non-Hodgkin lymphoma,6,Brazil
Other cancer,0,Brazil
Ovarian cancer,5,Brazil
Pancreatic cancer,1,Brazil
Penile cancer,2,Brazil
Prostate cancer,40,Brazil
Rectal cancer,22,Brazil
Salivary gland cancer,0,Brazil
Skin cancer,34,Brazil
Stomach cancer,7,Brazil
Testicular cancer,1,Brazil
Throat cancer,0,Brazil
Thyroid cancer,15,Brazil
Undetermined cancer,0,Brazil
Uterine cancer,4,Brazil
Vaginal cancer,0,Brazil
Vulvar cancer,0,Brazil
Anal cancer,0,Comoros
Bladder cancer,0,Comoros
Brain cancer,0,Comoros
Breast cancer,0,Comoros
Cervical cancer,0,Comoros
Colon cancer,0,Comoros
Colorectal cancer,0,Comoros
Esophageal cancer,0,Comoros
Gallbladder cancer,0,Comoros
Hodgkin lymphoma,0,Comoros
Kaposi sarcoma,0,Comoros
Kidney cancer,0,Comoros
Laryngeal cancer,0,Comoros
Leukemia,0,Comoros
Liver cancer,0,Comoros
Lung cancer,0,Comoros
Mesothelioma,0,Comoros
Mouth cancer,0,Comoros
Multiple myeloma,0,Comoros
Non-Hodgkin lymphoma,0,Comoros
Other cancer,0,Comoros
Ovarian cancer,0,Comoros
Pancreatic cancer,0,Comoros
Penile cancer,0,Comoros
Prostate cancer,0,Comoros
Rectal cancer,0,Comoros
Salivary gland cancer,0,Comoros
Skin cancer,0,Comoros
Stomach cancer,0,Comoros
Testicular cancer,0,Comoros
Throat cancer,0,Comoros
Thyroid cancer,0,Comoros
Undetermined cancer,0,Comoros
Uterine cancer,0,Comoros
Vaginal cancer,0,Comoros
Vulvar cancer,0,Comoros
Anal cancer,0,Bulgaria
Bladder cancer,0,Bulgaria
Brain cancer,1,Bulgaria
Breast cancer,7,Bulgaria
Cervical cancer,1,Bulgaria
Colon cancer,0,Bulgaria
Colorectal cancer,0,Bulgaria
Esophageal cancer,0,Bulgaria
Gallbladder cancer,0,Bulgaria
Hodgkin lymphoma,1,Bulgaria
Kaposi sarcoma,0,Bulgaria
Kidney cancer,0,Bulgaria
Laryngeal cancer,0,Bulgaria
Leukemia,3,Bulgaria
Liver cancer,0,Bulgaria
Lung cancer,0,Bulgaria
Mesothelioma,0,Bulgaria
Mouth cancer,0,Bulgaria
Multiple myeloma,0,Bulgaria
Non-Hodgkin lymphoma,1,Bulgaria
Other cancer,0,Bulgaria
Ovarian cancer,0,Bulgaria
Pancreatic cancer,0,Bulgaria
Penile cancer,0,Bulgaria
Prostate cancer,3,Bulgaria
Rectal cancer,6,Bulgaria
Salivary gland cancer,0,Bulgaria
Skin cancer,2,Bulgaria
Stomach cancer,0,Bulgaria
Testicular cancer,0,Bulgaria
Throat cancer,0,Bulgaria
Thyroid cancer,1,Bulgaria
Undetermined cancer,0,Bulgaria
Uterine cancer,1,Bulgaria
Vaginal cancer,0,Bulgaria
Vulvar cancer,0,Bulgaria
Anal cancer,0,Latvia
Bladder cancer,0,Latvia
Brain cancer,0,Latvia
Breast cancer,5,Latvia
Cervical cancer,0,Latvia
Colon cancer,0,Latvia
Colorectal cancer,0,Latvia
Esophageal cancer,0,Latvia
Gallbladder cancer,0,Latvia
Hodgkin lymphoma,0,Latvia
Kaposi sarcoma,0,Latvia
Kidney cancer,0,Latvia
Laryngeal cancer,0,Latvia
Leukemia,1,Latvia
Liver cancer,0,Latvia
Lung cancer,0,Latvia
Mesothelioma,0,Latvia
Mouth cancer,0,Latvia
Multiple myeloma,0,Latvia
Non-Hodgkin lymphoma,0,Latvia
Other cancer,0,Latvia
Ovarian cancer,1,Latvia
Pancreatic cancer,0,Latvia
Penile cancer,0,Latvia
Prostate cancer,1,Latvia
Rectal cancer,0,Latvia
Salivary gland cancer,0,Latvia
Skin cancer,0,Latvia
Stomach cancer,0,Latvia
Testicular cancer,0,Latvia
Throat cancer,0,Latvia
Thyroid cancer,0,Latvia
Undetermined cancer,0,Latvia
Uterine cancer,0,Latvia
Vaginal cancer,0,Latvia
Vulvar cancer,0,Latvia
Anal cancer,0,Bahrain
Bladder cancer,0,Bahrain
Brain cancer,0,Bahrain
Breast cancer,2,Bahrain
Cervical cancer,0,Bahrain
Colon cancer,0,Bahrain
Colorectal cancer,0,Bahrain
Esophageal cancer,0,Bahrain
Gallbladder cancer,0,Bahrain
Hodgkin lymphoma,0,Bahrain
Kaposi sarcoma,0,Bahrain
Kidney cancer,0,Bahrain
Laryngeal cancer,0,Bahrain
Leukemia,0,Bahrain
Liver cancer,0,Bahrain
Lung cancer,0,Bahrain
Mesothelioma,0,Bahrain
Mouth cancer,0,Bahrain
Multiple myeloma,0,Bahrain
Non-Hodgkin lymphoma,0,Bahrain
Other cancer,0,Bahrain
Ovarian cancer,0,Bahrain
Pancreatic cancer,0,Bahrain
Penile cancer,0,Bahrain
Prostate cancer,1,Bahrain
Rectal cancer,0,Bahrain
Salivary gland cancer,0,Bahrain
Skin cancer,0,Bahrain
Stomach cancer,0,Bahrain
Testicular cancer,0,Bahrain
Throat cancer,0,Bahrain
Thyroid cancer,0,Bahrain
Undetermined cancer,0,Bahrain
Uterine cancer,0,Bahrain
Vaginal cancer,0,Bahrain
Vulvar cancer,0,Bahrain
Anal cancer,0,Philippines
Bladder cancer,0,Philippines
Brain cancer,0,Philippines
Breast cancer,5,Philippines
Cervical cancer,3,Philippines
Colon cancer,0,Philippines
Colorectal cancer,1,Philippines
Esophageal cancer,0,Philippines
Gallbladder cancer,0,Philippines
Hodgkin lymphoma,0,Philippines
Kaposi sarcoma,0,Philippines
Kidney cancer,0,Philippines
Laryngeal cancer,0,Philippines
Leukemia,0,Philippines
Liver cancer,0,Philippines
Lung cancer,0,Philippines
Mesothelioma,0,Philippines
Mouth cancer,0,Philippines
Multiple myeloma,0,Philippines
Non-Hodgkin lymphoma,0,Philippines
Other cancer,0,Philippines
Ovarian cancer,0,Philippines
Pancreatic cancer,0,Philippines
Penile cancer,0,Philippines
Prostate cancer,0,Philippines
Rectal cancer,0,Philippines
Salivary gland cancer,0,Philippines
Skin cancer,0,Philippines
Stomach cancer,0,Philippines
Testicular cancer,0,Philippines
Throat cancer,0,Philippines
Thyroid cancer,0,Philippines
Undetermined cancer,0,Philippines
Uterine cancer,0,Philippines
Vaginal cancer,0,Philippines
Vulvar cancer,0,Philippines
Anal cancer,13,United Kingdom
Bladder cancer,136,United Kingdom
Brain cancer,78,United Kingdom
Breast cancer,1129,United Kingdom
Cervical cancer,74,United Kingdom
Colon cancer,44,United Kingdom
Colorectal cancer,553,United Kingdom
Esophageal cancer,21,United Kingdom
Gallbladder cancer,5,United Kingdom
Hodgkin lymphoma,52,United Kingdom
Kaposi sarcoma,3,United Kingdom
Kidney cancer,98,United Kingdom
Laryngeal cancer,3,United Kingdom
Leukemia,541,United Kingdom
Liver cancer,48,United Kingdom
Lung cancer,48,United Kingdom
Mesothelioma,74,United Kingdom
Mouth cancer,2,United Kingdom
Multiple myeloma,177,United Kingdom
Non-Hodgkin lymphoma,103,United Kingdom
Other cancer,0,United Kingdom
Ovarian cancer,284,United Kingdom
Pancreatic cancer,106,United Kingdom
Penile cancer,3,United Kingdom
Prostate cancer,569,United Kingdom
Rectal cancer,108,United Kingdom
Salivary gland cancer,1,United Kingdom
Skin cancer,278,United Kingdom
Stomach cancer,25,United Kingdom
Testicular cancer,15,United Kingdom
Throat cancer,0,United Kingdom
Thyroid cancer,23,United Kingdom
Undetermined cancer,0,United Kingdom
Uterine cancer,44,United Kingdom
Vaginal cancer,0,United Kingdom
Vulvar cancer,4,United Kingdom
Anal cancer,0,Estonia
Bladder cancer,0,Estonia
Brain cancer,0,Estonia
Breast cancer,1,Estonia
Cervical cancer,2,Estonia
Colon cancer,1,Estonia
Colorectal cancer,1,Estonia
Esophageal cancer,0,Estonia
Gallbladder cancer,0,Estonia
Hodgkin lymphoma,0,Estonia
Kaposi sarcoma,0,Estonia
Kidney cancer,1,Estonia
Laryngeal cancer,0,Estonia
Leukemia,0,Estonia
Liver cancer,0,Estonia
Lung cancer,0,Estonia
Mesothelioma,0,Estonia
Mouth cancer,0,Estonia
Multiple myeloma,0,Estonia
Non-Hodgkin lymphoma,0,Estonia
Other cancer,0,Estonia
Ovarian cancer,0,Estonia
Pancreatic cancer,0,Estonia
Penile cancer,0,Estonia
Prostate cancer,0,Estonia
Rectal cancer,1,Estonia
Salivary gland cancer,0,Estonia
Skin cancer,0,Estonia
Stomach cancer,0,Estonia
Testicular cancer,0,Estonia
Throat cancer,0,Estonia
Thyroid cancer,0,Estonia
Undetermined cancer,0,Estonia
Uterine cancer,0,Estonia
Vaginal cancer,0,Estonia
Vulvar cancer,0,Estonia
Anal cancer,0,Guam
Bladder cancer,0,Guam
Brain cancer,0,Guam
Breast cancer,0,Guam
Cervical cancer,0,Guam
Colon cancer,0,Guam
Colorectal cancer,0,Guam
Esophageal cancer,0,Guam
Gallbladder cancer,0,Guam
Hodgkin lymphoma,0,Guam
Kaposi sarcoma,0,Guam
Kidney cancer,0,Guam
Laryngeal cancer,0,Guam
Leukemia,0,Guam
Liver cancer,0,Guam
Lung cancer,0,Guam
Mesothelioma,0,Guam
Mouth cancer,0,Guam
Multiple myeloma,0,Guam
Non-Hodgkin lymphoma,0,Guam
Other cancer,0,Guam
Ovarian cancer,0,Guam
Pancreatic cancer,0,Guam
Penile cancer,0,Guam
Prostate cancer,0,Guam
Rectal cancer,0,Guam
Salivary gland cancer,0,Guam
Skin cancer,0,Guam
Stomach cancer,0,Guam
Testicular cancer,0,Guam
Throat cancer,0,Guam
Thyroid cancer,0,Guam
Undetermined cancer,0,Guam
Uterine cancer,0,Guam
Vaginal cancer,0,Guam
Vulvar cancer,0,Guam
Anal cancer,0,Vanuatu
Bladder cancer,0,Vanuatu
Brain cancer,0,Vanuatu
Breast cancer,0,Vanuatu
Cervical cancer,0,Vanuatu
Colon cancer,0,Vanuatu
Colorectal cancer,0,Vanuatu
Esophageal cancer,0,Vanuatu
Gallbladder cancer,0,Vanuatu
Hodgkin lymphoma,0,Vanuatu
Kaposi sarcoma,0,Vanuatu
Kidney cancer,0,Vanuatu
Laryngeal cancer,0,Vanuatu
Leukemia,0,Vanuatu
Liver cancer,0,Vanuatu
Lung cancer,0,Vanuatu
Mesothelioma,0,Vanuatu
Mouth cancer,0,Vanuatu
Multiple myeloma,0,Vanuatu
Non-Hodgkin lymphoma,0,Vanuatu
Other cancer,0,Vanuatu
Ovarian cancer,0,Vanuatu
Pancreatic cancer,0,Vanuatu
Penile cancer,0,Vanuatu
Prostate cancer,0,Vanuatu
Rectal cancer,0,Vanuatu
Salivary gland cancer,0,Vanuatu
Skin cancer,0,Vanuatu
Stomach cancer,0,Vanuatu
Testicular cancer,0,Vanuatu
Throat cancer,0,Vanuatu
Thyroid cancer,0,Vanuatu
Undetermined cancer,0,Vanuatu
Uterine cancer,0,Vanuatu
Vaginal cancer,0,Vanuatu
Vulvar cancer,0,Vanuatu
Anal cancer,0,Bahamas
Bladder cancer,0,Bahamas
Brain cancer,0,Bahamas
Breast cancer,0,Bahamas
Cervical cancer,0,Bahamas
Colon cancer,0,Bahamas
Colorectal cancer,0,Bahamas
Esophageal cancer,0,Bahamas
Gallbladder cancer,0,Bahamas
Hodgkin lymphoma,0,Bahamas
Kaposi sarcoma,0,Bahamas
Kidney cancer,0,Bahamas
Laryngeal cancer,0,Bahamas
Leukemia,0,Bahamas
Liver cancer,0,Bahamas
Lung cancer,0,Bahamas
Mesothelioma,0,Bahamas
Mouth cancer,0,Bahamas
Multiple myeloma,0,Bahamas
Non-Hodgkin lymphoma,0,Bahamas
Other cancer,0,Bahamas
Ovarian cancer,0,Bahamas
Pancreatic cancer,0,Bahamas
Penile cancer,0,Bahamas
Prostate cancer,0,Bahamas
Rectal cancer,0,Bahamas
Salivary gland cancer,0,Bahamas
Skin cancer,0,Bahamas
Stomach cancer,0,Bahamas
Testicular cancer,0,Bahamas
Throat cancer,0,Bahamas
Thyroid cancer,0,Bahamas
Undetermined cancer,0,Bahamas
Uterine cancer,0,Bahamas
Vaginal cancer,0,Bahamas
Vulvar cancer,0,Bahamas
Anal cancer,0,Azerbaijan
Bladder cancer,0,Azerbaijan
Brain cancer,0,Azerbaijan
Breast cancer,1,Azerbaijan
Cervical cancer,0,Azerbaijan
Colon cancer,0,Azerbaijan
Colorectal cancer,0,Azerbaijan
Esophageal cancer,0,Azerbaijan
Gallbladder cancer,0,Azerbaijan
Hodgkin lymphoma,0,Azerbaijan
Kaposi sarcoma,0,Azerbaijan
Kidney cancer,0,Azerbaijan
Laryngeal cancer,0,Azerbaijan
Leukemia,0,Azerbaijan
Liver cancer,0,Azerbaijan
Lung cancer,0,Azerbaijan
Mesothelioma,0,Azerbaijan
Mouth cancer,0,Azerbaijan
Multiple myeloma,0,Azerbaijan
Non-Hodgkin lymphoma,0,Azerbaijan
Other cancer,0,Azerbaijan
Ovarian cancer,0,Azerbaijan
Pancreatic cancer,0,Azerbaijan
Penile cancer,0,Azerbaijan
Prostate cancer,0,Azerbaijan
Rectal cancer,0,Azerbaijan
Salivary gland cancer,0,Azerbaijan
Skin cancer,0,Azerbaijan
Stomach cancer,1,Azerbaijan
Testicular cancer,0,Azerbaijan
Throat cancer,0,Azerbaijan
Thyroid cancer,0,Azerbaijan
Undetermined cancer,0,Azerbaijan
Uterine cancer,0,Azerbaijan
Vaginal cancer,0,Azerbaijan
Vulvar cancer,0,Azerbaijan
Anal cancer,0,New Caledonia
Bladder cancer,0,New Caledonia
Brain cancer,0,New Caledonia
Breast cancer,0,New Caledonia
Cervical cancer,0,New Caledonia
Colon cancer,0,New Caledonia
Colorectal cancer,0,New Caledonia
Esophageal cancer,0,New Caledonia
Gallbladder cancer,0,New Caledonia
Hodgkin lymphoma,0,New Caledonia
Kaposi sarcoma,0,New Caledonia
Kidney cancer,0,New Caledonia
Laryngeal cancer,0,New Caledonia
Leukemia,0,New Caledonia
Liver cancer,0,New Caledonia
Lung cancer,0,New Caledonia
Mesothelioma,0,New Caledonia
Mouth cancer,0,New Caledonia
Multiple myeloma,0,New Caledonia
Non-Hodgkin lymphoma,0,New Caledonia
Other cancer,0,New Caledonia
Ovarian cancer,0,New Caledonia
Pancreatic cancer,0,New Caledonia
Penile cancer,0,New Caledonia
Prostate cancer,0,New Caledonia
Rectal cancer,0,New Caledonia
Salivary gland cancer,0,New Caledonia
Skin cancer,0,New Caledonia
Stomach cancer,0,New Caledonia
Testicular cancer,0,New Caledonia
Throat cancer,0,New Caledonia
Thyroid cancer,0,New Caledonia
Undetermined cancer,0,New Caledonia
Uterine cancer,0,New Caledonia
Vaginal cancer,0,New Caledonia
Vulvar cancer,0,New Caledonia
Anal cancer,0,Romania
Bladder cancer,7,Romania
Brain cancer,0,Romania
Breast cancer,5,Romania
Cervical cancer,2,Romania
Colon cancer,4,Romania
Colorectal cancer,8,Romania
Esophageal cancer,0,Romania
Gallbladder cancer,0,Romania
Hodgkin lymphoma,0,Romania
Kaposi sarcoma,0,Romania
Kidney cancer,0,Romania
Laryngeal cancer,2,Romania
Leukemia,2,Romania
Liver cancer,3,Romania
Lung cancer,3,Romania
Mesothelioma,0,Romania
Mouth cancer,0,Romania
Multiple myeloma,0,Romania
Non-Hodgkin lymphoma,0,Romania
Other cancer,0,Romania
Ovarian cancer,3,Romania
Pancreatic cancer,3,Romania
Penile cancer,0,Romania
Prostate cancer,1,Romania
Rectal cancer,1,Romania
Salivary gland cancer,0,Romania
Skin cancer,4,Romania
Stomach cancer,2,Romania
Testicular cancer,0,Romania
Throat cancer,0,Romania
Thyroid cancer,0,Romania
Undetermined cancer,0,Romania
Uterine cancer,0,Romania
Vaginal cancer,0,Romania
Vulvar cancer,0,Romania
Anal cancer,0,Malta
Bladder cancer,0,Malta
Brain cancer,0,Malta
Breast cancer,0,Malta
Cervical cancer,0,Malta
Colon cancer,0,Malta
Colorectal cancer,0,Malta
Esophageal cancer,0,Malta
Gallbladder cancer,0,Malta
Hodgkin lymphoma,0,Malta
Kaposi sarcoma,0,Malta
Kidney cancer,0,Malta
Laryngeal cancer,0,Malta
Leukemia,1,Malta
Liver cancer,0,Malta
Lung cancer,0,Malta
Mesothelioma,0,Malta
Mouth cancer,0,Malta
Multiple myeloma,0,Malta
Non-Hodgkin lymphoma,0,Malta
Other cancer,0,Malta
Ovarian cancer,0,Malta
Pancreatic cancer,0,Malta
Penile cancer,0,Malta
Prostate cancer,0,Malta
Rectal cancer,0,Malta
Salivary gland cancer,0,Malta
Skin cancer,0,Malta
Stomach cancer,0,Malta
Testicular cancer,0,Malta
Throat cancer,0,Malta
Thyroid cancer,0,Malta
Undetermined cancer,0,Malta
Uterine cancer,0,Malta
Vaginal cancer,0,Malta
Vulvar cancer,0,Malta
Anal cancer,0,Maldives
Bladder cancer,0,Maldives
Brain cancer,0,Maldives
Breast cancer,0,Maldives
Cervical cancer,0,Maldives
Colon cancer,0,Maldives
Colorectal cancer,0,Maldives
Esophageal cancer,0,Maldives
Gallbladder cancer,0,Maldives
Hodgkin lymphoma,0,Maldives
Kaposi sarcoma,0,Maldives
Kidney cancer,0,Maldives
Laryngeal cancer,0,Maldives
Leukemia,0,Maldives
Liver cancer,0,Maldives
Lung cancer,0,Maldives
Mesothelioma,0,Maldives
Mouth cancer,0,Maldives
Multiple myeloma,0,Maldives
Non-Hodgkin lymphoma,0,Maldives
Other cancer,0,Maldives
Ovarian cancer,0,Maldives
Pancreatic cancer,0,Maldives
Penile cancer,0,Maldives
Prostate cancer,0,Maldives
Rectal cancer,0,Maldives
Salivary gland cancer,0,Maldives
Skin cancer,0,Maldives
Stomach cancer,0,Maldives
Testicular cancer,0,Maldives
Throat cancer,0,Maldives
Thyroid cancer,0,Maldives
Undetermined cancer,0,Maldives
Uterine cancer,0,Maldives
Vaginal cancer,0,Maldives
Vulvar cancer,0,Maldives
Anal cancer,0,Cote d'Ivoire
Bladder cancer,0,Cote d'Ivoire
Brain cancer,0,Cote d'Ivoire
Breast cancer,0,Cote d'Ivoire
Cervical cancer,0,Cote d'Ivoire
Colon cancer,0,Cote d'Ivoire
Colorectal cancer,0,Cote d'Ivoire
Esophageal cancer,0,Cote d'Ivoire
Gallbladder cancer,0,Cote d'Ivoire
Hodgkin lymphoma,0,Cote d'Ivoire
Kaposi sarcoma,0,Cote d'Ivoire
Kidney cancer,0,Cote d'Ivoire
Laryngeal cancer,0,Cote d'Ivoire
Leukemia,0,Cote d'Ivoire
Liver cancer,1,Cote d'Ivoire
Lung cancer,1,Cote d'Ivoire
Mesothelioma,0,Cote d'Ivoire
Mouth cancer,0,Cote d'Ivoire
Multiple myeloma,0,Cote d'Ivoire
Non-Hodgkin lymphoma,0,Cote d'Ivoire
Other cancer,0,Cote d'Ivoire
Ovarian cancer,0,Cote d'Ivoire
Pancreatic cancer,0,Cote d'Ivoire
Penile cancer,0,Cote d'Ivoire
Prostate cancer,0,Cote d'Ivoire
Rectal cancer,0,Cote d'Ivoire
Salivary gland cancer,0,Cote d'Ivoire
Skin cancer,0,Cote d'Ivoire
Stomach cancer,0,Cote d'Ivoire
Testicular cancer,0,Cote d'Ivoire
Throat cancer,0,Cote d'Ivoire
Thyroid cancer,0,Cote d'Ivoire
Undetermined cancer,0,Cote d'Ivoire
Uterine cancer,0,Cote d'Ivoire
Vaginal cancer,0,Cote d'Ivoire
Vulvar cancer,0,Cote d'Ivoire
Anal cancer,0,Paraguay
Bladder cancer,0,Paraguay
Brain cancer,0,Paraguay
Breast cancer,0,Paraguay
Cervical cancer,0,Paraguay
Colon cancer,0,Paraguay
Colorectal cancer,0,Paraguay
Esophageal cancer,0,Paraguay
Gallbladder cancer,0,Paraguay
Hodgkin lymphoma,0,Paraguay
Kaposi sarcoma,0,Paraguay
Kidney cancer,0,Paraguay
Laryngeal cancer,0,Paraguay
Leukemia,0,Paraguay
Liver cancer,0,Paraguay
Lung cancer,0,Paraguay
Mesothelioma,0,Paraguay
Mouth cancer,0,Paraguay
Multiple myeloma,0,Paraguay
Non-Hodgkin lymphoma,0,Paraguay
Other cancer,0,Paraguay
Ovarian cancer,0,Paraguay
Pancreatic cancer,0,Paraguay
Penile cancer,0,Paraguay
Prostate cancer,0,Paraguay
Rectal cancer,0,Paraguay
Salivary gland cancer,0,Paraguay
Skin cancer,0,Paraguay
Stomach cancer,0,Paraguay
Testicular cancer,0,Paraguay
Throat cancer,0,Paraguay
Thyroid cancer,0,Paraguay
Undetermined cancer,0,Paraguay
Uterine cancer,0,Paraguay
Vaginal cancer,0,Paraguay
Vulvar cancer,0,Paraguay
Anal cancer,0,Timor-Leste
Bladder cancer,0,Timor-Leste
Brain cancer,0,Timor-Leste
Breast cancer,0,Timor-Leste
Cervical cancer,0,Timor-Leste
Colon cancer,0,Timor-Leste
Colorectal cancer,0,Timor-Leste
Esophageal cancer,0,Timor-Leste
Gallbladder cancer,0,Timor-Leste
Hodgkin lymphoma,0,Timor-Leste
Kaposi sarcoma,0,Timor-Leste
Kidney cancer,0,Timor-Leste
Laryngeal cancer,0,Timor-Leste
Leukemia,0,Timor-Leste
Liver cancer,0,Timor-Leste
Lung cancer,0,Timor-Leste
Mesothelioma,0,Timor-Leste
Mouth cancer,0,Timor-Leste
Multiple myeloma,0,Timor-Leste
Non-Hodgkin lymphoma,0,Timor-Leste
Other cancer,0,Timor-Leste
Ovarian cancer,0,Timor-Leste
Pancreatic cancer,0,Timor-Leste
Penile cancer,0,Timor-Leste
Prostate cancer,0,Timor-Leste
Rectal cancer,0,Timor-Leste
Salivary gland cancer,0,Timor-Leste
Skin cancer,0,Timor-Leste
Stomach cancer,0,Timor-Leste
Testicular cancer,0,Timor-Leste
Throat cancer,0,Timor-Leste
Thyroid cancer,0,Timor-Leste
Undetermined cancer,0,Timor-Leste
Uterine cancer,0,Timor-Leste
Vaginal cancer,0,Timor-Leste
Vulvar cancer,0,Timor-Leste
Anal cancer,0,Cyprus
Bladder cancer,0,Cyprus
Brain cancer,0,Cyprus
Breast cancer,2,Cyprus
Cervical cancer,0,Cyprus
Colon cancer,0,Cyprus
Colorectal cancer,2,Cyprus
Esophageal cancer,0,Cyprus
Gallbladder cancer,0,Cyprus
Hodgkin lymphoma,0,Cyprus
Kaposi sarcoma,0,Cyprus
Kidney cancer,0,Cyprus
Laryngeal cancer,0,Cyprus
Leukemia,0,Cyprus
Liver cancer,0,Cyprus
Lung cancer,0,Cyprus
Mesothelioma,0,Cyprus
Mouth cancer,0,Cyprus
Multiple myeloma,0,Cyprus
Non-Hodgkin lymphoma,0,Cyprus
Other cancer,0,Cyprus
Ovarian cancer,0,Cyprus
Pancreatic cancer,0,Cyprus
Penile cancer,0,Cyprus
Prostate cancer,1,Cyprus
Rectal cancer,0,Cyprus
Salivary gland cancer,0,Cyprus
Skin cancer,0,Cyprus
Stomach cancer,0,Cyprus
Testicular cancer,2,Cyprus
Throat cancer,0,Cyprus
Thyroid cancer,1,Cyprus
Undetermined cancer,0,Cyprus
Uterine cancer,0,Cyprus
Vaginal cancer,0,Cyprus
Vulvar cancer,0,Cyprus
Anal cancer,0,Vietnam
Bladder cancer,0,Vietnam
Brain cancer,1,Vietnam
Breast cancer,1,Vietnam
Cervical cancer,1,Vietnam
Colon cancer,0,Vietnam
Colorectal cancer,0,Vietnam
Esophageal cancer,0,Vietnam
Gallbladder cancer,0,Vietnam
Hodgkin lymphoma,0,Vietnam
Kaposi sarcoma,0,Vietnam
Kidney cancer,0,Vietnam
Laryngeal cancer,0,Vietnam
Leukemia,2,Vietnam
Liver cancer,1,Vietnam
Lung cancer,1,Vietnam
Mesothelioma,0,Vietnam
Mouth cancer,0,Vietnam
Multiple myeloma,0,Vietnam
Non-Hodgkin lymphoma,1,Vietnam
Other cancer,0,Vietnam
Ovarian cancer,0,Vietnam
Pancreatic cancer,0,Vietnam
Penile cancer,0,Vietnam
Prostate cancer,0,Vietnam
Rectal cancer,0,Vietnam
Salivary gland cancer,0,Vietnam
Skin cancer,0,Vietnam
Stomach cancer,0,Vietnam
Testicular cancer,0,Vietnam
Throat cancer,0,Vietnam
Thyroid cancer,0,Vietnam
Undetermined cancer,0,Vietnam
Uterine cancer,0,Vietnam
Vaginal cancer,0,Vietnam
Vulvar cancer,0,Vietnam
Anal cancer,0,Czechia
Bladder cancer,2,Czechia
Brain cancer,2,Czechia
Breast cancer,18,Czechia
Cervical cancer,8,Czechia
Colon cancer,2,Czechia
Colorectal cancer,17,Czechia
Esophageal cancer,2,Czechia
Gallbladder cancer,0,Czechia
Hodgkin lymphoma,5,Czechia
Kaposi sarcoma,0,Czechia
Kidney cancer,6,Czechia
Laryngeal cancer,0,Czechia
Leukemia,34,Czechia
Liver cancer,1,Czechia
Lung cancer,1,Czechia
Mesothelioma,0,Czechia
Mouth cancer,1,Czechia
Multiple myeloma,31,Czechia
Non-Hodgkin lymphoma,12,Czechia
Other cancer,0,Czechia
Ovarian cancer,3,Czechia
Pancreatic cancer,5,Czechia
Penile cancer,0,Czechia
Prostate cancer,12,Czechia
Rectal cancer,4,Czechia
Salivary gland cancer,0,Czechia
Skin cancer,7,Czechia
Stomach cancer,0,Czechia
Testicular cancer,1,Czechia
Throat cancer,0,Czechia
Thyroid cancer,3,Czechia
Undetermined cancer,0,Czechia
Uterine cancer,7,Czechia
Vaginal cancer,0,Czechia
Vulvar cancer,1,Czechia
Anal cancer,0,Bolivia
Bladder cancer,0,Bolivia
Brain cancer,0,Bolivia
Breast cancer,0,Bolivia
Cervical cancer,0,Bolivia
Colon cancer,0,Bolivia
Colorectal cancer,0,Bolivia
Esophageal cancer,0,Bolivia
Gallbladder cancer,0,Bolivia
Hodgkin lymphoma,0,Bolivia
Kaposi sarcoma,0,Bolivia
Kidney cancer,0,Bolivia
Laryngeal cancer,0,Bolivia
Leukemia,0,Bolivia
Liver cancer,0,Bolivia
Lung cancer,0,Bolivia
Mesothelioma,0,Bolivia
Mouth cancer,0,Bolivia
Multiple myeloma,0,Bolivia
Non-Hodgkin lymphoma,0,Bolivia
Other cancer,0,Bolivia
Ovarian cancer,0,Bolivia
Pancreatic cancer,0,Bolivia
Penile cancer,0,Bolivia
Prostate cancer,0,Bolivia
Rectal cancer,0,Bolivia
Salivary gland cancer,0,Bolivia
Skin cancer,0,Bolivia
Stomach cancer,0,Bolivia
Testicular cancer,0,Bolivia
Throat cancer,0,Bolivia
Thyroid cancer,0,Bolivia
Undetermined cancer,0,Bolivia
Uterine cancer,0,Bolivia
Vaginal cancer,0,Bolivia
Vulvar cancer,0,Bolivia
Anal cancer,0,Ireland
Bladder cancer,0,Ireland
Brain cancer,2,Ireland
Breast cancer,45,Ireland
Cervical cancer,3,Ireland
Colon cancer,2,Ireland
Colorectal cancer,4,Ireland
Esophageal cancer,10,Ireland
Gallbladder cancer,0,Ireland
Hodgkin lymphoma,0,Ireland
Kaposi sarcoma,0,Ireland
Kidney cancer,2,Ireland
Laryngeal cancer,0,Ireland
Leukemia,8,Ireland
Liver cancer,1,Ireland
Lung cancer,1,Ireland
Mesothelioma,0,Ireland
Mouth cancer,0,Ireland
Multiple myeloma,5,Ireland
Non-Hodgkin lymphoma,0,Ireland
Other cancer,0,Ireland
Ovarian cancer,4,Ireland
Pancreatic cancer,2,Ireland
Penile cancer,1,Ireland
Prostate cancer,15,Ireland
Rectal cancer,3,Ireland
Salivary gland cancer,0,Ireland
Skin cancer,12,Ireland
Stomach cancer,0,Ireland
Testicular cancer,1,Ireland
Throat cancer,0,Ireland
Thyroid cancer,0,Ireland
Undetermined cancer,0,Ireland
Uterine cancer,2,Ireland
Vaginal cancer,0,Ireland
Vulvar cancer,0,Ireland
Anal cancer,0,Mauritania
Bladder cancer,0,Mauritania
Brain cancer,0,Mauritania
Breast cancer,0,Mauritania
Cervical cancer,0,Mauritania
Colon cancer,0,Mauritania
Colorectal cancer,0,Mauritania
Esophageal cancer,0,Mauritania
Gallbladder cancer,0,Mauritania
Hodgkin lymphoma,0,Mauritania
Kaposi sarcoma,0,Mauritania
Kidney cancer,0,Mauritania
Laryngeal cancer,0,Mauritania
Leukemia,0,Mauritania
Liver cancer,0,Mauritania
Lung cancer,0,Mauritania
Mesothelioma,0,Mauritania
Mouth cancer,0,Mauritania
Multiple myeloma,0,Mauritania
Non-Hodgkin lymphoma,0,Mauritania
Other cancer,0,Mauritania
Ovarian cancer,0,Mauritania
Pancreatic cancer,0,Mauritania
Penile cancer,0,Mauritania
Prostate cancer,0,Mauritania
Rectal cancer,0,Mauritania
Salivary gland cancer,0,Mauritania
Skin cancer,0,Mauritania
Stomach cancer,0,Mauritania
Testicular cancer,0,Mauritania
Throat cancer,0,Mauritania
Thyroid cancer,0,Mauritania
Undetermined cancer,0,Mauritania
Uterine cancer,0,Mauritania
Vaginal cancer,0,Mauritania
Vulvar cancer,0,Mauritania
Anal cancer,0,Sudan
Bladder cancer,0,Sudan
Brain cancer,0,Sudan
Breast cancer,1,Sudan
Cervical cancer,0,Sudan
Colon cancer,0,Sudan
Colorectal cancer,0,Sudan
Esophageal cancer,0,Sudan
Gallbladder cancer,0,Sudan
Hodgkin lymphoma,0,Sudan
Kaposi sarcoma,0,Sudan
Kidney cancer,0,Sudan
Laryngeal cancer,0,Sudan
Leukemia,0,Sudan
Liver cancer,0,Sudan
Lung cancer,0,Sudan
Mesothelioma,0,Sudan
Mouth cancer,0,Sudan
Multiple myeloma,0,Sudan
Non-Hodgkin lymphoma,0,Sudan
Other cancer,0,Sudan
Ovarian cancer,0,Sudan
Pancreatic cancer,0,Sudan
Penile cancer,0,Sudan
Prostate cancer,0,Sudan
Rectal cancer,0,Sudan
Salivary gland cancer,0,Sudan
Skin cancer,0,Sudan
Stomach cancer,0,Sudan
Testicular cancer,0,Sudan
Throat cancer,0,Sudan
Thyroid cancer,0,Sudan
Undetermined cancer,0,Sudan
Uterine cancer,0,Sudan
Vaginal cancer,0,Sudan
Vulvar cancer,0,Sudan
Anal cancer,0,Bhutan
Bladder cancer,0,Bhutan
Brain cancer,0,Bhutan
Breast cancer,0,Bhutan
Cervical cancer,0,Bhutan
Colon cancer,0,Bhutan
Colorectal cancer,0,Bhutan
Esophageal cancer,0,Bhutan
Gallbladder cancer,0,Bhutan
Hodgkin lymphoma,0,Bhutan
Kaposi sarcoma,0,Bhutan
Kidney cancer,0,Bhutan
Laryngeal cancer,0,Bhutan
Leukemia,0,Bhutan
Liver cancer,0,Bhutan
Lung cancer,0,Bhutan
Mesothelioma,0,Bhutan
Mouth cancer,0,Bhutan
Multiple myeloma,0,Bhutan
Non-Hodgkin lymphoma,0,Bhutan
Other cancer,0,Bhutan
Ovarian cancer,0,Bhutan
Pancreatic cancer,0,Bhutan
Penile cancer,0,Bhutan
Prostate cancer,0,Bhutan
Rectal cancer,0,Bhutan
Salivary gland cancer,0,Bhutan
Skin cancer,0,Bhutan
Stomach cancer,0,Bhutan
Testicular cancer,0,Bhutan
Throat cancer,0,Bhutan
Thyroid cancer,0,Bhutan
Undetermined cancer,0,Bhutan
Uterine cancer,0,Bhutan
Vaginal cancer,0,Bhutan
Vulvar cancer,0,Bhutan
Anal cancer,0,Guinea
Bladder cancer,0,Guinea
Brain cancer,0,Guinea
Breast cancer,0,Guinea
Cervical cancer,0,Guinea
Colon cancer,0,Guinea
Colorectal cancer,0,Guinea
Esophageal cancer,0,Guinea
Gallbladder cancer,0,Guinea
Hodgkin lymphoma,0,Guinea
Kaposi sarcoma,0,Guinea
Kidney cancer,0,Guinea
Laryngeal cancer,0,Guinea
Leukemia,0,Guinea
Liver cancer,0,Guinea
Lung cancer,0,Guinea
Mesothelioma,0,Guinea
Mouth cancer,0,Guinea
Multiple myeloma,0,Guinea
Non-Hodgkin lymphoma,0,Guinea
Other cancer,0,Guinea
Ovarian cancer,0,Guinea
Pancreatic cancer,0,Guinea
Penile cancer,0,Guinea
Prostate cancer,0,Guinea
Rectal cancer,0,Guinea
Salivary gland cancer,0,Guinea
Skin cancer,0,Guinea
Stomach cancer,0,Guinea
Testicular cancer,0,Guinea
Throat cancer,0,Guinea
Thyroid cancer,0,Guinea
Undetermined cancer,0,Guinea
Uterine cancer,0,Guinea
Vaginal cancer,0,Guinea
Vulvar cancer,0,Guinea
Anal cancer,0,Fiji
Bladder cancer,0,Fiji
Brain cancer,0,Fiji
Breast cancer,0,Fiji
Cervical cancer,0,Fiji
Colon cancer,0,Fiji
Colorectal cancer,0,Fiji
Esophageal cancer,0,Fiji
Gallbladder cancer,0,Fiji
Hodgkin lymphoma,0,Fiji
Kaposi sarcoma,0,Fiji
Kidney cancer,0,Fiji
Laryngeal cancer,0,Fiji
Leukemia,0,Fiji
Liver cancer,0,Fiji
Lung cancer,0,Fiji
Mesothelioma,0,Fiji
Mouth cancer,0,Fiji
Multiple myeloma,0,Fiji
Non-Hodgkin lymphoma,0,Fiji
Other cancer,0,Fiji
Ovarian cancer,0,Fiji
Pancreatic cancer,0,Fiji
Penile cancer,0,Fiji
Prostate cancer,0,Fiji
Rectal cancer,0,Fiji
Salivary gland cancer,0,Fiji
Skin cancer,0,Fiji
Stomach cancer,0,Fiji
Testicular cancer,0,Fiji
Throat cancer,0,Fiji
Thyroid cancer,0,Fiji
Undetermined cancer,0,Fiji
Uterine cancer,0,Fiji
Vaginal cancer,0,Fiji
Vulvar cancer,0,Fiji
Anal cancer,0,Uruguay
Bladder cancer,0,Uruguay
Brain cancer,0,Uruguay
Breast cancer,3,Uruguay
Cervical cancer,0,Uruguay
Colon cancer,0,Uruguay
Colorectal cancer,0,Uruguay
Esophageal cancer,0,Uruguay
Gallbladder cancer,0,Uruguay
Hodgkin lymphoma,1,Uruguay
Kaposi sarcoma,0,Uruguay
Kidney cancer,0,Uruguay
Laryngeal cancer,0,Uruguay
Leukemia,5,Uruguay
Liver cancer,0,Uruguay
Lung cancer,0,Uruguay
Mesothelioma,0,Uruguay
Mouth cancer,0,Uruguay
Multiple myeloma,0,Uruguay
Non-Hodgkin lymphoma,1,Uruguay
Other cancer,0,Uruguay
Ovarian cancer,0,Uruguay
Pancreatic cancer,0,Uruguay
Penile cancer,0,Uruguay
Prostate cancer,2,Uruguay
Rectal cancer,0,Uruguay
Salivary gland cancer,0,Uruguay
Skin cancer,2,Uruguay
Stomach cancer,0,Uruguay
Testicular cancer,0,Uruguay
Throat cancer,0,Uruguay
Thyroid cancer,1,Uruguay
Undetermined cancer,0,Uruguay
Uterine cancer,0,Uruguay
Vaginal cancer,0,Uruguay
Vulvar cancer,0,Uruguay
Anal cancer,0,Georgia
Bladder cancer,0,Georgia
Brain cancer,0,Georgia
Breast cancer,0,Georgia
Cervical cancer,0,Georgia
Colon cancer,0,Georgia
Colorectal cancer,0,Georgia
Esophageal cancer,0,Georgia
Gallbladder cancer,0,Georgia
Hodgkin lymphoma,0,Georgia
Kaposi sarcoma,0,Georgia
Kidney cancer,0,Georgia
Laryngeal cancer,0,Georgia
Leukemia,0,Georgia
Liver cancer,0,Georgia
Lung cancer,0,Georgia
Mesothelioma,0,Georgia
Mouth cancer,0,Georgia
Multiple myeloma,0,Georgia
Non-Hodgkin lymphoma,0,Georgia
Other cancer,0,Georgia
Ovarian cancer,0,Georgia
Pancreatic cancer,0,Georgia
Penile cancer,0,Georgia
Prostate cancer,0,Georgia
Rectal cancer,0,Georgia
Salivary gland cancer,0,Georgia
Skin cancer,0,Georgia
Stomach cancer,0,Georgia
Testicular cancer,0,Georgia
Throat cancer,0,Georgia
Thyroid cancer,0,Georgia
Undetermined cancer,0,Georgia
Uterine cancer,0,Georgia
Vaginal cancer,0,Georgia
Vulvar cancer,0,Georgia
Anal cancer,0,Venezuela
Bladder cancer,0,Venezuela
Brain cancer,0,Venezuela
Breast cancer,4,Venezuela
Cervical cancer,1,Venezuela
Colon cancer,0,Venezuela
Colorectal cancer,2,Venezuela
Esophageal cancer,0,Venezuela
Gallbladder cancer,0,Venezuela
Hodgkin lymphoma,0,Venezuela
Kaposi sarcoma,0,Venezuela
Kidney cancer,0,Venezuela
Laryngeal cancer,0,Venezuela
Leukemia,3,Venezuela
Liver cancer,0,Venezuela
Lung cancer,0,Venezuela
Mesothelioma,0,Venezuela
Mouth cancer,0,Venezuela
Multiple myeloma,0,Venezuela
Non-Hodgkin lymphoma,0,Venezuela
Other cancer,0,Venezuela
Ovarian cancer,0,Venezuela
Pancreatic cancer,0,Venezuela
Penile cancer,0,Venezuela
Prostate cancer,3,Venezuela
Rectal cancer,0,Venezuela
Salivary gland cancer,0,Venezuela
Skin cancer,0,Venezuela
Stomach cancer,0,Venezuela
Testicular cancer,0,Venezuela
Throat cancer,0,Venezuela
Thyroid cancer,0,Venezuela
Undetermined cancer,0,Venezuela
Uterine cancer,0,Venezuela
Vaginal cancer,0,Venezuela
Vulvar cancer,0,Venezuela
Anal cancer,0,El Salvador
Bladder cancer,0,El Salvador
Brain cancer,0,El Salvador
Breast cancer,0,El Salvador
Cervical cancer,0,El Salvador
Colon cancer,0,El Salvador
Colorectal cancer,0,El Salvador
Esophageal cancer,0,El Salvador
Gallbladder cancer,0,El Salvador
Hodgkin lymphoma,0,El Salvador
Kaposi sarcoma,0,El Salvador
Kidney cancer,0,El Salvador
Laryngeal cancer,0,El Salvador
Leukemia,1,El Salvador
Liver cancer,0,El Salvador
Lung cancer,0,El Salvador
Mesothelioma,0,El Salvador
Mouth cancer,0,El Salvador
Multiple myeloma,0,El Salvador
Non-Hodgkin lymphoma,0,El Salvador
Other cancer,0,El Salvador
Ovarian cancer,0,El Salvador
Pancreatic cancer,0,El Salvador
Penile cancer,0,El Salvador
Prostate cancer,0,El Salvador
Rectal cancer,1,El Salvador
Salivary gland cancer,0,El Salvador
Skin cancer,0,El Salvador
Stomach cancer,0,El Salvador
Testicular cancer,0,El Salvador
Throat cancer,0,El Salvador
Thyroid cancer,0,El Salvador
Undetermined cancer,0,El Salvador
Uterine cancer,0,El Salvador
Vaginal cancer,0,El Salvador
Vulvar cancer,0,El Salvador
Anal cancer,0,Kazakhstan
Bladder cancer,0,Kazakhstan
Brain cancer,0,Kazakhstan
Breast cancer,4,Kazakhstan
Cervical cancer,0,Kazakhstan
Colon cancer,1,Kazakhstan
Colorectal cancer,0,Kazakhstan
Esophageal cancer,0,Kazakhstan
Gallbladder cancer,0,Kazakhstan
Hodgkin lymphoma,0,Kazakhstan
Kaposi sarcoma,0,Kazakhstan
Kidney cancer,0,Kazakhstan
Laryngeal cancer,0,Kazakhstan
Leukemia,1,Kazakhstan
Liver cancer,0,Kazakhstan
Lung cancer,0,Kazakhstan
Mesothelioma,0,Kazakhstan
Mouth cancer,0,Kazakhstan
Multiple myeloma,0,Kazakhstan
Non-Hodgkin lymphoma,0,Kazakhstan
Other cancer,0,Kazakhstan
Ovarian cancer,0,Kazakhstan
Pancreatic cancer,0,Kazakhstan
Penile cancer,0,Kazakhstan
Prostate cancer,0,Kazakhstan
Rectal cancer,0,Kazakhstan
Salivary gland cancer,0,Kazakhstan
Skin cancer,0,Kazakhstan
Stomach cancer,0,Kazakhstan
Testicular cancer,0,Kazakhstan
Throat cancer,0,Kazakhstan
Thyroid cancer,0,Kazakhstan
Undetermined cancer,0,Kazakhstan
Uterine cancer,0,Kazakhstan
Vaginal cancer,0,Kazakhstan
Vulvar cancer,0,Kazakhstan
Anal cancer,0,Angola
Bladder cancer,0,Angola
Brain cancer,0,Angola
Breast cancer,0,Angola
Cervical cancer,0,Angola
Colon cancer,0,Angola
Colorectal cancer,0,Angola
Esophageal cancer,0,Angola
Gallbladder cancer,0,Angola
Hodgkin lymphoma,0,Angola
Kaposi sarcoma,0,Angola
Kidney cancer,0,Angola
Laryngeal cancer,0,Angola
Leukemia,0,Angola
Liver cancer,0,Angola
Lung cancer,0,Angola
Mesothelioma,0,Angola
Mouth cancer,0,Angola
Multiple myeloma,1,Angola
Non-Hodgkin lymphoma,0,Angola
Other cancer,0,Angola
Ovarian cancer,0,Angola
Pancreatic cancer,0,Angola
Penile cancer,0,Angola
Prostate cancer,0,Angola
Rectal cancer,0,Angola
Salivary gland cancer,0,Angola
Skin cancer,0,Angola
Stomach cancer,0,Angola
Testicular cancer,0,Angola
Throat cancer,0,Angola
Thyroid cancer,0,Angola
Undetermined cancer,0,Angola
Uterine cancer,0,Angola
Vaginal cancer,0,Angola
Vulvar cancer,0,Angola
Anal cancer,3,Italy
Bladder cancer,173,Italy
Brain cancer,178,Italy
Breast cancer,1237,Italy
Cervical cancer,118,Italy
Colon cancer,95,Italy
Colorectal cancer,563,Italy
Esophageal cancer,17,Italy
Gallbladder cancer,1,Italy
Hodgkin lymphoma,103,Italy
Kaposi sarcoma,4,Italy
Kidney cancer,112,Italy
Laryngeal cancer,7,Italy
Leukemia,730,Italy
Liver cancer,183,Italy
Lung cancer,183,Italy
Mesothelioma,69,Italy
Mouth cancer,0,Italy
Multiple myeloma,256,Italy
Non-Hodgkin lymphoma,173,Italy
Other cancer,0,Italy
Ovarian cancer,278,Italy
Pancreatic cancer,149,Italy
Penile cancer,7,Italy
Prostate cancer,346,Italy
Rectal cancer,156,Italy
Salivary gland cancer,3,Italy
Skin cancer,296,Italy
Stomach cancer,24,Italy
Testicular cancer,6,Italy
Throat cancer,0,Italy
Thyroid cancer,64,Italy
Undetermined cancer,0,Italy
Uterine cancer,97,Italy
Vaginal cancer,1,Italy
Vulvar cancer,6,Italy
Anal cancer,0,Mexico
Bladder cancer,0,Mexico
Brain cancer,6,Mexico
Breast cancer,33,Mexico
Cervical cancer,33,Mexico
Colon cancer,2,Mexico
Colorectal cancer,10,Mexico
Esophageal cancer,1,Mexico
Gallbladder cancer,0,Mexico
Hodgkin lymphoma,0,Mexico
Kaposi sarcoma,3,Mexico
Kidney cancer,2,Mexico
Laryngeal cancer,0,Mexico
Leukemia,42,Mexico
Liver cancer,1,Mexico
Lung cancer,1,Mexico
Mesothelioma,3,Mexico
Mouth cancer,0,Mexico
Multiple myeloma,12,Mexico
Non-Hodgkin lymphoma,10,Mexico
Other cancer,0,Mexico
Ovarian cancer,0,Mexico
Pancreatic cancer,1,Mexico
Penile cancer,0,Mexico
Prostate cancer,7,Mexico
Rectal cancer,2,Mexico
Salivary gland cancer,0,Mexico
Skin cancer,3,Mexico
Stomach cancer,4,Mexico
Testicular cancer,0,Mexico
Throat cancer,0,Mexico
Thyroid cancer,2,Mexico
Undetermined cancer,0,Mexico
Uterine cancer,2,Mexico
Vaginal cancer,0,Mexico
Vulvar cancer,0,Mexico
Anal cancer,0,Oman
Bladder cancer,0,Oman
Brain cancer,0,Oman
Breast cancer,0,Oman
Cervical cancer,0,Oman
Colon cancer,0,Oman
Colorectal cancer,1,Oman
Esophageal cancer,0,Oman
Gallbladder cancer,0,Oman
Hodgkin lymphoma,0,Oman
Kaposi sarcoma,0,Oman
Kidney cancer,0,Oman
Laryngeal cancer,0,Oman
Leukemia,2,Oman
Liver cancer,0,Oman
Lung cancer,0,Oman
Mesothelioma,0,Oman
Mouth cancer,0,Oman
Multiple myeloma,0,Oman
Non-Hodgkin lymphoma,0,Oman
Other cancer,0,Oman
Ovarian cancer,0,Oman
Pancreatic cancer,0,Oman
Penile cancer,0,Oman
Prostate cancer,0,Oman
Rectal cancer,1,Oman
Salivary gland cancer,0,Oman
Skin cancer,0,Oman
Stomach cancer,0,Oman
Testicular cancer,0,Oman
Throat cancer,0,Oman
Thyroid cancer,0,Oman
Undetermined cancer,0,Oman
Uterine cancer,0,Oman
Vaginal cancer,0,Oman
Vulvar cancer,0,Oman
Anal cancer,1,Japan
Bladder cancer,217,Japan
Brain cancer,185,Japan
Breast cancer,909,Japan
Cervical cancer,211,Japan
Colon cancer,177,Japan
Colorectal cancer,777,Japan
Esophageal cancer,361,Japan
Gallbladder cancer,24,Japan
Hodgkin lymphoma,79,Japan
Kaposi sarcoma,0,Japan
Kidney cancer,159,Japan
Laryngeal cancer,14,Japan
Leukemia,709,Japan
Liver cancer,618,Japan
Lung cancer,618,Japan
Mesothelioma,36,Japan
Mouth cancer,0,Japan
Multiple myeloma,144,Japan
Non-Hodgkin lymphoma,189,Japan
Other cancer,0,Japan
Ovarian cancer,188,Japan
Pancreatic cancer,372,Japan
Penile cancer,0,Japan
Prostate cancer,429,Japan
Rectal cancer,172,Japan
Salivary gland cancer,0,Japan
Skin cancer,105,Japan
Stomach cancer,87,Japan
Testicular cancer,12,Japan
Throat cancer,0,Japan
Thyroid cancer,37,Japan
Undetermined cancer,0,Japan
Uterine cancer,70,Japan
Vaginal cancer,1,Japan
Vulvar cancer,0,Japan
Anal cancer,0,Trinidad and Tobago
Bladder cancer,0,Trinidad and Tobago
Brain cancer,0,Trinidad and Tobago
Breast cancer,0,Trinidad and Tobago
Cervical cancer,0,Trinidad and Tobago
Colon cancer,0,Trinidad and Tobago
Colorectal cancer,0,Trinidad and Tobago
Esophageal cancer,0,Trinidad and Tobago
Gallbladder cancer,0,Trinidad and Tobago
Hodgkin lymphoma,0,Trinidad and Tobago
Kaposi sarcoma,0,Trinidad and Tobago
Kidney cancer,0,Trinidad and Tobago
Laryngeal cancer,0,Trinidad and Tobago
Leukemia,0,Trinidad and Tobago
Liver cancer,0,Trinidad and Tobago
Lung cancer,0,Trinidad and Tobago
Mesothelioma,0,Trinidad and Tobago
Mouth cancer,0,Trinidad and Tobago
Multiple myeloma,0,Trinidad and Tobago
Non-Hodgkin lymphoma,0,Trinidad and Tobago
Other cancer,0,Trinidad and Tobago
Ovarian cancer,0,Trinidad and Tobago
Pancreatic cancer,0,Trinidad and Tobago
Penile cancer,0,Trinidad and Tobago
Prostate cancer,0,Trinidad and Tobago
Rectal cancer,0,Trinidad and Tobago
Salivary gland cancer,0,Trinidad and Tobago
Skin cancer,0,Trinidad and Tobago
Stomach cancer,0,Trinidad and Tobago
Testicular cancer,0,Trinidad and Tobago
Throat cancer,0,Trinidad and Tobago
Thyroid cancer,0,Trinidad and Tobago
Undetermined cancer,0,Trinidad and Tobago
Uterine cancer,0,Trinidad and Tobago
Vaginal cancer,0,Trinidad and Tobago
Vulvar cancer,0,Trinidad and Tobago
Anal cancer,0,"Micronesia, Fed. Sts."
Bladder cancer,0,"Micronesia, Fed. Sts."
Brain cancer,0,"Micronesia, Fed. Sts."
Breast cancer,0,"Micronesia, Fed. Sts."
Cervical cancer,0,"Micronesia, Fed. Sts."
Colon cancer,0,"Micronesia, Fed. Sts."
Colorectal cancer,0,"Micronesia, Fed. Sts."
Esophageal cancer,0,"Micronesia, Fed. Sts."
Gallbladder cancer,0,"Micronesia, Fed. Sts."
Hodgkin lymphoma,0,"Micronesia, Fed. Sts."
Kaposi sarcoma,0,"Micronesia, Fed. Sts."
Kidney cancer,0,"Micronesia, Fed. Sts."
Laryngeal cancer,0,"Micronesia, Fed. Sts."
Leukemia,0,"Micronesia, Fed. Sts."
Liver cancer,0,"Micronesia, Fed. Sts."
Lung cancer,0,"Micronesia, Fed. Sts."
Mesothelioma,0,"Micronesia, Fed. Sts."
Mouth cancer,0,"Micronesia, Fed. Sts."
Multiple myeloma,0,"Micronesia, Fed. Sts."
Non-Hodgkin lymphoma,0,"Micronesia, Fed. Sts."
Other cancer,0,"Micronesia, Fed. Sts."
Ovarian cancer,0,"Micronesia, Fed. Sts."
Pancreatic cancer,0,"Micronesia, Fed. Sts."
Penile cancer,0,"Micronesia, Fed. Sts."
Prostate cancer,0,"Micronesia, Fed. Sts."
Rectal cancer,0,"Micronesia, Fed. Sts."
Salivary gland cancer,0,"Micronesia, Fed. Sts."
Skin cancer,0,"Micronesia, Fed. Sts."
Stomach cancer,0,"Micronesia, Fed. Sts."
Testicular cancer,0,"Micronesia, Fed. Sts."
Throat cancer,0,"Micronesia, Fed. Sts."
Thyroid cancer,0,"Micronesia, Fed. Sts."
Undetermined cancer,0,"Micronesia, Fed. Sts."
Uterine cancer,0,"Micronesia, Fed. Sts."
Vaginal cancer,0,"Micronesia, Fed. Sts."
Vulvar cancer,0,"Micronesia, Fed. Sts."
Anal cancer,0,Gabon
Bladder cancer,0,Gabon
Brain cancer,0,Gabon
Breast cancer,0,Gabon
Cervical cancer,0,Gabon
Colon cancer,0,Gabon
Colorectal cancer,0,Gabon
Esophageal cancer,0,Gabon
Gallbladder cancer,0,Gabon
Hodgkin lymphoma,0,Gabon
Kaposi sarcoma,0,Gabon
Kidney cancer,0,Gabon
Laryngeal cancer,0,Gabon
Leukemia,0,Gabon
Liver cancer,0,Gabon
Lung cancer,0,Gabon
Mesothelioma,0,Gabon
Mouth cancer,0,Gabon
Multiple myeloma,0,Gabon
Non-Hodgkin lymphoma,0,Gabon
Other cancer,0,Gabon
Ovarian cancer,0,Gabon
Pancreatic cancer,0,Gabon
Penile cancer,0,Gabon
Prostate cancer,0,Gabon
Rectal cancer,0,Gabon
Salivary gland cancer,0,Gabon
Skin cancer,0,Gabon
Stomach cancer,0,Gabon
Testicular cancer,0,Gabon
Throat cancer,0,Gabon
Thyroid cancer,0,Gabon
Undetermined cancer,0,Gabon
Uterine cancer,0,Gabon
Vaginal cancer,0,Gabon
Vulvar cancer,0,Gabon
Anal cancer,0,Ghana
Bladder cancer,0,Ghana
Brain cancer,0,Ghana
Breast cancer,5,Ghana
Cervical cancer,2,Ghana
Colon cancer,0,Ghana
Colorectal cancer,0,Ghana
Esophageal cancer,0,Ghana
Gallbladder cancer,0,Ghana
Hodgkin lymphoma,0,Ghana
Kaposi sarcoma,0,Ghana
Kidney cancer,0,Ghana
Laryngeal cancer,0,Ghana
Leukemia,3,Ghana
Liver cancer,0,Ghana
Lung cancer,0,Ghana
Mesothelioma,0,Ghana
Mouth cancer,0,Ghana
Multiple myeloma,0,Ghana
Non-Hodgkin lymphoma,0,Ghana
Other cancer,0,Ghana
Ovarian cancer,0,Ghana
Pancreatic cancer,0,Ghana
Penile cancer,0,Ghana
Prostate cancer,4,Ghana
Rectal cancer,0,Ghana
Salivary gland cancer,0,Ghana
Skin cancer,0,Ghana
Stomach cancer,0,Ghana
Testicular cancer,0,Ghana
Throat cancer,0,Ghana
Thyroid cancer,1,Ghana
Undetermined cancer,0,Ghana
Uterine cancer,0,Ghana
Vaginal cancer,0,Ghana
Vulvar cancer,0,Ghana
Anal cancer,9,France
Bladder cancer,49,France
Brain cancer,145,France
Breast cancer,807,France
Cervical cancer,71,France
Colon cancer,68,France
Colorectal cancer,367,France
Esophageal cancer,42,France
Gallbladder cancer,1,France
Hodgkin lymphoma,81,France
Kaposi sarcoma,7,France
Kidney cancer,139,France
Laryngeal cancer,3,France
Leukemia,590,France
Liver cancer,117,France
Lung cancer,117,France
Mesothelioma,41,France
Mouth cancer,0,France
Multiple myeloma,187,France
Non-Hodgkin lymphoma,183,France
Other cancer,0,France
Ovarian cancer,161,France
Pancreatic cancer,85,France
Penile cancer,3,France
Prostate cancer,272,France
Rectal cancer,90,France
Salivary gland cancer,0,France
Skin cancer,224,France
Stomach cancer,13,France
Testicular cancer,4,France
Throat cancer,2,France
Thyroid cancer,45,France
Undetermined cancer,0,France
Uterine cancer,26,France
Vaginal cancer,0,France
Vulvar cancer,2,France
Anal cancer,0,Somalia
Bladder cancer,0,Somalia
Brain cancer,0,Somalia
Breast cancer,0,Somalia
Cervical cancer,0,Somalia
Colon cancer,0,Somalia
Colorectal cancer,0,Somalia
Esophageal cancer,0,Somalia
Gallbladder cancer,0,Somalia
Hodgkin lymphoma,0,Somalia
Kaposi sarcoma,0,Somalia
Kidney cancer,0,Somalia
Laryngeal cancer,0,Somalia
Leukemia,0,Somalia
Liver cancer,0,Somalia
Lung cancer,0,Somalia
Mesothelioma,0,Somalia
Mouth cancer,0,Somalia
Multiple myeloma,0,Somalia
Non-Hodgkin lymphoma,0,Somalia
Other cancer,0,Somalia
Ovarian cancer,0,Somalia
Pancreatic cancer,0,Somalia
Penile cancer,0,Somalia
Prostate cancer,0,Somalia
Rectal cancer,0,Somalia
Salivary gland cancer,0,Somalia
Skin cancer,0,Somalia
Stomach cancer,0,Somalia
Testicular cancer,0,Somalia
Throat cancer,0,Somalia
Thyroid cancer,0,Somalia
Undetermined cancer,0,Somalia
Uterine cancer,0,Somalia
Vaginal cancer,0,Somalia
Vulvar cancer,0,Somalia
Anal cancer,0,Finland
Bladder cancer,23,Finland
Brain cancer,8,Finland
Breast cancer,181,Finland
Cervical cancer,20,Finland
Colon cancer,6,Finland
Colorectal cancer,32,Finland
Esophageal cancer,0,Finland
Gallbladder cancer,2,Finland
Hodgkin lymphoma,4,Finland
Kaposi sarcoma,0,Finland
Kidney cancer,9,Finland
Laryngeal cancer,4,Finland
Leukemia,37,Finland
Liver cancer,3,Finland
Lung cancer,3,Finland
Mesothelioma,9,Finland
Mouth cancer,0,Finland
Multiple myeloma,22,Finland
Non-Hodgkin lymphoma,13,Finland
Other cancer,0,Finland
Ovarian cancer,20,Finland
Pancreatic cancer,5,Finland
Penile cancer,0,Finland
Prostate cancer,140,Finland
Rectal cancer,11,Finland
Salivary gland cancer,0,Finland
Skin cancer,21,Finland
Stomach cancer,1,Finland
Testicular cancer,1,Finland
Throat cancer,0,Finland
Thyroid cancer,5,Finland
Undetermined cancer,0,Finland
Uterine cancer,10,Finland
Vaginal cancer,1,Finland
Vulvar cancer,1,Finland
Anal cancer,2,Sweden
Bladder cancer,40,Sweden
Brain cancer,27,Sweden
Breast cancer,447,Sweden
Cervical cancer,37,Sweden
Colon cancer,21,Sweden
Colorectal cancer,143,Sweden
Esophageal cancer,15,Sweden
Gallbladder cancer,0,Sweden
Hodgkin lymphoma,11,Sweden
Kaposi sarcoma,0,Sweden
Kidney cancer,24,Sweden
Laryngeal cancer,10,Sweden
Leukemia,177,Sweden
Liver cancer,18,Sweden
Lung cancer,18,Sweden
Mesothelioma,7,Sweden
Mouth cancer,0,Sweden
Multiple myeloma,61,Sweden
Non-Hodgkin lymphoma,18,Sweden
Other cancer,0,Sweden
Ovarian cancer,38,Sweden
Pancreatic cancer,20,Sweden
Penile cancer,2,Sweden
Prostate cancer,207,Sweden
Rectal cancer,99,Sweden
Salivary gland cancer,0,Sweden
Skin cancer,82,Sweden
Stomach cancer,3,Sweden
Testicular cancer,2,Sweden
Throat cancer,0,Sweden
Thyroid cancer,3,Sweden
Undetermined cancer,0,Sweden
Uterine cancer,24,Sweden
Vaginal cancer,2,Sweden
Vulvar cancer,2,Sweden
Anal cancer,0,Burundi
Bladder cancer,0,Burundi
Brain cancer,0,Burundi
Breast cancer,0,Burundi
Cervical cancer,0,Burundi
Colon cancer,0,Burundi
Colorectal cancer,0,Burundi
Esophageal cancer,0,Burundi
Gallbladder cancer,0,Burundi
Hodgkin lymphoma,0,Burundi
Kaposi sarcoma,0,Burundi
Kidney cancer,0,Burundi
Laryngeal cancer,0,Burundi
Leukemia,0,Burundi
Liver cancer,0,Burundi
Lung cancer,0,Burundi
Mesothelioma,0,Burundi
Mouth cancer,0,Burundi
Multiple myeloma,0,Burundi
Non-Hodgkin lymphoma,0,Burundi
Other cancer,0,Burundi
Ovarian cancer,0,Burundi
Pancreatic cancer,0,Burundi
Penile cancer,0,Burundi
Prostate cancer,0,Burundi
Rectal cancer,0,Burundi
Salivary gland cancer,0,Burundi
Skin cancer,0,Burundi
Stomach cancer,0,Burundi
Testicular cancer,0,Burundi
Throat cancer,0,Burundi
Thyroid cancer,0,Burundi
Undetermined cancer,0,Burundi
Uterine cancer,0,Burundi
Vaginal cancer,0,Burundi
Vulvar cancer,0,Burundi
Anal cancer,0,Libya
Bladder cancer,0,Libya
Brain cancer,0,Libya
Breast cancer,1,Libya
Cervical cancer,0,Libya
Colon cancer,0,Libya
Colorectal cancer,0,Libya
Esophageal cancer,0,Libya
Gallbladder cancer,0,Libya
Hodgkin lymphoma,0,Libya
Kaposi sarcoma,0,Libya
Kidney cancer,0,Libya
Laryngeal cancer,0,Libya
Leukemia,0,Libya
Liver cancer,0,Libya
Lung cancer,0,Libya
Mesothelioma,0,Libya
Mouth cancer,0,Libya
Multiple myeloma,0,Libya
Non-Hodgkin lymphoma,0,Libya
Other cancer,0,Libya
Ovarian cancer,0,Libya
Pancreatic cancer,0,Libya
Penile cancer,0,Libya
Prostate cancer,0,Libya
Rectal cancer,0,Libya
Salivary gland cancer,0,Libya
Skin cancer,0,Libya
Stomach cancer,0,Libya
Testicular cancer,0,Libya
Throat cancer,0,Libya
Thyroid cancer,0,Libya
Undetermined cancer,0,Libya
Uterine cancer,0,Libya
Vaginal cancer,0,Libya
Vulvar cancer,0,Libya
Anal cancer,0,Ecuador
Bladder cancer,0,Ecuador
Brain cancer,0,Ecuador
Breast cancer,1,Ecuador
Cervical cancer,0,Ecuador
Colon cancer,0,Ecuador
Colorectal cancer,0,Ecuador
Esophageal cancer,0,Ecuador
Gallbladder cancer,0,Ecuador
Hodgkin lymphoma,0,Ecuador
Kaposi sarcoma,0,Ecuador
Kidney cancer,0,Ecuador
Laryngeal cancer,0,Ecuador
Leukemia,0,Ecuador
Liver cancer,0,Ecuador
Lung cancer,0,Ecuador
Mesothelioma,0,Ecuador
Mouth cancer,0,Ecuador
Multiple myeloma,0,Ecuador
Non-Hodgkin lymphoma,0,Ecuador
Other cancer,0,Ecuador
Ovarian cancer,0,Ecuador
Pancreatic cancer,0,Ecuador
Penile cancer,0,Ecuador
Prostate cancer,0,Ecuador
Rectal cancer,0,Ecuador
Salivary gland cancer,0,Ecuador
Skin cancer,0,Ecuador
Stomach cancer,0,Ecuador
Testicular cancer,0,Ecuador
Throat cancer,0,Ecuador
Thyroid cancer,0,Ecuador
Undetermined cancer,0,Ecuador
Uterine cancer,1,Ecuador
Vaginal cancer,0,Ecuador
Vulvar cancer,0,Ecuador
Anal cancer,1,Puerto Rico
Bladder cancer,0,Puerto Rico
Brain cancer,1,Puerto Rico
Breast cancer,3,Puerto Rico
Cervical cancer,1,Puerto Rico
Colon cancer,1,Puerto Rico
Colorectal cancer,2,Puerto Rico
Esophageal cancer,0,Puerto Rico
Gallbladder cancer,0,Puerto Rico
Hodgkin lymphoma,1,Puerto Rico
Kaposi sarcoma,0,Puerto Rico
Kidney cancer,0,Puerto Rico
Laryngeal cancer,0,Puerto Rico
Leukemia,2,Puerto Rico
Liver cancer,0,Puerto Rico
Lung cancer,0,Puerto Rico
Mesothelioma,0,Puerto Rico
Mouth cancer,0,Puerto Rico
Multiple myeloma,0,Puerto Rico
Non-Hodgkin lymphoma,1,Puerto Rico
Other cancer,0,Puerto Rico
Ovarian cancer,0,Puerto Rico
Pancreatic cancer,0,Puerto Rico
Penile cancer,0,Puerto Rico
Prostate cancer,1,Puerto Rico
Rectal cancer,0,Puerto Rico
Salivary gland cancer,0,Puerto Rico
Skin cancer,0,Puerto Rico
Stomach cancer,1,Puerto Rico
Testicular cancer,0,Puerto Rico
Throat cancer,0,Puerto Rico
Thyroid cancer,1,Puerto Rico
Undetermined cancer,0,Puerto Rico
Uterine cancer,0,Puerto Rico
Vaginal cancer,0,Puerto Rico
Vulvar cancer,0,Puerto Rico
Anal cancer,0,Algeria
Bladder cancer,0,Algeria
Brain cancer,0,Algeria
Breast cancer,0,Algeria
Cervical cancer,1,Algeria
Colon cancer,0,Algeria
Colorectal cancer,1,Algeria
Esophageal cancer,0,Algeria
Gallbladder cancer,0,Algeria
Hodgkin lymphoma,0,Algeria
Kaposi sarcoma,0,Algeria
Kidney cancer,0,Algeria
Laryngeal cancer,0,Algeria
Leukemia,0,Algeria
Liver cancer,0,Algeria
Lung cancer,0,Algeria
Mesothelioma,0,Algeria
Mouth cancer,0,Algeria
Multiple myeloma,0,Algeria
Non-Hodgkin lymphoma,1,Algeria
Other cancer,0,Algeria
Ovarian cancer,0,Algeria
Pancreatic cancer,0,Algeria
Penile cancer,0,Algeria
Prostate cancer,1,Algeria
Rectal cancer,0,Algeria
Salivary gland cancer,0,Algeria
Skin cancer,0,Algeria
Stomach cancer,0,Algeria
Testicular cancer,0,Algeria
Throat cancer,0,Algeria
Thyroid cancer,0,Algeria
Undetermined cancer,0,Algeria
Uterine cancer,0,Algeria
Vaginal cancer,0,Algeria
Vulvar cancer,0,Algeria
Anal cancer,0,Israel
Bladder cancer,9,Israel
Brain cancer,22,Israel
Breast cancer,94,Israel
Cervical cancer,2,Israel
Colon cancer,11,Israel
Colorectal cancer,38,Israel
Esophageal cancer,3,Israel
Gallbladder cancer,1,Israel
Hodgkin lymphoma,13,Israel
Kaposi sarcoma,2,Israel
Kidney cancer,10,Israel
Laryngeal cancer,2,Israel
Leukemia,71,Israel
Liver cancer,4,Israel
Lung cancer,4,Israel
Mesothelioma,1,Israel
Mouth cancer,0,Israel
Multiple myeloma,16,Israel
Non-Hodgkin lymphoma,10,Israel
Other cancer,0,Israel
Ovarian cancer,27,Israel
Pancreatic cancer,15,Israel
Penile cancer,0,Israel
Prostate cancer,26,Israel
Rectal cancer,8,Israel
Salivary gland cancer,0,Israel
Skin cancer,45,Israel
Stomach cancer,2,Israel
Testicular cancer,0,Israel
Throat cancer,0,Israel
Thyroid cancer,4,Israel
Undetermined cancer,0,Israel
Uterine cancer,5,Israel
Vaginal cancer,0,Israel
Vulvar cancer,0,Israel
Anal cancer,0,Sierra Leone
Bladder cancer,0,Sierra Leone
Brain cancer,0,Sierra Leone
Breast cancer,0,Sierra Leone
Cervical cancer,0,Sierra Leone
Colon cancer,0,Sierra Leone
Colorectal cancer,0,Sierra Leone
Esophageal cancer,0,Sierra Leone
Gallbladder cancer,0,Sierra Leone
Hodgkin lymphoma,0,Sierra Leone
Kaposi sarcoma,0,Sierra Leone
Kidney cancer,0,Sierra Leone
Laryngeal cancer,0,Sierra Leone
Leukemia,0,Sierra Leone
Liver cancer,0,Sierra Leone
Lung cancer,0,Sierra Leone
Mesothelioma,0,Sierra Leone
Mouth cancer,0,Sierra Leone
Multiple myeloma,0,Sierra Leone
Non-Hodgkin lymphoma,0,Sierra Leone
Other cancer,0,Sierra Leone
Ovarian cancer,0,Sierra Leone
Pancreatic cancer,0,Sierra Leone
Penile cancer,0,Sierra Leone
Prostate cancer,0,Sierra Leone
Rectal cancer,0,Sierra Leone
Salivary gland cancer,0,Sierra Leone
Skin cancer,0,Sierra Leone
Stomach cancer,0,Sierra Leone
Testicular cancer,0,Sierra Leone
Throat cancer,0,Sierra Leone
Thyroid cancer,0,Sierra Leone
Undetermined cancer,0,Sierra Leone
Uterine cancer,0,Sierra Leone
Vaginal cancer,0,Sierra Leone
Vulvar cancer,0,Sierra Leone
Anal cancer,0,Ethiopia
Bladder cancer,0,Ethiopia
Brain cancer,0,Ethiopia
Breast cancer,4,Ethiopia
Cervical cancer,6,Ethiopia
Colon cancer,0,Ethiopia
Colorectal cancer,0,Ethiopia
Esophageal cancer,0,Ethiopia
Gallbladder cancer,0,Ethiopia
Hodgkin lymphoma,0,Ethiopia
Kaposi sarcoma,0,Ethiopia
Kidney cancer,0,Ethiopia
Laryngeal cancer,0,Ethiopia
Leukemia,1,Ethiopia
Liver cancer,0,Ethiopia
Lung cancer,0,Ethiopia
Mesothelioma,0,Ethiopia
Mouth cancer,0,Ethiopia
Multiple myeloma,0,Ethiopia
Non-Hodgkin lymphoma,0,Ethiopia
Other cancer,0,Ethiopia
Ovarian cancer,0,Ethiopia
Pancreatic cancer,0,Ethiopia
Penile cancer,0,Ethiopia
Prostate cancer,0,Ethiopia
Rectal cancer,0,Ethiopia
Salivary gland cancer,0,Ethiopia
Skin cancer,0,Ethiopia
Stomach cancer,0,Ethiopia
Testicular cancer,0,Ethiopia
Throat cancer,0,Ethiopia
Thyroid cancer,0,Ethiopia
Undetermined cancer,0,Ethiopia
Uterine cancer,0,Ethiopia
Vaginal cancer,0,Ethiopia
Vulvar cancer,0,Ethiopia
Anal cancer,0,Togo
Bladder cancer,0,Togo
Brain cancer,0,Togo
Breast cancer,0,Togo
Cervical cancer,0,Togo
Colon cancer,0,Togo
Colorectal cancer,0,Togo
Esophageal cancer,0,Togo
Gallbladder cancer,0,Togo
Hodgkin lymphoma,0,Togo
Kaposi sarcoma,0,Togo
Kidney cancer,0,Togo
Laryngeal cancer,0,Togo
Leukemia,0,Togo
Liver cancer,0,Togo
Lung cancer,0,Togo
Mesothelioma,0,Togo
Mouth cancer,0,Togo
Multiple myeloma,0,Togo
Non-Hodgkin lymphoma,0,Togo
Other cancer,0,Togo
Ovarian cancer,0,Togo
Pancreatic cancer,0,Togo
Penile cancer,0,Togo
Prostate cancer,0,Togo
Rectal cancer,0,Togo
Salivary gland cancer,0,Togo
Skin cancer,0,Togo
Stomach cancer,0,Togo
Testicular cancer,0,Togo
Throat cancer,0,Togo
Thyroid cancer,0,Togo
Undetermined cancer,0,Togo
Uterine cancer,0,Togo
Vaginal cancer,0,Togo
Vulvar cancer,0,Togo
Anal cancer,1,South Korea
Bladder cancer,27,South Korea
Brain cancer,31,South Korea
Breast cancer,314,South Korea
Cervical cancer,52,South Korea
Colon cancer,54,South Korea
Colorectal cancer,161,South Korea
Esophageal cancer,24,South Korea
Gallbladder cancer,11,South Korea
Hodgkin lymphoma,12,South Korea
Kaposi sarcoma,0,South Korea
Kidney cancer,27,South Korea
Laryngeal cancer,0,South Korea
Leukemia,94,South Korea
Liver cancer,174,South Korea
Lung cancer,174,South Korea
Mesothelioma,1,South Korea
Mouth cancer,0,South Korea
Multiple myeloma,43,South Korea
Non-Hodgkin lymphoma,49,South Korea
Other cancer,0,South Korea
Ovarian cancer,54,South Korea
Pancreatic cancer,76,South Korea
Penile cancer,0,South Korea
Prostate cancer,62,South Korea
Rectal cancer,102,South Korea
Salivary gland cancer,3,South Korea
Skin cancer,29,South Korea
Stomach cancer,75,South Korea
Testicular cancer,0,South Korea
Throat cancer,0,South Korea
Thyroid cancer,51,South Korea
Undetermined cancer,0,South Korea
Uterine cancer,20,South Korea
Vaginal cancer,0,South Korea
Vulvar cancer,0,South Korea
Anal cancer,0,Mali
Bladder cancer,0,Mali
Brain cancer,0,Mali
Breast cancer,0,Mali
Cervical cancer,0,Mali
Colon cancer,0,Mali
Colorectal cancer,0,Mali
Esophageal cancer,0,Mali
Gallbladder cancer,0,Mali
Hodgkin lymphoma,0,Mali
Kaposi sarcoma,0,Mali
Kidney cancer,1,Mali
Laryngeal cancer,0,Mali
Leukemia,0,Mali
Liver cancer,0,Mali
Lung cancer,0,Mali
Mesothelioma,0,Mali
Mouth cancer,0,Mali
Multiple myeloma,0,Mali
Non-Hodgkin lymphoma,0,Mali
Other cancer,0,Mali
Ovarian cancer,0,Mali
Pancreatic cancer,0,Mali
Penile cancer,0,Mali
Prostate cancer,1,Mali
Rectal cancer,0,Mali
Salivary gland cancer,0,Mali
Skin cancer,0,Mali
Stomach cancer,0,Mali
Testicular cancer,0,Mali
Throat cancer,0,Mali
Thyroid cancer,0,Mali
Undetermined cancer,0,Mali
Uterine cancer,0,Mali
Vaginal cancer,0,Mali
Vulvar cancer,0,Mali
Anal cancer,0,Benin
Bladder cancer,0,Benin
Brain cancer,0,Benin
Breast cancer,0,Benin
Cervical cancer,0,Benin
Colon cancer,0,Benin
Colorectal cancer,0,Benin
Esophageal cancer,0,Benin
Gallbladder cancer,0,Benin
Hodgkin lymphoma,0,Benin
Kaposi sarcoma,0,Benin
Kidney cancer,0,Benin
Laryngeal cancer,0,Benin
Leukemia,0,Benin
Liver cancer,0,Benin
Lung cancer,0,Benin
Mesothelioma,0,Benin
Mouth cancer,0,Benin
Multiple myeloma,0,Benin
Non-Hodgkin lymphoma,0,Benin
Other cancer,0,Benin
Ovarian cancer,0,Benin
Pancreatic cancer,0,Benin
Penile cancer,0,Benin
Prostate cancer,0,Benin
Rectal cancer,0,Benin
Salivary gland cancer,0,Benin
Skin cancer,0,Benin
Stomach cancer,0,Benin
Testicular cancer,0,Benin
Throat cancer,0,Benin
Thyroid cancer,0,Benin
Undetermined cancer,0,Benin
Uterine cancer,0,Benin
Vaginal cancer,0,Benin
Vulvar cancer,0,Benin
Anal cancer,0,Egypt
Bladder cancer,39,Egypt
Brain cancer,9,Egypt
Breast cancer,89,Egypt
Cervical cancer,1,Egypt
Colon cancer,3,Egypt
Colorectal cancer,21,Egypt
Esophageal cancer,1,Egypt
Gallbladder cancer,0,Egypt
Hodgkin lymphoma,7,Egypt
Kaposi sarcoma,0,Egypt
Kidney cancer,3,Egypt
Laryngeal cancer,1,Egypt
Leukemia,40,Egypt
Liver cancer,39,Egypt
Lung cancer,39,Egypt
Mesothelioma,4,Egypt
Mouth cancer,0,Egypt
Multiple myeloma,5,Egypt
Non-Hodgkin lymphoma,7,Egypt
Other cancer,0,Egypt
Ovarian cancer,3,Egypt
Pancreatic cancer,6,Egypt
Penile cancer,0,Egypt
Prostate cancer,10,Egypt
Rectal cancer,16,Egypt
Salivary gland cancer,0,Egypt
Skin cancer,5,Egypt
Stomach cancer,2,Egypt
Testicular cancer,0,Egypt
Throat cancer,0,Egypt
Thyroid cancer,2,Egypt
Undetermined cancer,0,Egypt
Uterine cancer,3,Egypt
Vaginal cancer,0,Egypt
Vulvar cancer,0,Egypt
Anal cancer,53,United States
Bladder cancer,398,United States
Brain cancer,1272,United States
Breast cancer,5911,United States
Cervical cancer,647,United States
Colon cancer,576,United States
Colorectal cancer,1910,United States
Esophageal cancer,248,United States
Gallbladder cancer,26,United States
Hodgkin lymphoma,576,United States
Kaposi sarcoma,46,United States
Kidney cancer,996,United States
Laryngeal cancer,44,United States
Leukemia,4161,United States
Liver cancer,467,United States
Lung cancer,467,United States
Mesothelioma,232,United States
Mouth cancer,1,United States
Multiple myeloma,1196,United States
Non-Hodgkin lymphoma,837,United States
Other cancer,0,United States
Ovarian cancer,1357,United States
Pancreatic cancer,756,United States
Penile cancer,8,United States
Prostate cancer,3319,United States
Rectal cancer,235,United States
Salivary gland cancer,11,United States
Skin cancer,2422,United States
Stomach cancer,75,United States
Testicular cancer,43,United States
Throat cancer,2,United States
Thyroid cancer,201,United States
Undetermined cancer,0,United States
Uterine cancer,345,United States
Vaginal cancer,9,United States
Vulvar cancer,26,United States
Anal cancer,0,Guadeloupe
Bladder cancer,0,Guadeloupe
Brain cancer,0,Guadeloupe
Breast cancer,0,Guadeloupe
Cervical cancer,0,Guadeloupe
Colon cancer,0,Guadeloupe
Colorectal cancer,0,Guadeloupe
Esophageal cancer,0,Guadeloupe
Gallbladder cancer,0,Guadeloupe
Hodgkin lymphoma,0,Guadeloupe
Kaposi sarcoma,0,Guadeloupe
Kidney cancer,0,Guadeloupe
Laryngeal cancer,0,Guadeloupe
Leukemia,0,Guadeloupe
Liver cancer,0,Guadeloupe
Lung cancer,0,Guadeloupe
Mesothelioma,0,Guadeloupe
Mouth cancer,0,Guadeloupe
Multiple myeloma,0,Guadeloupe
Non-Hodgkin lymphoma,0,Guadeloupe
Other cancer,0,Guadeloupe
Ovarian cancer,0,Guadeloupe
Pancreatic cancer,0,Guadeloupe
Penile cancer,0,Guadeloupe
Prostate cancer,1,Guadeloupe
Rectal cancer,0,Guadeloupe
Salivary gland cancer,0,Guadeloupe
Skin cancer,0,Guadeloupe
Stomach cancer,0,Guadeloupe
Testicular cancer,0,Guadeloupe
Throat cancer,0,Guadeloupe
Thyroid cancer,0,Guadeloupe
Undetermined cancer,0,Guadeloupe
Uterine cancer,0,Guadeloupe
Vaginal cancer,0,Guadeloupe
Vulvar cancer,0,Guadeloupe
Anal cancer,0,Honduras
Bladder cancer,0,Honduras
Brain cancer,0,Honduras
Breast cancer,0,Honduras
Cervical cancer,2,Honduras
Colon cancer,0,Honduras
Colorectal cancer,0,Honduras
Esophageal cancer,0,Honduras
Gallbladder cancer,0,Honduras
Hodgkin lymphoma,0,Honduras
Kaposi sarcoma,0,Honduras
Kidney cancer,0,Honduras
Laryngeal cancer,0,Honduras
Leukemia,0,Honduras
Liver cancer,0,Honduras
Lung cancer,0,Honduras
Mesothelioma,0,Honduras
Mouth cancer,0,Honduras
Multiple myeloma,0,Honduras
Non-Hodgkin lymphoma,0,Honduras
Other cancer,0,Honduras
Ovarian cancer,0,Honduras
Pancreatic cancer,0,Honduras
Penile cancer,0,Honduras
Prostate cancer,0,Honduras
Rectal cancer,0,Honduras
Salivary gland cancer,0,Honduras
Skin cancer,0,Honduras
Stomach cancer,0,Honduras
Testicular cancer,0,Honduras
Throat cancer,0,Honduras
Thyroid cancer,0,Honduras
Undetermined cancer,0,Honduras
Uterine cancer,0,Honduras
Vaginal cancer,0,Honduras
Vulvar cancer,0,Honduras
Anal cancer,0,Syria
Bladder cancer,0,Syria
Brain cancer,0,Syria
Breast cancer,0,Syria
Cervical cancer,0,Syria
Colon cancer,0,Syria
Colorectal cancer,0,Syria
Esophageal cancer,0,Syria
Gallbladder cancer,0,Syria
Hodgkin lymphoma,0,Syria
Kaposi sarcoma,0,Syria
Kidney cancer,0,Syria
Laryngeal cancer,0,Syria
Leukemia,1,Syria
Liver cancer,0,Syria
Lung cancer,0,Syria
Mesothelioma,0,Syria
Mouth cancer,0,Syria
Multiple myeloma,0,Syria
Non-Hodgkin lymphoma,0,Syria
Other cancer,0,Syria
Ovarian cancer,0,Syria
Pancreatic cancer,0,Syria
Penile cancer,0,Syria
Prostate cancer,0,Syria
Rectal cancer,0,Syria
Salivary gland cancer,0,Syria
Skin cancer,0,Syria
Stomach cancer,0,Syria
Testicular cancer,0,Syria
Throat cancer,0,Syria
Thyroid cancer,0,Syria
Undetermined cancer,0,Syria
Uterine cancer,0,Syria
Vaginal cancer,0,Syria
Vulvar cancer,0,Syria
Anal cancer,0,Zambia
Bladder cancer,0,Zambia
Brain cancer,0,Zambia
Breast cancer,0,Zambia
Cervical cancer,2,Zambia
Colon cancer,0,Zambia
Colorectal cancer,0,Zambia
Esophageal cancer,0,Zambia
Gallbladder cancer,0,Zambia
Hodgkin lymphoma,0,Zambia
Kaposi sarcoma,0,Zambia
Kidney cancer,0,Zambia
Laryngeal cancer,0,Zambia
Leukemia,0,Zambia
Liver cancer,0,Zambia
Lung cancer,0,Zambia
Mesothelioma,0,Zambia
Mouth cancer,0,Zambia
Multiple myeloma,0,Zambia
Non-Hodgkin lymphoma,0,Zambia
Other cancer,0,Zambia
Ovarian cancer,0,Zambia
Pancreatic cancer,0,Zambia
Penile cancer,0,Zambia
Prostate cancer,0,Zambia
Rectal cancer,0,Zambia
Salivary gland cancer,0,Zambia
Skin cancer,0,Zambia
Stomach cancer,0,Zambia
Testicular cancer,0,Zambia
Throat cancer,0,Zambia
Thyroid cancer,0,Zambia
Undetermined cancer,0,Zambia
Uterine cancer,0,Zambia
Vaginal cancer,0,Zambia
Vulvar cancer,0,Zambia
Anal cancer,0,Panama
Bladder cancer,0,Panama
Brain cancer,0,Panama
Breast cancer,0,Panama
Cervical cancer,0,Panama
Colon cancer,0,Panama
Colorectal cancer,1,Panama
Esophageal cancer,0,Panama
Gallbladder cancer,0,Panama
Hodgkin lymphoma,0,Panama
Kaposi sarcoma,0,Panama
Kidney cancer,0,Panama
Laryngeal cancer,0,Panama
Leukemia,0,Panama
Liver cancer,0,Panama
Lung cancer,0,Panama
Mesothelioma,0,Panama
Mouth cancer,0,Panama
Multiple myeloma,0,Panama
Non-Hodgkin lymphoma,0,Panama
Other cancer,0,Panama
Ovarian cancer,0,Panama
Pancreatic cancer,0,Panama
Penile cancer,0,Panama
Prostate cancer,0,Panama
Rectal cancer,0,Panama
Salivary gland cancer,0,Panama
Skin cancer,0,Panama
Stomach cancer,0,Panama
Testicular cancer,0,Panama
Throat cancer,0,Panama
Thyroid cancer,0,Panama
Undetermined cancer,0,Panama
Uterine cancer,0,Panama
Vaginal cancer,0,Panama
Vulvar cancer,0,Panama
Anal cancer,2,Belgium
Bladder cancer,27,Belgium
Brain cancer,27,Belgium
Breast cancer,289,Belgium
Cervical cancer,26,Belgium
Colon cancer,12,Belgium
Colorectal cancer,96,Belgium
Esophageal cancer,4,Belgium
Gallbladder cancer,1,Belgium
Hodgkin lymphoma,8,Belgium
Kaposi sarcoma,0,Belgium
Kidney cancer,16,Belgium
Laryngeal cancer,0,Belgium
Leukemia,60,Belgium
Liver cancer,20,Belgium
Lung cancer,20,Belgium
Mesothelioma,15,Belgium
Mouth cancer,0,Belgium
Multiple myeloma,19,Belgium
Non-Hodgkin lymphoma,11,Belgium
Other cancer,0,Belgium
Ovarian cancer,41,Belgium
Pancreatic cancer,21,Belgium
Penile cancer,0,Belgium
Prostate cancer,99,Belgium
Rectal cancer,29,Belgium
Salivary gland cancer,0,Belgium
Skin cancer,61,Belgium
Stomach cancer,4,Belgium
Testicular cancer,1,Belgium
Throat cancer,0,Belgium
Thyroid cancer,2,Belgium
Undetermined cancer,0,Belgium
Uterine cancer,16,Belgium
Vaginal cancer,0,Belgium
Vulvar cancer,1,Belgium
Anal cancer,7,Netherlands
Bladder cancer,86,Netherlands
Brain cancer,74,Netherlands
Breast cancer,580,Netherlands
Cervical cancer,58,Netherlands
Colon cancer,65,Netherlands
Colorectal cancer,335,Netherlands
Esophageal cancer,67,Netherlands
Gallbladder cancer,1,Netherlands
Hodgkin lymphoma,28,Netherlands
Kaposi sarcoma,1,Netherlands
Kidney cancer,87,Netherlands
Laryngeal cancer,10,Netherlands
Leukemia,254,Netherlands
Liver cancer,19,Netherlands
Lung cancer,19,Netherlands
Mesothelioma,37,Netherlands
Mouth cancer,0,Netherlands
Multiple myeloma,106,Netherlands
Non-Hodgkin lymphoma,31,Netherlands
Other cancer,0,Netherlands
Ovarian cancer,161,Netherlands
Pancreatic cancer,80,Netherlands
Penile cancer,2,Netherlands
Prostate cancer,355,Netherlands
Rectal cancer,112,Netherlands
Salivary gland cancer,3,Netherlands
Skin cancer,229,Netherlands
Stomach cancer,13,Netherlands
Testicular cancer,20,Netherlands
Throat cancer,0,Netherlands
Thyroid cancer,18,Netherlands
Undetermined cancer,0,Netherlands
Uterine cancer,43,Netherlands
Vaginal cancer,1,Netherlands
Vulvar cancer,13,Netherlands
Anal cancer,0,Turkmenistan
Bladder cancer,0,Turkmenistan
Brain cancer,0,Turkmenistan
Breast cancer,0,Turkmenistan
Cervical cancer,0,Turkmenistan
Colon cancer,0,Turkmenistan
Colorectal cancer,0,Turkmenistan
Esophageal cancer,0,Turkmenistan
Gallbladder cancer,0,Turkmenistan
Hodgkin lymphoma,0,Turkmenistan
Kaposi sarcoma,0,Turkmenistan
Kidney cancer,0,Turkmenistan
Laryngeal cancer,0,Turkmenistan
Leukemia,0,Turkmenistan
Liver cancer,0,Turkmenistan
Lung cancer,0,Turkmenistan
Mesothelioma,0,Turkmenistan
Mouth cancer,0,Turkmenistan
Multiple myeloma,0,Turkmenistan
Non-Hodgkin lymphoma,0,Turkmenistan
Other cancer,0,Turkmenistan
Ovarian cancer,0,Turkmenistan
Pancreatic cancer,0,Turkmenistan
Penile cancer,0,Turkmenistan
Prostate cancer,0,Turkmenistan
Rectal cancer,0,Turkmenistan
Salivary gland cancer,0,Turkmenistan
Skin cancer,0,Turkmenistan
Stomach cancer,0,Turkmenistan
Testicular cancer,0,Turkmenistan
Throat cancer,0,Turkmenistan
Thyroid cancer,0,Turkmenistan
Undetermined cancer,0,Turkmenistan
Uterine cancer,0,Turkmenistan
Vaginal cancer,0,Turkmenistan
Vulvar cancer,0,Turkmenistan
Anal cancer,0,Mongolia
Bladder cancer,0,Mongolia
Brain cancer,0,Mongolia
Breast cancer,1,Mongolia
Cervical cancer,0,Mongolia
Colon cancer,0,Mongolia
Colorectal cancer,0,Mongolia
Esophageal cancer,0,Mongolia
Gallbladder cancer,0,Mongolia
Hodgkin lymphoma,0,Mongolia
Kaposi sarcoma,0,Mongolia
Kidney cancer,0,Mongolia
Laryngeal cancer,0,Mongolia
Leukemia,0,Mongolia
Liver cancer,0,Mongolia
Lung cancer,0,Mongolia
Mesothelioma,0,Mongolia
Mouth cancer,0,Mongolia
Multiple myeloma,0,Mongolia
Non-Hodgkin lymphoma,0,Mongolia
Other cancer,0,Mongolia
Ovarian cancer,0,Mongolia
Pancreatic cancer,0,Mongolia
Penile cancer,0,Mongolia
Prostate cancer,0,Mongolia
Rectal cancer,0,Mongolia
Salivary gland cancer,0,Mongolia
Skin cancer,0,Mongolia
Stomach cancer,0,Mongolia
Testicular cancer,0,Mongolia
Throat cancer,0,Mongolia
Thyroid cancer,0,Mongolia
Undetermined cancer,0,Mongolia
Uterine cancer,0,Mongolia
Vaginal cancer,0,Mongolia
Vulvar cancer,0,Mongolia
